augmentation_id,location_id,attribute,value,scope,ocm_id,ocm_operator_id,source_file,method,osm_id,jolt_id,ampol_id
a_3b42bc91cc69aedfa123,l_525794e991b51357265b,dc_connector_types,CCS (Type 2),site,272521.0,,data/raw/ocm/OCM-272521.json,coordinate_operator_address_match,,,
a_03a80296a77830f88b18,l_525794e991b51357265b,usage_cost_text,$0.55/kWh,site,272521.0,,data/raw/ocm/OCM-272521.json,coordinate_operator_address_match,,,
a_fef3e2eb0af12fa4d4fe,l_525794e991b51357265b,access_comments,Pass by the car bowsers to the left of the store - charger is approximately just across the driveway at the rear corner of the store,site,272521.0,,data/raw/ocm/OCM-272521.json,coordinate_operator_address_match,,,
a_a75daa30926f2a8eef06,l_525794e991b51357265b,usage_type,Public - Membership Required,site,272521.0,,data/raw/ocm/OCM-272521.json,coordinate_operator_address_match,,,
a_c21112a3f97828bae12f,l_705ce103d05dd463509e,dc_connector_types,CCS (Type 2); CHAdeMO,site,190678.0,,data/raw/ocm/OCM-190678.json,coordinate_operator_address_match,,,
a_5a4f79ecf2ec55df39f2,l_705ce103d05dd463509e,usage_type,Public,site,190678.0,,data/raw/ocm/OCM-190678.json,coordinate_operator_address_match,,,
a_b4c75817ace73def3316,l_68291ad118eee7eaf940,dc_connector_types,CCS (Type 2); CHAdeMO,site,272688.0,,data/raw/ocm/OCM-272688.json,coordinate_operator_address_match,,,
a_55bafcfa4cedfbe9ace9,l_68291ad118eee7eaf940,usage_type,Public - Membership Required,site,272688.0,,data/raw/ocm/OCM-272688.json,coordinate_operator_address_match,,,
a_526982b978c6479c3965,l_9da5faf300fd10acd433,dc_connector_types,CCS (Type 2),site,79311.0,,data/raw/ocm/OCM-79311.json,coordinate_operator_address_match,,,
a_8a6efd8f33358e338d15,l_9da5faf300fd10acd433,usage_cost_text,AUD 0.52/kWh,site,79311.0,,data/raw/ocm/OCM-79311.json,coordinate_operator_address_match,,,
a_b0cfc8f14a80be070835,l_9da5faf300fd10acd433,usage_type,Public - Membership Required,site,79311.0,,data/raw/ocm/OCM-79311.json,coordinate_operator_address_match,,,
a_cc0ab15ff658e4259857,l_8416f791abd4d41697fe,dc_connector_types,CCS (Type 2); CHAdeMO,site,480135.0,,data/raw/ocm/OCM-480135.json,coordinate_operator_address_match,,,
a_2adb36366a0f040bfc32,l_8416f791abd4d41697fe,usage_type,Public,site,480135.0,,data/raw/ocm/OCM-480135.json,coordinate_operator_address_match,,,
a_b83109428e4f5c9801a2,l_1613ca64d30e734b161f,dc_connector_types,CCS (Type 2); CHAdeMO,site,190394.0,,data/raw/ocm/OCM-190394.json,coordinate_operator_address_match,,,
a_34ca7bc3418a3e4f8e58,l_1613ca64d30e734b161f,usage_type,Public,site,190394.0,,data/raw/ocm/OCM-190394.json,coordinate_operator_address_match,,,
a_45345c4d2ca132e0c412,l_b2a6b868435fa8184251,dc_connector_types,CCS (Type 2); CHAdeMO,site,190875.0,,data/raw/ocm/OCM-190875.json,coordinate_operator_address_match,,,
a_d2b392a61ec8fcb99c08,l_b2a6b868435fa8184251,usage_cost_text,$0.00/kWh up to 7 kWh then $0.40/kWh,site,190875.0,,data/raw/ocm/OCM-190875.json,coordinate_operator_address_match,,,
a_be99a1f80d82c5e2cfcd,l_b2a6b868435fa8184251,usage_type,Public - Membership Required,site,190875.0,,data/raw/ocm/OCM-190875.json,coordinate_operator_address_match,,,
a_ae5b3e7556576345ce67,l_3ff070fbbce13f553c1b,dc_connector_types,CCS (Type 2); CHAdeMO,site,295979.0,,data/raw/ocm/OCM-295979.json,coordinate_operator_address_match,,,
a_ffcb81dfab90fa1e1e88,l_3ff070fbbce13f553c1b,usage_cost_text,"First 7kWh free, then $0.49 per kWh thereafter. $5/hr idle time",site,295979.0,,data/raw/ocm/OCM-295979.json,coordinate_operator_address_match,,,
a_88a38584cacf2af83e2a,l_3ff070fbbce13f553c1b,usage_type,Public - Membership Required,site,295979.0,,data/raw/ocm/OCM-295979.json,coordinate_operator_address_match,,,
a_9cd427ab7d55ae34ce18,l_519de0877082b81f2941,dc_connector_types,CCS (Type 2); CHAdeMO,site,266500.0,,data/raw/ocm/OCM-266500.json,coordinate_operator_address_match,,,
a_273495bb859342ca948a,l_519de0877082b81f2941,usage_cost_text,FREE,site,266500.0,,data/raw/ocm/OCM-266500.json,coordinate_operator_address_match,,,
a_9ab24f3e0e3e47b143e4,l_519de0877082b81f2941,access_comments,Located in the Kelly Street car park. Enter via Liverpool Street (just before the rail crossing) for closest access.,site,266500.0,,data/raw/ocm/OCM-266500.json,coordinate_operator_address_match,,,
a_36229d6759bcea89f29c,l_519de0877082b81f2941,usage_type,Public - Membership Required,site,266500.0,,data/raw/ocm/OCM-266500.json,coordinate_operator_address_match,,,
a_9a89135dba562103a843,l_18260143f953bb72e108,dc_connector_types,CCS (Type 2),site,272624.0,,data/raw/ocm/OCM-272624.json,coordinate_operator_address_match,,,
a_01fe4f19a5e4a1793439,l_18260143f953bb72e108,usage_cost_text,$0.55/kWh,site,272624.0,,data/raw/ocm/OCM-272624.json,coordinate_operator_address_match,,,
a_4d275f9d2a37cc3b88d6,l_18260143f953bb72e108,usage_type,Public - Membership Required,site,272624.0,,data/raw/ocm/OCM-272624.json,coordinate_operator_address_match,,,
a_4c581e2a01755b3e8f3d,l_22c2a4f6599fdc9bab94,dc_connector_types,CCS (Type 2); CHAdeMO,site,266586.0,,data/raw/ocm/OCM-266586.json,coordinate_operator_address_match,,,
a_21485670c569151e7811,l_22c2a4f6599fdc9bab94,usage_cost_text,0.60c per kWh,site,266586.0,,data/raw/ocm/OCM-266586.json,coordinate_operator_address_match,,,
a_d05db92eb9b7f9d667eb,l_22c2a4f6599fdc9bab94,access_comments,"Enter via the Ampol on Stenhouse Drive, chargers located past/behind the car wash.",site,266586.0,,data/raw/ocm/OCM-266586.json,coordinate_operator_address_match,,,
a_f177bcef068da78fa849,l_22c2a4f6599fdc9bab94,usage_type,Public - Membership Required,site,266586.0,,data/raw/ocm/OCM-266586.json,coordinate_operator_address_match,,,
a_24920a6b45e583045776,l_b53c8d230a9365dc443d,dc_connector_types,CCS (Type 2); CHAdeMO,site,279180.0,,data/raw/ocm/OCM-279180.json,coordinate_operator_address_match,,,
a_c8b77e8b84e8137e27ae,l_b53c8d230a9365dc443d,usage_cost_text,AUD 0.69/kWh,site,279180.0,,data/raw/ocm/OCM-279180.json,coordinate_operator_address_match,,,
a_9a660c90eee103b90a83,l_b53c8d230a9365dc443d,usage_type,Public - Membership Required,site,279180.0,,data/raw/ocm/OCM-279180.json,coordinate_operator_address_match,,,
a_efa51daf1ada6a00e29d,l_b45e1b0eaa6413d79c5a,dc_connector_types,CCS (Type 2); CHAdeMO,site,279179.0,,data/raw/ocm/OCM-279179.json,coordinate_operator_address_match,,,
a_435d4fc25b2d0a48054f,l_b45e1b0eaa6413d79c5a,usage_cost_text,$0.69 per kWh,site,279179.0,,data/raw/ocm/OCM-279179.json,coordinate_operator_address_match,,,
a_b9ecf618c0ba920b9f9d,l_b45e1b0eaa6413d79c5a,usage_type,Public - Membership Required,site,279179.0,,data/raw/ocm/OCM-279179.json,coordinate_operator_address_match,,,
a_fb874d2bb9ac78a16b37,l_7a1f17cea4f6ed6bd924,dc_connector_types,CCS (Type 2),site,306015.0,,data/raw/ocm/OCM-306015.json,coordinate_operator_address_match,,,
a_cac199b3e562d398c089,l_7a1f17cea4f6ed6bd924,usage_cost_text,$0.40/kWh,site,306015.0,,data/raw/ocm/OCM-306015.json,coordinate_operator_address_match,,,
a_7307a780aa3b33b753cd,l_7a1f17cea4f6ed6bd924,usage_type,Public - Membership Required,site,306015.0,,data/raw/ocm/OCM-306015.json,coordinate_operator_address_match,,,
a_bf30e2c933faa621a122,l_809b713e1b45a72ecb11,dc_connector_types,CCS (Type 2); CHAdeMO,site,272673.0,,data/raw/ocm/OCM-272673.json,coordinate_operator_address_match,,,
a_3b2cb1c78d6f8b36f440,l_809b713e1b45a72ecb11,usage_type,Public - Membership Required,site,272673.0,,data/raw/ocm/OCM-272673.json,coordinate_operator_address_match,,,
a_f406c713f45640d1cb03,l_eead85d23984e6a813de,dc_connector_types,CCS (Type 2); CHAdeMO,site,238124.0,,data/raw/ocm/OCM-238124.json,coordinate_operator_address_match,,,
a_2c91192ef6e229fc8cc4,l_eead85d23984e6a813de,usage_cost_text,65c per kWh energy consumed.,site,238124.0,,data/raw/ocm/OCM-238124.json,coordinate_operator_address_match,,,
a_2ba2eed9d470f3cf13cd,l_eead85d23984e6a813de,usage_type,Public - Membership Required,site,238124.0,,data/raw/ocm/OCM-238124.json,coordinate_operator_address_match,,,
a_2c6670d37dc960d45072,l_23a134d624929bfd15b1,dc_connector_types,CCS (Type 2); CHAdeMO,site,190393.0,,data/raw/ocm/OCM-190393.json,coordinate_operator_address_match,,,
a_ed22211c008af9d40a85,l_23a134d624929bfd15b1,usage_type,Public,site,190393.0,,data/raw/ocm/OCM-190393.json,coordinate_operator_address_match,,,
a_bab82d4557d41341caf7,l_59b85a2e83ea9e0cc943,dc_connector_types,CCS (Type 2); CHAdeMO,site,273433.0,,data/raw/ocm/OCM-273433.json,coordinate_operator_address_match,,,
a_7302cce2f2943b087790,l_59b85a2e83ea9e0cc943,usage_cost_text,$0.55/kWh,site,273433.0,,data/raw/ocm/OCM-273433.json,coordinate_operator_address_match,,,
a_06e200bd02f31f1c1a13,l_59b85a2e83ea9e0cc943,usage_type,Public - Membership Required,site,273433.0,,data/raw/ocm/OCM-273433.json,coordinate_operator_address_match,,,
a_fbd56a342682bd36c173,l_78278d9cbcaa8a3ed72a,dc_connector_types,CCS (Type 2); CHAdeMO,site,161845.0,,data/raw/ocm/OCM-161845.json,coordinate_operator_address_match,,,
a_156b835799b37659f018,l_78278d9cbcaa8a3ed72a,usage_cost_text,Currently free but will be fee at some point for non NRMA Members,site,161845.0,,data/raw/ocm/OCM-161845.json,coordinate_operator_address_match,,,
a_75da024e4909ad9a534e,l_78278d9cbcaa8a3ed72a,usage_type,Public,site,161845.0,,data/raw/ocm/OCM-161845.json,coordinate_operator_address_match,,,
a_060b8d8b04e8c7ddf918,l_7e80a277fc27451959f7,dc_connector_types,CCS (Type 2),site,480398.0,,data/raw/ocm/OCM-480398.json,coordinate_operator_address_match,,,
a_ea2030a7a538c5909fdf,l_7e80a277fc27451959f7,usage_type,Public - Membership Required,site,480398.0,,data/raw/ocm/OCM-480398.json,coordinate_operator_address_match,,,
a_ce3ae68455fa3815a092,l_c45a8e642136acb713f1,dc_connector_types,CCS (Type 2); CHAdeMO,site,238126.0,,data/raw/ocm/OCM-238126.json,coordinate_operator_address_match,,,
a_12c70a89241e27331a04,l_c45a8e642136acb713f1,usage_cost_text,$0.55/kWh,site,238126.0,,data/raw/ocm/OCM-238126.json,coordinate_operator_address_match,,,
a_228dd1707736199d45a8,l_c45a8e642136acb713f1,usage_type,Public - Membership Required,site,238126.0,,data/raw/ocm/OCM-238126.json,coordinate_operator_address_match,,,
a_9a6fff0a26cb504693bc,l_66207c8601840754570c,dc_connector_types,CCS (Type 2); CHAdeMO,site,190681.0,,data/raw/ocm/OCM-190681.json,coordinate_operator_address_match,,,
a_6fe63d44f30e82855b4d,l_66207c8601840754570c,usage_cost_text,"Free currently, join NRMA as a thank you.",site,190681.0,,data/raw/ocm/OCM-190681.json,coordinate_operator_address_match,,,
a_55fb32d7b1e7bc57e59f,l_66207c8601840754570c,usage_type,Public,site,190681.0,,data/raw/ocm/OCM-190681.json,coordinate_operator_address_match,,,
a_8b14a91329e444039f9e,l_a3000912deeddde99fe7,dc_connector_types,CCS (Type 2); CHAdeMO,site,191177.0,,data/raw/ocm/OCM-191177.json,coordinate_operator_address_match,,,
a_fd0e01947e97e5b67b71,l_a3000912deeddde99fe7,usage_cost_text,FREE,site,191177.0,,data/raw/ocm/OCM-191177.json,coordinate_operator_address_match,,,
a_a0607298c9fb4edfe7f8,l_a3000912deeddde99fe7,usage_type,Public,site,191177.0,,data/raw/ocm/OCM-191177.json,coordinate_operator_address_match,,,
a_6c5a761178bc814bc58d,l_246b28d63569bf18ce0a,dc_connector_types,CCS (Type 2); CHAdeMO,site,190680.0,,data/raw/ocm/OCM-190680.json,coordinate_operator_address_match,,,
a_efc771b6c7a9e418b02c,l_246b28d63569bf18ce0a,usage_cost_text,Currently free but will be fee at some point for non NRMA Members,site,190680.0,,data/raw/ocm/OCM-190680.json,coordinate_operator_address_match,,,
a_9e199c4c2916dd144e74,l_246b28d63569bf18ce0a,usage_type,Public,site,190680.0,,data/raw/ocm/OCM-190680.json,coordinate_operator_address_match,,,
a_2afaa912227ffa205c77,l_b8c46e148a2862d60baa,dc_connector_types,CCS (Type 2); CHAdeMO,site,265390.0,,data/raw/ocm/OCM-265390.json,coordinate_operator_address_match,,,
a_baa0b390a9e903e10b36,l_b8c46e148a2862d60baa,usage_cost_text,$0.45 per kWh. Parking overstay charges may apply,site,265390.0,,data/raw/ocm/OCM-265390.json,coordinate_operator_address_match,,,
a_25823e6e69834b3259d2,l_b8c46e148a2862d60baa,usage_type,Public - Membership Required,site,265390.0,,data/raw/ocm/OCM-265390.json,coordinate_operator_address_match,,,
a_f94724da0f5cf65c54bd,l_06c6ea1e177730f1c26f,dc_connector_types,CCS (Type 2),site,109340.0,,data/raw/ocm/OCM-109340.json,coordinate_operator_address_match,,,
a_f6e731e486c064480aa8,l_06c6ea1e177730f1c26f,usage_cost_text,AUD 0.42/kWh;other tariffs for older cars,site,109340.0,,data/raw/ocm/OCM-109340.json,coordinate_operator_address_match,,,
a_dec9ea52c73d8865d88d,l_06c6ea1e177730f1c26f,usage_type,Public - Membership Required,site,109340.0,,data/raw/ocm/OCM-109340.json,coordinate_operator_address_match,,,
a_622af4bd9bc3919c847f,l_99d4a0052e642deee67a,dc_connector_types,CCS (Type 2); CHAdeMO,site,272686.0,,data/raw/ocm/OCM-272686.json,coordinate_operator_address_match,,,
a_7fb1b89ed5cc5537a7ab,l_99d4a0052e642deee67a,usage_type,Public - Membership Required,site,272686.0,,data/raw/ocm/OCM-272686.json,coordinate_operator_address_match,,,
a_4a52f197f0d13557d25c,l_7bc95205a8f87ef9657c,dc_connector_types,CCS (Type 2); CHAdeMO,site,272500.0,,data/raw/ocm/OCM-272500.json,coordinate_operator_address_match,,,
a_09048a8ddd86c63f1087,l_7bc95205a8f87ef9657c,usage_cost_text,Pricing set to 50c per kWh of charging.,site,272500.0,,data/raw/ocm/OCM-272500.json,coordinate_operator_address_match,,,
a_cdfd7ae59eaaeda8a0e5,l_7bc95205a8f87ef9657c,usage_type,Public - Membership Required,site,272500.0,,data/raw/ocm/OCM-272500.json,coordinate_operator_address_match,,,
a_e7bdef7604615c2af29b,l_368f35de34030fd756b9,dc_connector_types,CCS (Type 2),site,460617.0,,data/raw/ocm/OCM-460617.json,coordinate_operator_address_match,,,
a_df30f3c7c34652c03bb7,l_368f35de34030fd756b9,usage_cost_text,$0.52/kWh - $0.72/kWh,site,460617.0,,data/raw/ocm/OCM-460617.json,coordinate_operator_address_match,,,
a_3b6087e1e92f0efb33e8,l_368f35de34030fd756b9,usage_type,Public - Membership Required,site,460617.0,,data/raw/ocm/OCM-460617.json,coordinate_operator_address_match,,,
a_164f4e78ac271a47e947,l_21d7c81ae4d35fa213d5,dc_connector_types,CCS (Type 2); CHAdeMO,site,191165.0,,data/raw/ocm/OCM-191165.json,coordinate_operator_address_match,,,
a_d6ef4e6a7aa2112cc399,l_21d7c81ae4d35fa213d5,usage_cost_text,$0.40/kWh,site,191165.0,,data/raw/ocm/OCM-191165.json,coordinate_operator_address_match,,,
a_bcdab188761a18d8d8c8,l_21d7c81ae4d35fa213d5,usage_type,Public - Membership Required,site,191165.0,,data/raw/ocm/OCM-191165.json,coordinate_operator_address_match,,,
a_eea62d36868fafea21ce,l_12d587fb4815ff38fdad,dc_connector_types,CCS (Type 2); CHAdeMO,site,235461.0,,data/raw/ocm/OCM-235461.json,coordinate_operator_address_match,,,
a_7182b572218b918f37e3,l_12d587fb4815ff38fdad,usage_cost_text,50c per kWh energy consumed.,site,235461.0,,data/raw/ocm/OCM-235461.json,coordinate_operator_address_match,,,
a_c60ae9d26667cce62e02,l_12d587fb4815ff38fdad,usage_type,Public - Membership Required,site,235461.0,,data/raw/ocm/OCM-235461.json,coordinate_operator_address_match,,,
a_d8866c94e579b675b0a8,l_3915fce4190876f18d00,dc_connector_types,CCS (Type 2),site,172652.0,,data/raw/ocm/OCM-172652.json,coordinate_operator_address_match,,,
a_d96c1c742a80d1c1a0bc,l_3915fce4190876f18d00,usage_cost_text,$0.60/kWh,site,172652.0,,data/raw/ocm/OCM-172652.json,coordinate_operator_address_match,,,
a_a14927932b4f8bfc3185,l_3915fce4190876f18d00,access_comments,access of Manning River Drive,site,172652.0,,data/raw/ocm/OCM-172652.json,coordinate_operator_address_match,,,
a_9b0db85554713d6034a9,l_3915fce4190876f18d00,usage_type,Public - Membership Required,site,172652.0,,data/raw/ocm/OCM-172652.json,coordinate_operator_address_match,,,
a_ffa9582d76094a757fce,l_5711ab1d8fc3bab1a5f8,dc_connector_types,CCS (Type 2),site,79851.0,,data/raw/ocm/OCM-79851.json,coordinate_operator_address_match,,,
a_f21df9d7d7c867780866,l_5711ab1d8fc3bab1a5f8,usage_cost_text,$0.52/kWh,site,79851.0,,data/raw/ocm/OCM-79851.json,coordinate_operator_address_match,,,
a_5f1eb83d68db4d78fd68,l_5711ab1d8fc3bab1a5f8,usage_type,Public - Membership Required,site,79851.0,,data/raw/ocm/OCM-79851.json,coordinate_operator_address_match,,,
a_af0a78b36912edc0d29e,l_61f32a319bbc9b809bd6,dc_connector_types,CCS (Type 2),site,266501.0,,data/raw/ocm/OCM-266501.json,coordinate_operator_address_match,,,
a_222567b75b1beb9701f4,l_61f32a319bbc9b809bd6,usage_cost_text,$0.66/kWh,site,266501.0,,data/raw/ocm/OCM-266501.json,coordinate_operator_address_match,,,
a_fc62c3a34a1879892748,l_61f32a319bbc9b809bd6,access_comments,Located in the car park of Campbelltown Catholic Club,site,266501.0,,data/raw/ocm/OCM-266501.json,coordinate_operator_address_match,,,
a_f5a0ac7b85a16eaccda6,l_61f32a319bbc9b809bd6,usage_type,Public - Membership Required,site,266501.0,,data/raw/ocm/OCM-266501.json,coordinate_operator_address_match,,,
a_6b170151fe01a437e6f1,l_9d4074fac6e1238e6536,dc_connector_types,CCS (Type 2); CHAdeMO,site,272693.0,,data/raw/ocm/OCM-272693.json,coordinate_operator_address_match,,,
a_8bd6a0595cd605b8266d,l_9d4074fac6e1238e6536,usage_type,Public - Membership Required,site,272693.0,,data/raw/ocm/OCM-272693.json,coordinate_operator_address_match,,,
a_fd69b2a752dbb6dd51ae,l_32eb185d7df4945bac3c,dc_connector_types,CCS (Type 2),site,273425.0,,data/raw/ocm/OCM-273425.json,coordinate_operator_address_match,,,
a_22ab44c25a19d6bff8ff,l_32eb185d7df4945bac3c,usage_cost_text,55c/kWh,site,273425.0,,data/raw/ocm/OCM-273425.json,coordinate_operator_address_match,,,
a_e8ca3d9e39dc57f15bb5,l_32eb185d7df4945bac3c,usage_type,Public - Membership Required,site,273425.0,,data/raw/ocm/OCM-273425.json,coordinate_operator_address_match,,,
a_cc01b8e5161c1d54e25c,l_266e266de6f4aa33872b,dc_connector_types,CCS (Type 2); CHAdeMO,site,191162.0,,data/raw/ocm/OCM-191162.json,coordinate_operator_address_match,,,
a_2421d9628120c9d00e44,l_266e266de6f4aa33872b,usage_cost_text,$0.40/kWh,site,191162.0,,data/raw/ocm/OCM-191162.json,coordinate_operator_address_match,,,
a_7097a128e755ffc5f74a,l_266e266de6f4aa33872b,access_comments,"Located in the Coles underground car park - opening hours: Mon - Sat 6am - 12am | Sun 7am - 10pm - outside of these hours the chargers are not accessible. Mobile signal isnt great in this car park, I recommend having Evie's RFID, or if you move around the car park you can get enough signal to start the session.",site,191162.0,,data/raw/ocm/OCM-191162.json,coordinate_operator_address_match,,,
a_8ddeabd24f36e1e5ac97,l_266e266de6f4aa33872b,usage_type,Public - Membership Required,site,191162.0,,data/raw/ocm/OCM-191162.json,coordinate_operator_address_match,,,
a_f34b6c9f789d7093b76e,l_f9ba087aa70daec660fd,dc_connector_types,CCS (Type 2),site,79490.0,,data/raw/ocm/OCM-79490.json,coordinate_operator_address_match,,,
a_ce0c17fcb199ef7debb0,l_f9ba087aa70daec660fd,usage_cost_text,$0.52/kWh,site,79490.0,,data/raw/ocm/OCM-79490.json,coordinate_operator_address_match,,,
a_497bb9ed005ab1a9109c,l_f9ba087aa70daec660fd,usage_type,Public - Membership Required,site,79490.0,,data/raw/ocm/OCM-79490.json,coordinate_operator_address_match,,,
a_0691e240b9467bd7950d,l_d39f4fc8acfc83c787e0,dc_connector_types,CCS (Type 2); CHAdeMO,site,190392.0,,data/raw/ocm/OCM-190392.json,coordinate_operator_address_match,,,
a_4a4ef9a72000e575870d,l_d39f4fc8acfc83c787e0,usage_cost_text,$0.60 per kWh,site,190392.0,,data/raw/ocm/OCM-190392.json,coordinate_operator_address_match,,,
a_28cb534bc8db7fa587de,l_d39f4fc8acfc83c787e0,operator_network_map_url,https://goevie.com.au/our-network/,operator,190392.0,,data/raw/ocm/OCM-190392.json,coordinate_operator_address_match,,,
a_484031473eebd609a4b5,l_d39f4fc8acfc83c787e0,usage_type,Public - Membership Required,site,190392.0,,data/raw/ocm/OCM-190392.json,coordinate_operator_address_match,,,
a_75904d319f5717f935bf,l_bc43dfca880ffb942ad0,dc_connector_types,CCS (Type 2),site,266620.0,,data/raw/ocm/OCM-266620.json,coordinate_operator_address_match,,,
a_a29d4ed6d3955197c327,l_bc43dfca880ffb942ad0,usage_cost_text,$0.66/kWh,site,266620.0,,data/raw/ocm/OCM-266620.json,coordinate_operator_address_match,,,
a_c146b83b14535e9f8841,l_bc43dfca880ffb942ad0,access_comments,Located in the parking lot of Heatherbrae's Pies.,site,266620.0,,data/raw/ocm/OCM-266620.json,coordinate_operator_address_match,,,
a_ae3c088814d2c502472f,l_bc43dfca880ffb942ad0,usage_type,Public - Membership Required,site,266620.0,,data/raw/ocm/OCM-266620.json,coordinate_operator_address_match,,,
a_cf64d91bed1778b59750,l_51489750c9bacd1f1530,dc_connector_types,CCS (Type 2); CHAdeMO,site,273436.0,,data/raw/ocm/OCM-273436.json,coordinate_operator_address_match,,,
a_2560cfd660086f3f9734,l_51489750c9bacd1f1530,usage_cost_text,55c/kWh,site,273436.0,,data/raw/ocm/OCM-273436.json,coordinate_operator_address_match,,,
a_3cb81f5ddfe62efa7659,l_51489750c9bacd1f1530,usage_type,Public - Membership Required,site,273436.0,,data/raw/ocm/OCM-273436.json,coordinate_operator_address_match,,,
a_7cab06c118d5a2d460ef,l_7631a9743b06ffef2965,dc_connector_types,CCS (Type 2),site,272637.0,,data/raw/ocm/OCM-272637.json,coordinate_operator_address_match,,,
a_5686114d2cc09bafcd66,l_7631a9743b06ffef2965,usage_type,Public - Membership Required,site,272637.0,,data/raw/ocm/OCM-272637.json,coordinate_operator_address_match,,,
a_6efd2cd743ab5c60827c,l_1761162d94172575a525,dc_connector_types,CCS (Type 2),site,307990.0,,data/raw/ocm/OCM-307990.json,coordinate_operator_address_match,,,
a_7532dc63d5975f0494e2,l_1761162d94172575a525,usage_type,Public - Membership Required,site,307990.0,,data/raw/ocm/OCM-307990.json,coordinate_operator_address_match,,,
a_2f5af1a7a71267c9378a,l_41cdbd5ab07905f37d05,dc_connector_types,CCS (Type 2),site,97619.0,,data/raw/ocm/OCM-97619.json,coordinate_operator_address_match,,,
a_9097f07c0bf8881a3714,l_41cdbd5ab07905f37d05,usage_cost_text,$0.52/kWh,site,97619.0,,data/raw/ocm/OCM-97619.json,coordinate_operator_address_match,,,
a_640ef85d2def9a6151bb,l_41cdbd5ab07905f37d05,usage_type,Public - Membership Required,site,97619.0,,data/raw/ocm/OCM-97619.json,coordinate_operator_address_match,,,
a_cbd7f6c5a3a77afe3cd8,l_98247725bf252bb5e576,dc_connector_types,CCS (Type 2); CHAdeMO,site,272641.0,,data/raw/ocm/OCM-272641.json,coordinate_operator_address_match,,,
a_66c06f4050d20562cdb1,l_98247725bf252bb5e576,usage_type,Public - Membership Required,site,272641.0,,data/raw/ocm/OCM-272641.json,coordinate_operator_address_match,,,
a_8ea3de0af75ef30abb88,l_688b0c2087b8ebfbc60f,dc_connector_types,CCS (Type 2); CHAdeMO,site,157566.0,,data/raw/ocm/OCM-157566.json,coordinate_operator_address_match,,,
a_a577e50afc128cb084d4,l_688b0c2087b8ebfbc60f,usage_type,Public,site,157566.0,,data/raw/ocm/OCM-157566.json,coordinate_operator_address_match,,,
a_8dafacf6e53872064d9f,l_22acf8d0c18f6d1f69e5,dc_connector_types,CCS (Type 2); CHAdeMO,site,190679.0,,data/raw/ocm/OCM-190679.json,coordinate_operator_address_match,,,
a_6b7a3aa59c9cc3361621,l_22acf8d0c18f6d1f69e5,usage_cost_text,FREE,site,190679.0,,data/raw/ocm/OCM-190679.json,coordinate_operator_address_match,,,
a_8cbf9a2185d75689861f,l_22acf8d0c18f6d1f69e5,usage_type,Public - Membership Required,site,190679.0,,data/raw/ocm/OCM-190679.json,coordinate_operator_address_match,,,
a_8d648ebb8c541d1c4bbe,l_d9778396c3c14741c1d7,dc_connector_types,CCS (Type 2); CHAdeMO,site,190351.0,,data/raw/ocm/OCM-190351.json,coordinate_operator_address_match,,,
a_9b3863904d417aaf7c16,l_d9778396c3c14741c1d7,usage_cost_text,65c per kwH energy consumed.,site,190351.0,,data/raw/ocm/OCM-190351.json,coordinate_operator_address_match,,,
a_b8cff1f34120dca7a529,l_d9778396c3c14741c1d7,usage_type,Public - Membership Required,site,190351.0,,data/raw/ocm/OCM-190351.json,coordinate_operator_address_match,,,
a_1f88acd94f259f255807,l_1d1b2fca2fa995389941,dc_connector_types,CCS (Type 2); CHAdeMO,site,272700.0,,data/raw/ocm/OCM-272700.json,coordinate_operator_address_match,,,
a_694e74687826ed4fb4df,l_1d1b2fca2fa995389941,usage_type,Public - Membership Required,site,272700.0,,data/raw/ocm/OCM-272700.json,coordinate_operator_address_match,,,
a_d9dfb6c7d79dceda63c7,l_22ad3567c7fd7e9df8eb,dc_connector_types,CCS (Type 2),site,273427.0,,data/raw/ocm/OCM-273427.json,coordinate_operator_address_match,,,
a_f6ba17c2536038b0cde4,l_22ad3567c7fd7e9df8eb,usage_cost_text,55c/kWh,site,273427.0,,data/raw/ocm/OCM-273427.json,coordinate_operator_address_match,,,
a_920daa13491f123d3282,l_22ad3567c7fd7e9df8eb,usage_type,Public - Membership Required,site,273427.0,,data/raw/ocm/OCM-273427.json,coordinate_operator_address_match,,,
a_3cabbf342aee2ae619bb,l_765cd59dc025044eb30a,dc_connector_types,CCS (Type 2),site,79760.0,,data/raw/ocm/OCM-79760.json,coordinate_operator_address_match,,,
a_1b964c990c1f1cf9653a,l_765cd59dc025044eb30a,usage_cost_text,$0.52/kWh,site,79760.0,,data/raw/ocm/OCM-79760.json,coordinate_operator_address_match,,,
a_4f4296fa8f57ae5ee5cc,l_765cd59dc025044eb30a,usage_type,Public - Membership Required,site,79760.0,,data/raw/ocm/OCM-79760.json,coordinate_operator_address_match,,,
a_32260b728d9fbea76bc8,l_302a07a2f0a3f2301f69,dc_connector_types,CCS (Type 2),site,266872.0,,data/raw/ocm/OCM-266872.json,coordinate_operator_address_match,,,
a_cd5f6bb29fe663aaae2e,l_302a07a2f0a3f2301f69,usage_cost_text,$0.45/kWh,site,266872.0,,data/raw/ocm/OCM-266872.json,coordinate_operator_address_match,,,
a_0ef847db6337ef33d690,l_302a07a2f0a3f2301f69,access_comments,"Use the entrance on Victoria Avenue, using the left lane into the car park, follow this around to the left and then continue straight. The charger is located at Level B1, Pillar G13 (near the travelators going up to Kmart) Beware as this is in a shopping centre access isn't 24/7, hours are generally 6am - 10pm weekdays and 8am - 10pm weekends. First 3 hours parking free. https://www.wilsonparking.com.au/parking-locations/new-south-wales/chatswood/chatswood-chase-car-park/",site,266872.0,,data/raw/ocm/OCM-266872.json,coordinate_operator_address_match,,,
a_292349256f2a6cf74ea8,l_302a07a2f0a3f2301f69,usage_type,Public - Membership Required,site,266872.0,,data/raw/ocm/OCM-266872.json,coordinate_operator_address_match,,,
a_9431a320272826453703,l_a571645e8251a1425054,dc_connector_types,CCS (Type 2),site,129982.0,,data/raw/ocm/OCM-129982.json,coordinate_operator_address_match,,,
a_9439f881a0c5bda9d609,l_a571645e8251a1425054,usage_cost_text,$0.52/kWh,site,129982.0,,data/raw/ocm/OCM-129982.json,coordinate_operator_address_match,,,
a_f97c8f5dc8a3eee5f342,l_a571645e8251a1425054,usage_type,Public - Membership Required,site,129982.0,,data/raw/ocm/OCM-129982.json,coordinate_operator_address_match,,,
a_1155b738bf52cbd60a2a,l_221de9e0e2d75945c5b7,dc_connector_types,CCS (Type 2); CHAdeMO,site,161993.0,,data/raw/ocm/OCM-161993.json,coordinate_operator_address_match,,,
a_6ad136ab47891b0bb38d,l_221de9e0e2d75945c5b7,usage_cost_text,"Free currently, join NRMA as a thank you.",site,161993.0,,data/raw/ocm/OCM-161993.json,coordinate_operator_address_match,,,
a_6b7321d7cebfce71f4f0,l_221de9e0e2d75945c5b7,access_comments,"Nearby public pool, field, skatepark and shopping (limited)/dining.",site,161993.0,,data/raw/ocm/OCM-161993.json,coordinate_operator_address_match,,,
a_19070e904fd9c53dc199,l_221de9e0e2d75945c5b7,usage_type,Public,site,161993.0,,data/raw/ocm/OCM-161993.json,coordinate_operator_address_match,,,
a_8b8546a0dc495d8765a1,l_7fd5bfaae6239c1e0b77,dc_connector_types,CCS (Type 2),site,296044.0,,data/raw/ocm/OCM-296044.json,coordinate_operator_address_match,,,
a_e61cb9b84551919d7835,l_7fd5bfaae6239c1e0b77,usage_cost_text,$0.69 / kWh,site,296044.0,,data/raw/ocm/OCM-296044.json,coordinate_operator_address_match,,,
a_43c4d15a68d02f28ca0c,l_7fd5bfaae6239c1e0b77,usage_type,Public - Membership Required,site,296044.0,,data/raw/ocm/OCM-296044.json,coordinate_operator_address_match,,,
a_014019380a83feca7968,l_f8b4cc58eae8bfd4a953,dc_connector_types,CCS (Type 2); CHAdeMO,site,191161.0,,data/raw/ocm/OCM-191161.json,coordinate_operator_address_match,,,
a_e38b10d8a10278606a5a,l_f8b4cc58eae8bfd4a953,usage_cost_text,$0.40/kWh,site,191161.0,,data/raw/ocm/OCM-191161.json,coordinate_operator_address_match,,,
a_45f196934751d315ecef,l_f8b4cc58eae8bfd4a953,usage_type,Public - Membership Required,site,191161.0,,data/raw/ocm/OCM-191161.json,coordinate_operator_address_match,,,
a_27b74d56f566b677dbf7,l_bebb19b1156280ae638e,dc_connector_types,CCS (Type 2); CHAdeMO,site,172919.0,,data/raw/ocm/OCM-172919.json,coordinate_operator_address_match,,,
a_55af1dd4457e892879f4,l_bebb19b1156280ae638e,usage_cost_text,$0.45 - $0.60/kWh,site,172919.0,,data/raw/ocm/OCM-172919.json,coordinate_operator_address_match,,,
a_cf41007fe83c9a442fba,l_bebb19b1156280ae638e,access_comments,Located in the BP service station - on the left as you enter the site.,site,172919.0,,data/raw/ocm/OCM-172919.json,coordinate_operator_address_match,,,
a_5239444d41c1c9c59ab2,l_bebb19b1156280ae638e,usage_type,Public - Membership Required,site,172919.0,,data/raw/ocm/OCM-172919.json,coordinate_operator_address_match,,,
a_9c2d468abb0a1aef674a,l_4f0e54e6945ee8be278f,dc_connector_types,CCS (Type 2); CHAdeMO,site,190225.0,,data/raw/ocm/OCM-190225.json,coordinate_operator_address_match,,,
a_a17d0a6e290774183c48,l_4f0e54e6945ee8be278f,usage_cost_text,"Ultra-Rapid: $0.60/kWh, Rapid: $0.40/kWh",site,190225.0,,data/raw/ocm/OCM-190225.json,coordinate_operator_address_match,,,
a_8fb6dcf434acd0b19b5e,l_4f0e54e6945ee8be278f,usage_type,Public - Membership Required,site,190225.0,,data/raw/ocm/OCM-190225.json,coordinate_operator_address_match,,,
a_36e4abc2c89f5c09ecb1,l_fe39b125adf35f1fb678,dc_connector_types,CCS (Type 2); CHAdeMO,site,273220.0,,data/raw/ocm/OCM-273220.json,coordinate_operator_address_match,,,
a_51bca74fad58ca708cea,l_fe39b125adf35f1fb678,usage_cost_text,$0.50 per kWh,site,273220.0,,data/raw/ocm/OCM-273220.json,coordinate_operator_address_match,,,
a_cf709861521bc7adae3f,l_fe39b125adf35f1fb678,usage_type,Public - Membership Required,site,273220.0,,data/raw/ocm/OCM-273220.json,coordinate_operator_address_match,,,
a_9333470c95225df705a4,l_5c37c09d4b2424a67c35,dc_connector_types,CCS (Type 2); CHAdeMO,site,266540.0,,data/raw/ocm/OCM-266540.json,coordinate_operator_address_match,,,
a_89e22a182a2405fbe246,l_5c37c09d4b2424a67c35,usage_cost_text,$0.45 per kWh.,site,266540.0,,data/raw/ocm/OCM-266540.json,coordinate_operator_address_match,,,
a_5a168d72dd9825251ef4,l_5c37c09d4b2424a67c35,usage_type,Public,site,266540.0,,data/raw/ocm/OCM-266540.json,coordinate_operator_address_match,,,
a_eaf303b05d764c55cee7,l_a78efb5963484bdfb51f,dc_connector_types,CCS (Type 2); CHAdeMO,site,272633.0,,data/raw/ocm/OCM-272633.json,coordinate_operator_address_match,,,
a_c559a974df5ee0b6a0d9,l_a78efb5963484bdfb51f,usage_type,Public - Membership Required,site,272633.0,,data/raw/ocm/OCM-272633.json,coordinate_operator_address_match,,,
a_f81459da7224e92b5548,l_2cb6da819a47f60aa3da,dc_connector_types,CCS (Type 2); CHAdeMO,site,190682.0,,data/raw/ocm/OCM-190682.json,coordinate_operator_address_match,,,
a_78614a0c2b4629bc4fbf,l_2cb6da819a47f60aa3da,usage_cost_text,Currently free but will be fee at some point.,site,190682.0,,data/raw/ocm/OCM-190682.json,coordinate_operator_address_match,,,
a_0c039428221c23750645,l_2cb6da819a47f60aa3da,usage_type,Public,site,190682.0,,data/raw/ocm/OCM-190682.json,coordinate_operator_address_match,,,
a_99a603aa98183af3b651,l_18cd5c4d2cbb2d421237,dc_connector_types,CCS (Type 2); CHAdeMO,site,172920.0,,data/raw/ocm/OCM-172920.json,coordinate_operator_address_match,,,
a_b860c9aa5d208d44a580,l_18cd5c4d2cbb2d421237,usage_cost_text,Free,site,172920.0,,data/raw/ocm/OCM-172920.json,coordinate_operator_address_match,,,
a_db2f6299bb3f2322cb01,l_18cd5c4d2cbb2d421237,access_comments,In the Sovereign Place shopping complex carpark,site,172920.0,,data/raw/ocm/OCM-172920.json,coordinate_operator_address_match,,,
a_46591edef4ffce558a3d,l_18cd5c4d2cbb2d421237,usage_type,Public,site,172920.0,,data/raw/ocm/OCM-172920.json,coordinate_operator_address_match,,,
a_370e660f34abad9237c9,l_48fcdc8e065f25652363,dc_connector_types,CCS (Type 2); CHAdeMO,site,190003.0,,data/raw/ocm/OCM-190003.json,coordinate_operator_address_match,,,
a_38f18686529af0f7e258,l_48fcdc8e065f25652363,usage_cost_text,"$0.60 / kWh for 350kW, $0.45 per kWh for 50kW",site,190003.0,,data/raw/ocm/OCM-190003.json,coordinate_operator_address_match,,,
a_8ecf2dfcaef775977f10,l_48fcdc8e065f25652363,usage_type,Public - Membership Required,site,190003.0,,data/raw/ocm/OCM-190003.json,coordinate_operator_address_match,,,
a_ec9167f46878efb53e43,l_0e7182202acba8dfe173,dc_connector_types,CCS (Type 2); CHAdeMO,site,190706.0,,data/raw/ocm/OCM-190706.json,coordinate_operator_address_match,,,
a_3caa082aafda138f8ea6,l_0e7182202acba8dfe173,usage_cost_text,50c per kWh energy consumed.,site,190706.0,,data/raw/ocm/OCM-190706.json,coordinate_operator_address_match,,,
a_9809201769ab0fc9f84c,l_0e7182202acba8dfe173,usage_type,Public - Membership Required,site,190706.0,,data/raw/ocm/OCM-190706.json,coordinate_operator_address_match,,,
a_62e6fa6d3b51fad85243,l_8b0120c8ede2dccc884c,dc_connector_types,CCS (Type 2); CHAdeMO,site,272635.0,,data/raw/ocm/OCM-272635.json,coordinate_operator_address_match,,,
a_590884aadb429985fc10,l_8b0120c8ede2dccc884c,usage_type,Public - Membership Required,site,272635.0,,data/raw/ocm/OCM-272635.json,coordinate_operator_address_match,,,
a_0a3d1f6e706372eefd09,l_e9d9d981d53b62bc86f6,dc_connector_types,CCS (Type 2),site,171146.0,,data/raw/ocm/OCM-171146.json,coordinate_operator_address_match,,,
a_98890c6e885d073daf96,l_e9d9d981d53b62bc86f6,usage_cost_text,AUD 0.42/kWh;other tariffs for older cars,site,171146.0,,data/raw/ocm/OCM-171146.json,coordinate_operator_address_match,,,
a_20a24c3130f1be8e1624,l_e9d9d981d53b62bc86f6,usage_type,Public - Membership Required,site,171146.0,,data/raw/ocm/OCM-171146.json,coordinate_operator_address_match,,,
a_fa494624d8f95a282644,l_c3a86fe148f60f960b43,dc_connector_types,CCS (Type 2),site,113602.0,,data/raw/ocm/OCM-113602.json,coordinate_operator_address_match,,,
a_f0fd119da163b12f2e33,l_c3a86fe148f60f960b43,usage_cost_text,AUD 0.42/kWh;other tariffs for older cars,site,113602.0,,data/raw/ocm/OCM-113602.json,coordinate_operator_address_match,,,
a_2eb025d2b10d3c0442da,l_c3a86fe148f60f960b43,usage_type,Public,site,113602.0,,data/raw/ocm/OCM-113602.json,coordinate_operator_address_match,,,
a_fa605c8bbf54bfca6820,l_cdc4faf3cb83a0c69e07,usage_cost_text,$0.52/kWh,site,191280.0,,data/raw/ocm/OCM-191280.json,coordinate_operator_address_match,,,
a_6e8b5576964de97c9b55,l_cdc4faf3cb83a0c69e07,usage_type,Public - Membership Required,site,191280.0,,data/raw/ocm/OCM-191280.json,coordinate_operator_address_match,,,
a_b381a044a6405eb70e62,l_d7be5e373b06278feb7a,dc_connector_types,CCS (Type 2),site,278525.0,,data/raw/ocm/OCM-278525.json,coordinate_operator_address_match,,,
a_5da07d25c987ab8b97fe,l_d7be5e373b06278feb7a,usage_type,Public - Membership Required,site,278525.0,,data/raw/ocm/OCM-278525.json,coordinate_operator_address_match,,,
a_93167b61b447995168be,l_28af1a4ab616ea376e9c,dc_connector_types,CCS (Type 2),site,272620.0,,data/raw/ocm/OCM-272620.json,coordinate_operator_address_match,,,
a_23d4cbf250d415d4a4f0,l_28af1a4ab616ea376e9c,usage_cost_text,$0.60/kWh,site,272620.0,,data/raw/ocm/OCM-272620.json,coordinate_operator_address_match,,,
a_58fc1436b3c3f95189fa,l_28af1a4ab616ea376e9c,usage_type,Public - Membership Required,site,272620.0,,data/raw/ocm/OCM-272620.json,coordinate_operator_address_match,,,
a_fbcd3f2c1cae5af2b149,l_7d310d8aece783ab59dc,dc_connector_types,CCS (Type 2); CHAdeMO,site,191164.0,,data/raw/ocm/OCM-191164.json,coordinate_operator_address_match,,,
a_183a29d59c4c2d6812eb,l_7d310d8aece783ab59dc,usage_cost_text,$0.40/kWh,site,191164.0,,data/raw/ocm/OCM-191164.json,coordinate_operator_address_match,,,
a_dc166e7f60b383b18f10,l_7d310d8aece783ab59dc,usage_type,Public - Membership Required,site,191164.0,,data/raw/ocm/OCM-191164.json,coordinate_operator_address_match,,,
a_cf0c8acbecdeec886378,l_2a06c0da0ced06a714b1,dc_connector_types,CCS (Type 2); CHAdeMO,site,154488.0,,data/raw/ocm/OCM-154488.json,coordinate_operator_address_match,,,
a_5060a27e41f9b15f2201,l_2a06c0da0ced06a714b1,usage_cost_text,60c / 54c for members of NRMA,site,154488.0,,data/raw/ocm/OCM-154488.json,coordinate_operator_address_match,,,
a_477ff884b71db7614bc9,l_2a06c0da0ced06a714b1,usage_type,Public,site,154488.0,,data/raw/ocm/OCM-154488.json,coordinate_operator_address_match,,,
a_7e8cb1f88ab484ebc288,l_1d7851501ad5506d6004,dc_connector_types,CCS (Type 2); CHAdeMO,site,272630.0,,data/raw/ocm/OCM-272630.json,coordinate_operator_address_match,,,
a_1cc60af6e1abc5abfd11,l_1d7851501ad5506d6004,usage_type,Public - Membership Required,site,272630.0,,data/raw/ocm/OCM-272630.json,coordinate_operator_address_match,,,
a_6b45336fec4aa18361e9,l_758587195e820219edca,dc_connector_types,CCS (Type 2); CHAdeMO,site,148545.0,,data/raw/ocm/OCM-148545.json,coordinate_operator_address_match,,,
a_35083247ac49c1985c8e,l_758587195e820219edca,usage_cost_text,Currently free but will be fee at some point.,site,148545.0,,data/raw/ocm/OCM-148545.json,coordinate_operator_address_match,,,
a_02b4d5e5404ff1c033a2,l_758587195e820219edca,usage_type,Public,site,148545.0,,data/raw/ocm/OCM-148545.json,coordinate_operator_address_match,,,
a_2ada7412ea2f5193c78d,l_86933707e2b3b3c67eaa,dc_connector_types,CCS (Type 2),site,121546.0,,data/raw/ocm/OCM-121546.json,coordinate_operator_address_match,,,
a_82047b59caa446d891b4,l_86933707e2b3b3c67eaa,usage_cost_text,$0.52/kWh,site,121546.0,,data/raw/ocm/OCM-121546.json,coordinate_operator_address_match,,,
a_164e6b6aa756aa2695ab,l_86933707e2b3b3c67eaa,usage_type,Public - Membership Required,site,121546.0,,data/raw/ocm/OCM-121546.json,coordinate_operator_address_match,,,
a_c15e7b7931f96d87545d,l_8dd4f9550e32b973cda3,dc_connector_types,CCS (Type 2); CHAdeMO,site,156010.0,,data/raw/ocm/OCM-156010.json,coordinate_operator_address_match,,,
a_ace1caa894521cd7dfd3,l_8dd4f9550e32b973cda3,usage_type,Public,site,156010.0,,data/raw/ocm/OCM-156010.json,coordinate_operator_address_match,,,
a_81e0babf680c1204077c,l_90bc59c5864665a17c6a,dc_connector_types,CCS (Type 2); CHAdeMO,site,297042.0,,data/raw/ocm/OCM-297042.json,coordinate_operator_address_match,,,
a_68fa3ff998d948bc0eee,l_90bc59c5864665a17c6a,usage_type,Public - Membership Required,site,297042.0,,data/raw/ocm/OCM-297042.json,coordinate_operator_address_match,,,
a_bf0ee90819590aeb7ed7,l_57579c6bf729ab6fc9e8,dc_connector_types,CCS (Type 2); CHAdeMO,site,190005.0,,data/raw/ocm/OCM-190005.json,coordinate_operator_address_match,,,
a_e41b5beab5a60d8a73a3,l_57579c6bf729ab6fc9e8,usage_cost_text,FREE,site,190005.0,,data/raw/ocm/OCM-190005.json,coordinate_operator_address_match,,,
a_e8636377964b4b9213b5,l_57579c6bf729ab6fc9e8,usage_type,Public - Membership Required,site,190005.0,,data/raw/ocm/OCM-190005.json,coordinate_operator_address_match,,,
a_cef2680f6639313f48d9,l_2283fbc5652d009f8aeb,dc_connector_types,CCS (Type 2); CHAdeMO,site,170824.0,,data/raw/ocm/OCM-170824.json,coordinate_operator_address_match,,,
a_8b0e2cf06a878b4b3830,l_2283fbc5652d009f8aeb,usage_cost_text,Currently free but will be fee at some point.,site,170824.0,,data/raw/ocm/OCM-170824.json,coordinate_operator_address_match,,,
a_e455dd0b4f92db7a4f12,l_2283fbc5652d009f8aeb,usage_type,Public,site,170824.0,,data/raw/ocm/OCM-170824.json,coordinate_operator_address_match,,,
a_44e667d9b86d4d17a94a,l_396adc8d248636738371,dc_connector_types,CCS (Type 2); CHAdeMO,site,191163.0,,data/raw/ocm/OCM-191163.json,coordinate_operator_address_match,,,
a_273cb5108e6564a45642,l_396adc8d248636738371,usage_cost_text,DC $0.40/kWh AC $0.35/kWh,site,191163.0,,data/raw/ocm/OCM-191163.json,coordinate_operator_address_match,,,
a_85dad88dcc16e29c69b9,l_396adc8d248636738371,usage_type,Public - Membership Required,site,191163.0,,data/raw/ocm/OCM-191163.json,coordinate_operator_address_match,,,
a_da73471279413bf86cbf,l_73392c1fc201dc5d53f3,dc_connector_types,CCS (Type 2); CHAdeMO,site,272632.0,,data/raw/ocm/OCM-272632.json,coordinate_operator_address_match,,,
a_72138edc9320d37f9b19,l_73392c1fc201dc5d53f3,usage_type,Public - Membership Required,site,272632.0,,data/raw/ocm/OCM-272632.json,coordinate_operator_address_match,,,
a_9143ab8b4e549cf5a532,l_27981d4442a7bc636509,dc_connector_types,CCS (Type 2); CHAdeMO,site,190671.0,,data/raw/ocm/OCM-190671.json,coordinate_operator_address_match,,,
a_3568b228d1551ef56942,l_27981d4442a7bc636509,usage_cost_text,FREE,site,190671.0,,data/raw/ocm/OCM-190671.json,coordinate_operator_address_match,,,
a_2ce25b9402953b7afd03,l_27981d4442a7bc636509,usage_type,Public - Membership Required,site,190671.0,,data/raw/ocm/OCM-190671.json,coordinate_operator_address_match,,,
a_381076dc0fb30f816327,l_2421e1ad6f967d82e6c5,dc_connector_types,CCS (Type 2),site,191062.0,,data/raw/ocm/OCM-191062.json,coordinate_operator_address_match,,,
a_f0f47fcf02fceb5a18b1,l_2421e1ad6f967d82e6c5,usage_cost_text,$0.70/kWh,site,191062.0,,data/raw/ocm/OCM-191062.json,coordinate_operator_address_match,,,
a_64be87b63df12462b389,l_2421e1ad6f967d82e6c5,usage_type,Public - Membership Required,site,191062.0,,data/raw/ocm/OCM-191062.json,coordinate_operator_address_match,,,
a_43457644e9130f266bad,l_c234117c6f0de82ae487,dc_connector_types,CCS (Type 2); CHAdeMO,site,272694.0,,data/raw/ocm/OCM-272694.json,coordinate_operator_address_match,,,
a_4e96905b0182e601da03,l_c234117c6f0de82ae487,usage_type,Public - Membership Required,site,272694.0,,data/raw/ocm/OCM-272694.json,coordinate_operator_address_match,,,
a_28f17ccb82e42c121447,l_ed00398600d5eb9a8afc,dc_connector_types,CCS (Type 2); CHAdeMO,site,272634.0,,data/raw/ocm/OCM-272634.json,coordinate_operator_address_match,,,
a_a2a2e3761020d5f2e2b4,l_ed00398600d5eb9a8afc,usage_type,Public - Membership Required,site,272634.0,,data/raw/ocm/OCM-272634.json,coordinate_operator_address_match,,,
a_c529438283f7225198be,l_bd6ef1894c22d1363cb7,dc_connector_types,CCS (Type 2); CHAdeMO,site,272496.0,,data/raw/ocm/OCM-272496.json,coordinate_operator_address_match,,,
a_d178088bc05d98be216e,l_bd6ef1894c22d1363cb7,usage_cost_text,50c per kWh energy consumed.,site,272496.0,,data/raw/ocm/OCM-272496.json,coordinate_operator_address_match,,,
a_2faa54d570ca84d35674,l_bd6ef1894c22d1363cb7,usage_type,Public - Membership Required,site,272496.0,,data/raw/ocm/OCM-272496.json,coordinate_operator_address_match,,,
a_3659935a4e77899aad0b,l_4d011ad66e5c03718ea1,dc_connector_types,CCS (Type 2); CHAdeMO,site,191160.0,,data/raw/ocm/OCM-191160.json,coordinate_operator_address_match,,,
a_3e203ba23ccd0adf8771,l_4d011ad66e5c03718ea1,usage_cost_text,$0.40/kWh,site,191160.0,,data/raw/ocm/OCM-191160.json,coordinate_operator_address_match,,,
a_08b2bf25fc9924c765b4,l_4d011ad66e5c03718ea1,usage_type,Public - Membership Required,site,191160.0,,data/raw/ocm/OCM-191160.json,coordinate_operator_address_match,,,
a_ae4d886a8d7f7b584b66,l_70b62ce6672d7861923c,dc_connector_types,CCS (Type 2),site,306014.0,,data/raw/ocm/OCM-306014.json,coordinate_operator_address_match,,,
a_2d444ca08f4397b1b592,l_70b62ce6672d7861923c,usage_cost_text,$0.40/kWh,site,306014.0,,data/raw/ocm/OCM-306014.json,coordinate_operator_address_match,,,
a_10b676cb4f7fccb69f05,l_70b62ce6672d7861923c,usage_type,Public - Membership Required,site,306014.0,,data/raw/ocm/OCM-306014.json,coordinate_operator_address_match,,,
a_5134f82fde914cb59bca,l_670a933bd0fd6afe1b3f,dc_connector_types,CCS (Type 2),site,128374.0,,data/raw/ocm/OCM-128374.json,coordinate_operator_address_match,,,
a_49b0f6c0477a065ac8ec,l_670a933bd0fd6afe1b3f,usage_cost_text,AUD 0.42/kWh;other tariffs for older cars,site,128374.0,,data/raw/ocm/OCM-128374.json,coordinate_operator_address_match,,,
a_7ca2e8854c8fadb8013e,l_670a933bd0fd6afe1b3f,usage_type,Public - Membership Required,site,128374.0,,data/raw/ocm/OCM-128374.json,coordinate_operator_address_match,,,
a_32e7fe26e39bda32f604,l_9538e5057439c6ff0cb4,dc_connector_types,CCS (Type 2),site,128371.0,,data/raw/ocm/OCM-128371.json,coordinate_operator_address_match,,,
a_128a89db42af647e41bd,l_9538e5057439c6ff0cb4,usage_cost_text,$0.52/kWh,site,128371.0,,data/raw/ocm/OCM-128371.json,coordinate_operator_address_match,,,
a_32f5d8f653796167f2c3,l_9538e5057439c6ff0cb4,usage_type,Public - Membership Required,site,128371.0,,data/raw/ocm/OCM-128371.json,coordinate_operator_address_match,,,
a_ad109c0ed8cdda01ad19,l_33ffbe2150b0821f9266,dc_connector_types,CCS (Type 2); CHAdeMO,site,272619.0,,data/raw/ocm/OCM-272619.json,coordinate_operator_address_match,,,
a_1f56ba5fe8a4f08ee2b9,l_33ffbe2150b0821f9266,usage_cost_text,Free - $0.42/kWh,site,272619.0,,data/raw/ocm/OCM-272619.json,coordinate_operator_address_match,,,
a_e94b458290354212b53f,l_33ffbe2150b0821f9266,usage_type,Public - Membership Required,site,272619.0,,data/raw/ocm/OCM-272619.json,coordinate_operator_address_match,,,
a_de518bf8786d675bb091,l_1a14af4b564a876d23aa,dc_connector_types,CCS (Type 2); CHAdeMO,site,191954.0,,data/raw/ocm/OCM-191954.json,coordinate_operator_address_match,,,
a_7644ee7751a7cc69d6e9,l_1a14af4b564a876d23aa,usage_cost_text,FREE,site,191954.0,,data/raw/ocm/OCM-191954.json,coordinate_operator_address_match,,,
a_300540152375bfb18731,l_1a14af4b564a876d23aa,usage_type,Public - Membership Required,site,191954.0,,data/raw/ocm/OCM-191954.json,coordinate_operator_address_match,,,
a_7458bd8e0b57ddc07038,l_d7e8a6739689bf98ee77,dc_connector_types,CCS (Type 2); CHAdeMO,site,190668.0,,data/raw/ocm/OCM-190668.json,coordinate_operator_address_match,,,
a_1699801aa465b0b50521,l_d7e8a6739689bf98ee77,usage_cost_text,$0.66/kWh,site,190668.0,,data/raw/ocm/OCM-190668.json,coordinate_operator_address_match,,,
a_887bdbe5a1047783e583,l_d7e8a6739689bf98ee77,usage_type,Public - Membership Required,site,190668.0,,data/raw/ocm/OCM-190668.json,coordinate_operator_address_match,,,
a_f6a9716e241f5caead4c,l_81ac1c0eb40f1e500ff0,dc_connector_types,CCS (Type 2); CHAdeMO,site,272627.0,,data/raw/ocm/OCM-272627.json,coordinate_operator_address_match,,,
a_3b72cfb96bea623d05c2,l_81ac1c0eb40f1e500ff0,usage_type,Public - Membership Required,site,272627.0,,data/raw/ocm/OCM-272627.json,coordinate_operator_address_match,,,
a_012cf713b91faa3fbba8,l_9e7a0beca84a7d9e019d,dc_connector_types,CCS (Type 2); CHAdeMO,site,190861.0,,data/raw/ocm/OCM-190861.json,coordinate_operator_address_match,,,
a_1d5c5b342776076478c9,l_9e7a0beca84a7d9e019d,usage_cost_text,Chargers free of charge for now but will require you to be a member in the future or you will need to pay per charge.,site,190861.0,,data/raw/ocm/OCM-190861.json,coordinate_operator_address_match,,,
a_d3414a1e672a4e811729,l_9e7a0beca84a7d9e019d,access_comments,"NRMA EV Fast Charging Network. Two charging stations, each are 50kW CHAdeMO and CCS2.",site,190861.0,,data/raw/ocm/OCM-190861.json,coordinate_operator_address_match,,,
a_0c734852576b1f99343c,l_9e7a0beca84a7d9e019d,usage_type,Public,site,190861.0,,data/raw/ocm/OCM-190861.json,coordinate_operator_address_match,,,
a_f1ef85299738590d9858,l_5da82ed9b10e3a7f7cbe,dc_connector_types,CCS (Type 2); CHAdeMO,site,191956.0,,data/raw/ocm/OCM-191956.json,coordinate_operator_address_match,,,
a_ae96e5468173e95f6bfc,l_5da82ed9b10e3a7f7cbe,usage_cost_text,FREE,site,191956.0,,data/raw/ocm/OCM-191956.json,coordinate_operator_address_match,,,
a_2d528010e3954beb7321,l_5da82ed9b10e3a7f7cbe,usage_type,Public - Membership Required,site,191956.0,,data/raw/ocm/OCM-191956.json,coordinate_operator_address_match,,,
a_2c2a3b774d37014169d6,l_b95fda2a5dfd50021d16,dc_connector_types,CCS (Type 2); CHAdeMO,site,272689.0,,data/raw/ocm/OCM-272689.json,coordinate_operator_address_match,,,
a_b5ed8b9c6c87ece8e629,l_b95fda2a5dfd50021d16,usage_type,Public - Membership Required,site,272689.0,,data/raw/ocm/OCM-272689.json,coordinate_operator_address_match,,,
a_8fa1f67ba3febe2e4ace,l_fdbc3ac1498f235c3c76,dc_connector_types,CCS (Type 2),site,79243.0,,data/raw/ocm/OCM-79243.json,coordinate_operator_address_match,,,
a_ad758eaec7885a1fcfeb,l_fdbc3ac1498f235c3c76,usage_cost_text,AUD 0.42/kWh;other tariffs for older cars,site,79243.0,,data/raw/ocm/OCM-79243.json,coordinate_operator_address_match,,,
a_ea4aef81f931500d6ee2,l_fdbc3ac1498f235c3c76,usage_type,Public - Membership Required,site,79243.0,,data/raw/ocm/OCM-79243.json,coordinate_operator_address_match,,,
a_d1ef84905907e7e8e4a3,l_bab6f0f232d08a6bbeb9,dc_connector_types,CCS (Type 2); CHAdeMO,site,191183.0,,data/raw/ocm/OCM-191183.json,coordinate_operator_address_match,,,
a_37929eef8fcab2ade0a9,l_bab6f0f232d08a6bbeb9,usage_cost_text,FREE,site,191183.0,,data/raw/ocm/OCM-191183.json,coordinate_operator_address_match,,,
a_8c669e18a5749a68838f,l_bab6f0f232d08a6bbeb9,usage_type,Public - Membership Required,site,191183.0,,data/raw/ocm/OCM-191183.json,coordinate_operator_address_match,,,
a_ee5b3257969dc7c91c7c,l_d0a819b95a2a2f3fb46a,dc_connector_types,CCS (Type 2); CHAdeMO,site,171647.0,,data/raw/ocm/OCM-171647.json,coordinate_operator_address_match,,,
a_d77ad845d159c8558291,l_d0a819b95a2a2f3fb46a,usage_cost_text,$0.40/kWh ($0.32/kWh for NRMA),site,171647.0,,data/raw/ocm/OCM-171647.json,coordinate_operator_address_match,,,
a_7751da4ff16c1327320f,l_d0a819b95a2a2f3fb46a,usage_type,Public,site,171647.0,,data/raw/ocm/OCM-171647.json,coordinate_operator_address_match,,,
a_fa986dc00620e521a794,l_489ae1c90174e92bf09e,dc_connector_types,CCS (Type 2),site,131610.0,,data/raw/ocm/OCM-131610.json,coordinate_operator_address_match,,,
a_0df191c946608b4de13a,l_489ae1c90174e92bf09e,usage_cost_text,Free,site,131610.0,,data/raw/ocm/OCM-131610.json,coordinate_operator_address_match,,,
a_f87b17828168d61f46ce,l_489ae1c90174e92bf09e,access_comments,Turn East off Innovation Way on the North side of the Sustainable Buildings Research Centre - Building 237,site,131610.0,,data/raw/ocm/OCM-131610.json,coordinate_operator_address_match,,,
a_0bc8e3facd4b627196e0,l_489ae1c90174e92bf09e,usage_type,Public,site,131610.0,,data/raw/ocm/OCM-131610.json,coordinate_operator_address_match,,,
a_e81d05aca2ba446c2ac3,l_5b334947cac0d4a7bb17,dc_connector_types,CCS (Type 2); CHAdeMO,site,190677.0,,data/raw/ocm/OCM-190677.json,coordinate_operator_address_match,,,
a_2dc80dc277c70d54b457,l_5b334947cac0d4a7bb17,usage_type,Public,site,190677.0,,data/raw/ocm/OCM-190677.json,coordinate_operator_address_match,,,
a_89877b414c553b10ee43,l_bc48e5356bc48752d739,dc_connector_types,CCS (Type 2); CHAdeMO,site,191957.0,,data/raw/ocm/OCM-191957.json,coordinate_operator_address_match,,,
a_2420cbc64370a04b19e5,l_bc48e5356bc48752d739,usage_cost_text,60c / 54c for NRMA Members,site,191957.0,,data/raw/ocm/OCM-191957.json,coordinate_operator_address_match,,,
a_74dc720ec19b37243a8e,l_bc48e5356bc48752d739,usage_type,Public,site,191957.0,,data/raw/ocm/OCM-191957.json,coordinate_operator_address_match,,,
a_1ceb4d87681d131492ac,l_828c50ea7a5f58a7b7d8,dc_connector_types,CCS (Type 2); CHAdeMO,site,191394.0,,data/raw/ocm/OCM-191394.json,coordinate_operator_address_match,,,
a_5759e78e68169ed765b3,l_828c50ea7a5f58a7b7d8,usage_cost_text,Free,site,191394.0,,data/raw/ocm/OCM-191394.json,coordinate_operator_address_match,,,
a_7d4524433ae1efd248ef,l_828c50ea7a5f58a7b7d8,usage_type,Public,site,191394.0,,data/raw/ocm/OCM-191394.json,coordinate_operator_address_match,,,
a_8833a232107e8f64d4a2,l_749d8c0cc4c947ffdc97,dc_connector_types,CCS (Type 2); CHAdeMO,site,172852.0,,data/raw/ocm/OCM-172852.json,coordinate_operator_address_match,,,
a_8ad43a9ef00f354034b0,l_749d8c0cc4c947ffdc97,usage_cost_text,$0.60/kWh,site,172852.0,,data/raw/ocm/OCM-172852.json,coordinate_operator_address_match,,,
a_3a73aed9abd9e65b9e3d,l_749d8c0cc4c947ffdc97,access_comments,behind Gloria Jeans,site,172852.0,,data/raw/ocm/OCM-172852.json,coordinate_operator_address_match,,,
a_2110782a9ecd219457b2,l_749d8c0cc4c947ffdc97,usage_type,Public,site,172852.0,,data/raw/ocm/OCM-172852.json,coordinate_operator_address_match,,,
a_e8596860052287b15029,l_23a291542d287073b9fa,dc_connector_types,CCS (Type 2); CHAdeMO,site,190358.0,,data/raw/ocm/OCM-190358.json,coordinate_operator_address_match,,,
a_3a5ada35a3bdd1dce473,l_23a291542d287073b9fa,usage_cost_text,FREE,site,190358.0,,data/raw/ocm/OCM-190358.json,coordinate_operator_address_match,,,
a_6d0999ae6f47109ef42f,l_23a291542d287073b9fa,usage_type,Public,site,190358.0,,data/raw/ocm/OCM-190358.json,coordinate_operator_address_match,,,
a_7ca6c0fcdf6d0e3f040d,l_bad37c5230a82b6f4b4c,dc_connector_types,CCS (Type 2); CHAdeMO,site,191958.0,,data/raw/ocm/OCM-191958.json,coordinate_operator_address_match,,,
a_8e3ed297ae5b08b474ec,l_bad37c5230a82b6f4b4c,usage_cost_text,60c / 54c for members,site,191958.0,,data/raw/ocm/OCM-191958.json,coordinate_operator_address_match,,,
a_b86cbdf291ce98ed3964,l_bad37c5230a82b6f4b4c,usage_type,Public,site,191958.0,,data/raw/ocm/OCM-191958.json,coordinate_operator_address_match,,,
a_7492673d00bcbade8e41,l_98af0b98434bdf876e53,dc_connector_types,CCS (Type 2); CHAdeMO,site,190669.0,,data/raw/ocm/OCM-190669.json,coordinate_operator_address_match,,,
a_317a0c9944686fd4754c,l_98af0b98434bdf876e53,usage_cost_text,"Free currently, join NRMA as a thank you.",site,190669.0,,data/raw/ocm/OCM-190669.json,coordinate_operator_address_match,,,
a_baa20c8b9f9e942a8e32,l_98af0b98434bdf876e53,usage_type,Public,site,190669.0,,data/raw/ocm/OCM-190669.json,coordinate_operator_address_match,,,
a_c6ee01bc2d6d2f3aee6f,l_07c8e1fedef617b1e41f,dc_connector_types,CCS (Type 2); CHAdeMO,site,274144.0,,data/raw/ocm/OCM-274144.json,coordinate_operator_address_match,,,
a_aabbd1dd284e54197d4e,l_07c8e1fedef617b1e41f,usage_cost_text,60c / 54c for NRMA Members,site,274144.0,,data/raw/ocm/OCM-274144.json,coordinate_operator_address_match,,,
a_b44d16efb13343911d1e,l_07c8e1fedef617b1e41f,access_comments,NRMA dual 180kW DC fast chargers with four charging bays,site,274144.0,,data/raw/ocm/OCM-274144.json,coordinate_operator_address_match,,,
a_785e04201e50a76b2fff,l_07c8e1fedef617b1e41f,usage_type,Public,site,274144.0,,data/raw/ocm/OCM-274144.json,coordinate_operator_address_match,,,
a_03e5605dcc6934099dbc,l_342f228d276725e07657,dc_connector_types,CCS (Type 2); CHAdeMO,site,266499.0,,data/raw/ocm/OCM-266499.json,coordinate_operator_address_match,,,
a_133d0eec1d0a802066a9,l_342f228d276725e07657,usage_cost_text,FREE,site,266499.0,,data/raw/ocm/OCM-266499.json,coordinate_operator_address_match,,,
a_cd26add527fc108a0525,l_342f228d276725e07657,access_comments,"Located at the back of Glen Innes Town Hall in the car park, enter via Bourke Street",site,266499.0,,data/raw/ocm/OCM-266499.json,coordinate_operator_address_match,,,
a_d1a5bf226d819e32a53e,l_342f228d276725e07657,usage_type,Public - Membership Required,site,266499.0,,data/raw/ocm/OCM-266499.json,coordinate_operator_address_match,,,
a_989ed4b7c9d89b58ea80,l_aa4b4d09b4f43305fbb3,dc_connector_types,CCS (Type 2); CHAdeMO,site,273225.0,,data/raw/ocm/OCM-273225.json,coordinate_operator_address_match,,,
a_64d5d15697e869bd31ff,l_aa4b4d09b4f43305fbb3,usage_cost_text,$0.45 per kWh,site,273225.0,,data/raw/ocm/OCM-273225.json,coordinate_operator_address_match,,,
a_1eff4b4eb62a9034aaa4,l_aa4b4d09b4f43305fbb3,usage_type,Public - Membership Required,site,273225.0,,data/raw/ocm/OCM-273225.json,coordinate_operator_address_match,,,
a_4132b53577d45001feb0,l_ed0df2fad12f7a17f5cb,dc_connector_types,CCS (Type 2); CHAdeMO,site,209950.0,,data/raw/ocm/OCM-209950.json,coordinate_operator_address_match,,,
a_93bb41120d630bc3edf7,l_ed0df2fad12f7a17f5cb,usage_cost_text,FREE,site,209950.0,,data/raw/ocm/OCM-209950.json,coordinate_operator_address_match,,,
a_a94cf5c11bf617f50f65,l_ed0df2fad12f7a17f5cb,usage_type,Public - Membership Required,site,209950.0,,data/raw/ocm/OCM-209950.json,coordinate_operator_address_match,,,
a_b78773959b4f0a8a3755,l_11a62538f07076be4260,dc_connector_types,CCS (Type 2); CHAdeMO,site,161843.0,,data/raw/ocm/OCM-161843.json,coordinate_operator_address_match,,,
a_f69c863ad2a6ea6a3cca,l_11a62538f07076be4260,usage_cost_text,Currently free but will be fee at some point,site,161843.0,,data/raw/ocm/OCM-161843.json,coordinate_operator_address_match,,,
a_17236d4d71131b00069f,l_11a62538f07076be4260,usage_type,Public,site,161843.0,,data/raw/ocm/OCM-161843.json,coordinate_operator_address_match,,,
a_f4e8f6fe2d31712c8586,l_9725f8739754cc2e95f6,dc_connector_types,CCS (Type 2); CHAdeMO,site,191955.0,,data/raw/ocm/OCM-191955.json,coordinate_operator_address_match,,,
a_cd7c653c24e6ece92b00,l_9725f8739754cc2e95f6,usage_cost_text,FREE,site,191955.0,,data/raw/ocm/OCM-191955.json,coordinate_operator_address_match,,,
a_04f066781e14045ad690,l_9725f8739754cc2e95f6,usage_type,Public - Membership Required,site,191955.0,,data/raw/ocm/OCM-191955.json,coordinate_operator_address_match,,,
a_b5986083608babe14e3f,l_78442ed7458f1f3ea314,dc_connector_types,CCS (Type 2); CHAdeMO,site,266767.0,,data/raw/ocm/OCM-266767.json,coordinate_operator_address_match,,,
a_d0d14c38c448affabebe,l_78442ed7458f1f3ea314,usage_cost_text,$0.55/kwh,site,266767.0,,data/raw/ocm/OCM-266767.json,coordinate_operator_address_match,,,
a_43fe66a2dd115cfac917,l_78442ed7458f1f3ea314,usage_type,Public,site,266767.0,,data/raw/ocm/OCM-266767.json,coordinate_operator_address_match,,,
a_f31cb3f59bab96ac5fc2,l_9480589138e27915442e,dc_connector_types,CCS (Type 2),site,300153.0,,data/raw/ocm/OCM-300153.json,coordinate_operator_address_match,,,
a_0d7b07c1d96f52942dfd,l_9480589138e27915442e,usage_cost_text,$0.69/kWh,site,300153.0,,data/raw/ocm/OCM-300153.json,coordinate_operator_address_match,,,
a_a9c9040b2f1712c1d83b,l_9480589138e27915442e,usage_type,Public - Membership Required,site,300153.0,,data/raw/ocm/OCM-300153.json,coordinate_operator_address_match,,,
a_558901e98b37beecf3e0,l_d5c1e6df77c05237a6a1,dc_connector_types,CCS (Type 2),site,306013.0,,data/raw/ocm/OCM-306013.json,coordinate_operator_address_match,,,
a_2fd8cecc455e0858a2d5,l_d5c1e6df77c05237a6a1,usage_cost_text,up to $0.92/kWh,site,306013.0,,data/raw/ocm/OCM-306013.json,coordinate_operator_address_match,,,
a_9526808762ad9e780689,l_d5c1e6df77c05237a6a1,usage_type,Public - Membership Required,site,306013.0,,data/raw/ocm/OCM-306013.json,coordinate_operator_address_match,,,
a_ca2c836afe63bac3a174,l_7b41f16b1e7c13f0bf4a,dc_connector_types,CCS (Type 2),site,311704.0,,data/raw/ocm/OCM-311704.json,coordinate_operator_address_match,,,
a_2a8b82ebb74109bdd78a,l_7b41f16b1e7c13f0bf4a,usage_cost_text,$0.56/kWh,site,311704.0,,data/raw/ocm/OCM-311704.json,coordinate_operator_address_match,,,
a_9e84427620f7054fd840,l_7b41f16b1e7c13f0bf4a,usage_type,Public - Membership Required,site,311704.0,,data/raw/ocm/OCM-311704.json,coordinate_operator_address_match,,,
a_4efc72034e04486877e5,l_31282b7862f2f25d96c4,dc_connector_types,CCS (Type 2),site,312659.0,,data/raw/ocm/OCM-312659.json,coordinate_operator_address_match,,,
a_5050219d116d71c0746c,l_31282b7862f2f25d96c4,usage_cost_text,63c,site,312659.0,,data/raw/ocm/OCM-312659.json,coordinate_operator_address_match,,,
a_65473d5f7a22ff667f78,l_31282b7862f2f25d96c4,usage_type,Public,site,312659.0,,data/raw/ocm/OCM-312659.json,coordinate_operator_address_match,,,
a_6e072b6656b1482e7fdd,l_4d0dcff3a3f0cac850b8,dc_connector_types,CCS (Type 2),site,461335.0,,data/raw/ocm/OCM-461335.json,coordinate_operator_address_match,,,
a_fcf15e133ab92dfb42a8,l_4d0dcff3a3f0cac850b8,usage_type,Public - Membership Required,site,461335.0,,data/raw/ocm/OCM-461335.json,coordinate_operator_address_match,,,
a_793c71b26b3561a70905,l_df304c7cb30586f66cfd,dc_connector_types,CCS (Type 2),site,300154.0,,data/raw/ocm/OCM-300154.json,coordinate_operator_address_match,,,
a_d3356920aabb3d90ab58,l_df304c7cb30586f66cfd,usage_cost_text,$0.69/kWh,site,300154.0,,data/raw/ocm/OCM-300154.json,coordinate_operator_address_match,,,
a_c1578cfaa610305c5d83,l_df304c7cb30586f66cfd,usage_type,Public - Membership Required,site,300154.0,,data/raw/ocm/OCM-300154.json,coordinate_operator_address_match,,,
a_ddf1a86a6b9856c4e03f,l_9aa3a2f47fd3c7772fd7,dc_connector_types,CCS (Type 2),site,296045.0,,data/raw/ocm/OCM-296045.json,coordinate_operator_address_match,,,
a_67f11a5c2d769880f702,l_9aa3a2f47fd3c7772fd7,usage_cost_text,$0.52/kWh,site,296045.0,,data/raw/ocm/OCM-296045.json,coordinate_operator_address_match,,,
a_191e10daf0604d5e73d0,l_9aa3a2f47fd3c7772fd7,usage_type,Public - Membership Required,site,296045.0,,data/raw/ocm/OCM-296045.json,coordinate_operator_address_match,,,
a_eeb145fc706e17e3ee40,l_d61269ad92070b68141e,dc_connector_types,CCS (Type 2); CHAdeMO,site,295994.0,,data/raw/ocm/OCM-295994.json,coordinate_operator_address_match,,,
a_8950362690aa90513544,l_d61269ad92070b68141e,usage_cost_text,$0.60/kWh,site,295994.0,,data/raw/ocm/OCM-295994.json,coordinate_operator_address_match,,,
a_d4b51b740f0a5bf33ed4,l_d61269ad92070b68141e,access_comments,Chargers can be accessed via Cabarita Rd,site,295994.0,,data/raw/ocm/OCM-295994.json,coordinate_operator_address_match,,,
a_50bc4608d4f2abd7b123,l_d61269ad92070b68141e,usage_type,Public - Membership Required,site,295994.0,,data/raw/ocm/OCM-295994.json,coordinate_operator_address_match,,,
a_baaeac734b0a7c5567d8,l_3c6e58d2f5c4c5469289,dc_connector_types,CCS (Type 2); CHAdeMO,site,191959.0,,data/raw/ocm/OCM-191959.json,coordinate_operator_address_match,,,
a_960ef8aa278d2fb78d6d,l_3c6e58d2f5c4c5469289,usage_cost_text,FREE,site,191959.0,,data/raw/ocm/OCM-191959.json,coordinate_operator_address_match,,,
a_cc4a8aa00da31055e85c,l_3c6e58d2f5c4c5469289,usage_type,Public - Membership Required,site,191959.0,,data/raw/ocm/OCM-191959.json,coordinate_operator_address_match,,,
a_0928f856697185e44f09,l_9faf5dd65d8e18b735f3,dc_connector_types,CCS (Type 2),site,297859.0,,data/raw/ocm/OCM-297859.json,coordinate_operator_address_match,,,
a_4b8ede16b1b349a8dc9a,l_9faf5dd65d8e18b735f3,usage_cost_text,$0.68/kWh,site,297859.0,,data/raw/ocm/OCM-297859.json,coordinate_operator_address_match,,,
a_f8f0585a39d655a83b96,l_9faf5dd65d8e18b735f3,usage_type,Public - Membership Required,site,297859.0,,data/raw/ocm/OCM-297859.json,coordinate_operator_address_match,,,
a_c1d73ccd91874df63690,l_9f7d8443d2a153ab0819,dc_connector_types,CCS (Type 2),site,266538.0,,data/raw/ocm/OCM-266538.json,coordinate_operator_address_match,,,
a_786db8241058e925ad85,l_9f7d8443d2a153ab0819,usage_cost_text,Supercharger rates,site,266538.0,,data/raw/ocm/OCM-266538.json,coordinate_operator_address_match,,,
a_53e8eb43c6ae7ad91f5a,l_9f7d8443d2a153ab0819,usage_type,Public - Membership Required,site,266538.0,,data/raw/ocm/OCM-266538.json,coordinate_operator_address_match,,,
a_5899e4a1291921ba8fad,l_e81517695cb9719b6f9c,dc_connector_types,CCS (Type 2),site,460615.0,,data/raw/ocm/OCM-460615.json,coordinate_operator_address_match,,,
a_cc6a73870e251c6e2944,l_e81517695cb9719b6f9c,usage_type,Public - Membership Required,site,460615.0,,data/raw/ocm/OCM-460615.json,coordinate_operator_address_match,,,
a_52056eef69bd78dafd61,l_9e972a90d9c046302d2d,dc_connector_types,CCS (Type 2),site,121552.0,,data/raw/ocm/OCM-121552.json,coordinate_operator_address_match,,,
a_904257ab77a64c30dc96,l_9e972a90d9c046302d2d,usage_cost_text,AUD 0.66/kWh;other tariffs for older cars,site,121552.0,,data/raw/ocm/OCM-121552.json,coordinate_operator_address_match,,,
a_a7f02e57de0df02046f9,l_9e972a90d9c046302d2d,usage_type,Public - Membership Required,site,121552.0,,data/raw/ocm/OCM-121552.json,coordinate_operator_address_match,,,
a_82bc2426d1f1699ce4ae,l_186fb0152eafb21824f9,dc_connector_types,CCS (Type 2); CHAdeMO,site,191953.0,,data/raw/ocm/OCM-191953.json,coordinate_operator_address_match,,,
a_6eb6a661aa0c8d764bc4,l_186fb0152eafb21824f9,usage_cost_text,60c / 54c for NRMA Members,site,191953.0,,data/raw/ocm/OCM-191953.json,coordinate_operator_address_match,,,
a_7d1111d3db758baad3a3,l_186fb0152eafb21824f9,usage_type,Public - Membership Required,site,191953.0,,data/raw/ocm/OCM-191953.json,coordinate_operator_address_match,,,
a_cdecb1d44cf55a12cf5f,l_73c72e9ef358fc5781aa,dc_connector_types,CCS (Type 2),site,312274.0,,data/raw/ocm/OCM-312274.json,coordinate_operator_address_match,,,
a_6d7de154b4d925043b8e,l_73c72e9ef358fc5781aa,usage_cost_text,$0.69/kWh,site,312274.0,,data/raw/ocm/OCM-312274.json,coordinate_operator_address_match,,,
a_ef04e65756c67f7086cf,l_73c72e9ef358fc5781aa,usage_type,Public - Membership Required,site,312274.0,,data/raw/ocm/OCM-312274.json,coordinate_operator_address_match,,,
a_2cd18f910a8c66c605a1,l_525794e991b51357265b,operator_website,https://www.bp.com/en_au/australia/home/products-services/bppulse.html,operator,,3659.0,data/raw/ocm_reference.json,exact_canonical_operator_name,,,
a_8d50dffc96a13028091b,l_705ce103d05dd463509e,operator_website,https://www.mynrma.com.au/cars-and-driving/electric-vehicles,operator,,3388.0,data/raw/ocm_reference.json,exact_canonical_operator_name,,,
a_cc868f5f62b94c90a06f,l_705ce103d05dd463509e,operator_phone,1300 233 544,operator,,3388.0,data/raw/ocm_reference.json,exact_canonical_operator_name,,,
a_80a7991f44ac7145c681,l_bd74f564a774b4892267,operator_website,https://chargefox.com,operator,,3339.0,data/raw/ocm_reference.json,exact_canonical_operator_name,,,
a_e7756c2595664c1b0bcc,l_bc4964a8e9df9a0af5db,operator_website,https://www.tesla.com/en_AU/support/non-tesla-supercharging,operator,,3534.0,data/raw/ocm_reference.json,exact_canonical_operator_name,,,
a_61a13f5a3d94c0c569ed,l_bc4964a8e9df9a0af5db,operator_website,http://www.teslamotors.com,operator,,23.0,data/raw/ocm_reference.json,exact_canonical_operator_name,,,
a_5aff3e5b41289bac1e7c,l_fbcee1e03e94d9ac4c0f,operator_website,https://www.tesla.com/en_AU/support/non-tesla-supercharging,operator,,3534.0,data/raw/ocm_reference.json,exact_canonical_operator_name,,,
a_143e7d27b6811939854c,l_fbcee1e03e94d9ac4c0f,operator_website,http://www.teslamotors.com,operator,,23.0,data/raw/ocm_reference.json,exact_canonical_operator_name,,,
a_f03bb62a3f720042a23a,l_c28088d3de37821b77e6,operator_website,http://goevie.com.au/,operator,,3398.0,data/raw/ocm_reference.json,exact_canonical_operator_name,,,
a_a5321d27237bd192c5aa,l_c71677e2e652d6361927,operator_website,https://chargefox.com,operator,,3339.0,data/raw/ocm_reference.json,exact_canonical_operator_name,,,
a_7bbe5aee99ae511fe933,l_163cefe94705dd4faeb5,operator_website,https://chargefox.com,operator,,3339.0,data/raw/ocm_reference.json,exact_canonical_operator_name,,,
a_7d781b42af501e160f4a,l_7ee4af5c08915eb5d6b3,operator_website,https://www.tesla.com/en_AU/support/non-tesla-supercharging,operator,,3534.0,data/raw/ocm_reference.json,exact_canonical_operator_name,,,
a_2e06ff2a5be5a0129a6e,l_7ee4af5c08915eb5d6b3,operator_website,http://www.teslamotors.com,operator,,23.0,data/raw/ocm_reference.json,exact_canonical_operator_name,,,
a_c25894cdf5d22e2231e1,l_d813f6d679728d3c3dcb,operator_website,https://www.tesla.com/en_AU/support/non-tesla-supercharging,operator,,3534.0,data/raw/ocm_reference.json,exact_canonical_operator_name,,,
a_1d21bb1ce1964959a988,l_d813f6d679728d3c3dcb,operator_website,http://www.teslamotors.com,operator,,23.0,data/raw/ocm_reference.json,exact_canonical_operator_name,,,
a_fd9bc093a98b96a524a2,l_d3708b2096d3bd95fa31,operator_website,https://everty.com.au/,operator,,3609.0,data/raw/ocm_reference.json,exact_canonical_operator_name,,,
a_fd38c586de0310d088a6,l_1c0249c4f6c4fb0659bb,operator_website,https://www.tesla.com/en_AU/support/non-tesla-supercharging,operator,,3534.0,data/raw/ocm_reference.json,exact_canonical_operator_name,,,
a_59a37a3343ed722ea5ae,l_1c0249c4f6c4fb0659bb,operator_website,http://www.teslamotors.com,operator,,23.0,data/raw/ocm_reference.json,exact_canonical_operator_name,,,
a_ed3d5a0687126f7f1f82,l_989f81ca3d730f3142f5,operator_website,https://www.tesla.com/en_AU/support/non-tesla-supercharging,operator,,3534.0,data/raw/ocm_reference.json,exact_canonical_operator_name,,,
a_28a0bfedf783bf178081,l_989f81ca3d730f3142f5,operator_website,http://www.teslamotors.com,operator,,23.0,data/raw/ocm_reference.json,exact_canonical_operator_name,,,
a_1aba952dfaf9cca6aff7,l_528480f6181944de9abe,operator_website,https://www.tesla.com/en_AU/support/non-tesla-supercharging,operator,,3534.0,data/raw/ocm_reference.json,exact_canonical_operator_name,,,
a_b8143a1ba465d7de2192,l_528480f6181944de9abe,operator_website,http://www.teslamotors.com,operator,,23.0,data/raw/ocm_reference.json,exact_canonical_operator_name,,,
a_5d7c1536e9792f282430,l_da58da3983b51b5b0ac5,operator_website,http://goevie.com.au/,operator,,3398.0,data/raw/ocm_reference.json,exact_canonical_operator_name,,,
a_ebf87009ee0710598fe6,l_503c4efc0bce9ad52463,operator_website,https://exploren.com.au/,operator,,3622.0,data/raw/ocm_reference.json,exact_canonical_operator_name,,,
a_2cf07303cd3ac439f58a,l_a1e361e8c45196aff7b7,operator_website,https://chargefox.com,operator,,3339.0,data/raw/ocm_reference.json,exact_canonical_operator_name,,,
a_73af090d3399350967b1,l_f7ffc9db354b0eadfb4d,operator_website,https://chargefox.com,operator,,3339.0,data/raw/ocm_reference.json,exact_canonical_operator_name,,,
a_88f0f821820e1718d172,l_1d6c4d6b4690b274be05,operator_website,https://exploren.com.au/,operator,,3622.0,data/raw/ocm_reference.json,exact_canonical_operator_name,,,
a_aa30e5c0bf8e3a841100,l_f5ab8f69e03aae58c1b4,operator_website,https://www.tesla.com/en_AU/support/non-tesla-supercharging,operator,,3534.0,data/raw/ocm_reference.json,exact_canonical_operator_name,,,
a_8e61be4d47b6d2de6465,l_f5ab8f69e03aae58c1b4,operator_website,http://www.teslamotors.com,operator,,23.0,data/raw/ocm_reference.json,exact_canonical_operator_name,,,
a_35d3f5f15e9a64262599,l_408a3a768ef9ab219644,operator_website,https://chargefox.com,operator,,3339.0,data/raw/ocm_reference.json,exact_canonical_operator_name,,,
a_c9a6a8b05d1c52123aca,l_68291ad118eee7eaf940,operator_website,http://goevie.com.au/,operator,,3398.0,data/raw/ocm_reference.json,exact_canonical_operator_name,,,
a_d198b6f2dfeb8b5e9d4f,l_8135ecaa995f01f47af1,operator_website,https://www.tesla.com/en_AU/support/non-tesla-supercharging,operator,,3534.0,data/raw/ocm_reference.json,exact_canonical_operator_name,,,
a_d171cc2e28ad79fde5ee,l_8135ecaa995f01f47af1,operator_website,http://www.teslamotors.com,operator,,23.0,data/raw/ocm_reference.json,exact_canonical_operator_name,,,
a_16ec6db79adf98654b70,l_17745d0a4b9922ff7075,operator_website,https://chargefox.com,operator,,3339.0,data/raw/ocm_reference.json,exact_canonical_operator_name,,,
a_c249950d4ce249ee762b,l_7c52df11164453c7033d,operator_website,https://chargefox.com,operator,,3339.0,data/raw/ocm_reference.json,exact_canonical_operator_name,,,
a_2d9e0885bf365571305e,l_28d42bc0dc0cf17b09cd,operator_website,https://www.mynrma.com.au/cars-and-driving/electric-vehicles,operator,,3388.0,data/raw/ocm_reference.json,exact_canonical_operator_name,,,
a_e84964a2795e8419caf1,l_28d42bc0dc0cf17b09cd,operator_phone,1300 233 544,operator,,3388.0,data/raw/ocm_reference.json,exact_canonical_operator_name,,,
a_27d96c5277325e1cf370,l_9360ba9a91fcb7f168b0,operator_website,https://exploren.com.au/,operator,,3622.0,data/raw/ocm_reference.json,exact_canonical_operator_name,,,
a_f97cd6338d8cbb6bcea1,l_e29fc12a54cfc453bfd2,operator_website,https://www.tesla.com/en_AU/support/non-tesla-supercharging,operator,,3534.0,data/raw/ocm_reference.json,exact_canonical_operator_name,,,
a_a8f963d4cdd697746f62,l_e29fc12a54cfc453bfd2,operator_website,http://www.teslamotors.com,operator,,23.0,data/raw/ocm_reference.json,exact_canonical_operator_name,,,
a_aa7e86d6c68f9448392e,l_fa3a8a91759eb135e4e3,operator_website,https://everty.com.au/,operator,,3609.0,data/raw/ocm_reference.json,exact_canonical_operator_name,,,
a_904cfd644b2d39044cbf,l_3473f054850b1c24a2f6,operator_website,https://chargefox.com,operator,,3339.0,data/raw/ocm_reference.json,exact_canonical_operator_name,,,
a_0670e7567325036b9b56,l_60ed8efd2231083aa957,operator_website,https://www.tesla.com/en_AU/support/non-tesla-supercharging,operator,,3534.0,data/raw/ocm_reference.json,exact_canonical_operator_name,,,
a_ef56454ca70b1f6d6e1a,l_60ed8efd2231083aa957,operator_website,http://www.teslamotors.com,operator,,23.0,data/raw/ocm_reference.json,exact_canonical_operator_name,,,
a_4afe9511e5122590b7ce,l_c9748b10e8ccc7f643e4,operator_website,https://www.tesla.com/en_AU/support/non-tesla-supercharging,operator,,3534.0,data/raw/ocm_reference.json,exact_canonical_operator_name,,,
a_62647ba3d5c53e3f21a8,l_c9748b10e8ccc7f643e4,operator_website,http://www.teslamotors.com,operator,,23.0,data/raw/ocm_reference.json,exact_canonical_operator_name,,,
a_f88c136296ae7a0bf7d5,l_9deadb2a0afc611a6cea,operator_website,https://joltcharge.com,operator,,3529.0,data/raw/ocm_reference.json,exact_canonical_operator_name,,,
a_9977286d3b58ffe262f5,l_9c55cbf88f358f6734fc,operator_website,http://goevie.com.au/,operator,,3398.0,data/raw/ocm_reference.json,exact_canonical_operator_name,,,
a_6215bb245d77b14eb6e7,l_142053f2eea015c3fabc,operator_website,https://exploren.com.au/,operator,,3622.0,data/raw/ocm_reference.json,exact_canonical_operator_name,,,
a_423b0b5b92ce44aca538,l_7bf17954f8891daaae89,operator_website,https://chargefox.com,operator,,3339.0,data/raw/ocm_reference.json,exact_canonical_operator_name,,,
a_fed686aab71831b952a9,l_ae80fcf0313b22195db6,operator_website,https://www.tesla.com/en_AU/support/non-tesla-supercharging,operator,,3534.0,data/raw/ocm_reference.json,exact_canonical_operator_name,,,
a_f1859d32ee622e52fd37,l_ae80fcf0313b22195db6,operator_website,http://www.teslamotors.com,operator,,23.0,data/raw/ocm_reference.json,exact_canonical_operator_name,,,
a_c70706ca341a1c0b1a37,l_e64afe042a19dd1c2584,operator_website,https://exploren.com.au/,operator,,3622.0,data/raw/ocm_reference.json,exact_canonical_operator_name,,,
a_231fa20bfb46cf31dabc,l_0a3ae272eeb746194f31,operator_website,https://www.tesla.com/en_AU/support/non-tesla-supercharging,operator,,3534.0,data/raw/ocm_reference.json,exact_canonical_operator_name,,,
a_6da8c46097ce14cd18e0,l_0a3ae272eeb746194f31,operator_website,http://www.teslamotors.com,operator,,23.0,data/raw/ocm_reference.json,exact_canonical_operator_name,,,
a_85de752b82996c73c392,l_912bdd4f2920dde393e6,operator_website,https://www.tesla.com/en_AU/support/non-tesla-supercharging,operator,,3534.0,data/raw/ocm_reference.json,exact_canonical_operator_name,,,
a_57124a112778d24ff31c,l_912bdd4f2920dde393e6,operator_website,http://www.teslamotors.com,operator,,23.0,data/raw/ocm_reference.json,exact_canonical_operator_name,,,
a_22954804afbaf203316c,l_dba7a2c6650b77e96ff4,operator_website,https://chargefox.com,operator,,3339.0,data/raw/ocm_reference.json,exact_canonical_operator_name,,,
a_f93bfbedd215defcc62d,l_38698b6813f24bd5c946,operator_website,https://exploren.com.au/,operator,,3622.0,data/raw/ocm_reference.json,exact_canonical_operator_name,,,
a_8cadaab0da507fb70521,l_2d03494da423b2f48b50,operator_website,https://www.tesla.com/en_AU/support/non-tesla-supercharging,operator,,3534.0,data/raw/ocm_reference.json,exact_canonical_operator_name,,,
a_6650d964d2ad377a445b,l_2d03494da423b2f48b50,operator_website,http://www.teslamotors.com,operator,,23.0,data/raw/ocm_reference.json,exact_canonical_operator_name,,,
a_2b6b614e67708c9094e2,l_4ab7a4fccc34def8a113,operator_website,https://chargefox.com,operator,,3339.0,data/raw/ocm_reference.json,exact_canonical_operator_name,,,
a_76b2a8789edcbb0dffc9,l_a5498827d90b39a68d32,operator_website,http://goevie.com.au/,operator,,3398.0,data/raw/ocm_reference.json,exact_canonical_operator_name,,,
a_700c00a02e1115845b9f,l_e3fee88b31e9311b5a60,operator_website,http://goevie.com.au/,operator,,3398.0,data/raw/ocm_reference.json,exact_canonical_operator_name,,,
a_53bd894bcd451faf3508,l_5ab937825f4fa4a5990f,operator_website,https://exploren.com.au/,operator,,3622.0,data/raw/ocm_reference.json,exact_canonical_operator_name,,,
a_2e33391833221085989e,l_fb2922377ac3b4293cd7,operator_website,https://chargefox.com,operator,,3339.0,data/raw/ocm_reference.json,exact_canonical_operator_name,,,
a_53521b5af8b1e01cb006,l_353ee84dcee8651d78a3,operator_website,http://goevie.com.au/,operator,,3398.0,data/raw/ocm_reference.json,exact_canonical_operator_name,,,
a_8b7abcadef063a4add6f,l_0ad213a7fad0d40cbb23,operator_website,https://www.tesla.com/en_AU/support/non-tesla-supercharging,operator,,3534.0,data/raw/ocm_reference.json,exact_canonical_operator_name,,,
a_b683c8b6c449e7af92dc,l_0ad213a7fad0d40cbb23,operator_website,http://www.teslamotors.com,operator,,23.0,data/raw/ocm_reference.json,exact_canonical_operator_name,,,
a_00553b36f0a52f79e9c4,l_bf662340fdda2fa5d468,operator_website,https://exploren.com.au/,operator,,3622.0,data/raw/ocm_reference.json,exact_canonical_operator_name,,,
a_c197ec20fb5d4583b9c0,l_88ce0949dd84e3fa5637,operator_website,https://chargefox.com,operator,,3339.0,data/raw/ocm_reference.json,exact_canonical_operator_name,,,
a_02df405100d9cc31ac4c,l_ae7a26fc4841ef72173e,operator_website,https://exploren.com.au/,operator,,3622.0,data/raw/ocm_reference.json,exact_canonical_operator_name,,,
a_4c64214e914b63b0a32f,l_9da5faf300fd10acd433,operator_website,https://www.tesla.com/en_AU/support/non-tesla-supercharging,operator,,3534.0,data/raw/ocm_reference.json,exact_canonical_operator_name,,,
a_808fa9ad307ea2922327,l_9da5faf300fd10acd433,operator_website,http://www.teslamotors.com,operator,,23.0,data/raw/ocm_reference.json,exact_canonical_operator_name,,,
a_11e119753e620fa9851a,l_dfd5014a0e38b86e31ad,operator_website,https://exploren.com.au/,operator,,3622.0,data/raw/ocm_reference.json,exact_canonical_operator_name,,,
a_1f33d342c2e6fcdf832f,l_54f78e66fb7452588271,operator_website,https://chargefox.com,operator,,3339.0,data/raw/ocm_reference.json,exact_canonical_operator_name,,,
a_809cd235c88a6539fe93,l_6b44255af197e10bb90c,operator_website,https://www.tesla.com/en_AU/support/non-tesla-supercharging,operator,,3534.0,data/raw/ocm_reference.json,exact_canonical_operator_name,,,
a_a7716b46f66f2982dd61,l_6b44255af197e10bb90c,operator_website,http://www.teslamotors.com,operator,,23.0,data/raw/ocm_reference.json,exact_canonical_operator_name,,,
a_17a0556cc76f9a2eba1d,l_dcd2212e1869ca02750b,operator_website,https://exploren.com.au/,operator,,3622.0,data/raw/ocm_reference.json,exact_canonical_operator_name,,,
a_491a0eb1e683469478c4,l_b86cf6210c05e4d5369b,operator_website,https://www.tesla.com/en_AU/support/non-tesla-supercharging,operator,,3534.0,data/raw/ocm_reference.json,exact_canonical_operator_name,,,
a_4532401057b8f9ef2e3e,l_b86cf6210c05e4d5369b,operator_website,http://www.teslamotors.com,operator,,23.0,data/raw/ocm_reference.json,exact_canonical_operator_name,,,
a_b244bf3979127268392c,l_e6e907dc082b381e70cd,operator_website,https://www.tesla.com/en_AU/support/non-tesla-supercharging,operator,,3534.0,data/raw/ocm_reference.json,exact_canonical_operator_name,,,
a_d2443d48dcf68fc86839,l_e6e907dc082b381e70cd,operator_website,http://www.teslamotors.com,operator,,23.0,data/raw/ocm_reference.json,exact_canonical_operator_name,,,
a_2718383868646931ba7a,l_4592803be71c761717d7,operator_website,https://ampcharge.ampol.com.au/,operator,,3625.0,data/raw/ocm_reference.json,exact_canonical_operator_name,,,
a_e5c162576896b477f0c8,l_6e3d9ca76b87b7e64a7a,operator_website,http://goevie.com.au/,operator,,3398.0,data/raw/ocm_reference.json,exact_canonical_operator_name,,,
a_786fe8870bd1f7e170a4,l_75b8ce0254cd2db487a7,operator_website,https://chargefox.com,operator,,3339.0,data/raw/ocm_reference.json,exact_canonical_operator_name,,,
a_d118f15fe76c6b6b4627,l_57090e8917e081d6ef4c,operator_website,https://joltcharge.com,operator,,3529.0,data/raw/ocm_reference.json,exact_canonical_operator_name,,,
a_0d4786c1bcb0b3dedd3c,l_517873f34144fe1de2ca,operator_website,https://exploren.com.au/,operator,,3622.0,data/raw/ocm_reference.json,exact_canonical_operator_name,,,
a_d4950c633e04f3f29697,l_7218935a93660be66772,operator_website,https://chargefox.com,operator,,3339.0,data/raw/ocm_reference.json,exact_canonical_operator_name,,,
a_d23fa9f4120c26fd628d,l_579ccd1676de5b9150b2,operator_website,https://joltcharge.com,operator,,3529.0,data/raw/ocm_reference.json,exact_canonical_operator_name,,,
a_dfbafb38f22d765a9196,l_2952fb031feaa1a454ac,operator_website,https://www.tesla.com/en_AU/support/non-tesla-supercharging,operator,,3534.0,data/raw/ocm_reference.json,exact_canonical_operator_name,,,
a_709e40471b9de48fec7e,l_2952fb031feaa1a454ac,operator_website,http://www.teslamotors.com,operator,,23.0,data/raw/ocm_reference.json,exact_canonical_operator_name,,,
a_b08a6662963ee2c0fbcd,l_da8502e662662bca242d,operator_website,https://www.tesla.com/en_AU/support/non-tesla-supercharging,operator,,3534.0,data/raw/ocm_reference.json,exact_canonical_operator_name,,,
a_68cc2f9dd2978e8ba435,l_da8502e662662bca242d,operator_website,http://www.teslamotors.com,operator,,23.0,data/raw/ocm_reference.json,exact_canonical_operator_name,,,
a_aa044c0212c6b968a47f,l_ea39e7f16c83c96344b2,operator_website,https://exploren.com.au/,operator,,3622.0,data/raw/ocm_reference.json,exact_canonical_operator_name,,,
a_c6fb290a497a11868cb4,l_8416f791abd4d41697fe,operator_website,https://www.mynrma.com.au/cars-and-driving/electric-vehicles,operator,,3388.0,data/raw/ocm_reference.json,exact_canonical_operator_name,,,
a_d7cc94c415778dc09dfb,l_8416f791abd4d41697fe,operator_phone,1300 233 544,operator,,3388.0,data/raw/ocm_reference.json,exact_canonical_operator_name,,,
a_a4e8f94f11895c727be2,l_7415b44303266b820724,operator_website,https://www.tesla.com/en_AU/support/non-tesla-supercharging,operator,,3534.0,data/raw/ocm_reference.json,exact_canonical_operator_name,,,
a_4ffe3fd4c046145b2b85,l_7415b44303266b820724,operator_website,http://www.teslamotors.com,operator,,23.0,data/raw/ocm_reference.json,exact_canonical_operator_name,,,
a_73a1229305adf384f93b,l_1613ca64d30e734b161f,operator_website,https://www.mynrma.com.au/cars-and-driving/electric-vehicles,operator,,3388.0,data/raw/ocm_reference.json,exact_canonical_operator_name,,,
a_6553d2c9e260e4508bf1,l_1613ca64d30e734b161f,operator_phone,1300 233 544,operator,,3388.0,data/raw/ocm_reference.json,exact_canonical_operator_name,,,
a_ee6eb3bab596507d6702,l_e6489d9dbaf2dd98ff3c,operator_website,https://www.tesla.com/en_AU/support/non-tesla-supercharging,operator,,3534.0,data/raw/ocm_reference.json,exact_canonical_operator_name,,,
a_e9fb83a5d1c968dd78ad,l_e6489d9dbaf2dd98ff3c,operator_website,http://www.teslamotors.com,operator,,23.0,data/raw/ocm_reference.json,exact_canonical_operator_name,,,
a_434e717ed62366480905,l_935e738b914f8dc299ce,operator_website,https://www.tesla.com/en_AU/support/non-tesla-supercharging,operator,,3534.0,data/raw/ocm_reference.json,exact_canonical_operator_name,,,
a_090a6dfce8d11fa3b68c,l_935e738b914f8dc299ce,operator_website,http://www.teslamotors.com,operator,,23.0,data/raw/ocm_reference.json,exact_canonical_operator_name,,,
a_fe1140aa574b79e70804,l_e94d5293ac13211156d1,operator_website,https://www.tesla.com/en_AU/support/non-tesla-supercharging,operator,,3534.0,data/raw/ocm_reference.json,exact_canonical_operator_name,,,
a_168c3f088641de7978db,l_e94d5293ac13211156d1,operator_website,http://www.teslamotors.com,operator,,23.0,data/raw/ocm_reference.json,exact_canonical_operator_name,,,
a_f418118d376a0eb614fa,l_c048af57dbf60de22d03,operator_website,https://joltcharge.com,operator,,3529.0,data/raw/ocm_reference.json,exact_canonical_operator_name,,,
a_4cfef8469179f1e951d1,l_b2a6b868435fa8184251,operator_website,https://joltcharge.com,operator,,3529.0,data/raw/ocm_reference.json,exact_canonical_operator_name,,,
a_a64d7d7f303b5e651673,l_3ff070fbbce13f553c1b,operator_website,https://joltcharge.com,operator,,3529.0,data/raw/ocm_reference.json,exact_canonical_operator_name,,,
a_032d266af8524d28e2eb,l_4e7531d9aa94cc049b56,operator_website,http://www.chargepoint.net/,operator,,5.0,data/raw/ocm_reference.json,exact_canonical_operator_name,,,
a_79f5b962a13be197f8e0,l_4e7531d9aa94cc049b56,operator_phone,1-408-841-4500,operator,,5.0,data/raw/ocm_reference.json,exact_canonical_operator_name,,,
a_ad84a229de2d591b4c15,l_c8b65664007d4c551013,operator_website,https://www.tesla.com/en_AU/support/non-tesla-supercharging,operator,,3534.0,data/raw/ocm_reference.json,exact_canonical_operator_name,,,
a_dd765de6e3895d38f974,l_c8b65664007d4c551013,operator_website,http://www.teslamotors.com,operator,,23.0,data/raw/ocm_reference.json,exact_canonical_operator_name,,,
a_69f7820d31cae0a418e4,l_67927e788ff62fe93bfc,operator_website,https://www.tesla.com/en_AU/support/non-tesla-supercharging,operator,,3534.0,data/raw/ocm_reference.json,exact_canonical_operator_name,,,
a_b0f0d36cb2460f631fa1,l_67927e788ff62fe93bfc,operator_website,http://www.teslamotors.com,operator,,23.0,data/raw/ocm_reference.json,exact_canonical_operator_name,,,
a_6636d0cacfe01322f562,l_764fe7ec72c62a349d0f,operator_website,https://joltcharge.com,operator,,3529.0,data/raw/ocm_reference.json,exact_canonical_operator_name,,,
a_54587e6daae250541149,l_1ab49937c29075f7f54f,operator_website,https://www.tesla.com/en_AU/support/non-tesla-supercharging,operator,,3534.0,data/raw/ocm_reference.json,exact_canonical_operator_name,,,
a_f89035159a735da093d5,l_1ab49937c29075f7f54f,operator_website,http://www.teslamotors.com,operator,,23.0,data/raw/ocm_reference.json,exact_canonical_operator_name,,,
a_c5041aeded2ad6e473aa,l_090953d6b03cd8865763,operator_website,https://exploren.com.au/,operator,,3622.0,data/raw/ocm_reference.json,exact_canonical_operator_name,,,
a_654bb653d5eecbeef38a,l_519de0877082b81f2941,operator_website,https://www.mynrma.com.au/cars-and-driving/electric-vehicles,operator,,3388.0,data/raw/ocm_reference.json,exact_canonical_operator_name,,,
a_df74efbfb16cf66d8ade,l_519de0877082b81f2941,operator_phone,1300 233 544,operator,,3388.0,data/raw/ocm_reference.json,exact_canonical_operator_name,,,
a_231c76629db35ae49e08,l_bb30477e51b13990463e,operator_website,https://chargefox.com,operator,,3339.0,data/raw/ocm_reference.json,exact_canonical_operator_name,,,
a_f35c252b3a32382483a7,l_453e772e773b18ede435,operator_website,https://www.tesla.com/en_AU/support/non-tesla-supercharging,operator,,3534.0,data/raw/ocm_reference.json,exact_canonical_operator_name,,,
a_0bfc5c3488ff2ef0ac33,l_453e772e773b18ede435,operator_website,http://www.teslamotors.com,operator,,23.0,data/raw/ocm_reference.json,exact_canonical_operator_name,,,
a_ce9a0aa1c4b328b974f4,l_c72e074c0024f04db9fe,operator_website,https://exploren.com.au/,operator,,3622.0,data/raw/ocm_reference.json,exact_canonical_operator_name,,,
a_3236cbe94b7529cc3960,l_18260143f953bb72e108,operator_website,https://chargefox.com,operator,,3339.0,data/raw/ocm_reference.json,exact_canonical_operator_name,,,
a_b9be4f659c4f8d2070e0,l_9b366990e3581dafad13,operator_website,https://www.engie.com,operator,,3595.0,data/raw/ocm_reference.json,exact_canonical_operator_name,,,
a_2b7dee9ccbfb4c787f41,l_99ef6870d967d3139757,operator_website,https://everty.com.au/,operator,,3609.0,data/raw/ocm_reference.json,exact_canonical_operator_name,,,
a_51f4fb1c09caeae8a9b8,l_22c2a4f6599fdc9bab94,operator_website,http://goevie.com.au/,operator,,3398.0,data/raw/ocm_reference.json,exact_canonical_operator_name,,,
a_4c3ba8950d6b53579977,l_4bf0f16a2ef56b7639c8,operator_website,https://exploren.com.au/,operator,,3622.0,data/raw/ocm_reference.json,exact_canonical_operator_name,,,
a_2b79a4b68ecb623efdfb,l_58316eb580fdd1b0cade,operator_website,https://www.tesla.com/en_AU/support/non-tesla-supercharging,operator,,3534.0,data/raw/ocm_reference.json,exact_canonical_operator_name,,,
a_5542daf1f1908b8be456,l_58316eb580fdd1b0cade,operator_website,http://www.teslamotors.com,operator,,23.0,data/raw/ocm_reference.json,exact_canonical_operator_name,,,
a_053c7a75ee2e06f7f3b8,l_831fd863c359f2b5839f,operator_website,https://chargefox.com,operator,,3339.0,data/raw/ocm_reference.json,exact_canonical_operator_name,,,
a_c0811aba572ec7403a9c,l_b53c8d230a9365dc443d,operator_website,https://ampcharge.ampol.com.au/,operator,,3625.0,data/raw/ocm_reference.json,exact_canonical_operator_name,,,
a_8079e41671ef6eb7f3ef,l_b45e1b0eaa6413d79c5a,operator_website,https://ampcharge.ampol.com.au/,operator,,3625.0,data/raw/ocm_reference.json,exact_canonical_operator_name,,,
a_500af780e5991b80cb38,l_f05cbab3aa0833577a5b,operator_website,https://chargefox.com,operator,,3339.0,data/raw/ocm_reference.json,exact_canonical_operator_name,,,
a_ed525e6e3ad02a9dbef9,l_9943cbc02fc7b64e53c8,operator_website,https://www.engie.com,operator,,3595.0,data/raw/ocm_reference.json,exact_canonical_operator_name,,,
a_dc5fbfb373a897b9da2f,l_422404488cd551e725f5,operator_website,http://goevie.com.au/,operator,,3398.0,data/raw/ocm_reference.json,exact_canonical_operator_name,,,
a_aaffead8a4446d39ef69,l_cacfab5d219917efffdc,operator_website,https://exploren.com.au/,operator,,3622.0,data/raw/ocm_reference.json,exact_canonical_operator_name,,,
a_1d22c33522247602a257,l_d5684975a820cf04d702,operator_website,https://exploren.com.au/,operator,,3622.0,data/raw/ocm_reference.json,exact_canonical_operator_name,,,
a_e2c9bee99ac986b7df11,l_57c4a30c122ea877a3ba,operator_website,https://www.tesla.com/en_AU/support/non-tesla-supercharging,operator,,3534.0,data/raw/ocm_reference.json,exact_canonical_operator_name,,,
a_75a4bfce3fe30ae1e9dc,l_57c4a30c122ea877a3ba,operator_website,http://www.teslamotors.com,operator,,23.0,data/raw/ocm_reference.json,exact_canonical_operator_name,,,
a_69e0d32f43774ddad18c,l_cc422a813c32bdf1f656,operator_website,https://chargefox.com,operator,,3339.0,data/raw/ocm_reference.json,exact_canonical_operator_name,,,
a_ccc792c2b53e5c722012,l_2ca1f9e427b792780504,operator_website,https://www.tesla.com/en_AU/support/non-tesla-supercharging,operator,,3534.0,data/raw/ocm_reference.json,exact_canonical_operator_name,,,
a_85330fa501dc6cc6fd36,l_2ca1f9e427b792780504,operator_website,http://www.teslamotors.com,operator,,23.0,data/raw/ocm_reference.json,exact_canonical_operator_name,,,
a_48706d10a2e948f9caf5,l_a824dbefdb5a072f5da3,operator_website,https://exploren.com.au/,operator,,3622.0,data/raw/ocm_reference.json,exact_canonical_operator_name,,,
a_3e91303846bd08deb7f9,l_fc8e355dcc6bc8d7faf2,operator_website,https://www.tesla.com/en_AU/support/non-tesla-supercharging,operator,,3534.0,data/raw/ocm_reference.json,exact_canonical_operator_name,,,
a_bbe316add3e0841fe439,l_fc8e355dcc6bc8d7faf2,operator_website,http://www.teslamotors.com,operator,,23.0,data/raw/ocm_reference.json,exact_canonical_operator_name,,,
a_6c1937266cbeb966b91d,l_3ecc3cf634a771b2dcac,operator_website,https://exploren.com.au/,operator,,3622.0,data/raw/ocm_reference.json,exact_canonical_operator_name,,,
a_9e93920333bffdc75e66,l_519c10c9adb3e0c2648f,operator_website,https://exploren.com.au/,operator,,3622.0,data/raw/ocm_reference.json,exact_canonical_operator_name,,,
a_0089f02f08529ff0a07b,l_b6bbbd88f2c381b6659d,operator_website,https://exploren.com.au/,operator,,3622.0,data/raw/ocm_reference.json,exact_canonical_operator_name,,,
a_ac8a0401f1c3a1474f39,l_7a1f17cea4f6ed6bd924,operator_website,https://chargefox.com,operator,,3339.0,data/raw/ocm_reference.json,exact_canonical_operator_name,,,
a_244aec90edca8ba2bf1f,l_387350027afa4774863d,operator_website,https://chargefox.com,operator,,3339.0,data/raw/ocm_reference.json,exact_canonical_operator_name,,,
a_950f72bf7933e5d2cd76,l_2b4af329e0490a5c5619,operator_website,https://www.tesla.com/en_AU/support/non-tesla-supercharging,operator,,3534.0,data/raw/ocm_reference.json,exact_canonical_operator_name,,,
a_69ed8f7599fd7cc84c2d,l_2b4af329e0490a5c5619,operator_website,http://www.teslamotors.com,operator,,23.0,data/raw/ocm_reference.json,exact_canonical_operator_name,,,
a_e958d64df9e0d923ea92,l_809b713e1b45a72ecb11,operator_website,http://goevie.com.au/,operator,,3398.0,data/raw/ocm_reference.json,exact_canonical_operator_name,,,
a_dd4fa7833aead933f7cb,l_59c56f94d3ce0078ac2d,operator_website,http://goevie.com.au/,operator,,3398.0,data/raw/ocm_reference.json,exact_canonical_operator_name,,,
a_8cd8a1d8463f1af7dff0,l_3f0ea6831ba9ec4982dc,operator_website,https://exploren.com.au/,operator,,3622.0,data/raw/ocm_reference.json,exact_canonical_operator_name,,,
a_076b564d99dea0cdeb66,l_0f71a1c75516d778dc71,operator_website,https://www.tesla.com/en_AU/support/non-tesla-supercharging,operator,,3534.0,data/raw/ocm_reference.json,exact_canonical_operator_name,,,
a_c270e7c44c4af3187840,l_0f71a1c75516d778dc71,operator_website,http://www.teslamotors.com,operator,,23.0,data/raw/ocm_reference.json,exact_canonical_operator_name,,,
a_63fe258dccaf2bfc455d,l_5365bb54fea7ed4aee9b,operator_website,https://everty.com.au/,operator,,3609.0,data/raw/ocm_reference.json,exact_canonical_operator_name,,,
a_ffdcad365729b84a9f32,l_5f94fa468a07be960841,operator_website,https://exploren.com.au/,operator,,3622.0,data/raw/ocm_reference.json,exact_canonical_operator_name,,,
a_bc1d11c7378604422622,l_be878d622df168a97099,operator_website,https://chargefox.com,operator,,3339.0,data/raw/ocm_reference.json,exact_canonical_operator_name,,,
a_949fb6476abf1c84677b,l_eead85d23984e6a813de,operator_website,http://goevie.com.au/,operator,,3398.0,data/raw/ocm_reference.json,exact_canonical_operator_name,,,
a_c847ef87988c0a94c144,l_ee83f7ed323491c704af,operator_website,https://chargefox.com,operator,,3339.0,data/raw/ocm_reference.json,exact_canonical_operator_name,,,
a_d4bbd8a67b01542aa58c,l_26ea833cea6288c1737a,operator_website,http://goevie.com.au/,operator,,3398.0,data/raw/ocm_reference.json,exact_canonical_operator_name,,,
a_d829a3ef55e4bd9d99a5,l_23a134d624929bfd15b1,operator_website,https://www.mynrma.com.au/cars-and-driving/electric-vehicles,operator,,3388.0,data/raw/ocm_reference.json,exact_canonical_operator_name,,,
a_d4c3f65b629bb087344b,l_23a134d624929bfd15b1,operator_phone,1300 233 544,operator,,3388.0,data/raw/ocm_reference.json,exact_canonical_operator_name,,,
a_5499c749de7940707490,l_03e6f427da6ee3830ad9,operator_website,https://joltcharge.com,operator,,3529.0,data/raw/ocm_reference.json,exact_canonical_operator_name,,,
a_d6982589741fcddfe3b8,l_b5b017ad4ec5f9b28af9,operator_website,https://chargefox.com,operator,,3339.0,data/raw/ocm_reference.json,exact_canonical_operator_name,,,
a_c54bd11c105b228f2016,l_35a5423726a82ebf036a,operator_website,https://ampcharge.ampol.com.au/,operator,,3625.0,data/raw/ocm_reference.json,exact_canonical_operator_name,,,
a_9b1e59fe6bd37c0f0ca2,l_28d02cdb22393c3210e9,operator_website,https://www.mynrma.com.au/cars-and-driving/electric-vehicles,operator,,3388.0,data/raw/ocm_reference.json,exact_canonical_operator_name,,,
a_77b70e34e16e9fdcca72,l_28d02cdb22393c3210e9,operator_phone,1300 233 544,operator,,3388.0,data/raw/ocm_reference.json,exact_canonical_operator_name,,,
a_2d1027fca01d31009a52,l_97d4a48e0cdd6fe1209f,operator_website,https://www.mynrma.com.au/cars-and-driving/electric-vehicles,operator,,3388.0,data/raw/ocm_reference.json,exact_canonical_operator_name,,,
a_327d6af5238d27c1f0c1,l_97d4a48e0cdd6fe1209f,operator_phone,1300 233 544,operator,,3388.0,data/raw/ocm_reference.json,exact_canonical_operator_name,,,
a_218799e5464338d72751,l_3c37d0f8a1545758e42f,operator_website,https://www.tesla.com/en_AU/support/non-tesla-supercharging,operator,,3534.0,data/raw/ocm_reference.json,exact_canonical_operator_name,,,
a_851a5293d61dadc408e3,l_3c37d0f8a1545758e42f,operator_website,http://www.teslamotors.com,operator,,23.0,data/raw/ocm_reference.json,exact_canonical_operator_name,,,
a_86c080f52c50eaed8c26,l_59b85a2e83ea9e0cc943,operator_website,https://www.bp.com/en_au/australia/home/products-services/bppulse.html,operator,,3659.0,data/raw/ocm_reference.json,exact_canonical_operator_name,,,
a_1e864174f00cae3d763e,l_90d50a57aa940c4b23e6,operator_website,https://chargefox.com,operator,,3339.0,data/raw/ocm_reference.json,exact_canonical_operator_name,,,
a_b68863510bab25a00dc5,l_c9f56e7dd98904ecb50f,operator_website,https://www.tesla.com/en_AU/support/non-tesla-supercharging,operator,,3534.0,data/raw/ocm_reference.json,exact_canonical_operator_name,,,
a_6be2fa6df6abdf70bf43,l_c9f56e7dd98904ecb50f,operator_website,http://www.teslamotors.com,operator,,23.0,data/raw/ocm_reference.json,exact_canonical_operator_name,,,
a_4e535150c625ec7bc9bb,l_765b78f16ef812505912,operator_website,https://exploren.com.au/,operator,,3622.0,data/raw/ocm_reference.json,exact_canonical_operator_name,,,
a_654011a22b3d1c185863,l_1d266f70aa0f4f483434,operator_website,https://exploren.com.au/,operator,,3622.0,data/raw/ocm_reference.json,exact_canonical_operator_name,,,
a_1ab9fdb642b83aef9d81,l_c000c7e22f28961fcf83,operator_website,https://www.tesla.com/en_AU/support/non-tesla-supercharging,operator,,3534.0,data/raw/ocm_reference.json,exact_canonical_operator_name,,,
a_d48260ffc25e9c5308e7,l_c000c7e22f28961fcf83,operator_website,http://www.teslamotors.com,operator,,23.0,data/raw/ocm_reference.json,exact_canonical_operator_name,,,
a_1143308cc6ae2d31122a,l_67819e1b2bc20caf233a,operator_website,https://joltcharge.com,operator,,3529.0,data/raw/ocm_reference.json,exact_canonical_operator_name,,,
a_9f23ad7411f5e9d12489,l_fea0baedd8cd3f5212ff,operator_website,https://exploren.com.au/,operator,,3622.0,data/raw/ocm_reference.json,exact_canonical_operator_name,,,
a_c7f9ce6d0689f2729db9,l_78278d9cbcaa8a3ed72a,operator_website,https://www.mynrma.com.au/cars-and-driving/electric-vehicles,operator,,3388.0,data/raw/ocm_reference.json,exact_canonical_operator_name,,,
a_8ab04fd38db5600f1b04,l_78278d9cbcaa8a3ed72a,operator_phone,1300 233 544,operator,,3388.0,data/raw/ocm_reference.json,exact_canonical_operator_name,,,
a_3dccdb138b9a6a65fec7,l_fdd11429b00958ad0bd7,operator_website,https://joltcharge.com,operator,,3529.0,data/raw/ocm_reference.json,exact_canonical_operator_name,,,
a_11d8ce4b3f8c882d38a1,l_34d4f73a8f6742baf37b,operator_website,https://www.engie.com,operator,,3595.0,data/raw/ocm_reference.json,exact_canonical_operator_name,,,
a_1876466e1c91e3ac59f7,l_1e990a5df067058d50c3,operator_website,https://chargefox.com,operator,,3339.0,data/raw/ocm_reference.json,exact_canonical_operator_name,,,
a_06708ebabcf649573c98,l_a65f170c4dbb3b5c1198,operator_website,https://everty.com.au/,operator,,3609.0,data/raw/ocm_reference.json,exact_canonical_operator_name,,,
a_12a8c60fbe6ed30d9daa,l_e0d2ea0aa5af56af0780,operator_website,https://chargefox.com,operator,,3339.0,data/raw/ocm_reference.json,exact_canonical_operator_name,,,
a_265f0dbf41801d919038,l_f5fe2d3c58e16d323833,operator_website,https://chargefox.com,operator,,3339.0,data/raw/ocm_reference.json,exact_canonical_operator_name,,,
a_706498b96ba565ad74e4,l_3b5ac62a755879867edd,operator_website,https://www.tesla.com/en_AU/support/non-tesla-supercharging,operator,,3534.0,data/raw/ocm_reference.json,exact_canonical_operator_name,,,
a_fe60f728ebb39668e2e7,l_3b5ac62a755879867edd,operator_website,http://www.teslamotors.com,operator,,23.0,data/raw/ocm_reference.json,exact_canonical_operator_name,,,
a_159953ad8c5a11cf55f7,l_df40d7d3573e28383e78,operator_website,https://www.tesla.com/en_AU/support/non-tesla-supercharging,operator,,3534.0,data/raw/ocm_reference.json,exact_canonical_operator_name,,,
a_3b586dffc546edcc99d0,l_df40d7d3573e28383e78,operator_website,http://www.teslamotors.com,operator,,23.0,data/raw/ocm_reference.json,exact_canonical_operator_name,,,
a_1eb92ad98d622350fa7e,l_79deb45d9aac4616b770,operator_website,http://www.chargepoint.net/,operator,,5.0,data/raw/ocm_reference.json,exact_canonical_operator_name,,,
a_7c7b5881c6103ef9b859,l_79deb45d9aac4616b770,operator_phone,1-408-841-4500,operator,,5.0,data/raw/ocm_reference.json,exact_canonical_operator_name,,,
a_a0e720fb2fc7c317a883,l_02d5a850159ea7482470,operator_website,https://www.tesla.com/en_AU/support/non-tesla-supercharging,operator,,3534.0,data/raw/ocm_reference.json,exact_canonical_operator_name,,,
a_2491fe2e939b6faa3976,l_02d5a850159ea7482470,operator_website,http://www.teslamotors.com,operator,,23.0,data/raw/ocm_reference.json,exact_canonical_operator_name,,,
a_4b0c964e52b5fa526189,l_97d544f4c0f280a6d782,operator_website,https://joltcharge.com,operator,,3529.0,data/raw/ocm_reference.json,exact_canonical_operator_name,,,
a_f4914426dfc804f8c5de,l_e0b835b8452e2e400df7,operator_website,https://exploren.com.au/,operator,,3622.0,data/raw/ocm_reference.json,exact_canonical_operator_name,,,
a_0380aa546a0e9c6d6fea,l_49875a92ee855707f408,operator_website,https://exploren.com.au/,operator,,3622.0,data/raw/ocm_reference.json,exact_canonical_operator_name,,,
a_8503a50247a57d4e908d,l_d0a9404546055cfa1362,operator_website,https://www.tesla.com/en_AU/support/non-tesla-supercharging,operator,,3534.0,data/raw/ocm_reference.json,exact_canonical_operator_name,,,
a_90e6929463e0c4ea950c,l_d0a9404546055cfa1362,operator_website,http://www.teslamotors.com,operator,,23.0,data/raw/ocm_reference.json,exact_canonical_operator_name,,,
a_82a09900098d645e2b74,l_7e80a277fc27451959f7,operator_website,https://www.tesla.com/en_AU/support/non-tesla-supercharging,operator,,3534.0,data/raw/ocm_reference.json,exact_canonical_operator_name,,,
a_b3bf5cd4fbd53f151bf7,l_7e80a277fc27451959f7,operator_website,http://www.teslamotors.com,operator,,23.0,data/raw/ocm_reference.json,exact_canonical_operator_name,,,
a_b50152bd494a9ce2e3cf,l_0747b9d7a35ae1167fc4,operator_website,https://www.tesla.com/en_AU/support/non-tesla-supercharging,operator,,3534.0,data/raw/ocm_reference.json,exact_canonical_operator_name,,,
a_447dde248831055de0e3,l_0747b9d7a35ae1167fc4,operator_website,http://www.teslamotors.com,operator,,23.0,data/raw/ocm_reference.json,exact_canonical_operator_name,,,
a_d5e309cf478677a8f7ad,l_f54919222f5e4e1a0995,operator_website,https://exploren.com.au/,operator,,3622.0,data/raw/ocm_reference.json,exact_canonical_operator_name,,,
a_15c9c22e8c9e2fc987df,l_926d39efdf251af0d11d,operator_website,https://joltcharge.com,operator,,3529.0,data/raw/ocm_reference.json,exact_canonical_operator_name,,,
a_5c8c258c360281ef1598,l_b7edf3f5fec503e10642,operator_website,https://joltcharge.com,operator,,3529.0,data/raw/ocm_reference.json,exact_canonical_operator_name,,,
a_14830e07c7916673cfa2,l_d18a4b9fed86f1fa0e71,operator_website,https://www.tesla.com/en_AU/support/non-tesla-supercharging,operator,,3534.0,data/raw/ocm_reference.json,exact_canonical_operator_name,,,
a_069a5ae17e67d01e0723,l_d18a4b9fed86f1fa0e71,operator_website,http://www.teslamotors.com,operator,,23.0,data/raw/ocm_reference.json,exact_canonical_operator_name,,,
a_7cde9b90a6e632c8a52c,l_aad008d4027b51391968,operator_website,http://goevie.com.au/,operator,,3398.0,data/raw/ocm_reference.json,exact_canonical_operator_name,,,
a_7e39d83227f13cd4a089,l_097d9ade7cd34f3f3017,operator_website,https://exploren.com.au/,operator,,3622.0,data/raw/ocm_reference.json,exact_canonical_operator_name,,,
a_baaeb046b32ddf941be3,l_a42a882d90dba5b5bab2,operator_website,https://www.mynrma.com.au/cars-and-driving/electric-vehicles,operator,,3388.0,data/raw/ocm_reference.json,exact_canonical_operator_name,,,
a_9f1c089a99fe795850c3,l_a42a882d90dba5b5bab2,operator_phone,1300 233 544,operator,,3388.0,data/raw/ocm_reference.json,exact_canonical_operator_name,,,
a_5eeb22d694a690c9f6a4,l_e3d0df1ceeee9bbdfae6,operator_website,https://ampcharge.ampol.com.au/,operator,,3625.0,data/raw/ocm_reference.json,exact_canonical_operator_name,,,
a_4516f6abd6a2465ba3d0,l_e8012f15349aedbffc41,operator_website,https://joltcharge.com,operator,,3529.0,data/raw/ocm_reference.json,exact_canonical_operator_name,,,
a_f3fd8dafa612a622954e,l_ad79c0734212cd4f3527,operator_website,https://www.tesla.com/en_AU/support/non-tesla-supercharging,operator,,3534.0,data/raw/ocm_reference.json,exact_canonical_operator_name,,,
a_0be3f6147b664f9d9e54,l_ad79c0734212cd4f3527,operator_website,http://www.teslamotors.com,operator,,23.0,data/raw/ocm_reference.json,exact_canonical_operator_name,,,
a_7f13172377097ff127dd,l_a6e9da40020787f23688,operator_website,https://exploren.com.au/,operator,,3622.0,data/raw/ocm_reference.json,exact_canonical_operator_name,,,
a_3a0469f504df36cf79f5,l_219bd7f340e578206915,operator_website,http://goevie.com.au/,operator,,3398.0,data/raw/ocm_reference.json,exact_canonical_operator_name,,,
a_7b2bd78fbb8f379e7a55,l_0c3f30201da35fb730e7,operator_website,https://ampcharge.ampol.com.au/,operator,,3625.0,data/raw/ocm_reference.json,exact_canonical_operator_name,,,
a_87abf6b2c4e5e88769a5,l_8f8e062a0f3bf158904b,operator_website,https://www.tesla.com/en_AU/support/non-tesla-supercharging,operator,,3534.0,data/raw/ocm_reference.json,exact_canonical_operator_name,,,
a_419831f456a64e4deb3b,l_8f8e062a0f3bf158904b,operator_website,http://www.teslamotors.com,operator,,23.0,data/raw/ocm_reference.json,exact_canonical_operator_name,,,
a_357fab03288454572a93,l_dcf99edbf44851e6ed4a,operator_website,https://www.tesla.com/en_AU/support/non-tesla-supercharging,operator,,3534.0,data/raw/ocm_reference.json,exact_canonical_operator_name,,,
a_5290fec86939c8f06f18,l_dcf99edbf44851e6ed4a,operator_website,http://www.teslamotors.com,operator,,23.0,data/raw/ocm_reference.json,exact_canonical_operator_name,,,
a_f3f2d1f1cc6bff9423c5,l_9e4c2f3014a4770c851c,operator_website,https://www.bp.com/en_au/australia/home/products-services/bppulse.html,operator,,3659.0,data/raw/ocm_reference.json,exact_canonical_operator_name,,,
a_10388fe6ef436aa95cfb,l_c45a8e642136acb713f1,operator_website,https://www.bp.com/en_au/australia/home/products-services/bppulse.html,operator,,3659.0,data/raw/ocm_reference.json,exact_canonical_operator_name,,,
a_832893502155e470d253,l_64059e6f54d8548ae62e,operator_website,https://www.mynrma.com.au/cars-and-driving/electric-vehicles,operator,,3388.0,data/raw/ocm_reference.json,exact_canonical_operator_name,,,
a_dcc88e251bb872b79e83,l_64059e6f54d8548ae62e,operator_phone,1300 233 544,operator,,3388.0,data/raw/ocm_reference.json,exact_canonical_operator_name,,,
a_47c83c44b2c0ff3615b6,l_410daaf4e580d45ed4ed,operator_website,https://www.tesla.com/en_AU/support/non-tesla-supercharging,operator,,3534.0,data/raw/ocm_reference.json,exact_canonical_operator_name,,,
a_4af3924d0ed55c3c1e94,l_410daaf4e580d45ed4ed,operator_website,http://www.teslamotors.com,operator,,23.0,data/raw/ocm_reference.json,exact_canonical_operator_name,,,
a_3775410634a1704b5fe3,l_66207c8601840754570c,operator_website,https://www.mynrma.com.au/cars-and-driving/electric-vehicles,operator,,3388.0,data/raw/ocm_reference.json,exact_canonical_operator_name,,,
a_c720e8365a21c1f8d860,l_66207c8601840754570c,operator_phone,1300 233 544,operator,,3388.0,data/raw/ocm_reference.json,exact_canonical_operator_name,,,
a_c17a4eaf36e91304d942,l_1f10359914da03faec84,operator_website,https://chargefox.com,operator,,3339.0,data/raw/ocm_reference.json,exact_canonical_operator_name,,,
a_61c25b4e76906626baa8,l_dcc0ac7a45b4eab28369,operator_website,https://www.mynrma.com.au/cars-and-driving/electric-vehicles,operator,,3388.0,data/raw/ocm_reference.json,exact_canonical_operator_name,,,
a_58a261bfd23c054b895d,l_dcc0ac7a45b4eab28369,operator_phone,1300 233 544,operator,,3388.0,data/raw/ocm_reference.json,exact_canonical_operator_name,,,
a_24c40bab3257c480bf2a,l_e87331c2c56d38358a80,operator_website,https://www.tesla.com/en_AU/support/non-tesla-supercharging,operator,,3534.0,data/raw/ocm_reference.json,exact_canonical_operator_name,,,
a_9eaf92c27e8e5c409eb7,l_e87331c2c56d38358a80,operator_website,http://www.teslamotors.com,operator,,23.0,data/raw/ocm_reference.json,exact_canonical_operator_name,,,
a_fb3de55f4d2c976d22f5,l_c27bfc1060091f5d9b63,operator_website,https://www.tesla.com/en_AU/support/non-tesla-supercharging,operator,,3534.0,data/raw/ocm_reference.json,exact_canonical_operator_name,,,
a_9532180dbb2798f60a21,l_c27bfc1060091f5d9b63,operator_website,http://www.teslamotors.com,operator,,23.0,data/raw/ocm_reference.json,exact_canonical_operator_name,,,
a_9848622f02ab83d44a5c,l_95c3dd4bbc007baec567,operator_website,https://joltcharge.com,operator,,3529.0,data/raw/ocm_reference.json,exact_canonical_operator_name,,,
a_0819f4a095a9f2d1f839,l_a472280246ecce97cc72,operator_website,https://www.tesla.com/en_AU/support/non-tesla-supercharging,operator,,3534.0,data/raw/ocm_reference.json,exact_canonical_operator_name,,,
a_d04f6dc49d9c3160f874,l_a472280246ecce97cc72,operator_website,http://www.teslamotors.com,operator,,23.0,data/raw/ocm_reference.json,exact_canonical_operator_name,,,
a_9d8028e15ee75bcc02c8,l_5c4fb60c02047489f51b,operator_website,https://exploren.com.au/,operator,,3622.0,data/raw/ocm_reference.json,exact_canonical_operator_name,,,
a_d7283e90e7b1454720ba,l_db6291953a247edf1e70,operator_website,https://chargefox.com,operator,,3339.0,data/raw/ocm_reference.json,exact_canonical_operator_name,,,
a_72b3e1f4d91e4f677314,l_41fafb83085ed8357181,operator_website,https://chargefox.com,operator,,3339.0,data/raw/ocm_reference.json,exact_canonical_operator_name,,,
a_8b14a7faec3c6fd64098,l_6c01c66a5aeda28b9482,operator_website,https://ampcharge.ampol.com.au/,operator,,3625.0,data/raw/ocm_reference.json,exact_canonical_operator_name,,,
a_35eb7d0f2364cae9116c,l_20055ae04d84292b16ca,operator_website,https://exploren.com.au/,operator,,3622.0,data/raw/ocm_reference.json,exact_canonical_operator_name,,,
a_74df796a5624cfa8260a,l_9c87473fb487e4fa076d,operator_website,https://chargefox.com,operator,,3339.0,data/raw/ocm_reference.json,exact_canonical_operator_name,,,
a_3928a5f4d5b6904119a3,l_fd71bdf7962ab14d368b,operator_website,https://chargefox.com,operator,,3339.0,data/raw/ocm_reference.json,exact_canonical_operator_name,,,
a_f27f9cccbd789cd1fa0b,l_49ed954693fc5153e351,operator_website,https://www.bp.com/en_au/australia/home/products-services/bppulse.html,operator,,3659.0,data/raw/ocm_reference.json,exact_canonical_operator_name,,,
a_d1e625bf996f99dc367d,l_ecf7ca9e4cc28dcf0e79,operator_website,https://www.tesla.com/en_AU/support/non-tesla-supercharging,operator,,3534.0,data/raw/ocm_reference.json,exact_canonical_operator_name,,,
a_4d1e41c686d63921c33c,l_ecf7ca9e4cc28dcf0e79,operator_website,http://www.teslamotors.com,operator,,23.0,data/raw/ocm_reference.json,exact_canonical_operator_name,,,
a_8cae9a2993365e336dbb,l_98da3ad650c8aaeb7371,operator_website,https://exploren.com.au/,operator,,3622.0,data/raw/ocm_reference.json,exact_canonical_operator_name,,,
a_d32682d662ee92443915,l_fce3c968260c8627f8b1,operator_website,https://chargefox.com,operator,,3339.0,data/raw/ocm_reference.json,exact_canonical_operator_name,,,
a_0b962b059ae660de29d1,l_70777e985ad5b5b9ee99,operator_website,https://joltcharge.com,operator,,3529.0,data/raw/ocm_reference.json,exact_canonical_operator_name,,,
a_0df5a69b9b2767f01231,l_a3000912deeddde99fe7,operator_website,https://www.mynrma.com.au/cars-and-driving/electric-vehicles,operator,,3388.0,data/raw/ocm_reference.json,exact_canonical_operator_name,,,
a_93bda3e03938c66003ba,l_a3000912deeddde99fe7,operator_phone,1300 233 544,operator,,3388.0,data/raw/ocm_reference.json,exact_canonical_operator_name,,,
a_0c61b03bcb21b44a55cc,l_51e86ff0baa83a47f211,operator_website,https://www.tesla.com/en_AU/support/non-tesla-supercharging,operator,,3534.0,data/raw/ocm_reference.json,exact_canonical_operator_name,,,
a_74fee00d9d24c4d3b399,l_51e86ff0baa83a47f211,operator_website,http://www.teslamotors.com,operator,,23.0,data/raw/ocm_reference.json,exact_canonical_operator_name,,,
a_9e23fddd3c20ec9eed3f,l_5ffb0694cabe7bd610f6,operator_website,https://exploren.com.au/,operator,,3622.0,data/raw/ocm_reference.json,exact_canonical_operator_name,,,
a_b73170a7461dd0734be2,l_0943d1bfeda2f3fa5253,operator_website,https://exploren.com.au/,operator,,3622.0,data/raw/ocm_reference.json,exact_canonical_operator_name,,,
a_595de85295ee5b0f76f2,l_0c882363ca8a6c8743ff,operator_website,https://www.tesla.com/en_AU/support/non-tesla-supercharging,operator,,3534.0,data/raw/ocm_reference.json,exact_canonical_operator_name,,,
a_30aada28304727527316,l_0c882363ca8a6c8743ff,operator_website,http://www.teslamotors.com,operator,,23.0,data/raw/ocm_reference.json,exact_canonical_operator_name,,,
a_a441ed1496938bf7b87c,l_d3d77ee8b061e110461e,operator_website,https://chargefox.com,operator,,3339.0,data/raw/ocm_reference.json,exact_canonical_operator_name,,,
a_80f878aca5c7148989f7,l_032d7634b49a50c267b7,operator_website,https://exploren.com.au/,operator,,3622.0,data/raw/ocm_reference.json,exact_canonical_operator_name,,,
a_96445b35efec6fd8bf5f,l_d5c59076f4f343f61b81,operator_website,https://www.tesla.com/en_AU/support/non-tesla-supercharging,operator,,3534.0,data/raw/ocm_reference.json,exact_canonical_operator_name,,,
a_738f24c3ff2783d92dbc,l_d5c59076f4f343f61b81,operator_website,http://www.teslamotors.com,operator,,23.0,data/raw/ocm_reference.json,exact_canonical_operator_name,,,
a_c5bad1c7f30fdda9f75a,l_7af4567f76dab9876ff2,operator_website,https://chargefox.com,operator,,3339.0,data/raw/ocm_reference.json,exact_canonical_operator_name,,,
a_fe532f60b90e5f31c7c6,l_246b28d63569bf18ce0a,operator_website,https://www.mynrma.com.au/cars-and-driving/electric-vehicles,operator,,3388.0,data/raw/ocm_reference.json,exact_canonical_operator_name,,,
a_75730ac74a27f3b4026b,l_246b28d63569bf18ce0a,operator_phone,1300 233 544,operator,,3388.0,data/raw/ocm_reference.json,exact_canonical_operator_name,,,
a_b54b08bf7ae326605305,l_bb3b7350802e914c7818,operator_website,https://www.tesla.com/en_AU/support/non-tesla-supercharging,operator,,3534.0,data/raw/ocm_reference.json,exact_canonical_operator_name,,,
a_ad813b1055b513323bd3,l_bb3b7350802e914c7818,operator_website,http://www.teslamotors.com,operator,,23.0,data/raw/ocm_reference.json,exact_canonical_operator_name,,,
a_52aee681437257c41f32,l_24530937e3d61418af78,operator_website,https://chargefox.com,operator,,3339.0,data/raw/ocm_reference.json,exact_canonical_operator_name,,,
a_8ae79a295b2a0959b5de,l_bd2423da8974bf11bed4,operator_website,https://chargefox.com,operator,,3339.0,data/raw/ocm_reference.json,exact_canonical_operator_name,,,
a_0c29a6b7ba5d59cae249,l_b8c46e148a2862d60baa,operator_website,http://goevie.com.au/,operator,,3398.0,data/raw/ocm_reference.json,exact_canonical_operator_name,,,
a_eb44a41b4f8fd70c0a0c,l_63cd4dda854f19f6ce2f,operator_website,https://exploren.com.au/,operator,,3622.0,data/raw/ocm_reference.json,exact_canonical_operator_name,,,
a_cf7be71ab1bba24fdf9d,l_ee5deba6e4c527b0e2d7,operator_website,https://www.tesla.com/en_AU/support/non-tesla-supercharging,operator,,3534.0,data/raw/ocm_reference.json,exact_canonical_operator_name,,,
a_620e103f430988b110ce,l_ee5deba6e4c527b0e2d7,operator_website,http://www.teslamotors.com,operator,,23.0,data/raw/ocm_reference.json,exact_canonical_operator_name,,,
a_36796864db38c4cefd0f,l_4ae78120f6a00ccd9154,operator_website,https://chargefox.com,operator,,3339.0,data/raw/ocm_reference.json,exact_canonical_operator_name,,,
a_be2094de651ea316f523,l_66a2b50c01118ad8de39,operator_website,https://www.tesla.com/en_AU/support/non-tesla-supercharging,operator,,3534.0,data/raw/ocm_reference.json,exact_canonical_operator_name,,,
a_35c8f580fb97c78e6786,l_66a2b50c01118ad8de39,operator_website,http://www.teslamotors.com,operator,,23.0,data/raw/ocm_reference.json,exact_canonical_operator_name,,,
a_a34a376e2fb20c962610,l_aebe55ed5e4f5d84c347,operator_website,https://exploren.com.au/,operator,,3622.0,data/raw/ocm_reference.json,exact_canonical_operator_name,,,
a_9b32ffbe9913f9ce4fc7,l_06c6ea1e177730f1c26f,operator_website,https://www.tesla.com/en_AU/support/non-tesla-supercharging,operator,,3534.0,data/raw/ocm_reference.json,exact_canonical_operator_name,,,
a_321245dcaa3fc00487a7,l_06c6ea1e177730f1c26f,operator_website,http://www.teslamotors.com,operator,,23.0,data/raw/ocm_reference.json,exact_canonical_operator_name,,,
a_a5bb0cbb9c2688f62743,l_41ccda9ec658700e275e,operator_website,https://chargefox.com,operator,,3339.0,data/raw/ocm_reference.json,exact_canonical_operator_name,,,
a_539ad70487cc0ff79d07,l_bfe97b09908b0df5ab7a,operator_website,https://www.tesla.com/en_AU/support/non-tesla-supercharging,operator,,3534.0,data/raw/ocm_reference.json,exact_canonical_operator_name,,,
a_fc5517a44e1efde73cb6,l_bfe97b09908b0df5ab7a,operator_website,http://www.teslamotors.com,operator,,23.0,data/raw/ocm_reference.json,exact_canonical_operator_name,,,
a_4b324c4933801be47cde,l_99d4a0052e642deee67a,operator_website,http://goevie.com.au/,operator,,3398.0,data/raw/ocm_reference.json,exact_canonical_operator_name,,,
a_1c39437fda3e462c55d0,l_d16f1576e7523cdaca65,operator_website,https://chargehub.solutions,operator,,3775.0,data/raw/ocm_reference.json,exact_canonical_operator_name,,,
a_c3e0c17207fc00b113a8,l_47822ee33357a3fe734c,operator_website,https://exploren.com.au/,operator,,3622.0,data/raw/ocm_reference.json,exact_canonical_operator_name,,,
a_f17419c4a26a91c896f2,l_f5aad21c9ffc996b8819,operator_website,https://www.tesla.com/en_AU/support/non-tesla-supercharging,operator,,3534.0,data/raw/ocm_reference.json,exact_canonical_operator_name,,,
a_2b87a985e05a87c25689,l_f5aad21c9ffc996b8819,operator_website,http://www.teslamotors.com,operator,,23.0,data/raw/ocm_reference.json,exact_canonical_operator_name,,,
a_e421720aed93024dd9bd,l_35b94af5266b77903bbd,operator_website,https://exploren.com.au/,operator,,3622.0,data/raw/ocm_reference.json,exact_canonical_operator_name,,,
a_c6688303aef9cb4251d0,l_636092ba6dfd88df3f37,operator_website,https://exploren.com.au/,operator,,3622.0,data/raw/ocm_reference.json,exact_canonical_operator_name,,,
a_cdc40b25d8009f01700b,l_ef816b6b5395942c25c9,operator_website,https://www.tesla.com/en_AU/support/non-tesla-supercharging,operator,,3534.0,data/raw/ocm_reference.json,exact_canonical_operator_name,,,
a_3f1a25d390d10d116889,l_ef816b6b5395942c25c9,operator_website,http://www.teslamotors.com,operator,,23.0,data/raw/ocm_reference.json,exact_canonical_operator_name,,,
a_4be2b34863627acda4d9,l_aa57b6532f170da081eb,operator_website,http://goevie.com.au/,operator,,3398.0,data/raw/ocm_reference.json,exact_canonical_operator_name,,,
a_b795bbff754be5a4cbd9,l_0f67a9435af17f08cf79,operator_website,https://joltcharge.com,operator,,3529.0,data/raw/ocm_reference.json,exact_canonical_operator_name,,,
a_49fa09fec16c2d549513,l_0874e282f6c5390a87cc,operator_website,https://www.bp.com/en_au/australia/home/products-services/bppulse.html,operator,,3659.0,data/raw/ocm_reference.json,exact_canonical_operator_name,,,
a_5c324fa88471d4b4fe12,l_d27d151a79c967315e48,operator_website,https://exploren.com.au/,operator,,3622.0,data/raw/ocm_reference.json,exact_canonical_operator_name,,,
a_125f02661901a2292db7,l_acc76a50759fc15b150f,operator_website,https://chargefox.com,operator,,3339.0,data/raw/ocm_reference.json,exact_canonical_operator_name,,,
a_265033681716387fc662,l_3dab9f7f97794da2c0cc,operator_website,https://www.tesla.com/en_AU/support/non-tesla-supercharging,operator,,3534.0,data/raw/ocm_reference.json,exact_canonical_operator_name,,,
a_9b09935ebfcc9d3f0406,l_3dab9f7f97794da2c0cc,operator_website,http://www.teslamotors.com,operator,,23.0,data/raw/ocm_reference.json,exact_canonical_operator_name,,,
a_f715be4199ec4e92e3bc,l_2134a4d7f8a21b856312,operator_website,https://exploren.com.au/,operator,,3622.0,data/raw/ocm_reference.json,exact_canonical_operator_name,,,
a_b9606adbe89b9303fb57,l_16abb5bc4267f02b6bed,operator_website,https://www.tesla.com/en_AU/support/non-tesla-supercharging,operator,,3534.0,data/raw/ocm_reference.json,exact_canonical_operator_name,,,
a_b7d7a984f209a1503283,l_16abb5bc4267f02b6bed,operator_website,http://www.teslamotors.com,operator,,23.0,data/raw/ocm_reference.json,exact_canonical_operator_name,,,
a_ef3c3d91aeeda4441c41,l_ed41a6ff28c81d90f6e3,operator_website,https://www.tesla.com/en_AU/support/non-tesla-supercharging,operator,,3534.0,data/raw/ocm_reference.json,exact_canonical_operator_name,,,
a_e47d63be7535310f3c3f,l_ed41a6ff28c81d90f6e3,operator_website,http://www.teslamotors.com,operator,,23.0,data/raw/ocm_reference.json,exact_canonical_operator_name,,,
a_441bfa40d3fc4a27a6fc,l_85c7632ab12d02c5bfe2,operator_website,https://ampcharge.ampol.com.au/,operator,,3625.0,data/raw/ocm_reference.json,exact_canonical_operator_name,,,
a_32d94b0b880165b60832,l_d437650364c39faf1778,operator_website,http://goevie.com.au/,operator,,3398.0,data/raw/ocm_reference.json,exact_canonical_operator_name,,,
a_14e70b58f41d87890f75,l_dc5e493d42215a711c94,operator_website,https://exploren.com.au/,operator,,3622.0,data/raw/ocm_reference.json,exact_canonical_operator_name,,,
a_bb070e92c5dafd3405e9,l_fe3c24c4cc1252c5736e,operator_website,https://exploren.com.au/,operator,,3622.0,data/raw/ocm_reference.json,exact_canonical_operator_name,,,
a_c49b0cfe053d36647622,l_f37cafc766d5fd9b7cf2,operator_website,https://www.tesla.com/en_AU/support/non-tesla-supercharging,operator,,3534.0,data/raw/ocm_reference.json,exact_canonical_operator_name,,,
a_1b6f754977e8ddb9d924,l_f37cafc766d5fd9b7cf2,operator_website,http://www.teslamotors.com,operator,,23.0,data/raw/ocm_reference.json,exact_canonical_operator_name,,,
a_1eceee92e732b47d5ead,l_27f55c045fc6bcc9a6f9,operator_website,https://exploren.com.au/,operator,,3622.0,data/raw/ocm_reference.json,exact_canonical_operator_name,,,
a_e202aa5bb3a187f79e46,l_42a9f4e832094cfddbba,operator_website,https://www.tesla.com/en_AU/support/non-tesla-supercharging,operator,,3534.0,data/raw/ocm_reference.json,exact_canonical_operator_name,,,
a_00400daabbb0600b2484,l_42a9f4e832094cfddbba,operator_website,http://www.teslamotors.com,operator,,23.0,data/raw/ocm_reference.json,exact_canonical_operator_name,,,
a_fd6366de50e614f087f3,l_bd7da9dd795cddcb183f,operator_website,http://goevie.com.au/,operator,,3398.0,data/raw/ocm_reference.json,exact_canonical_operator_name,,,
a_cc187f526a2fe9da0e21,l_f1afe2858ccda50abd67,operator_website,https://www.bp.com/en_au/australia/home/products-services/bppulse.html,operator,,3659.0,data/raw/ocm_reference.json,exact_canonical_operator_name,,,
a_77e38e421404c7f8268c,l_02f1652400e97f728cec,operator_website,https://exploren.com.au/,operator,,3622.0,data/raw/ocm_reference.json,exact_canonical_operator_name,,,
a_bf21b6f85a55c6f14909,l_be37dcfef546a06e4cb3,operator_website,https://exploren.com.au/,operator,,3622.0,data/raw/ocm_reference.json,exact_canonical_operator_name,,,
a_43eb3000465254b8f8b1,l_58a865d51067b72663f4,operator_website,https://chargefox.com,operator,,3339.0,data/raw/ocm_reference.json,exact_canonical_operator_name,,,
a_e269234cd77edffb6815,l_7bc95205a8f87ef9657c,operator_website,http://goevie.com.au/,operator,,3398.0,data/raw/ocm_reference.json,exact_canonical_operator_name,,,
a_68e43f33a1bc4c1fa547,l_25a81196fffec444fdef,operator_website,https://chargefox.com,operator,,3339.0,data/raw/ocm_reference.json,exact_canonical_operator_name,,,
a_911f0887c8200c692876,l_4b57a2dd678e632d515d,operator_website,https://www.tesla.com/en_AU/support/non-tesla-supercharging,operator,,3534.0,data/raw/ocm_reference.json,exact_canonical_operator_name,,,
a_fa31aa24c00905fbbc56,l_4b57a2dd678e632d515d,operator_website,http://www.teslamotors.com,operator,,23.0,data/raw/ocm_reference.json,exact_canonical_operator_name,,,
a_4d42e0cebafadf0ca156,l_b9310417276799341d49,operator_website,https://exploren.com.au/,operator,,3622.0,data/raw/ocm_reference.json,exact_canonical_operator_name,,,
a_6896536751148a58a71d,l_4fcad91609b467be42ce,operator_website,https://www.tesla.com/en_AU/support/non-tesla-supercharging,operator,,3534.0,data/raw/ocm_reference.json,exact_canonical_operator_name,,,
a_7f0eed434f508506f5e2,l_4fcad91609b467be42ce,operator_website,http://www.teslamotors.com,operator,,23.0,data/raw/ocm_reference.json,exact_canonical_operator_name,,,
a_2bf24cbc1b0b1ded310b,l_368f35de34030fd756b9,operator_website,https://www.tesla.com/en_AU/support/non-tesla-supercharging,operator,,3534.0,data/raw/ocm_reference.json,exact_canonical_operator_name,,,
a_ca944fd5817e437cc6a6,l_368f35de34030fd756b9,operator_website,http://www.teslamotors.com,operator,,23.0,data/raw/ocm_reference.json,exact_canonical_operator_name,,,
a_a1475bccc55390e472ae,l_2cbef4457afae72c4d67,operator_website,https://www.mynrma.com.au/cars-and-driving/electric-vehicles,operator,,3388.0,data/raw/ocm_reference.json,exact_canonical_operator_name,,,
a_71d4e092395477e05b38,l_2cbef4457afae72c4d67,operator_phone,1300 233 544,operator,,3388.0,data/raw/ocm_reference.json,exact_canonical_operator_name,,,
a_4ce53d2036ef14e6f28c,l_9cb1c346be2ed5832926,operator_website,https://joltcharge.com,operator,,3529.0,data/raw/ocm_reference.json,exact_canonical_operator_name,,,
a_1b32a8db65796be2f386,l_32ce520c966986120058,operator_website,https://www.tesla.com/en_AU/support/non-tesla-supercharging,operator,,3534.0,data/raw/ocm_reference.json,exact_canonical_operator_name,,,
a_00404dc01724656f8924,l_32ce520c966986120058,operator_website,http://www.teslamotors.com,operator,,23.0,data/raw/ocm_reference.json,exact_canonical_operator_name,,,
a_cd5d6d8499d0351c58f8,l_ca2ddf9e6cb67f6a9dec,operator_website,https://chargefox.com,operator,,3339.0,data/raw/ocm_reference.json,exact_canonical_operator_name,,,
a_86a894501d42627d91e1,l_a3fa41459a039f549feb,operator_website,https://chargefox.com,operator,,3339.0,data/raw/ocm_reference.json,exact_canonical_operator_name,,,
a_58e1a631aa1299b5dc73,l_21d7c81ae4d35fa213d5,operator_website,http://goevie.com.au/,operator,,3398.0,data/raw/ocm_reference.json,exact_canonical_operator_name,,,
a_72193628ccebdf4847fc,l_ae1179c3c5bb3f751632,operator_website,https://www.tesla.com/en_AU/support/non-tesla-supercharging,operator,,3534.0,data/raw/ocm_reference.json,exact_canonical_operator_name,,,
a_69b3b27a6354b4bf4aa9,l_ae1179c3c5bb3f751632,operator_website,http://www.teslamotors.com,operator,,23.0,data/raw/ocm_reference.json,exact_canonical_operator_name,,,
a_7917349fb6ebe1e9cf49,l_bdba419e1eb74b4c0338,operator_website,https://www.tesla.com/en_AU/support/non-tesla-supercharging,operator,,3534.0,data/raw/ocm_reference.json,exact_canonical_operator_name,,,
a_78bfc10bd61597d40b96,l_bdba419e1eb74b4c0338,operator_website,http://www.teslamotors.com,operator,,23.0,data/raw/ocm_reference.json,exact_canonical_operator_name,,,
a_c5f5d970b08265ee37ff,l_3d304b9fa667057c6b40,operator_website,https://chargefox.com,operator,,3339.0,data/raw/ocm_reference.json,exact_canonical_operator_name,,,
a_b90686392665d7f71684,l_04896e974b4b6302d256,operator_website,https://www.tesla.com/en_AU/support/non-tesla-supercharging,operator,,3534.0,data/raw/ocm_reference.json,exact_canonical_operator_name,,,
a_a357517e65e50dd075b6,l_04896e974b4b6302d256,operator_website,http://www.teslamotors.com,operator,,23.0,data/raw/ocm_reference.json,exact_canonical_operator_name,,,
a_e69a8cc4c563de2da322,l_3059ea9a3ffa0b504815,operator_website,http://goevie.com.au/,operator,,3398.0,data/raw/ocm_reference.json,exact_canonical_operator_name,,,
a_924844d1b24516ee8c04,l_3371a0ee1c2459142361,operator_website,https://chargefox.com,operator,,3339.0,data/raw/ocm_reference.json,exact_canonical_operator_name,,,
a_892965959c6454574f9a,l_c307502f7f93712ff799,operator_website,https://www.tesla.com/en_AU/support/non-tesla-supercharging,operator,,3534.0,data/raw/ocm_reference.json,exact_canonical_operator_name,,,
a_4193f790a1523751205b,l_c307502f7f93712ff799,operator_website,http://www.teslamotors.com,operator,,23.0,data/raw/ocm_reference.json,exact_canonical_operator_name,,,
a_d27b5f578062d2d726de,l_b05a16822089ad69897f,operator_website,https://www.tesla.com/en_AU/support/non-tesla-supercharging,operator,,3534.0,data/raw/ocm_reference.json,exact_canonical_operator_name,,,
a_2b9baf76a286362f4348,l_b05a16822089ad69897f,operator_website,http://www.teslamotors.com,operator,,23.0,data/raw/ocm_reference.json,exact_canonical_operator_name,,,
a_af88ed3c82d89b58577c,l_fe6612323525117bd8ab,operator_website,https://www.tesla.com/en_AU/support/non-tesla-supercharging,operator,,3534.0,data/raw/ocm_reference.json,exact_canonical_operator_name,,,
a_7a5dd5c5483cb8022e36,l_fe6612323525117bd8ab,operator_website,http://www.teslamotors.com,operator,,23.0,data/raw/ocm_reference.json,exact_canonical_operator_name,,,
a_960afb4748b89c8147fc,l_03e3fff35e7876e7351d,operator_website,https://chargefox.com,operator,,3339.0,data/raw/ocm_reference.json,exact_canonical_operator_name,,,
a_b4388daebf75d9296586,l_c8a2c1a9b2b732880757,operator_website,https://chargefox.com,operator,,3339.0,data/raw/ocm_reference.json,exact_canonical_operator_name,,,
a_bdf209845c0e995150be,l_27dbf314ae49a6c37f34,operator_website,https://www.tesla.com/en_AU/support/non-tesla-supercharging,operator,,3534.0,data/raw/ocm_reference.json,exact_canonical_operator_name,,,
a_4b41c2287074c29f9234,l_27dbf314ae49a6c37f34,operator_website,http://www.teslamotors.com,operator,,23.0,data/raw/ocm_reference.json,exact_canonical_operator_name,,,
a_1ce718a773773561d764,l_4a00a65ef80c8227734f,operator_website,https://exploren.com.au/,operator,,3622.0,data/raw/ocm_reference.json,exact_canonical_operator_name,,,
a_76c0040ac0502bde0376,l_c8e0fb42c3b7ade7bf26,operator_website,http://goevie.com.au/,operator,,3398.0,data/raw/ocm_reference.json,exact_canonical_operator_name,,,
a_4e086b28685fb817a120,l_4e824fc6bbe0331d3a8b,operator_website,https://www.tesla.com/en_AU/support/non-tesla-supercharging,operator,,3534.0,data/raw/ocm_reference.json,exact_canonical_operator_name,,,
a_89ba381837ae41de8bda,l_4e824fc6bbe0331d3a8b,operator_website,http://www.teslamotors.com,operator,,23.0,data/raw/ocm_reference.json,exact_canonical_operator_name,,,
a_78c61b3c0eab6c4ecf08,l_12d587fb4815ff38fdad,operator_website,http://goevie.com.au/,operator,,3398.0,data/raw/ocm_reference.json,exact_canonical_operator_name,,,
a_0384b4e0b626684e3351,l_9df7cc861a9ae20b6478,operator_website,https://www.tesla.com/en_AU/support/non-tesla-supercharging,operator,,3534.0,data/raw/ocm_reference.json,exact_canonical_operator_name,,,
a_c6dd09a635df95b5c1eb,l_9df7cc861a9ae20b6478,operator_website,http://www.teslamotors.com,operator,,23.0,data/raw/ocm_reference.json,exact_canonical_operator_name,,,
a_0b290a648b9a0416e763,l_9ce59a749d21d5608e1d,operator_website,https://www.tesla.com/en_AU/support/non-tesla-supercharging,operator,,3534.0,data/raw/ocm_reference.json,exact_canonical_operator_name,,,
a_e70113bcb38a2c0e1d03,l_9ce59a749d21d5608e1d,operator_website,http://www.teslamotors.com,operator,,23.0,data/raw/ocm_reference.json,exact_canonical_operator_name,,,
a_9a1ac3cde216af28e5fe,l_3915fce4190876f18d00,operator_website,http://goevie.com.au/,operator,,3398.0,data/raw/ocm_reference.json,exact_canonical_operator_name,,,
a_ef8a1f63e6d94818d310,l_5711ab1d8fc3bab1a5f8,operator_website,https://www.tesla.com/en_AU/support/non-tesla-supercharging,operator,,3534.0,data/raw/ocm_reference.json,exact_canonical_operator_name,,,
a_2679de24d045e27df187,l_5711ab1d8fc3bab1a5f8,operator_website,http://www.teslamotors.com,operator,,23.0,data/raw/ocm_reference.json,exact_canonical_operator_name,,,
a_1fb08914466ec5c9c2f6,l_b2c64c22b6ade0b9603c,operator_website,https://chargefox.com,operator,,3339.0,data/raw/ocm_reference.json,exact_canonical_operator_name,,,
a_79d4c676248587111ab8,l_61f32a319bbc9b809bd6,operator_website,https://www.tesla.com/en_AU/support/non-tesla-supercharging,operator,,3534.0,data/raw/ocm_reference.json,exact_canonical_operator_name,,,
a_9d568bad670604afb015,l_61f32a319bbc9b809bd6,operator_website,http://www.teslamotors.com,operator,,23.0,data/raw/ocm_reference.json,exact_canonical_operator_name,,,
a_b85b06ce80148cc0483e,l_e0a4ca8de766f78be883,operator_website,https://www.tesla.com/en_AU/support/non-tesla-supercharging,operator,,3534.0,data/raw/ocm_reference.json,exact_canonical_operator_name,,,
a_c1e734270b236d4fb0a7,l_e0a4ca8de766f78be883,operator_website,http://www.teslamotors.com,operator,,23.0,data/raw/ocm_reference.json,exact_canonical_operator_name,,,
a_a095f1ad8c10f7581e1a,l_f3a390a85329b4f33cfc,operator_website,https://exploren.com.au/,operator,,3622.0,data/raw/ocm_reference.json,exact_canonical_operator_name,,,
a_ef41f66294edd21f8623,l_7d2a6afbd2b13582ee34,operator_website,https://www.tesla.com/en_AU/support/non-tesla-supercharging,operator,,3534.0,data/raw/ocm_reference.json,exact_canonical_operator_name,,,
a_25c617f7d5cbb416df15,l_7d2a6afbd2b13582ee34,operator_website,http://www.teslamotors.com,operator,,23.0,data/raw/ocm_reference.json,exact_canonical_operator_name,,,
a_ba46f6148adf207a2995,l_ad85ecae7e79b1cbf2fd,operator_website,http://goevie.com.au/,operator,,3398.0,data/raw/ocm_reference.json,exact_canonical_operator_name,,,
a_39be853a6ef395ea72c1,l_259b10f5ed950c07db6b,operator_website,https://www.tesla.com/en_AU/support/non-tesla-supercharging,operator,,3534.0,data/raw/ocm_reference.json,exact_canonical_operator_name,,,
a_07b9107c5d571f1eb0e9,l_259b10f5ed950c07db6b,operator_website,http://www.teslamotors.com,operator,,23.0,data/raw/ocm_reference.json,exact_canonical_operator_name,,,
a_777cd373bec51cc64c95,l_c9edb3efcd34476ad94c,operator_website,https://ampcharge.ampol.com.au/,operator,,3625.0,data/raw/ocm_reference.json,exact_canonical_operator_name,,,
a_f3caa888d031bd2adaf0,l_828da4a302ef22b4b284,operator_website,https://www.mynrma.com.au/cars-and-driving/electric-vehicles,operator,,3388.0,data/raw/ocm_reference.json,exact_canonical_operator_name,,,
a_bfda90836d10d154c987,l_828da4a302ef22b4b284,operator_phone,1300 233 544,operator,,3388.0,data/raw/ocm_reference.json,exact_canonical_operator_name,,,
a_72f423898400f9257168,l_ea90fd6ea194b95da204,operator_website,https://www.tesla.com/en_AU/support/non-tesla-supercharging,operator,,3534.0,data/raw/ocm_reference.json,exact_canonical_operator_name,,,
a_f84e1ba6945e811909fe,l_ea90fd6ea194b95da204,operator_website,http://www.teslamotors.com,operator,,23.0,data/raw/ocm_reference.json,exact_canonical_operator_name,,,
a_3b5ee5442f6f5cdec5c3,l_442ed2f39cbc71fd1a62,operator_website,https://exploren.com.au/,operator,,3622.0,data/raw/ocm_reference.json,exact_canonical_operator_name,,,
a_ebe15c7b44672ab858a8,l_aa7b307b295d6a3cce5e,operator_website,https://exploren.com.au/,operator,,3622.0,data/raw/ocm_reference.json,exact_canonical_operator_name,,,
a_04ba9bbd864681e64f26,l_27caa02f1073b901e900,operator_website,https://exploren.com.au/,operator,,3622.0,data/raw/ocm_reference.json,exact_canonical_operator_name,,,
a_e6dcd2b160b061bb4784,l_41c7b17cceed95db44db,operator_website,https://exploren.com.au/,operator,,3622.0,data/raw/ocm_reference.json,exact_canonical_operator_name,,,
a_c46182ca41986fcbdd97,l_79d0df83d5ae4860e16e,operator_website,https://exploren.com.au/,operator,,3622.0,data/raw/ocm_reference.json,exact_canonical_operator_name,,,
a_ded899357f538b20f837,l_bb996d40650e392334d7,operator_website,https://www.tesla.com/en_AU/support/non-tesla-supercharging,operator,,3534.0,data/raw/ocm_reference.json,exact_canonical_operator_name,,,
a_43fd37122e26291f28c5,l_bb996d40650e392334d7,operator_website,http://www.teslamotors.com,operator,,23.0,data/raw/ocm_reference.json,exact_canonical_operator_name,,,
a_658eed246e5eaad2a96e,l_247b90ebf643cc7168dc,operator_website,https://ampcharge.ampol.com.au/,operator,,3625.0,data/raw/ocm_reference.json,exact_canonical_operator_name,,,
a_96bcfdd1f9ec87792ba5,l_99c4f9737249a7e167dd,operator_website,https://exploren.com.au/,operator,,3622.0,data/raw/ocm_reference.json,exact_canonical_operator_name,,,
a_20cfdc1675a54278a9a7,l_9c466be6c274502d0bd0,operator_website,https://www.tesla.com/en_AU/support/non-tesla-supercharging,operator,,3534.0,data/raw/ocm_reference.json,exact_canonical_operator_name,,,
a_ecfab3c9ff262d7ef90f,l_9c466be6c274502d0bd0,operator_website,http://www.teslamotors.com,operator,,23.0,data/raw/ocm_reference.json,exact_canonical_operator_name,,,
a_b80cce630ae8861def26,l_9afe0fe6196359613351,operator_website,https://www.tesla.com/en_AU/support/non-tesla-supercharging,operator,,3534.0,data/raw/ocm_reference.json,exact_canonical_operator_name,,,
a_8f4b718718d9df3718fa,l_9afe0fe6196359613351,operator_website,http://www.teslamotors.com,operator,,23.0,data/raw/ocm_reference.json,exact_canonical_operator_name,,,
a_7144c55259241e005383,l_8f3a73c756a52fd8393e,operator_website,https://www.tesla.com/en_AU/support/non-tesla-supercharging,operator,,3534.0,data/raw/ocm_reference.json,exact_canonical_operator_name,,,
a_f24ae0fd827e85a62c61,l_8f3a73c756a52fd8393e,operator_website,http://www.teslamotors.com,operator,,23.0,data/raw/ocm_reference.json,exact_canonical_operator_name,,,
a_f84882fd4be3140cc87f,l_a98884c7b5b79e35088f,operator_website,https://joltcharge.com,operator,,3529.0,data/raw/ocm_reference.json,exact_canonical_operator_name,,,
a_feb41221508ed5cb9057,l_a432cf056b20181bd38a,operator_website,https://exploren.com.au/,operator,,3622.0,data/raw/ocm_reference.json,exact_canonical_operator_name,,,
a_b65185e9534345a25711,l_614879eb5abcab6f959a,operator_website,http://goevie.com.au/,operator,,3398.0,data/raw/ocm_reference.json,exact_canonical_operator_name,,,
a_dc7f7bf21b512259f376,l_9d4074fac6e1238e6536,operator_website,http://goevie.com.au/,operator,,3398.0,data/raw/ocm_reference.json,exact_canonical_operator_name,,,
a_833fc6e838fb9c8501bf,l_ed98349f6a8f0240a5c3,operator_website,https://joltcharge.com,operator,,3529.0,data/raw/ocm_reference.json,exact_canonical_operator_name,,,
a_a9ba559737b40ae7b75e,l_32eb185d7df4945bac3c,operator_website,https://www.bp.com/en_au/australia/home/products-services/bppulse.html,operator,,3659.0,data/raw/ocm_reference.json,exact_canonical_operator_name,,,
a_cb97929942426fb0d34e,l_395d72b887ba3c6c001b,operator_website,http://goevie.com.au/,operator,,3398.0,data/raw/ocm_reference.json,exact_canonical_operator_name,,,
a_5a80d88ad714204586d7,l_b00ffb63143d9845800c,operator_website,https://www.tesla.com/en_AU/support/non-tesla-supercharging,operator,,3534.0,data/raw/ocm_reference.json,exact_canonical_operator_name,,,
a_5b99254cfb992b1e3540,l_b00ffb63143d9845800c,operator_website,http://www.teslamotors.com,operator,,23.0,data/raw/ocm_reference.json,exact_canonical_operator_name,,,
a_af42e12e3be5a55073f1,l_eb0ffbfcd4758036faaa,operator_website,https://joltcharge.com,operator,,3529.0,data/raw/ocm_reference.json,exact_canonical_operator_name,,,
a_54701b3220e9f66b08f8,l_5617df25e7fc5dc3ef32,operator_website,https://joltcharge.com,operator,,3529.0,data/raw/ocm_reference.json,exact_canonical_operator_name,,,
a_b2d81b86fb433772be7b,l_266e266de6f4aa33872b,operator_website,http://goevie.com.au/,operator,,3398.0,data/raw/ocm_reference.json,exact_canonical_operator_name,,,
a_e8d875654234ae163cd5,l_fcdc20146cc4aad3252b,operator_website,https://everty.com.au/,operator,,3609.0,data/raw/ocm_reference.json,exact_canonical_operator_name,,,
a_d969dcd73e321d8ed84c,l_f9ba087aa70daec660fd,operator_website,https://www.tesla.com/en_AU/support/non-tesla-supercharging,operator,,3534.0,data/raw/ocm_reference.json,exact_canonical_operator_name,,,
a_e05d1db5fb368446c2c3,l_f9ba087aa70daec660fd,operator_website,http://www.teslamotors.com,operator,,23.0,data/raw/ocm_reference.json,exact_canonical_operator_name,,,
a_f46fbe5c5e84b049c12c,l_ba42707ee6dfafd3d846,operator_website,https://exploren.com.au/,operator,,3622.0,data/raw/ocm_reference.json,exact_canonical_operator_name,,,
a_f8969d25bbe0d9edfb35,l_f2dba8611f1cace1eddb,operator_website,https://exploren.com.au/,operator,,3622.0,data/raw/ocm_reference.json,exact_canonical_operator_name,,,
a_d889aa9fe14a484b887a,l_8dd767a83bde0adf7651,operator_website,https://exploren.com.au/,operator,,3622.0,data/raw/ocm_reference.json,exact_canonical_operator_name,,,
a_a2c947d319e0264cbd41,l_d1876bc476f9ae838287,operator_website,https://joltcharge.com,operator,,3529.0,data/raw/ocm_reference.json,exact_canonical_operator_name,,,
a_202e28d6955034b4f5f2,l_7947f7985f70470e281f,operator_website,https://www.tesla.com/en_AU/support/non-tesla-supercharging,operator,,3534.0,data/raw/ocm_reference.json,exact_canonical_operator_name,,,
a_346cf27b5d84b3661acd,l_7947f7985f70470e281f,operator_website,http://www.teslamotors.com,operator,,23.0,data/raw/ocm_reference.json,exact_canonical_operator_name,,,
a_0b9685022c0a833ba5cc,l_e6ef0955f0bbc68009bb,operator_website,https://chargefox.com,operator,,3339.0,data/raw/ocm_reference.json,exact_canonical_operator_name,,,
a_33f5e83b5e6d9edbb6ac,l_745d190c329ae2a2d826,operator_website,https://www.tesla.com/en_AU/support/non-tesla-supercharging,operator,,3534.0,data/raw/ocm_reference.json,exact_canonical_operator_name,,,
a_c9219c1b476a489d9c52,l_745d190c329ae2a2d826,operator_website,http://www.teslamotors.com,operator,,23.0,data/raw/ocm_reference.json,exact_canonical_operator_name,,,
a_d48df78e4fbd71c39e73,l_c0301b6e85e7f824f2d7,operator_website,https://exploren.com.au/,operator,,3622.0,data/raw/ocm_reference.json,exact_canonical_operator_name,,,
a_4f1c3e24fb1b41c6033f,l_58679f2cce2f2abf3628,operator_website,https://www.bp.com/en_au/australia/home/products-services/bppulse.html,operator,,3659.0,data/raw/ocm_reference.json,exact_canonical_operator_name,,,
a_c6663342b394e04a6559,l_ad70c1db2e20eb4f7bdd,operator_website,https://exploren.com.au/,operator,,3622.0,data/raw/ocm_reference.json,exact_canonical_operator_name,,,
a_07a8065c1055afa531e7,l_d39f4fc8acfc83c787e0,operator_website,http://goevie.com.au/,operator,,3398.0,data/raw/ocm_reference.json,exact_canonical_operator_name,,,
a_f19df1cc30c115198434,l_560a069790db2f826869,operator_website,https://exploren.com.au/,operator,,3622.0,data/raw/ocm_reference.json,exact_canonical_operator_name,,,
a_502b2d4a9a7c75ae9d74,l_48331edb16cf4b92cca5,operator_website,https://www.tesla.com/en_AU/support/non-tesla-supercharging,operator,,3534.0,data/raw/ocm_reference.json,exact_canonical_operator_name,,,
a_485c86559a66c21187ff,l_48331edb16cf4b92cca5,operator_website,http://www.teslamotors.com,operator,,23.0,data/raw/ocm_reference.json,exact_canonical_operator_name,,,
a_a806e5f7602a1038be54,l_bc43dfca880ffb942ad0,operator_website,https://www.tesla.com/en_AU/support/non-tesla-supercharging,operator,,3534.0,data/raw/ocm_reference.json,exact_canonical_operator_name,,,
a_e650a9f94e007c15a617,l_bc43dfca880ffb942ad0,operator_website,http://www.teslamotors.com,operator,,23.0,data/raw/ocm_reference.json,exact_canonical_operator_name,,,
a_8a24a4c439f19acee94d,l_d5aba7151b28444981c7,operator_website,http://goevie.com.au/,operator,,3398.0,data/raw/ocm_reference.json,exact_canonical_operator_name,,,
a_2272c23607c7757cedd3,l_5a624b39d21362429fa3,operator_website,https://www.tesla.com/en_AU/support/non-tesla-supercharging,operator,,3534.0,data/raw/ocm_reference.json,exact_canonical_operator_name,,,
a_f169c5d7e7733a9e183d,l_5a624b39d21362429fa3,operator_website,http://www.teslamotors.com,operator,,23.0,data/raw/ocm_reference.json,exact_canonical_operator_name,,,
a_5bb73dbbc9706c3155db,l_50301b9f6a1e07b9dbc5,operator_website,https://www.tesla.com/en_AU/support/non-tesla-supercharging,operator,,3534.0,data/raw/ocm_reference.json,exact_canonical_operator_name,,,
a_2743907ae5891a153d8c,l_50301b9f6a1e07b9dbc5,operator_website,http://www.teslamotors.com,operator,,23.0,data/raw/ocm_reference.json,exact_canonical_operator_name,,,
a_f89050f81677d947817b,l_3c709d000dacb5619f7d,operator_website,https://exploren.com.au/,operator,,3622.0,data/raw/ocm_reference.json,exact_canonical_operator_name,,,
a_e557106529b60545375c,l_51489750c9bacd1f1530,operator_website,https://www.bp.com/en_au/australia/home/products-services/bppulse.html,operator,,3659.0,data/raw/ocm_reference.json,exact_canonical_operator_name,,,
a_10ab5db9066f2b04d870,l_38f1a55b517de3b5e924,operator_website,https://www.tesla.com/en_AU/support/non-tesla-supercharging,operator,,3534.0,data/raw/ocm_reference.json,exact_canonical_operator_name,,,
a_5a746a7111796f4cbe8f,l_38f1a55b517de3b5e924,operator_website,http://www.teslamotors.com,operator,,23.0,data/raw/ocm_reference.json,exact_canonical_operator_name,,,
a_8b4e851814456ed8f228,l_a1a130c747718c4382b3,operator_website,http://goevie.com.au/,operator,,3398.0,data/raw/ocm_reference.json,exact_canonical_operator_name,,,
a_17cee3a97cb0bc39f181,l_64f6f9d49f6ef52fa949,operator_website,https://exploren.com.au/,operator,,3622.0,data/raw/ocm_reference.json,exact_canonical_operator_name,,,
a_17914021b7e1189eb51b,l_7631a9743b06ffef2965,operator_website,http://goevie.com.au/,operator,,3398.0,data/raw/ocm_reference.json,exact_canonical_operator_name,,,
a_f15d501caa2d83286f65,l_1761162d94172575a525,operator_website,https://chargefox.com,operator,,3339.0,data/raw/ocm_reference.json,exact_canonical_operator_name,,,
a_32693eb5c16d2c3a34b0,l_96e4758e419413dfc1c3,operator_website,https://www.tesla.com/en_AU/support/non-tesla-supercharging,operator,,3534.0,data/raw/ocm_reference.json,exact_canonical_operator_name,,,
a_0621432d87b375fd07c0,l_96e4758e419413dfc1c3,operator_website,http://www.teslamotors.com,operator,,23.0,data/raw/ocm_reference.json,exact_canonical_operator_name,,,
a_23972040b0a08bfafeba,l_9d282aa1b4b1e10446cb,operator_website,https://www.tesla.com/en_AU/support/non-tesla-supercharging,operator,,3534.0,data/raw/ocm_reference.json,exact_canonical_operator_name,,,
a_ae6645e4c85063932f9b,l_9d282aa1b4b1e10446cb,operator_website,http://www.teslamotors.com,operator,,23.0,data/raw/ocm_reference.json,exact_canonical_operator_name,,,
a_21ec0a6c27e0db8e6ce8,l_41cdbd5ab07905f37d05,operator_website,https://www.tesla.com/en_AU/support/non-tesla-supercharging,operator,,3534.0,data/raw/ocm_reference.json,exact_canonical_operator_name,,,
a_9995a4dc9562cd7e2eb0,l_41cdbd5ab07905f37d05,operator_website,http://www.teslamotors.com,operator,,23.0,data/raw/ocm_reference.json,exact_canonical_operator_name,,,
a_bf69f0328f8401884320,l_6ae47c835af3f21a6b61,operator_website,https://joltcharge.com,operator,,3529.0,data/raw/ocm_reference.json,exact_canonical_operator_name,,,
a_40f01e3d8c9f50a22543,l_da1385f1598f530d7e28,operator_website,https://www.tesla.com/en_AU/support/non-tesla-supercharging,operator,,3534.0,data/raw/ocm_reference.json,exact_canonical_operator_name,,,
a_1eba04ceaea7fe9aee2a,l_da1385f1598f530d7e28,operator_website,http://www.teslamotors.com,operator,,23.0,data/raw/ocm_reference.json,exact_canonical_operator_name,,,
a_e8120ed5365acab4b8df,l_e07dbfccc7fba71deef0,operator_website,https://www.tesla.com/en_AU/support/non-tesla-supercharging,operator,,3534.0,data/raw/ocm_reference.json,exact_canonical_operator_name,,,
a_4bcd0e951174356d657c,l_e07dbfccc7fba71deef0,operator_website,http://www.teslamotors.com,operator,,23.0,data/raw/ocm_reference.json,exact_canonical_operator_name,,,
a_2f6c1ca318cee07e320d,l_22efbc6d99f788e022fc,operator_website,http://goevie.com.au/,operator,,3398.0,data/raw/ocm_reference.json,exact_canonical_operator_name,,,
a_aeee8f4ec9f461fb7307,l_b2d2b4a86d06edc75a09,operator_website,https://www.mynrma.com.au/cars-and-driving/electric-vehicles,operator,,3388.0,data/raw/ocm_reference.json,exact_canonical_operator_name,,,
a_06fb41eb13214633cb77,l_b2d2b4a86d06edc75a09,operator_phone,1300 233 544,operator,,3388.0,data/raw/ocm_reference.json,exact_canonical_operator_name,,,
a_ca271a9d4a6a9041df50,l_134a9a04efadf3cfbea1,operator_website,https://www.tesla.com/en_AU/support/non-tesla-supercharging,operator,,3534.0,data/raw/ocm_reference.json,exact_canonical_operator_name,,,
a_3d56ded5e13a279c856b,l_134a9a04efadf3cfbea1,operator_website,http://www.teslamotors.com,operator,,23.0,data/raw/ocm_reference.json,exact_canonical_operator_name,,,
a_c5f8eb0b3f83b2c0d8f6,l_25bf22876e68d474bf54,operator_website,https://www.tesla.com/en_AU/support/non-tesla-supercharging,operator,,3534.0,data/raw/ocm_reference.json,exact_canonical_operator_name,,,
a_cd3018143a9c9633ab75,l_25bf22876e68d474bf54,operator_website,http://www.teslamotors.com,operator,,23.0,data/raw/ocm_reference.json,exact_canonical_operator_name,,,
a_826a91042e16fd5a7eee,l_4e28ef0381887ae57678,operator_website,http://goevie.com.au/,operator,,3398.0,data/raw/ocm_reference.json,exact_canonical_operator_name,,,
a_a6302d5b8460af7c363f,l_98247725bf252bb5e576,operator_website,http://goevie.com.au/,operator,,3398.0,data/raw/ocm_reference.json,exact_canonical_operator_name,,,
a_70b105fde34481c31604,l_7badbdc99d2d5018d3a5,operator_website,https://exploren.com.au/,operator,,3622.0,data/raw/ocm_reference.json,exact_canonical_operator_name,,,
a_d57dfc3afedc7e7aca03,l_f662f5b85b3e6bdb4a5b,operator_website,https://exploren.com.au/,operator,,3622.0,data/raw/ocm_reference.json,exact_canonical_operator_name,,,
a_5470dde9d263ff08e14d,l_df20a72aa7db5a35d414,operator_website,https://www.tesla.com/en_AU/support/non-tesla-supercharging,operator,,3534.0,data/raw/ocm_reference.json,exact_canonical_operator_name,,,
a_846c2c18eb5bd70ddd32,l_df20a72aa7db5a35d414,operator_website,http://www.teslamotors.com,operator,,23.0,data/raw/ocm_reference.json,exact_canonical_operator_name,,,
a_8388665b875550a8d93f,l_e4302d05d226ef843e59,operator_website,https://exploren.com.au/,operator,,3622.0,data/raw/ocm_reference.json,exact_canonical_operator_name,,,
a_f176b64e43da64e66730,l_5fc3cf30e0914aec771c,operator_website,https://www.tesla.com/en_AU/support/non-tesla-supercharging,operator,,3534.0,data/raw/ocm_reference.json,exact_canonical_operator_name,,,
a_29cd5fac05604cae89bb,l_5fc3cf30e0914aec771c,operator_website,http://www.teslamotors.com,operator,,23.0,data/raw/ocm_reference.json,exact_canonical_operator_name,,,
a_02f915fc710f0d2dd8ce,l_6ee163bbc4d6e8ff5d99,operator_website,https://chargefox.com,operator,,3339.0,data/raw/ocm_reference.json,exact_canonical_operator_name,,,
a_0c95a0dd5e58e4b485fc,l_754e3307d5ed63bc24b4,operator_website,https://exploren.com.au/,operator,,3622.0,data/raw/ocm_reference.json,exact_canonical_operator_name,,,
a_f3d0e48668fc229dd06e,l_0edc9c6d28382f4aca94,operator_website,http://goevie.com.au/,operator,,3398.0,data/raw/ocm_reference.json,exact_canonical_operator_name,,,
a_d04c4d3d6691cf0986d8,l_75df30c75b76c4f15dd7,operator_website,https://exploren.com.au/,operator,,3622.0,data/raw/ocm_reference.json,exact_canonical_operator_name,,,
a_45da934437a794ed722c,l_b63549221fad87b3262c,operator_website,https://www.mynrma.com.au/cars-and-driving/electric-vehicles,operator,,3388.0,data/raw/ocm_reference.json,exact_canonical_operator_name,,,
a_719174539b1625677f55,l_b63549221fad87b3262c,operator_phone,1300 233 544,operator,,3388.0,data/raw/ocm_reference.json,exact_canonical_operator_name,,,
a_568b62a22527eb23d660,l_e88f3ce8e145e38e1110,operator_website,https://www.tesla.com/en_AU/support/non-tesla-supercharging,operator,,3534.0,data/raw/ocm_reference.json,exact_canonical_operator_name,,,
a_8462b03d35c2015731f4,l_e88f3ce8e145e38e1110,operator_website,http://www.teslamotors.com,operator,,23.0,data/raw/ocm_reference.json,exact_canonical_operator_name,,,
a_b0f4f827c2b84da8bda5,l_0d74a87023f63b91256e,operator_website,https://www.tesla.com/en_AU/support/non-tesla-supercharging,operator,,3534.0,data/raw/ocm_reference.json,exact_canonical_operator_name,,,
a_4e9ed21255ab5ca51643,l_0d74a87023f63b91256e,operator_website,http://www.teslamotors.com,operator,,23.0,data/raw/ocm_reference.json,exact_canonical_operator_name,,,
a_b8cc3d8c8ae098470e5d,l_02b3a85fd63b768948f5,operator_website,http://goevie.com.au/,operator,,3398.0,data/raw/ocm_reference.json,exact_canonical_operator_name,,,
a_f9eb549ff859c58936d4,l_9857988d3aaa41efbdc0,operator_website,https://exploren.com.au/,operator,,3622.0,data/raw/ocm_reference.json,exact_canonical_operator_name,,,
a_4edea7bfe5e10dd4cf5b,l_8722362ab3a46242a05f,operator_website,https://chargefox.com,operator,,3339.0,data/raw/ocm_reference.json,exact_canonical_operator_name,,,
a_a691022dcb2de07dba8d,l_2b94426354684c3dc9a1,operator_website,http://goevie.com.au/,operator,,3398.0,data/raw/ocm_reference.json,exact_canonical_operator_name,,,
a_e35a30c42b9cbca76b13,l_be7767c393124e2a9745,operator_website,https://chargefox.com,operator,,3339.0,data/raw/ocm_reference.json,exact_canonical_operator_name,,,
a_ef85236e09e7d101c020,l_33abbba4157cab79b6a6,operator_website,https://www.tesla.com/en_AU/support/non-tesla-supercharging,operator,,3534.0,data/raw/ocm_reference.json,exact_canonical_operator_name,,,
a_6e5f99d2b29cc578e76e,l_33abbba4157cab79b6a6,operator_website,http://www.teslamotors.com,operator,,23.0,data/raw/ocm_reference.json,exact_canonical_operator_name,,,
a_1f7c6ec70b5b393f4dd3,l_0168b8c639892dfe942b,operator_website,https://joltcharge.com,operator,,3529.0,data/raw/ocm_reference.json,exact_canonical_operator_name,,,
a_b5214aaf4dbb06153efe,l_bd8b81a55806feb514fc,operator_website,https://www.tesla.com/en_AU/support/non-tesla-supercharging,operator,,3534.0,data/raw/ocm_reference.json,exact_canonical_operator_name,,,
a_4dc261f1d7cdd4bfe67b,l_bd8b81a55806feb514fc,operator_website,http://www.teslamotors.com,operator,,23.0,data/raw/ocm_reference.json,exact_canonical_operator_name,,,
a_4bd9fd98876e4a4c76fe,l_e8e986cb0a57f722343e,operator_website,https://chargehub.solutions,operator,,3775.0,data/raw/ocm_reference.json,exact_canonical_operator_name,,,
a_49e5edaf5678a1666e35,l_12d525d5e53904464fa2,operator_website,https://joltcharge.com,operator,,3529.0,data/raw/ocm_reference.json,exact_canonical_operator_name,,,
a_ee7f71081da32435fc8a,l_659502ad4cf8c132bb7b,operator_website,https://www.mynrma.com.au/cars-and-driving/electric-vehicles,operator,,3388.0,data/raw/ocm_reference.json,exact_canonical_operator_name,,,
a_d9003e96e52a4148c326,l_659502ad4cf8c132bb7b,operator_phone,1300 233 544,operator,,3388.0,data/raw/ocm_reference.json,exact_canonical_operator_name,,,
a_a82a73f4c4837fc1d6a9,l_658cb39230ade6768e63,operator_website,https://www.mynrma.com.au/cars-and-driving/electric-vehicles,operator,,3388.0,data/raw/ocm_reference.json,exact_canonical_operator_name,,,
a_6f3e1e6221bd7477b1ab,l_658cb39230ade6768e63,operator_phone,1300 233 544,operator,,3388.0,data/raw/ocm_reference.json,exact_canonical_operator_name,,,
a_f66f99df19c5449fc69e,l_199ede8e5a0e788eb7f8,operator_website,https://www.tesla.com/en_AU/support/non-tesla-supercharging,operator,,3534.0,data/raw/ocm_reference.json,exact_canonical_operator_name,,,
a_ad3ae34b1264fe2a7809,l_199ede8e5a0e788eb7f8,operator_website,http://www.teslamotors.com,operator,,23.0,data/raw/ocm_reference.json,exact_canonical_operator_name,,,
a_4eeb60123a0b74a9be5e,l_aa9edfeed40a59dcb3e8,operator_website,https://www.tesla.com/en_AU/support/non-tesla-supercharging,operator,,3534.0,data/raw/ocm_reference.json,exact_canonical_operator_name,,,
a_bfd7b02f038571fdac4e,l_aa9edfeed40a59dcb3e8,operator_website,http://www.teslamotors.com,operator,,23.0,data/raw/ocm_reference.json,exact_canonical_operator_name,,,
a_d1d89aa3f57814fb7f67,l_688b0c2087b8ebfbc60f,operator_website,https://www.mynrma.com.au/cars-and-driving/electric-vehicles,operator,,3388.0,data/raw/ocm_reference.json,exact_canonical_operator_name,,,
a_6a3ccd72c2c12e120362,l_688b0c2087b8ebfbc60f,operator_phone,1300 233 544,operator,,3388.0,data/raw/ocm_reference.json,exact_canonical_operator_name,,,
a_1532eb6d5dd3d22a7696,l_458ac53a3306ffd54297,operator_website,https://chargefox.com,operator,,3339.0,data/raw/ocm_reference.json,exact_canonical_operator_name,,,
a_5b7d2dc6cc4fc6cb0505,l_47afd4696eb10fe958b7,operator_website,https://www.tesla.com/en_AU/support/non-tesla-supercharging,operator,,3534.0,data/raw/ocm_reference.json,exact_canonical_operator_name,,,
a_86296e372c09096a3702,l_47afd4696eb10fe958b7,operator_website,http://www.teslamotors.com,operator,,23.0,data/raw/ocm_reference.json,exact_canonical_operator_name,,,
a_f959016045ded5d595fe,l_22acf8d0c18f6d1f69e5,operator_website,https://www.mynrma.com.au/cars-and-driving/electric-vehicles,operator,,3388.0,data/raw/ocm_reference.json,exact_canonical_operator_name,,,
a_493b4d8c2e510d6c2235,l_22acf8d0c18f6d1f69e5,operator_phone,1300 233 544,operator,,3388.0,data/raw/ocm_reference.json,exact_canonical_operator_name,,,
a_9ae72d1b9438f4eb6b41,l_41188646b478932fd615,operator_website,http://goevie.com.au/,operator,,3398.0,data/raw/ocm_reference.json,exact_canonical_operator_name,,,
a_0526f09cc149dcdc99ac,l_288819f2d088ca1ee546,operator_website,https://www.tesla.com/en_AU/support/non-tesla-supercharging,operator,,3534.0,data/raw/ocm_reference.json,exact_canonical_operator_name,,,
a_18f94aeca13108867883,l_288819f2d088ca1ee546,operator_website,http://www.teslamotors.com,operator,,23.0,data/raw/ocm_reference.json,exact_canonical_operator_name,,,
a_707c63ca2a7065df1eb6,l_21cee21c81c715f4b0b8,operator_website,https://exploren.com.au/,operator,,3622.0,data/raw/ocm_reference.json,exact_canonical_operator_name,,,
a_038365e93619d19d7f9d,l_1578877fcbf36c589211,operator_website,https://chargefox.com,operator,,3339.0,data/raw/ocm_reference.json,exact_canonical_operator_name,,,
a_55b293c5dbc4e0e46a02,l_7f312e33fb43e3fabb62,operator_website,https://exploren.com.au/,operator,,3622.0,data/raw/ocm_reference.json,exact_canonical_operator_name,,,
a_c69733cadf577c633b59,l_8f64648fb1b4c05f5d16,operator_website,http://goevie.com.au/,operator,,3398.0,data/raw/ocm_reference.json,exact_canonical_operator_name,,,
a_b2abffdd74a1e7718ff0,l_e30665b1b98b4640a833,operator_website,https://www.tesla.com/en_AU/support/non-tesla-supercharging,operator,,3534.0,data/raw/ocm_reference.json,exact_canonical_operator_name,,,
a_88db49b565cf4ff10a10,l_e30665b1b98b4640a833,operator_website,http://www.teslamotors.com,operator,,23.0,data/raw/ocm_reference.json,exact_canonical_operator_name,,,
a_d97177bd21e1bf39d8dd,l_ce1d2a7d82972aca01f2,operator_website,http://goevie.com.au/,operator,,3398.0,data/raw/ocm_reference.json,exact_canonical_operator_name,,,
a_12df764bf15a89baadd1,l_c182756fce5e784dd73b,operator_website,http://www.chargepoint.net/,operator,,5.0,data/raw/ocm_reference.json,exact_canonical_operator_name,,,
a_a47f4bb63ef4bf1ef229,l_c182756fce5e784dd73b,operator_phone,1-408-841-4500,operator,,5.0,data/raw/ocm_reference.json,exact_canonical_operator_name,,,
a_ad52e264b5b92970c9a2,l_898bc643a32acadc26b8,operator_website,https://exploren.com.au/,operator,,3622.0,data/raw/ocm_reference.json,exact_canonical_operator_name,,,
a_889c3aa9447939cd2a17,l_b53b6f3f59f5c03bed4f,operator_website,https://chargefox.com,operator,,3339.0,data/raw/ocm_reference.json,exact_canonical_operator_name,,,
a_7d35091cd8487eb83349,l_e67f3b17e86f6561da7f,operator_website,https://exploren.com.au/,operator,,3622.0,data/raw/ocm_reference.json,exact_canonical_operator_name,,,
a_f6c564d2f938b971c98a,l_0677e5b44489c9847510,operator_website,https://joltcharge.com,operator,,3529.0,data/raw/ocm_reference.json,exact_canonical_operator_name,,,
a_f91d52aa9a1692bece0e,l_a6fcff954228b2a7371d,operator_website,https://www.tesla.com/en_AU/support/non-tesla-supercharging,operator,,3534.0,data/raw/ocm_reference.json,exact_canonical_operator_name,,,
a_616fd991ca155fd64da7,l_a6fcff954228b2a7371d,operator_website,http://www.teslamotors.com,operator,,23.0,data/raw/ocm_reference.json,exact_canonical_operator_name,,,
a_f81dfda3c569518565ff,l_183e4a9531849b98ff98,operator_website,https://joltcharge.com,operator,,3529.0,data/raw/ocm_reference.json,exact_canonical_operator_name,,,
a_5872a802700e30b59469,l_480ccd145117443d7005,operator_website,https://chargefox.com,operator,,3339.0,data/raw/ocm_reference.json,exact_canonical_operator_name,,,
a_86a1e837960206bd1266,l_868948efeed878eba6b4,operator_website,https://chargefox.com,operator,,3339.0,data/raw/ocm_reference.json,exact_canonical_operator_name,,,
a_a07084b5e6578f3d8047,l_63d45929d3b56d4066ac,operator_website,https://www.tesla.com/en_AU/support/non-tesla-supercharging,operator,,3534.0,data/raw/ocm_reference.json,exact_canonical_operator_name,,,
a_9133fd144534ee30bbec,l_63d45929d3b56d4066ac,operator_website,http://www.teslamotors.com,operator,,23.0,data/raw/ocm_reference.json,exact_canonical_operator_name,,,
a_66145c4668eaf1eb9aa8,l_b0f74363f2923661b48b,operator_website,https://www.tesla.com/en_AU/support/non-tesla-supercharging,operator,,3534.0,data/raw/ocm_reference.json,exact_canonical_operator_name,,,
a_c83230531a11c7e06859,l_b0f74363f2923661b48b,operator_website,http://www.teslamotors.com,operator,,23.0,data/raw/ocm_reference.json,exact_canonical_operator_name,,,
a_cf062a84d362c989f334,l_83ec183015f9114bdfe1,operator_website,https://www.tesla.com/en_AU/support/non-tesla-supercharging,operator,,3534.0,data/raw/ocm_reference.json,exact_canonical_operator_name,,,
a_fe49b881350e071b947c,l_83ec183015f9114bdfe1,operator_website,http://www.teslamotors.com,operator,,23.0,data/raw/ocm_reference.json,exact_canonical_operator_name,,,
a_bf5bfa83839ea6a75cd4,l_66cbe5067887e42fba46,operator_website,https://exploren.com.au/,operator,,3622.0,data/raw/ocm_reference.json,exact_canonical_operator_name,,,
a_421be5ec626f42fc4ae6,l_c4b21b8d5d74c881e088,operator_website,https://www.tesla.com/en_AU/support/non-tesla-supercharging,operator,,3534.0,data/raw/ocm_reference.json,exact_canonical_operator_name,,,
a_f367f4c797f8aa6eabab,l_c4b21b8d5d74c881e088,operator_website,http://www.teslamotors.com,operator,,23.0,data/raw/ocm_reference.json,exact_canonical_operator_name,,,
a_2c502fe75bc37e6577c1,l_18055a332654327f3c79,operator_website,https://www.tesla.com/en_AU/support/non-tesla-supercharging,operator,,3534.0,data/raw/ocm_reference.json,exact_canonical_operator_name,,,
a_fac632d5111d24fcbba5,l_18055a332654327f3c79,operator_website,http://www.teslamotors.com,operator,,23.0,data/raw/ocm_reference.json,exact_canonical_operator_name,,,
a_60cb0c6308cec1df4f0e,l_56546e0da01f8979de67,operator_website,https://www.tesla.com/en_AU/support/non-tesla-supercharging,operator,,3534.0,data/raw/ocm_reference.json,exact_canonical_operator_name,,,
a_3a6a3ed5da750d66e55d,l_56546e0da01f8979de67,operator_website,http://www.teslamotors.com,operator,,23.0,data/raw/ocm_reference.json,exact_canonical_operator_name,,,
a_f66b01da3631f26725f3,l_dffe26aa2d90e923acd9,operator_website,https://joltcharge.com,operator,,3529.0,data/raw/ocm_reference.json,exact_canonical_operator_name,,,
a_5cd12a824fb0b72753f6,l_71f8da8ffb0f939d0e4b,operator_website,https://www.tesla.com/en_AU/support/non-tesla-supercharging,operator,,3534.0,data/raw/ocm_reference.json,exact_canonical_operator_name,,,
a_8eea08e818b3366f0a39,l_71f8da8ffb0f939d0e4b,operator_website,http://www.teslamotors.com,operator,,23.0,data/raw/ocm_reference.json,exact_canonical_operator_name,,,
a_8b3c86091f63ac3afddb,l_5dd898752e9e1c6901fc,operator_website,https://chargefox.com,operator,,3339.0,data/raw/ocm_reference.json,exact_canonical_operator_name,,,
a_c1074e8eddb57fa61b7e,l_ceecdbcd065ecc4f7c43,operator_website,https://www.tesla.com/en_AU/support/non-tesla-supercharging,operator,,3534.0,data/raw/ocm_reference.json,exact_canonical_operator_name,,,
a_1e0b03d2c00a9e6cd96a,l_ceecdbcd065ecc4f7c43,operator_website,http://www.teslamotors.com,operator,,23.0,data/raw/ocm_reference.json,exact_canonical_operator_name,,,
a_c93ad1e0ac1010456f14,l_4cf4253db9bbfd00d2db,operator_website,http://www.chargepoint.net/,operator,,5.0,data/raw/ocm_reference.json,exact_canonical_operator_name,,,
a_2263d4796b351848aaab,l_4cf4253db9bbfd00d2db,operator_phone,1-408-841-4500,operator,,5.0,data/raw/ocm_reference.json,exact_canonical_operator_name,,,
a_77787d53bb8e7a784a89,l_e7f22868b762b7f9b7af,operator_website,http://www.chargepoint.net/,operator,,5.0,data/raw/ocm_reference.json,exact_canonical_operator_name,,,
a_f3fe2b062e1fec67c774,l_e7f22868b762b7f9b7af,operator_phone,1-408-841-4500,operator,,5.0,data/raw/ocm_reference.json,exact_canonical_operator_name,,,
a_620636ca8d4456aa26ba,l_92c7ac4d6d406c5c4034,operator_website,https://www.tesla.com/en_AU/support/non-tesla-supercharging,operator,,3534.0,data/raw/ocm_reference.json,exact_canonical_operator_name,,,
a_dab69629a1745e535771,l_92c7ac4d6d406c5c4034,operator_website,http://www.teslamotors.com,operator,,23.0,data/raw/ocm_reference.json,exact_canonical_operator_name,,,
a_7162859620fa47499218,l_38a3d4faaa538c64c4f2,operator_website,https://exploren.com.au/,operator,,3622.0,data/raw/ocm_reference.json,exact_canonical_operator_name,,,
a_0cd241222deb54a07204,l_625e47bd482aa02c099b,operator_website,https://www.tesla.com/en_AU/support/non-tesla-supercharging,operator,,3534.0,data/raw/ocm_reference.json,exact_canonical_operator_name,,,
a_bace62a0c66d6fcec181,l_625e47bd482aa02c099b,operator_website,http://www.teslamotors.com,operator,,23.0,data/raw/ocm_reference.json,exact_canonical_operator_name,,,
a_f20ce1e60ba34f49e9f0,l_d9778396c3c14741c1d7,operator_website,http://goevie.com.au/,operator,,3398.0,data/raw/ocm_reference.json,exact_canonical_operator_name,,,
a_b6be3c7860d3b611a3a6,l_7961c79944339bbbbff7,operator_website,https://chargefox.com,operator,,3339.0,data/raw/ocm_reference.json,exact_canonical_operator_name,,,
a_946ba1edf1ac30623cd4,l_1d1b2fca2fa995389941,operator_website,http://goevie.com.au/,operator,,3398.0,data/raw/ocm_reference.json,exact_canonical_operator_name,,,
a_3dc468b90a208f4990cd,l_42dc675961a0495c8a90,operator_website,https://www.tesla.com/en_AU/support/non-tesla-supercharging,operator,,3534.0,data/raw/ocm_reference.json,exact_canonical_operator_name,,,
a_8c518cd0a99271756851,l_42dc675961a0495c8a90,operator_website,http://www.teslamotors.com,operator,,23.0,data/raw/ocm_reference.json,exact_canonical_operator_name,,,
a_95860c76827419f436b4,l_2764795b8170945afb4b,operator_website,https://www.bp.com/en_au/australia/home/products-services/bppulse.html,operator,,3659.0,data/raw/ocm_reference.json,exact_canonical_operator_name,,,
a_ff97e68198c8e23fc440,l_0d8815cebcedd5fc296a,operator_website,https://www.tesla.com/en_AU/support/non-tesla-supercharging,operator,,3534.0,data/raw/ocm_reference.json,exact_canonical_operator_name,,,
a_4b9ad70f7d4ec35b7a24,l_0d8815cebcedd5fc296a,operator_website,http://www.teslamotors.com,operator,,23.0,data/raw/ocm_reference.json,exact_canonical_operator_name,,,
a_14b211b7dbefd5e13937,l_22ad3567c7fd7e9df8eb,operator_website,https://www.bp.com/en_au/australia/home/products-services/bppulse.html,operator,,3659.0,data/raw/ocm_reference.json,exact_canonical_operator_name,,,
a_52e81caeb87a86cd0900,l_1626804acbefbef76625,operator_website,https://chargefox.com,operator,,3339.0,data/raw/ocm_reference.json,exact_canonical_operator_name,,,
a_34127c6747a9c13e6e03,l_b9efd94cd6bb4b7a1711,operator_website,https://exploren.com.au/,operator,,3622.0,data/raw/ocm_reference.json,exact_canonical_operator_name,,,
a_e1296c5bbd6066a49884,l_02585f3e8d53ba5579d3,operator_website,https://exploren.com.au/,operator,,3622.0,data/raw/ocm_reference.json,exact_canonical_operator_name,,,
a_c576db8e345cf0145b19,l_557d9a33a7ab574a4943,operator_website,http://goevie.com.au/,operator,,3398.0,data/raw/ocm_reference.json,exact_canonical_operator_name,,,
a_5efa17d45cd9274b4a11,l_528ca783384bd59c897d,operator_website,https://www.tesla.com/en_AU/support/non-tesla-supercharging,operator,,3534.0,data/raw/ocm_reference.json,exact_canonical_operator_name,,,
a_5e552ddc597e2093be06,l_528ca783384bd59c897d,operator_website,http://www.teslamotors.com,operator,,23.0,data/raw/ocm_reference.json,exact_canonical_operator_name,,,
a_f035f162f101dead8581,l_bb99e617c715af18403c,operator_website,https://www.tesla.com/en_AU/support/non-tesla-supercharging,operator,,3534.0,data/raw/ocm_reference.json,exact_canonical_operator_name,,,
a_effb56d3b0ac29da6bc0,l_bb99e617c715af18403c,operator_website,http://www.teslamotors.com,operator,,23.0,data/raw/ocm_reference.json,exact_canonical_operator_name,,,
a_4ca1f9eec7ca12714040,l_9ee66b250daf221c2b06,operator_website,https://www.tesla.com/en_AU/support/non-tesla-supercharging,operator,,3534.0,data/raw/ocm_reference.json,exact_canonical_operator_name,,,
a_3d0b673ebe4a8823263a,l_9ee66b250daf221c2b06,operator_website,http://www.teslamotors.com,operator,,23.0,data/raw/ocm_reference.json,exact_canonical_operator_name,,,
a_60370d3890d8c39a3ef3,l_765cd59dc025044eb30a,operator_website,https://www.tesla.com/en_AU/support/non-tesla-supercharging,operator,,3534.0,data/raw/ocm_reference.json,exact_canonical_operator_name,,,
a_9cbe4819d6017c6258c6,l_765cd59dc025044eb30a,operator_website,http://www.teslamotors.com,operator,,23.0,data/raw/ocm_reference.json,exact_canonical_operator_name,,,
a_35cd1c3e8995b9a1740f,l_79b03c79ef9d28df939e,operator_website,https://everty.com.au/,operator,,3609.0,data/raw/ocm_reference.json,exact_canonical_operator_name,,,
a_f1d5b32f468255deffbc,l_fcedd4c38f90a4984a25,operator_website,https://www.tesla.com/en_AU/support/non-tesla-supercharging,operator,,3534.0,data/raw/ocm_reference.json,exact_canonical_operator_name,,,
a_08a1e6f484d5ba24720f,l_fcedd4c38f90a4984a25,operator_website,http://www.teslamotors.com,operator,,23.0,data/raw/ocm_reference.json,exact_canonical_operator_name,,,
a_f391ab2f4981ed695584,l_f08dc378b9060588abe1,operator_website,https://exploren.com.au/,operator,,3622.0,data/raw/ocm_reference.json,exact_canonical_operator_name,,,
a_24425ec2c58a6acd6995,l_9565ff52769d04a1bfdc,operator_website,https://www.tesla.com/en_AU/support/non-tesla-supercharging,operator,,3534.0,data/raw/ocm_reference.json,exact_canonical_operator_name,,,
a_09f6d207d73dfa6afaac,l_9565ff52769d04a1bfdc,operator_website,http://www.teslamotors.com,operator,,23.0,data/raw/ocm_reference.json,exact_canonical_operator_name,,,
a_48cadced2dea3ebbb7ad,l_99ad1e5acb4c7a95e19d,operator_website,https://ampcharge.ampol.com.au/,operator,,3625.0,data/raw/ocm_reference.json,exact_canonical_operator_name,,,
a_6c99af7ce407a21c7d48,l_c6aa157c311d6ffe7c2d,operator_website,https://www.tesla.com/en_AU/support/non-tesla-supercharging,operator,,3534.0,data/raw/ocm_reference.json,exact_canonical_operator_name,,,
a_84eacd8e7b565dd6baa9,l_c6aa157c311d6ffe7c2d,operator_website,http://www.teslamotors.com,operator,,23.0,data/raw/ocm_reference.json,exact_canonical_operator_name,,,
a_c272afae176184564f71,l_6f087bf50b55abafc36a,operator_website,https://www.engie.com,operator,,3595.0,data/raw/ocm_reference.json,exact_canonical_operator_name,,,
a_d6ef2230094f44d4d582,l_90a0becf3134172d1f01,operator_website,https://chargefox.com,operator,,3339.0,data/raw/ocm_reference.json,exact_canonical_operator_name,,,
a_c2a5e7f85ba10ca189bf,l_302a07a2f0a3f2301f69,operator_website,https://chargefox.com,operator,,3339.0,data/raw/ocm_reference.json,exact_canonical_operator_name,,,
a_4f68d3e0285dad7dc7c0,l_a571645e8251a1425054,operator_website,https://www.tesla.com/en_AU/support/non-tesla-supercharging,operator,,3534.0,data/raw/ocm_reference.json,exact_canonical_operator_name,,,
a_2ff43019841d349f784d,l_a571645e8251a1425054,operator_website,http://www.teslamotors.com,operator,,23.0,data/raw/ocm_reference.json,exact_canonical_operator_name,,,
a_44830c2f41a72faae298,l_1e77bda2804678f6410e,operator_website,https://chargehub.solutions,operator,,3775.0,data/raw/ocm_reference.json,exact_canonical_operator_name,,,
a_6cafe5f05f5796eaf996,l_8105e23dfb8bf6df2909,operator_website,https://www.engie.com,operator,,3595.0,data/raw/ocm_reference.json,exact_canonical_operator_name,,,
a_ad2d66fa98bdc2caaec4,l_7dad04d58605282bca5d,operator_website,https://chargefox.com,operator,,3339.0,data/raw/ocm_reference.json,exact_canonical_operator_name,,,
a_9a0fc00eb7cd20ac40f3,l_660c7b08ec7369142df6,operator_website,https://www.tesla.com/en_AU/support/non-tesla-supercharging,operator,,3534.0,data/raw/ocm_reference.json,exact_canonical_operator_name,,,
a_1bb3ddceda5d88bbff34,l_660c7b08ec7369142df6,operator_website,http://www.teslamotors.com,operator,,23.0,data/raw/ocm_reference.json,exact_canonical_operator_name,,,
a_e168dbb6e10a7463c6cd,l_43fe4eb57932ce0ae018,operator_website,https://exploren.com.au/,operator,,3622.0,data/raw/ocm_reference.json,exact_canonical_operator_name,,,
a_e36c04224b3ebe713293,l_c503ef26239a612c9446,operator_website,https://chargefox.com,operator,,3339.0,data/raw/ocm_reference.json,exact_canonical_operator_name,,,
a_384abea0a670a5cffaff,l_5480293dbd5f62828817,operator_website,https://chargefox.com,operator,,3339.0,data/raw/ocm_reference.json,exact_canonical_operator_name,,,
a_1a1fa1c57d45294720a5,l_8160954da25d776cd777,operator_website,https://www.tesla.com/en_AU/support/non-tesla-supercharging,operator,,3534.0,data/raw/ocm_reference.json,exact_canonical_operator_name,,,
a_832c53ca6a7bc8ca2884,l_8160954da25d776cd777,operator_website,http://www.teslamotors.com,operator,,23.0,data/raw/ocm_reference.json,exact_canonical_operator_name,,,
a_3f64c2d358a5651c9a98,l_1b955c9049e5ce5a7529,operator_website,https://www.tesla.com/en_AU/support/non-tesla-supercharging,operator,,3534.0,data/raw/ocm_reference.json,exact_canonical_operator_name,,,
a_deb085e4176bbf208c08,l_1b955c9049e5ce5a7529,operator_website,http://www.teslamotors.com,operator,,23.0,data/raw/ocm_reference.json,exact_canonical_operator_name,,,
a_29b767d769b8ea075407,l_c5a24cae83be1847998f,operator_website,https://chargefox.com,operator,,3339.0,data/raw/ocm_reference.json,exact_canonical_operator_name,,,
a_ddd8f1b9ee306f18b4d8,l_51fdc7150b6a337ce00b,operator_website,https://exploren.com.au/,operator,,3622.0,data/raw/ocm_reference.json,exact_canonical_operator_name,,,
a_e00fecc81b10b3fdd7d0,l_3cadc82143735fb35f71,operator_website,https://www.bp.com/en_au/australia/home/products-services/bppulse.html,operator,,3659.0,data/raw/ocm_reference.json,exact_canonical_operator_name,,,
a_df48b3aa0549127be22f,l_221de9e0e2d75945c5b7,operator_website,https://www.mynrma.com.au/cars-and-driving/electric-vehicles,operator,,3388.0,data/raw/ocm_reference.json,exact_canonical_operator_name,,,
a_c84423d8f8aa31e9dcf0,l_221de9e0e2d75945c5b7,operator_phone,1300 233 544,operator,,3388.0,data/raw/ocm_reference.json,exact_canonical_operator_name,,,
a_dd109f241a198d7ad762,l_d6a103d4236d79a8dbda,operator_website,https://chargefox.com,operator,,3339.0,data/raw/ocm_reference.json,exact_canonical_operator_name,,,
a_a8c5a195ab67c5c5d423,l_7f26afba4c9c450e6c01,operator_website,https://exploren.com.au/,operator,,3622.0,data/raw/ocm_reference.json,exact_canonical_operator_name,,,
a_4ed2709b65f4ddc4ba02,l_40cf5cc3ae5db8899042,operator_website,https://www.tesla.com/en_AU/support/non-tesla-supercharging,operator,,3534.0,data/raw/ocm_reference.json,exact_canonical_operator_name,,,
a_3785d30febf6d2619269,l_40cf5cc3ae5db8899042,operator_website,http://www.teslamotors.com,operator,,23.0,data/raw/ocm_reference.json,exact_canonical_operator_name,,,
a_14013aa1d4bdee5d2d4d,l_9a08a433ebb3419ee5eb,operator_website,https://www.tesla.com/en_AU/support/non-tesla-supercharging,operator,,3534.0,data/raw/ocm_reference.json,exact_canonical_operator_name,,,
a_bb6b1640b9c7383e8dae,l_9a08a433ebb3419ee5eb,operator_website,http://www.teslamotors.com,operator,,23.0,data/raw/ocm_reference.json,exact_canonical_operator_name,,,
a_4fcce9d9a4e5d638aeb8,l_5e6eeda5a88a0b7c5b3c,operator_website,https://ampcharge.ampol.com.au/,operator,,3625.0,data/raw/ocm_reference.json,exact_canonical_operator_name,,,
a_c826e2cafbe832d359ce,l_913c9fe6ba3fdbd68b18,operator_website,https://chargefox.com,operator,,3339.0,data/raw/ocm_reference.json,exact_canonical_operator_name,,,
a_6e1b324e4c7b8ce80a26,l_7fd5bfaae6239c1e0b77,operator_website,https://www.tesla.com/en_AU/support/non-tesla-supercharging,operator,,3534.0,data/raw/ocm_reference.json,exact_canonical_operator_name,,,
a_72429f0011a3466a97ef,l_7fd5bfaae6239c1e0b77,operator_website,http://www.teslamotors.com,operator,,23.0,data/raw/ocm_reference.json,exact_canonical_operator_name,,,
a_4bbda9a85772c448c69a,l_a641d644aa6f744570af,operator_website,https://www.tesla.com/en_AU/support/non-tesla-supercharging,operator,,3534.0,data/raw/ocm_reference.json,exact_canonical_operator_name,,,
a_068783753968698bffac,l_a641d644aa6f744570af,operator_website,http://www.teslamotors.com,operator,,23.0,data/raw/ocm_reference.json,exact_canonical_operator_name,,,
a_bd4763c82961ca9cf36e,l_2e845175ca407a8c21cb,operator_website,https://chargefox.com,operator,,3339.0,data/raw/ocm_reference.json,exact_canonical_operator_name,,,
a_35abb93f30430400d053,l_3603a41e4fdd7766ebd5,operator_website,https://exploren.com.au/,operator,,3622.0,data/raw/ocm_reference.json,exact_canonical_operator_name,,,
a_e762750b8106c7c2b54c,l_107b0231246c3cd753a1,operator_website,https://exploren.com.au/,operator,,3622.0,data/raw/ocm_reference.json,exact_canonical_operator_name,,,
a_c6818cc38e7e8069733f,l_673f34d10ac560fc1cdc,operator_website,https://exploren.com.au/,operator,,3622.0,data/raw/ocm_reference.json,exact_canonical_operator_name,,,
a_5c8699613a0a0434bc20,l_003cd07c98f72a53dee8,operator_website,https://www.tesla.com/en_AU/support/non-tesla-supercharging,operator,,3534.0,data/raw/ocm_reference.json,exact_canonical_operator_name,,,
a_9cfabd14c3f94c3c5eb2,l_003cd07c98f72a53dee8,operator_website,http://www.teslamotors.com,operator,,23.0,data/raw/ocm_reference.json,exact_canonical_operator_name,,,
a_d9edfc6cde37151a6540,l_cf2fd012b6b93bd68f29,operator_website,http://goevie.com.au/,operator,,3398.0,data/raw/ocm_reference.json,exact_canonical_operator_name,,,
a_27a433cfa70b8fbd17ae,l_fdafd28750719a5f9ef5,operator_website,https://www.tesla.com/en_AU/support/non-tesla-supercharging,operator,,3534.0,data/raw/ocm_reference.json,exact_canonical_operator_name,,,
a_803b547c7d7ca706344b,l_fdafd28750719a5f9ef5,operator_website,http://www.teslamotors.com,operator,,23.0,data/raw/ocm_reference.json,exact_canonical_operator_name,,,
a_6e03c677b8ae05c73802,l_9393d85c59c3118a58b0,operator_website,https://ampcharge.ampol.com.au/,operator,,3625.0,data/raw/ocm_reference.json,exact_canonical_operator_name,,,
a_e69738aa111734c49fb0,l_22ac8e82b2f32c3fd5e7,operator_website,https://chargefox.com,operator,,3339.0,data/raw/ocm_reference.json,exact_canonical_operator_name,,,
a_44dfd28c7b81a56bf57e,l_92327481b74eaf2dba7f,operator_website,https://chargefox.com,operator,,3339.0,data/raw/ocm_reference.json,exact_canonical_operator_name,,,
a_72eb156d5a928934c8e0,l_22ae2ec49dfd03d6db54,operator_website,https://exploren.com.au/,operator,,3622.0,data/raw/ocm_reference.json,exact_canonical_operator_name,,,
a_8febabfe837a29854036,l_7af8b0583809ebb8f019,operator_website,http://goevie.com.au/,operator,,3398.0,data/raw/ocm_reference.json,exact_canonical_operator_name,,,
a_c9856d6c0237f772a11f,l_7e71fbcbf4e5d90efce0,operator_website,https://exploren.com.au/,operator,,3622.0,data/raw/ocm_reference.json,exact_canonical_operator_name,,,
a_3a8611a9edf5672ab4da,l_db19b61b3a478a7e1f42,operator_website,http://goevie.com.au/,operator,,3398.0,data/raw/ocm_reference.json,exact_canonical_operator_name,,,
a_2abaf7010df9499c585a,l_484d4c91a418d3df4cbc,operator_website,https://chargefox.com,operator,,3339.0,data/raw/ocm_reference.json,exact_canonical_operator_name,,,
a_de4bf90990177a1cdfd8,l_080b143cb4e8ae1e383f,operator_website,https://www.tesla.com/en_AU/support/non-tesla-supercharging,operator,,3534.0,data/raw/ocm_reference.json,exact_canonical_operator_name,,,
a_07dc412627598d730d01,l_080b143cb4e8ae1e383f,operator_website,http://www.teslamotors.com,operator,,23.0,data/raw/ocm_reference.json,exact_canonical_operator_name,,,
a_5611af0af9bbb934b6c9,l_5f1b81a30a7ae8b0cc0a,operator_website,https://exploren.com.au/,operator,,3622.0,data/raw/ocm_reference.json,exact_canonical_operator_name,,,
a_12753b737d7880ccf9b7,l_74ce8341afe66ed31fbb,operator_website,https://joltcharge.com,operator,,3529.0,data/raw/ocm_reference.json,exact_canonical_operator_name,,,
a_be7f0ca956bdbeb32d3c,l_32c1d5219f378116ed1b,operator_website,https://chargefox.com,operator,,3339.0,data/raw/ocm_reference.json,exact_canonical_operator_name,,,
a_3d8f3cc59e1a42d1b486,l_b8b61c9c0ff283fe2a4c,operator_website,https://www.tesla.com/en_AU/support/non-tesla-supercharging,operator,,3534.0,data/raw/ocm_reference.json,exact_canonical_operator_name,,,
a_d37919457d5f71c5bd48,l_b8b61c9c0ff283fe2a4c,operator_website,http://www.teslamotors.com,operator,,23.0,data/raw/ocm_reference.json,exact_canonical_operator_name,,,
a_c60b3345a5de5da1e2dd,l_b5e031ff4f363c15ccf7,operator_website,https://exploren.com.au/,operator,,3622.0,data/raw/ocm_reference.json,exact_canonical_operator_name,,,
a_9febdef552b0a97bbaf9,l_f8b4cc58eae8bfd4a953,operator_website,http://goevie.com.au/,operator,,3398.0,data/raw/ocm_reference.json,exact_canonical_operator_name,,,
a_850ab4a36d6d7fb45367,l_bebb19b1156280ae638e,operator_website,https://chargefox.com,operator,,3339.0,data/raw/ocm_reference.json,exact_canonical_operator_name,,,
a_0ccc971f10e92b83c6e3,l_0963d804cfc58e967b4c,operator_website,https://chargefox.com,operator,,3339.0,data/raw/ocm_reference.json,exact_canonical_operator_name,,,
a_1e6e0788c3d4185ea3d3,l_1bb727ebd0d512d34daf,operator_website,https://exploren.com.au/,operator,,3622.0,data/raw/ocm_reference.json,exact_canonical_operator_name,,,
a_d639cace04dfbd545a1b,l_f19fad3e38cd3155245d,operator_website,https://www.bp.com/en_au/australia/home/products-services/bppulse.html,operator,,3659.0,data/raw/ocm_reference.json,exact_canonical_operator_name,,,
a_7ca5c88b91add6abe17b,l_8b99751ca87142e8b3f4,operator_website,https://chargefox.com,operator,,3339.0,data/raw/ocm_reference.json,exact_canonical_operator_name,,,
a_bb0284945be8bf6064a5,l_2b175ea8e0731edc50c5,operator_website,https://exploren.com.au/,operator,,3622.0,data/raw/ocm_reference.json,exact_canonical_operator_name,,,
a_fe77d1287d274014c583,l_856f55bb1dbb65468d70,operator_website,https://exploren.com.au/,operator,,3622.0,data/raw/ocm_reference.json,exact_canonical_operator_name,,,
a_82c5c82d8368c6ad4595,l_5347c3803a68ae6f73d0,operator_website,https://exploren.com.au/,operator,,3622.0,data/raw/ocm_reference.json,exact_canonical_operator_name,,,
a_ad79a5b0636eb52e8f74,l_75c621428d772a844d6b,operator_website,https://exploren.com.au/,operator,,3622.0,data/raw/ocm_reference.json,exact_canonical_operator_name,,,
a_2871def2545d09120a46,l_b5823d39fd298d6b137d,operator_website,https://www.tesla.com/en_AU/support/non-tesla-supercharging,operator,,3534.0,data/raw/ocm_reference.json,exact_canonical_operator_name,,,
a_264cd0e01973fc3426b3,l_b5823d39fd298d6b137d,operator_website,http://www.teslamotors.com,operator,,23.0,data/raw/ocm_reference.json,exact_canonical_operator_name,,,
a_2ece4cfe5ba982064a0e,l_76564f0e5f017047ebbc,operator_website,http://www.chargepoint.net/,operator,,5.0,data/raw/ocm_reference.json,exact_canonical_operator_name,,,
a_3b01f79974ed2b0f0568,l_76564f0e5f017047ebbc,operator_phone,1-408-841-4500,operator,,5.0,data/raw/ocm_reference.json,exact_canonical_operator_name,,,
a_adaeb41847b0cde09bb9,l_705d2275b7b8d66bcc0e,operator_website,https://chargefox.com,operator,,3339.0,data/raw/ocm_reference.json,exact_canonical_operator_name,,,
a_4df20150fc2158540d26,l_c88a0765c9b2106edf1c,operator_website,https://www.tesla.com/en_AU/support/non-tesla-supercharging,operator,,3534.0,data/raw/ocm_reference.json,exact_canonical_operator_name,,,
a_70bc5c79ef95a23ac3f0,l_c88a0765c9b2106edf1c,operator_website,http://www.teslamotors.com,operator,,23.0,data/raw/ocm_reference.json,exact_canonical_operator_name,,,
a_6f61afd39464e8727feb,l_3acb577be63bc7dc74fa,operator_website,https://chargefox.com,operator,,3339.0,data/raw/ocm_reference.json,exact_canonical_operator_name,,,
a_0b55c16944587187cd10,l_2a877bc89839b8526c18,operator_website,https://chargefox.com,operator,,3339.0,data/raw/ocm_reference.json,exact_canonical_operator_name,,,
a_0a89632919c4c972555a,l_e6336143ad704af8bb66,operator_website,https://exploren.com.au/,operator,,3622.0,data/raw/ocm_reference.json,exact_canonical_operator_name,,,
a_7969b6a11d0a93e9eaba,l_3704846038c47d6a6cd2,operator_website,https://exploren.com.au/,operator,,3622.0,data/raw/ocm_reference.json,exact_canonical_operator_name,,,
a_81ad929a972226cc496b,l_810012f620fe9ed3e622,operator_website,https://www.tesla.com/en_AU/support/non-tesla-supercharging,operator,,3534.0,data/raw/ocm_reference.json,exact_canonical_operator_name,,,
a_1065ea201320eb77d799,l_810012f620fe9ed3e622,operator_website,http://www.teslamotors.com,operator,,23.0,data/raw/ocm_reference.json,exact_canonical_operator_name,,,
a_6b855bb22a418fe7dfbd,l_1e9eb5434ee0d297c6d2,operator_website,https://chargefox.com,operator,,3339.0,data/raw/ocm_reference.json,exact_canonical_operator_name,,,
a_3c82e07db26a46cfbab4,l_79d147104375fac00b72,operator_website,https://chargefox.com,operator,,3339.0,data/raw/ocm_reference.json,exact_canonical_operator_name,,,
a_fa11ef742f263f816ae0,l_8106b4cc01967a486395,operator_website,https://exploren.com.au/,operator,,3622.0,data/raw/ocm_reference.json,exact_canonical_operator_name,,,
a_fa40755cba1afbbbd011,l_94e96ced0c67ad7f35b5,operator_website,https://www.tesla.com/en_AU/support/non-tesla-supercharging,operator,,3534.0,data/raw/ocm_reference.json,exact_canonical_operator_name,,,
a_78210504374c2d681ea4,l_94e96ced0c67ad7f35b5,operator_website,http://www.teslamotors.com,operator,,23.0,data/raw/ocm_reference.json,exact_canonical_operator_name,,,
a_80acb34bca205ef668d1,l_4f0e54e6945ee8be278f,operator_website,https://chargefox.com,operator,,3339.0,data/raw/ocm_reference.json,exact_canonical_operator_name,,,
a_5cfdebe533eabc05b3ed,l_9afb2913db4a974f4d6e,operator_website,https://joltcharge.com,operator,,3529.0,data/raw/ocm_reference.json,exact_canonical_operator_name,,,
a_628159f149c05048d523,l_5e447eca97d90ba6c8c5,operator_website,https://exploren.com.au/,operator,,3622.0,data/raw/ocm_reference.json,exact_canonical_operator_name,,,
a_82f09cf73fcc2295a04e,l_fe39b125adf35f1fb678,operator_website,https://chargefox.com,operator,,3339.0,data/raw/ocm_reference.json,exact_canonical_operator_name,,,
a_af9aa919fc10ce9ca6d9,l_f4a60bb0c0de260159fa,operator_website,https://chargefox.com,operator,,3339.0,data/raw/ocm_reference.json,exact_canonical_operator_name,,,
a_4eb9f35c61270a005421,l_985f4a32260a20df665d,operator_website,https://exploren.com.au/,operator,,3622.0,data/raw/ocm_reference.json,exact_canonical_operator_name,,,
a_9cb38dc51c0d7a11ea55,l_dac1e06ae7fede11abe7,operator_website,https://exploren.com.au/,operator,,3622.0,data/raw/ocm_reference.json,exact_canonical_operator_name,,,
a_1bc6ce06c5bbf72f460f,l_10e75582786865701991,operator_website,https://chargefox.com,operator,,3339.0,data/raw/ocm_reference.json,exact_canonical_operator_name,,,
a_f96f0e051f9d30f8e366,l_610b7a9ed0f730db8970,operator_website,https://exploren.com.au/,operator,,3622.0,data/raw/ocm_reference.json,exact_canonical_operator_name,,,
a_321f504a7f55c9f3fc18,l_afb76cfc71408547d08c,operator_website,https://www.tesla.com/en_AU/support/non-tesla-supercharging,operator,,3534.0,data/raw/ocm_reference.json,exact_canonical_operator_name,,,
a_662e9f99a45602b28efc,l_afb76cfc71408547d08c,operator_website,http://www.teslamotors.com,operator,,23.0,data/raw/ocm_reference.json,exact_canonical_operator_name,,,
a_e5818dae0eaeadd0a2b6,l_88484db7728f6ea4dd26,operator_website,https://exploren.com.au/,operator,,3622.0,data/raw/ocm_reference.json,exact_canonical_operator_name,,,
a_70a2aaf7a3cedde60f6a,l_04bbec0916ee633eb48f,operator_website,https://exploren.com.au/,operator,,3622.0,data/raw/ocm_reference.json,exact_canonical_operator_name,,,
a_bd82ac78da4b0cd225b7,l_5c37c09d4b2424a67c35,operator_website,http://goevie.com.au/,operator,,3398.0,data/raw/ocm_reference.json,exact_canonical_operator_name,,,
a_a53aa10ae4faeea18c45,l_a78efb5963484bdfb51f,operator_website,http://goevie.com.au/,operator,,3398.0,data/raw/ocm_reference.json,exact_canonical_operator_name,,,
a_419282d50b64b59fa88f,l_33256e34e464c6a4f696,operator_website,https://chargefox.com,operator,,3339.0,data/raw/ocm_reference.json,exact_canonical_operator_name,,,
a_3d6a235d038671e3f25b,l_1477d7c4eab901aa3d15,operator_website,https://www.tesla.com/en_AU/support/non-tesla-supercharging,operator,,3534.0,data/raw/ocm_reference.json,exact_canonical_operator_name,,,
a_64ea20ca481db1f5021b,l_1477d7c4eab901aa3d15,operator_website,http://www.teslamotors.com,operator,,23.0,data/raw/ocm_reference.json,exact_canonical_operator_name,,,
a_b85fd141c5935d0e7d30,l_90d205e857f5babd906e,operator_website,https://exploren.com.au/,operator,,3622.0,data/raw/ocm_reference.json,exact_canonical_operator_name,,,
a_1f98aae8ab186044a511,l_5f5b02e099e04f62cba8,operator_website,https://www.tesla.com/en_AU/support/non-tesla-supercharging,operator,,3534.0,data/raw/ocm_reference.json,exact_canonical_operator_name,,,
a_a28074bba3298efb8e3e,l_5f5b02e099e04f62cba8,operator_website,http://www.teslamotors.com,operator,,23.0,data/raw/ocm_reference.json,exact_canonical_operator_name,,,
a_148d0d4ecb9465349edb,l_f0cab9cb75a7bb39c13d,operator_website,https://www.tesla.com/en_AU/support/non-tesla-supercharging,operator,,3534.0,data/raw/ocm_reference.json,exact_canonical_operator_name,,,
a_0af7368ba9003e39ac84,l_f0cab9cb75a7bb39c13d,operator_website,http://www.teslamotors.com,operator,,23.0,data/raw/ocm_reference.json,exact_canonical_operator_name,,,
a_77387d9ecec856c56ac6,l_4cfb01382447958c6800,operator_website,https://chargehub.solutions,operator,,3775.0,data/raw/ocm_reference.json,exact_canonical_operator_name,,,
a_f948427be17d48814aa8,l_93492e0b4693072c4129,operator_website,https://joltcharge.com,operator,,3529.0,data/raw/ocm_reference.json,exact_canonical_operator_name,,,
a_8f94bb6f1ee94a05365d,l_04198039f157ec10eea7,operator_website,https://chargefox.com,operator,,3339.0,data/raw/ocm_reference.json,exact_canonical_operator_name,,,
a_34ed11fcd602bdee0501,l_8b9d14da53d4632082cb,operator_website,https://ampcharge.ampol.com.au/,operator,,3625.0,data/raw/ocm_reference.json,exact_canonical_operator_name,,,
a_9d99269fff217e9115e6,l_0b56722b7d2911229b6b,operator_website,https://www.bp.com/en_au/australia/home/products-services/bppulse.html,operator,,3659.0,data/raw/ocm_reference.json,exact_canonical_operator_name,,,
a_f702dadcfeca92e0c740,l_ac2621c5e28b18ec0d36,operator_website,https://exploren.com.au/,operator,,3622.0,data/raw/ocm_reference.json,exact_canonical_operator_name,,,
a_6cade3a89e0337a83078,l_f3d6495f56b87a47fcaf,operator_website,https://chargehub.solutions,operator,,3775.0,data/raw/ocm_reference.json,exact_canonical_operator_name,,,
a_11f9b28cd84eaccbce8c,l_e39c690e9dc2ea66f82c,operator_website,https://www.tesla.com/en_AU/support/non-tesla-supercharging,operator,,3534.0,data/raw/ocm_reference.json,exact_canonical_operator_name,,,
a_719781bbc91a6650da3d,l_e39c690e9dc2ea66f82c,operator_website,http://www.teslamotors.com,operator,,23.0,data/raw/ocm_reference.json,exact_canonical_operator_name,,,
a_7eba236714c12a3dae02,l_ec72abae120bcea2c055,operator_website,https://chargefox.com,operator,,3339.0,data/raw/ocm_reference.json,exact_canonical_operator_name,,,
a_a5cd224081ad14b5e858,l_f8f3b2392af42f5355d9,operator_website,https://exploren.com.au/,operator,,3622.0,data/raw/ocm_reference.json,exact_canonical_operator_name,,,
a_79ebce5874d6029e9bf0,l_910feefd7eb2b5c85295,operator_website,https://www.tesla.com/en_AU/support/non-tesla-supercharging,operator,,3534.0,data/raw/ocm_reference.json,exact_canonical_operator_name,,,
a_d9de6644f492e2dffa96,l_910feefd7eb2b5c85295,operator_website,http://www.teslamotors.com,operator,,23.0,data/raw/ocm_reference.json,exact_canonical_operator_name,,,
a_0371225c7c8f5f37cba9,l_f1e0ad15c6d8a6311d2e,operator_website,https://chargefox.com,operator,,3339.0,data/raw/ocm_reference.json,exact_canonical_operator_name,,,
a_8f774cc15d993196a6c5,l_29c5fd7a40b2e8136221,operator_website,https://www.tesla.com/en_AU/support/non-tesla-supercharging,operator,,3534.0,data/raw/ocm_reference.json,exact_canonical_operator_name,,,
a_2138b1607bd2401f2941,l_29c5fd7a40b2e8136221,operator_website,http://www.teslamotors.com,operator,,23.0,data/raw/ocm_reference.json,exact_canonical_operator_name,,,
a_f015cc0a0d5eca27cb9b,l_c730199590b388ecc6f1,operator_website,https://www.tesla.com/en_AU/support/non-tesla-supercharging,operator,,3534.0,data/raw/ocm_reference.json,exact_canonical_operator_name,,,
a_2840c905177fa9619721,l_c730199590b388ecc6f1,operator_website,http://www.teslamotors.com,operator,,23.0,data/raw/ocm_reference.json,exact_canonical_operator_name,,,
a_ac8bba7d7a4710bf8f32,l_be07f0d563abefc38375,operator_website,https://www.tesla.com/en_AU/support/non-tesla-supercharging,operator,,3534.0,data/raw/ocm_reference.json,exact_canonical_operator_name,,,
a_022b354d5929462a5043,l_be07f0d563abefc38375,operator_website,http://www.teslamotors.com,operator,,23.0,data/raw/ocm_reference.json,exact_canonical_operator_name,,,
a_342efd033a4a9d18b66d,l_6c6131f547b8e5362203,operator_website,https://exploren.com.au/,operator,,3622.0,data/raw/ocm_reference.json,exact_canonical_operator_name,,,
a_096deb2134b1bf0feedb,l_10191bc8980ba6adb331,operator_website,https://chargefox.com,operator,,3339.0,data/raw/ocm_reference.json,exact_canonical_operator_name,,,
a_e9a6dcedbd422cdb62a7,l_8659a385636a80b56b9b,operator_website,https://www.tesla.com/en_AU/support/non-tesla-supercharging,operator,,3534.0,data/raw/ocm_reference.json,exact_canonical_operator_name,,,
a_19300d344744aa42483d,l_8659a385636a80b56b9b,operator_website,http://www.teslamotors.com,operator,,23.0,data/raw/ocm_reference.json,exact_canonical_operator_name,,,
a_567ca8898819d2977a83,l_4235e7246068561ee36d,operator_website,http://goevie.com.au/,operator,,3398.0,data/raw/ocm_reference.json,exact_canonical_operator_name,,,
a_667971e1e0e5a8965d31,l_2cb6da819a47f60aa3da,operator_website,https://www.mynrma.com.au/cars-and-driving/electric-vehicles,operator,,3388.0,data/raw/ocm_reference.json,exact_canonical_operator_name,,,
a_7a96431586f4f829bf47,l_2cb6da819a47f60aa3da,operator_phone,1300 233 544,operator,,3388.0,data/raw/ocm_reference.json,exact_canonical_operator_name,,,
a_28b10ab984880e3c39de,l_ca476ce7f7ecd656aa79,operator_website,https://www.mynrma.com.au/cars-and-driving/electric-vehicles,operator,,3388.0,data/raw/ocm_reference.json,exact_canonical_operator_name,,,
a_8acdbb9cdc889fa4e8fc,l_ca476ce7f7ecd656aa79,operator_phone,1300 233 544,operator,,3388.0,data/raw/ocm_reference.json,exact_canonical_operator_name,,,
a_edc5d23e9e80d49f7bee,l_f596f806e9bb6dd7e860,operator_website,https://chargefox.com,operator,,3339.0,data/raw/ocm_reference.json,exact_canonical_operator_name,,,
a_de30aef2821c2b622ba7,l_22a6ee219a9be7d19ea1,operator_website,https://exploren.com.au/,operator,,3622.0,data/raw/ocm_reference.json,exact_canonical_operator_name,,,
a_4f8ea4637e965629a8c7,l_7115e781313f5feef775,operator_website,https://exploren.com.au/,operator,,3622.0,data/raw/ocm_reference.json,exact_canonical_operator_name,,,
a_c1d8c731909070fcc440,l_669de34636619aeba944,operator_website,https://www.tesla.com/en_AU/support/non-tesla-supercharging,operator,,3534.0,data/raw/ocm_reference.json,exact_canonical_operator_name,,,
a_38c0cf13b21ad9a4867e,l_669de34636619aeba944,operator_website,http://www.teslamotors.com,operator,,23.0,data/raw/ocm_reference.json,exact_canonical_operator_name,,,
a_447877959f69bcb47401,l_a442eb6c34bcbbf48e94,operator_website,https://exploren.com.au/,operator,,3622.0,data/raw/ocm_reference.json,exact_canonical_operator_name,,,
a_7df753cb6ff0711b4744,l_70d96124491d283d91bf,operator_website,https://chargefox.com,operator,,3339.0,data/raw/ocm_reference.json,exact_canonical_operator_name,,,
a_da371a6c25a9095503d4,l_295669b59d2d5e752167,operator_website,https://ampcharge.ampol.com.au/,operator,,3625.0,data/raw/ocm_reference.json,exact_canonical_operator_name,,,
a_a2413cc40c88c14d9d1e,l_b9ad8176a981a4b12999,operator_website,https://chargefox.com,operator,,3339.0,data/raw/ocm_reference.json,exact_canonical_operator_name,,,
a_3fbe35244641031654b7,l_37968c6e0219f3f3658c,operator_website,https://www.tesla.com/en_AU/support/non-tesla-supercharging,operator,,3534.0,data/raw/ocm_reference.json,exact_canonical_operator_name,,,
a_6b2650e21874e2133670,l_37968c6e0219f3f3658c,operator_website,http://www.teslamotors.com,operator,,23.0,data/raw/ocm_reference.json,exact_canonical_operator_name,,,
a_29c9b2ff38632b608576,l_6c3040d9e1f5d8f48bb9,operator_website,https://exploren.com.au/,operator,,3622.0,data/raw/ocm_reference.json,exact_canonical_operator_name,,,
a_d6cb1478ec388e744e78,l_dc8c8b12743a6196a5ec,operator_website,https://exploren.com.au/,operator,,3622.0,data/raw/ocm_reference.json,exact_canonical_operator_name,,,
a_a81e8c0ac98adf70ee98,l_18cd5c4d2cbb2d421237,operator_website,https://www.mynrma.com.au/cars-and-driving/electric-vehicles,operator,,3388.0,data/raw/ocm_reference.json,exact_canonical_operator_name,,,
a_6899b38496ff52eb0805,l_18cd5c4d2cbb2d421237,operator_phone,1300 233 544,operator,,3388.0,data/raw/ocm_reference.json,exact_canonical_operator_name,,,
a_610e53278b09def39c56,l_c2af1f7f45c7a67ca566,operator_website,https://www.tesla.com/en_AU/support/non-tesla-supercharging,operator,,3534.0,data/raw/ocm_reference.json,exact_canonical_operator_name,,,
a_eccde630fb82dd10d7ed,l_c2af1f7f45c7a67ca566,operator_website,http://www.teslamotors.com,operator,,23.0,data/raw/ocm_reference.json,exact_canonical_operator_name,,,
a_2ea141cd81dc212f9dd2,l_fecb079219ddd03a34ed,operator_website,https://exploren.com.au/,operator,,3622.0,data/raw/ocm_reference.json,exact_canonical_operator_name,,,
a_6242943d0e14276d9ad4,l_48fcdc8e065f25652363,operator_website,https://chargefox.com,operator,,3339.0,data/raw/ocm_reference.json,exact_canonical_operator_name,,,
a_00ddeb089c3ef3e17f29,l_a1e725bb6228d6be59be,operator_website,https://chargefox.com,operator,,3339.0,data/raw/ocm_reference.json,exact_canonical_operator_name,,,
a_ccee896c387897f78b4d,l_ad70b168b573f9484a4e,operator_website,https://exploren.com.au/,operator,,3622.0,data/raw/ocm_reference.json,exact_canonical_operator_name,,,
a_73451f509f3c2099f817,l_0e7182202acba8dfe173,operator_website,http://goevie.com.au/,operator,,3398.0,data/raw/ocm_reference.json,exact_canonical_operator_name,,,
a_b88f52dd24e594527a88,l_d465760304eed49e1820,operator_website,https://joltcharge.com,operator,,3529.0,data/raw/ocm_reference.json,exact_canonical_operator_name,,,
a_1740322bba27f4649ff5,l_cebce0f1b1865824e9e0,operator_website,https://www.tesla.com/en_AU/support/non-tesla-supercharging,operator,,3534.0,data/raw/ocm_reference.json,exact_canonical_operator_name,,,
a_0470d1c7262117bb8b8a,l_cebce0f1b1865824e9e0,operator_website,http://www.teslamotors.com,operator,,23.0,data/raw/ocm_reference.json,exact_canonical_operator_name,,,
a_bbc77015cae409572c6c,l_e4fc09efdc0639205bea,operator_website,http://goevie.com.au/,operator,,3398.0,data/raw/ocm_reference.json,exact_canonical_operator_name,,,
a_b45d9b87621a5477c73c,l_8b0120c8ede2dccc884c,operator_website,http://goevie.com.au/,operator,,3398.0,data/raw/ocm_reference.json,exact_canonical_operator_name,,,
a_a846458a61d3be0138da,l_145405672e3e2af1a255,operator_website,https://exploren.com.au/,operator,,3622.0,data/raw/ocm_reference.json,exact_canonical_operator_name,,,
a_d540a942f9ecfbab02ae,l_4ca174acd09b98c0e0d2,operator_website,https://www.tesla.com/en_AU/support/non-tesla-supercharging,operator,,3534.0,data/raw/ocm_reference.json,exact_canonical_operator_name,,,
a_ef53850997c1c812dca4,l_4ca174acd09b98c0e0d2,operator_website,http://www.teslamotors.com,operator,,23.0,data/raw/ocm_reference.json,exact_canonical_operator_name,,,
a_098ff4a95679ae9b61d0,l_2c8f1849230514db6fe6,operator_website,https://joltcharge.com,operator,,3529.0,data/raw/ocm_reference.json,exact_canonical_operator_name,,,
a_69e15f5a73a23eebfd4a,l_1d4f6326d3a0decd4193,operator_website,https://exploren.com.au/,operator,,3622.0,data/raw/ocm_reference.json,exact_canonical_operator_name,,,
a_524016f9713c964dc367,l_395dc8f2ce8bbcc777a4,operator_website,https://www.tesla.com/en_AU/support/non-tesla-supercharging,operator,,3534.0,data/raw/ocm_reference.json,exact_canonical_operator_name,,,
a_7dc41be2e8a5e214b498,l_395dc8f2ce8bbcc777a4,operator_website,http://www.teslamotors.com,operator,,23.0,data/raw/ocm_reference.json,exact_canonical_operator_name,,,
a_1e70ab18d8594511108b,l_3ec3949a911ef0693ea3,operator_website,https://chargefox.com,operator,,3339.0,data/raw/ocm_reference.json,exact_canonical_operator_name,,,
a_a61b95e6dd091151b29f,l_e9d9d981d53b62bc86f6,operator_website,https://www.tesla.com/en_AU/support/non-tesla-supercharging,operator,,3534.0,data/raw/ocm_reference.json,exact_canonical_operator_name,,,
a_0389d0d6297915143bdf,l_e9d9d981d53b62bc86f6,operator_website,http://www.teslamotors.com,operator,,23.0,data/raw/ocm_reference.json,exact_canonical_operator_name,,,
a_963075c01787f503359d,l_17ef4fa6865b00a5815f,operator_website,https://www.tesla.com/en_AU/support/non-tesla-supercharging,operator,,3534.0,data/raw/ocm_reference.json,exact_canonical_operator_name,,,
a_1392c264a50e73d8ae06,l_17ef4fa6865b00a5815f,operator_website,http://www.teslamotors.com,operator,,23.0,data/raw/ocm_reference.json,exact_canonical_operator_name,,,
a_21390aa0e943b6e38253,l_d030e8bf2836382bc819,operator_website,https://www.tesla.com/en_AU/support/non-tesla-supercharging,operator,,3534.0,data/raw/ocm_reference.json,exact_canonical_operator_name,,,
a_e599bebff998619dcc86,l_d030e8bf2836382bc819,operator_website,http://www.teslamotors.com,operator,,23.0,data/raw/ocm_reference.json,exact_canonical_operator_name,,,
a_d464d39fcdb90ef52e00,l_267794c5923bae6fc81b,operator_website,https://www.tesla.com/en_AU/support/non-tesla-supercharging,operator,,3534.0,data/raw/ocm_reference.json,exact_canonical_operator_name,,,
a_712320503afce5d7426f,l_267794c5923bae6fc81b,operator_website,http://www.teslamotors.com,operator,,23.0,data/raw/ocm_reference.json,exact_canonical_operator_name,,,
a_da9eabb4acdfbb83f6e0,l_49b20e00a8391245a76d,operator_website,https://www.tesla.com/en_AU/support/non-tesla-supercharging,operator,,3534.0,data/raw/ocm_reference.json,exact_canonical_operator_name,,,
a_88ccd0070c800a913f24,l_49b20e00a8391245a76d,operator_website,http://www.teslamotors.com,operator,,23.0,data/raw/ocm_reference.json,exact_canonical_operator_name,,,
a_1a7b081b350d54e6a57a,l_50b98952c63186cc14d3,operator_website,https://www.tesla.com/en_AU/support/non-tesla-supercharging,operator,,3534.0,data/raw/ocm_reference.json,exact_canonical_operator_name,,,
a_07cc4cc7feefc7d89ea6,l_50b98952c63186cc14d3,operator_website,http://www.teslamotors.com,operator,,23.0,data/raw/ocm_reference.json,exact_canonical_operator_name,,,
a_2c5b02f176cefe03c2aa,l_c3a86fe148f60f960b43,operator_website,https://www.tesla.com/en_AU/support/non-tesla-supercharging,operator,,3534.0,data/raw/ocm_reference.json,exact_canonical_operator_name,,,
a_de18265d810f8ea27591,l_c3a86fe148f60f960b43,operator_website,http://www.teslamotors.com,operator,,23.0,data/raw/ocm_reference.json,exact_canonical_operator_name,,,
a_3b8170295f06f74a2e9e,l_fb625704b85a44f0bb0b,operator_website,https://www.bp.com/en_au/australia/home/products-services/bppulse.html,operator,,3659.0,data/raw/ocm_reference.json,exact_canonical_operator_name,,,
a_ac6cce87c9c6775660ac,l_cdc4faf3cb83a0c69e07,operator_website,https://www.tesla.com/en_AU/support/non-tesla-supercharging,operator,,3534.0,data/raw/ocm_reference.json,exact_canonical_operator_name,,,
a_1dcd109aca5c521bbbb3,l_cdc4faf3cb83a0c69e07,operator_website,http://www.teslamotors.com,operator,,23.0,data/raw/ocm_reference.json,exact_canonical_operator_name,,,
a_584d773ed66b791714a8,l_07e82b5dfdf9a6709788,operator_website,https://exploren.com.au/,operator,,3622.0,data/raw/ocm_reference.json,exact_canonical_operator_name,,,
a_b17311f287ebc1b319ad,l_40adcdc1cd8bac03aed4,operator_website,https://joltcharge.com,operator,,3529.0,data/raw/ocm_reference.json,exact_canonical_operator_name,,,
a_c32549b0db11f35acb05,l_1e777e9b6091640b0777,operator_website,https://www.tesla.com/en_AU/support/non-tesla-supercharging,operator,,3534.0,data/raw/ocm_reference.json,exact_canonical_operator_name,,,
a_f3f60a629fbfa36728f6,l_1e777e9b6091640b0777,operator_website,http://www.teslamotors.com,operator,,23.0,data/raw/ocm_reference.json,exact_canonical_operator_name,,,
a_48f6c1fcef1e10abcb54,l_fbf90ba4934aba9bc8c1,operator_website,http://goevie.com.au/,operator,,3398.0,data/raw/ocm_reference.json,exact_canonical_operator_name,,,
a_ef97c669d6e0325842ae,l_d7be5e373b06278feb7a,operator_website,https://ampcharge.ampol.com.au/,operator,,3625.0,data/raw/ocm_reference.json,exact_canonical_operator_name,,,
a_bc18c4d2b0364c7cc826,l_c47a84a1c074a0ccf8b8,operator_website,https://exploren.com.au/,operator,,3622.0,data/raw/ocm_reference.json,exact_canonical_operator_name,,,
a_19cd8bfb6b636b03f048,l_2c987a11359715c2d057,operator_website,https://chargefox.com,operator,,3339.0,data/raw/ocm_reference.json,exact_canonical_operator_name,,,
a_311a2c19f2a0a543b7f7,l_80a7b74da938f38c2212,operator_website,https://www.tesla.com/en_AU/support/non-tesla-supercharging,operator,,3534.0,data/raw/ocm_reference.json,exact_canonical_operator_name,,,
a_847d87bc559f96a04e57,l_80a7b74da938f38c2212,operator_website,http://www.teslamotors.com,operator,,23.0,data/raw/ocm_reference.json,exact_canonical_operator_name,,,
a_ddb8683104666c506e21,l_28af1a4ab616ea376e9c,operator_website,https://chargefox.com,operator,,3339.0,data/raw/ocm_reference.json,exact_canonical_operator_name,,,
a_0862127f6dfde7b574ea,l_93b967669f1d57a720b7,operator_website,https://exploren.com.au/,operator,,3622.0,data/raw/ocm_reference.json,exact_canonical_operator_name,,,
a_9643617a87d8602c34a4,l_029e2e4689ea8dba33e5,operator_website,https://www.mynrma.com.au/cars-and-driving/electric-vehicles,operator,,3388.0,data/raw/ocm_reference.json,exact_canonical_operator_name,,,
a_a42e809f423a11c060cd,l_029e2e4689ea8dba33e5,operator_phone,1300 233 544,operator,,3388.0,data/raw/ocm_reference.json,exact_canonical_operator_name,,,
a_9ee9848d11869eff0e2e,l_e18831b57b52bdb7cc54,operator_website,https://exploren.com.au/,operator,,3622.0,data/raw/ocm_reference.json,exact_canonical_operator_name,,,
a_cd7a7360d2b13928f1fd,l_589390d5b72561c0d1e3,operator_website,https://www.tesla.com/en_AU/support/non-tesla-supercharging,operator,,3534.0,data/raw/ocm_reference.json,exact_canonical_operator_name,,,
a_5190ab7aa7545c42b62e,l_589390d5b72561c0d1e3,operator_website,http://www.teslamotors.com,operator,,23.0,data/raw/ocm_reference.json,exact_canonical_operator_name,,,
a_0de08df49e68c28d6921,l_f49d346ab16665729194,operator_website,https://everty.com.au/,operator,,3609.0,data/raw/ocm_reference.json,exact_canonical_operator_name,,,
a_bdf17d794aca93f9db99,l_7d310d8aece783ab59dc,operator_website,http://goevie.com.au/,operator,,3398.0,data/raw/ocm_reference.json,exact_canonical_operator_name,,,
a_9a9d94c3a498a77d27df,l_f87cd3150201a0e4da41,operator_website,https://www.tesla.com/en_AU/support/non-tesla-supercharging,operator,,3534.0,data/raw/ocm_reference.json,exact_canonical_operator_name,,,
a_43be7eef1bb2e5e8c24a,l_f87cd3150201a0e4da41,operator_website,http://www.teslamotors.com,operator,,23.0,data/raw/ocm_reference.json,exact_canonical_operator_name,,,
a_a4389a8d5df38e9fa1f4,l_4dc35361b70945f02481,operator_website,https://www.tesla.com/en_AU/support/non-tesla-supercharging,operator,,3534.0,data/raw/ocm_reference.json,exact_canonical_operator_name,,,
a_ca887921a8013a11a44b,l_4dc35361b70945f02481,operator_website,http://www.teslamotors.com,operator,,23.0,data/raw/ocm_reference.json,exact_canonical_operator_name,,,
a_631c4303116914f1d65c,l_437fdac76ffdac31f9c6,operator_website,http://goevie.com.au/,operator,,3398.0,data/raw/ocm_reference.json,exact_canonical_operator_name,,,
a_5917cca4b9cac38a2258,l_8913c0d528ad98fb03bc,operator_website,https://chargehub.solutions,operator,,3775.0,data/raw/ocm_reference.json,exact_canonical_operator_name,,,
a_ba076b92b997b9a19e85,l_41b54309a7f459b36922,operator_website,https://exploren.com.au/,operator,,3622.0,data/raw/ocm_reference.json,exact_canonical_operator_name,,,
a_71ec45bdfe3327956e6c,l_5238c6956dbc1836a62b,operator_website,https://www.tesla.com/en_AU/support/non-tesla-supercharging,operator,,3534.0,data/raw/ocm_reference.json,exact_canonical_operator_name,,,
a_2d30950afe3d55847511,l_5238c6956dbc1836a62b,operator_website,http://www.teslamotors.com,operator,,23.0,data/raw/ocm_reference.json,exact_canonical_operator_name,,,
a_af64e5a307cd60bee740,l_e53b2423db03de06f94c,operator_website,https://www.tesla.com/en_AU/support/non-tesla-supercharging,operator,,3534.0,data/raw/ocm_reference.json,exact_canonical_operator_name,,,
a_821245756ee3e5c54a3b,l_e53b2423db03de06f94c,operator_website,http://www.teslamotors.com,operator,,23.0,data/raw/ocm_reference.json,exact_canonical_operator_name,,,
a_83633399219ec1e8795e,l_481266885e20cadf58ae,operator_website,http://goevie.com.au/,operator,,3398.0,data/raw/ocm_reference.json,exact_canonical_operator_name,,,
a_58bd8e0b326442f5fe26,l_2053d728d16533afc07f,operator_website,https://www.tesla.com/en_AU/support/non-tesla-supercharging,operator,,3534.0,data/raw/ocm_reference.json,exact_canonical_operator_name,,,
a_34eb20d431e9441961f9,l_2053d728d16533afc07f,operator_website,http://www.teslamotors.com,operator,,23.0,data/raw/ocm_reference.json,exact_canonical_operator_name,,,
a_5a4a9f8d176c1a89c6e3,l_23ce0241b01267933f81,operator_website,https://chargehub.solutions,operator,,3775.0,data/raw/ocm_reference.json,exact_canonical_operator_name,,,
a_609ada9018e079335e28,l_425743a016507be71891,operator_website,http://goevie.com.au/,operator,,3398.0,data/raw/ocm_reference.json,exact_canonical_operator_name,,,
a_a88117b269e12ab374a2,l_22efa02f2238af553a86,operator_website,https://exploren.com.au/,operator,,3622.0,data/raw/ocm_reference.json,exact_canonical_operator_name,,,
a_0a43246f16a210d37bb2,l_ea84ad1e514ffde53165,operator_website,https://chargefox.com,operator,,3339.0,data/raw/ocm_reference.json,exact_canonical_operator_name,,,
a_f3ff9b345656cc726f71,l_87401b22d3eee15648a2,operator_website,http://goevie.com.au/,operator,,3398.0,data/raw/ocm_reference.json,exact_canonical_operator_name,,,
a_7c1ed644128dde073b07,l_0e5f8774c145ad0177fb,operator_website,https://www.tesla.com/en_AU/support/non-tesla-supercharging,operator,,3534.0,data/raw/ocm_reference.json,exact_canonical_operator_name,,,
a_214fbb9520685208093c,l_0e5f8774c145ad0177fb,operator_website,http://www.teslamotors.com,operator,,23.0,data/raw/ocm_reference.json,exact_canonical_operator_name,,,
a_ae4d60d82abfc1362445,l_637a6e9574499fd01c3e,operator_website,https://chargefox.com,operator,,3339.0,data/raw/ocm_reference.json,exact_canonical_operator_name,,,
a_d9f9810e1f942caeebaa,l_e8788caf2972cff93777,operator_website,https://exploren.com.au/,operator,,3622.0,data/raw/ocm_reference.json,exact_canonical_operator_name,,,
a_04423af9b24b5289101d,l_807a4e4c8efff92c93a6,operator_website,https://exploren.com.au/,operator,,3622.0,data/raw/ocm_reference.json,exact_canonical_operator_name,,,
a_cb54124ffe40009c1c56,l_de6b9348858268353e2e,operator_website,https://www.tesla.com/en_AU/support/non-tesla-supercharging,operator,,3534.0,data/raw/ocm_reference.json,exact_canonical_operator_name,,,
a_d4ed11b227b8da3bedd0,l_de6b9348858268353e2e,operator_website,http://www.teslamotors.com,operator,,23.0,data/raw/ocm_reference.json,exact_canonical_operator_name,,,
a_12d9dad9ae5c3893a588,l_4e596486056f5806da44,operator_website,https://everty.com.au/,operator,,3609.0,data/raw/ocm_reference.json,exact_canonical_operator_name,,,
a_6b823d826bec47b4b576,l_63d806aa24fd4f9214d5,operator_website,https://joltcharge.com,operator,,3529.0,data/raw/ocm_reference.json,exact_canonical_operator_name,,,
a_86ccd2eb5c2c402fc817,l_0252dd305db58da3e177,operator_website,https://exploren.com.au/,operator,,3622.0,data/raw/ocm_reference.json,exact_canonical_operator_name,,,
a_e138c7dc0e376d3e389b,l_aaafc1dfb20d75e3b81f,operator_website,https://ampcharge.ampol.com.au/,operator,,3625.0,data/raw/ocm_reference.json,exact_canonical_operator_name,,,
a_9f4386992ea37f02ee45,l_9b34ff9cc84f6fae0e90,operator_website,https://joltcharge.com,operator,,3529.0,data/raw/ocm_reference.json,exact_canonical_operator_name,,,
a_069a599206d368dd139a,l_7c681d356dada4f67881,operator_website,https://exploren.com.au/,operator,,3622.0,data/raw/ocm_reference.json,exact_canonical_operator_name,,,
a_a8c92f849a180dc57639,l_84543260ff7c7b684f8c,operator_website,https://www.tesla.com/en_AU/support/non-tesla-supercharging,operator,,3534.0,data/raw/ocm_reference.json,exact_canonical_operator_name,,,
a_f4c94e455fa98f522311,l_84543260ff7c7b684f8c,operator_website,http://www.teslamotors.com,operator,,23.0,data/raw/ocm_reference.json,exact_canonical_operator_name,,,
a_92f1d9111dccefcec7a5,l_24b8399f81c667d87b29,operator_website,https://exploren.com.au/,operator,,3622.0,data/raw/ocm_reference.json,exact_canonical_operator_name,,,
a_5eaafc06f820fa3ef9e2,l_21e4d53078e1b59f1cef,operator_website,https://exploren.com.au/,operator,,3622.0,data/raw/ocm_reference.json,exact_canonical_operator_name,,,
a_c6afe4d47056d20331e0,l_3504825258499689c414,operator_website,https://exploren.com.au/,operator,,3622.0,data/raw/ocm_reference.json,exact_canonical_operator_name,,,
a_1d72ef115906abc131e6,l_2a06c0da0ced06a714b1,operator_website,https://www.mynrma.com.au/cars-and-driving/electric-vehicles,operator,,3388.0,data/raw/ocm_reference.json,exact_canonical_operator_name,,,
a_9bfa8d0bda91168826a1,l_2a06c0da0ced06a714b1,operator_phone,1300 233 544,operator,,3388.0,data/raw/ocm_reference.json,exact_canonical_operator_name,,,
a_e6e2d566483882adb3d0,l_64d094f44f1442fcb36f,operator_website,https://exploren.com.au/,operator,,3622.0,data/raw/ocm_reference.json,exact_canonical_operator_name,,,
a_92c974a113905d8d72a7,l_17c9edba53cee42c6f0d,operator_website,https://exploren.com.au/,operator,,3622.0,data/raw/ocm_reference.json,exact_canonical_operator_name,,,
a_d2caf2baf43220edd35d,l_6a0ac394c475e9e9c076,operator_website,https://exploren.com.au/,operator,,3622.0,data/raw/ocm_reference.json,exact_canonical_operator_name,,,
a_f9b71146dc242dc27440,l_ab2dcbdcd31cb79d4e72,operator_website,https://www.tesla.com/en_AU/support/non-tesla-supercharging,operator,,3534.0,data/raw/ocm_reference.json,exact_canonical_operator_name,,,
a_51bdf705adac2154956a,l_ab2dcbdcd31cb79d4e72,operator_website,http://www.teslamotors.com,operator,,23.0,data/raw/ocm_reference.json,exact_canonical_operator_name,,,
a_5a8593045044db71c319,l_896940c1e9a526f17a14,operator_website,https://exploren.com.au/,operator,,3622.0,data/raw/ocm_reference.json,exact_canonical_operator_name,,,
a_96b951a7d5bd5757ed77,l_5b788a10a71c249a8a03,operator_website,https://exploren.com.au/,operator,,3622.0,data/raw/ocm_reference.json,exact_canonical_operator_name,,,
a_988045e79543f7cc9424,l_347eb4998e58fe46a120,operator_website,https://www.tesla.com/en_AU/support/non-tesla-supercharging,operator,,3534.0,data/raw/ocm_reference.json,exact_canonical_operator_name,,,
a_b1189e85843568b8d819,l_347eb4998e58fe46a120,operator_website,http://www.teslamotors.com,operator,,23.0,data/raw/ocm_reference.json,exact_canonical_operator_name,,,
a_07a3ce2c7a9b1640ddc6,l_e80c0c3eb8aac38325c0,operator_website,https://joltcharge.com,operator,,3529.0,data/raw/ocm_reference.json,exact_canonical_operator_name,,,
a_581256a8638806834f9f,l_1d7851501ad5506d6004,operator_website,http://goevie.com.au/,operator,,3398.0,data/raw/ocm_reference.json,exact_canonical_operator_name,,,
a_531bb8c117114b710114,l_e14a88d67bd087d0a879,operator_website,https://chargefox.com,operator,,3339.0,data/raw/ocm_reference.json,exact_canonical_operator_name,,,
a_7229199936b41e31ae7f,l_808509042f530a13da96,operator_website,https://www.tesla.com/en_AU/support/non-tesla-supercharging,operator,,3534.0,data/raw/ocm_reference.json,exact_canonical_operator_name,,,
a_bf780e7d01e5a6d4ffc9,l_808509042f530a13da96,operator_website,http://www.teslamotors.com,operator,,23.0,data/raw/ocm_reference.json,exact_canonical_operator_name,,,
a_9ab9ea57ee3700acd947,l_2026cba149e7a815238c,operator_website,https://exploren.com.au/,operator,,3622.0,data/raw/ocm_reference.json,exact_canonical_operator_name,,,
a_aa71be12a1ed2887fd1c,l_a51d2fa280bc3eff5e19,operator_website,https://ampcharge.ampol.com.au/,operator,,3625.0,data/raw/ocm_reference.json,exact_canonical_operator_name,,,
a_3bc8ff36d3ca11c3f8b3,l_758587195e820219edca,operator_website,https://www.mynrma.com.au/cars-and-driving/electric-vehicles,operator,,3388.0,data/raw/ocm_reference.json,exact_canonical_operator_name,,,
a_fe3cde344fda4ca5955d,l_758587195e820219edca,operator_phone,1300 233 544,operator,,3388.0,data/raw/ocm_reference.json,exact_canonical_operator_name,,,
a_15b316a0430b17ffdbce,l_2179b3dfdd771b784fc7,operator_website,https://chargefox.com,operator,,3339.0,data/raw/ocm_reference.json,exact_canonical_operator_name,,,
a_96f00289a71c6b37d4c9,l_86933707e2b3b3c67eaa,operator_website,https://www.tesla.com/en_AU/support/non-tesla-supercharging,operator,,3534.0,data/raw/ocm_reference.json,exact_canonical_operator_name,,,
a_89a14093642c3e9d8b8d,l_86933707e2b3b3c67eaa,operator_website,http://www.teslamotors.com,operator,,23.0,data/raw/ocm_reference.json,exact_canonical_operator_name,,,
a_3a0812971526246df008,l_af2383f8330363405cd2,operator_website,https://exploren.com.au/,operator,,3622.0,data/raw/ocm_reference.json,exact_canonical_operator_name,,,
a_43a4be984a29454e1e79,l_8dd4f9550e32b973cda3,operator_website,https://www.mynrma.com.au/cars-and-driving/electric-vehicles,operator,,3388.0,data/raw/ocm_reference.json,exact_canonical_operator_name,,,
a_801b349637ddad8fd911,l_8dd4f9550e32b973cda3,operator_phone,1300 233 544,operator,,3388.0,data/raw/ocm_reference.json,exact_canonical_operator_name,,,
a_6ecd985697fc90c43567,l_6e6c8f62951e60a4e69c,operator_website,https://www.tesla.com/en_AU/support/non-tesla-supercharging,operator,,3534.0,data/raw/ocm_reference.json,exact_canonical_operator_name,,,
a_4567b35ff2f5ba1abe62,l_6e6c8f62951e60a4e69c,operator_website,http://www.teslamotors.com,operator,,23.0,data/raw/ocm_reference.json,exact_canonical_operator_name,,,
a_3a923102a662bfc7d76e,l_fe7ca7311e0ea0c22b37,operator_website,http://goevie.com.au/,operator,,3398.0,data/raw/ocm_reference.json,exact_canonical_operator_name,,,
a_a87a24b7b88eca44950f,l_04cad16c99c710dc9976,operator_website,https://chargefox.com,operator,,3339.0,data/raw/ocm_reference.json,exact_canonical_operator_name,,,
a_2d25ad0913132bd38f91,l_07fee78731e7f7f2cffa,operator_website,https://www.tesla.com/en_AU/support/non-tesla-supercharging,operator,,3534.0,data/raw/ocm_reference.json,exact_canonical_operator_name,,,
a_71ee6dd00648214b6fb8,l_07fee78731e7f7f2cffa,operator_website,http://www.teslamotors.com,operator,,23.0,data/raw/ocm_reference.json,exact_canonical_operator_name,,,
a_111d3a57502fb5f70448,l_90bc59c5864665a17c6a,operator_website,https://ampcharge.ampol.com.au/,operator,,3625.0,data/raw/ocm_reference.json,exact_canonical_operator_name,,,
a_d74ff25228431e6d7352,l_2c72548aaa5fa5518f05,operator_website,https://chargefox.com,operator,,3339.0,data/raw/ocm_reference.json,exact_canonical_operator_name,,,
a_fe0d644efc228751dd97,l_f4516921d77fac42b455,operator_website,https://chargefox.com,operator,,3339.0,data/raw/ocm_reference.json,exact_canonical_operator_name,,,
a_7c381be5dbbfd2c7d6ee,l_9092563e3af2780a877d,operator_website,https://www.tesla.com/en_AU/support/non-tesla-supercharging,operator,,3534.0,data/raw/ocm_reference.json,exact_canonical_operator_name,,,
a_63be08efe58083627c27,l_9092563e3af2780a877d,operator_website,http://www.teslamotors.com,operator,,23.0,data/raw/ocm_reference.json,exact_canonical_operator_name,,,
a_7cf635869cff4f9bb21a,l_af14af01cf7021c8bb99,operator_website,https://exploren.com.au/,operator,,3622.0,data/raw/ocm_reference.json,exact_canonical_operator_name,,,
a_895c72254729e31306b1,l_2ad1b0b4902ce0cfbc14,operator_website,https://exploren.com.au/,operator,,3622.0,data/raw/ocm_reference.json,exact_canonical_operator_name,,,
a_bcdaab6dbb694189509e,l_10dab02df1efd3a41986,operator_website,https://exploren.com.au/,operator,,3622.0,data/raw/ocm_reference.json,exact_canonical_operator_name,,,
a_9768f5f2c56ebcbce69f,l_07d5dfd8abd733e7c9ed,operator_website,https://www.tesla.com/en_AU/support/non-tesla-supercharging,operator,,3534.0,data/raw/ocm_reference.json,exact_canonical_operator_name,,,
a_85dd8c0bdb7cc54cd32d,l_07d5dfd8abd733e7c9ed,operator_website,http://www.teslamotors.com,operator,,23.0,data/raw/ocm_reference.json,exact_canonical_operator_name,,,
a_7036faf32580bbc63caf,l_133d5a5a9acb5e739b2c,operator_website,https://www.bp.com/en_au/australia/home/products-services/bppulse.html,operator,,3659.0,data/raw/ocm_reference.json,exact_canonical_operator_name,,,
a_81f92f564e99250412f3,l_1035d52e224d7a8fe683,operator_website,https://www.tesla.com/en_AU/support/non-tesla-supercharging,operator,,3534.0,data/raw/ocm_reference.json,exact_canonical_operator_name,,,
a_e061764f420ccdd585f5,l_1035d52e224d7a8fe683,operator_website,http://www.teslamotors.com,operator,,23.0,data/raw/ocm_reference.json,exact_canonical_operator_name,,,
a_38be3b8fc302bab60e7b,l_b59e70429f3a163e1a1a,operator_website,https://exploren.com.au/,operator,,3622.0,data/raw/ocm_reference.json,exact_canonical_operator_name,,,
a_5ff25879e6c27ec5660b,l_037efedd60106f550a85,operator_website,https://www.mynrma.com.au/cars-and-driving/electric-vehicles,operator,,3388.0,data/raw/ocm_reference.json,exact_canonical_operator_name,,,
a_c7d497c37e8b60bda55c,l_037efedd60106f550a85,operator_phone,1300 233 544,operator,,3388.0,data/raw/ocm_reference.json,exact_canonical_operator_name,,,
a_6a948b895a4170acdb4d,l_35c80dc0a4760c1c63e5,operator_website,https://www.tesla.com/en_AU/support/non-tesla-supercharging,operator,,3534.0,data/raw/ocm_reference.json,exact_canonical_operator_name,,,
a_d81192cc621b5899e8c4,l_35c80dc0a4760c1c63e5,operator_website,http://www.teslamotors.com,operator,,23.0,data/raw/ocm_reference.json,exact_canonical_operator_name,,,
a_83daa468d333de46aa1f,l_49b0a5a2a3f1fe176f67,operator_website,https://www.mynrma.com.au/cars-and-driving/electric-vehicles,operator,,3388.0,data/raw/ocm_reference.json,exact_canonical_operator_name,,,
a_dc0fc0135f0745b57008,l_49b0a5a2a3f1fe176f67,operator_phone,1300 233 544,operator,,3388.0,data/raw/ocm_reference.json,exact_canonical_operator_name,,,
a_e6af3c73e09210309b47,l_e63dfce043b2cbe50f73,operator_website,https://www.mynrma.com.au/cars-and-driving/electric-vehicles,operator,,3388.0,data/raw/ocm_reference.json,exact_canonical_operator_name,,,
a_9169f1bcae6b182800c6,l_e63dfce043b2cbe50f73,operator_phone,1300 233 544,operator,,3388.0,data/raw/ocm_reference.json,exact_canonical_operator_name,,,
a_cbab57b0bbe50557905c,l_9d5bac4e4c14f97cdbcb,operator_website,https://exploren.com.au/,operator,,3622.0,data/raw/ocm_reference.json,exact_canonical_operator_name,,,
a_cc4cc7abfae1090f304a,l_c81d973a2a4846de0390,operator_website,https://www.mynrma.com.au/cars-and-driving/electric-vehicles,operator,,3388.0,data/raw/ocm_reference.json,exact_canonical_operator_name,,,
a_932279dd5d593643e0dd,l_c81d973a2a4846de0390,operator_phone,1300 233 544,operator,,3388.0,data/raw/ocm_reference.json,exact_canonical_operator_name,,,
a_358d5d4beda7398b5824,l_57579c6bf729ab6fc9e8,operator_website,https://www.mynrma.com.au/cars-and-driving/electric-vehicles,operator,,3388.0,data/raw/ocm_reference.json,exact_canonical_operator_name,,,
a_b1881681414e23fc667f,l_57579c6bf729ab6fc9e8,operator_phone,1300 233 544,operator,,3388.0,data/raw/ocm_reference.json,exact_canonical_operator_name,,,
a_73592efc8aaa3098a2fa,l_eb5a882ec5bf4c5c6363,operator_website,https://exploren.com.au/,operator,,3622.0,data/raw/ocm_reference.json,exact_canonical_operator_name,,,
a_98911807205f212aa358,l_3b981ca602d16875cad4,operator_website,https://chargefox.com,operator,,3339.0,data/raw/ocm_reference.json,exact_canonical_operator_name,,,
a_6ea0bf0bc9e663d3dc76,l_108b1ec0d9c559ed1473,operator_website,https://exploren.com.au/,operator,,3622.0,data/raw/ocm_reference.json,exact_canonical_operator_name,,,
a_052974bc85336314c4a7,l_74fbe0e1e32ee23786fb,operator_website,https://joltcharge.com,operator,,3529.0,data/raw/ocm_reference.json,exact_canonical_operator_name,,,
a_5017edef75eda8f6e0b2,l_2283fbc5652d009f8aeb,operator_website,https://www.mynrma.com.au/cars-and-driving/electric-vehicles,operator,,3388.0,data/raw/ocm_reference.json,exact_canonical_operator_name,,,
a_ba62a3adcf0d3f44518e,l_2283fbc5652d009f8aeb,operator_phone,1300 233 544,operator,,3388.0,data/raw/ocm_reference.json,exact_canonical_operator_name,,,
a_8618933c9643f3554c43,l_396adc8d248636738371,operator_website,http://goevie.com.au/,operator,,3398.0,data/raw/ocm_reference.json,exact_canonical_operator_name,,,
a_6755db95b3880f17403d,l_dd68f5e3724635d2a515,operator_website,https://exploren.com.au/,operator,,3622.0,data/raw/ocm_reference.json,exact_canonical_operator_name,,,
a_bdcff02dbef9223d11fe,l_9fb72c5ed34e6ec8184a,operator_website,https://www.tesla.com/en_AU/support/non-tesla-supercharging,operator,,3534.0,data/raw/ocm_reference.json,exact_canonical_operator_name,,,
a_08101966ccd0493a6ed6,l_9fb72c5ed34e6ec8184a,operator_website,http://www.teslamotors.com,operator,,23.0,data/raw/ocm_reference.json,exact_canonical_operator_name,,,
a_261559117ce1f7a1ee12,l_cb36da8a2b4fd41ae0c5,operator_website,https://www.tesla.com/en_AU/support/non-tesla-supercharging,operator,,3534.0,data/raw/ocm_reference.json,exact_canonical_operator_name,,,
a_65ee09960437a70d329b,l_cb36da8a2b4fd41ae0c5,operator_website,http://www.teslamotors.com,operator,,23.0,data/raw/ocm_reference.json,exact_canonical_operator_name,,,
a_63f268fb0f453a99f2a8,l_84ecd12e6d4d7535cf22,operator_website,https://exploren.com.au/,operator,,3622.0,data/raw/ocm_reference.json,exact_canonical_operator_name,,,
a_43578df758baeac2c29e,l_c4e32789a0207c324748,operator_website,https://www.tesla.com/en_AU/support/non-tesla-supercharging,operator,,3534.0,data/raw/ocm_reference.json,exact_canonical_operator_name,,,
a_783d82f073766c15f6c1,l_c4e32789a0207c324748,operator_website,http://www.teslamotors.com,operator,,23.0,data/raw/ocm_reference.json,exact_canonical_operator_name,,,
a_b240014557b690bd862b,l_048da951e57201882e6c,operator_website,https://exploren.com.au/,operator,,3622.0,data/raw/ocm_reference.json,exact_canonical_operator_name,,,
a_d194b05a10c2fd8b397c,l_02d4b3de4ca49138e9aa,operator_website,https://chargefox.com,operator,,3339.0,data/raw/ocm_reference.json,exact_canonical_operator_name,,,
a_cb636e818316d7ea0a10,l_f26a690ab6d5d1de4f5d,operator_website,https://www.tesla.com/en_AU/support/non-tesla-supercharging,operator,,3534.0,data/raw/ocm_reference.json,exact_canonical_operator_name,,,
a_96815a41cf568c373804,l_f26a690ab6d5d1de4f5d,operator_website,http://www.teslamotors.com,operator,,23.0,data/raw/ocm_reference.json,exact_canonical_operator_name,,,
a_5eb60d7731043b8d6cc3,l_d5a7e7effa89f137384f,operator_website,https://joltcharge.com,operator,,3529.0,data/raw/ocm_reference.json,exact_canonical_operator_name,,,
a_4047fb5cf9462495d4db,l_3dac50db68c7b9c1c02a,operator_website,http://goevie.com.au/,operator,,3398.0,data/raw/ocm_reference.json,exact_canonical_operator_name,,,
a_cee2368423ea0581812c,l_afcf0c51c59697437c4b,operator_website,https://ampcharge.ampol.com.au/,operator,,3625.0,data/raw/ocm_reference.json,exact_canonical_operator_name,,,
a_7a84c9ff7576a6430750,l_9de483f73c0a0d15d9f7,operator_website,https://ampcharge.ampol.com.au/,operator,,3625.0,data/raw/ocm_reference.json,exact_canonical_operator_name,,,
a_b64283743e683a1179d4,l_72a41d0ebfe3a69a0635,operator_website,https://www.tesla.com/en_AU/support/non-tesla-supercharging,operator,,3534.0,data/raw/ocm_reference.json,exact_canonical_operator_name,,,
a_934bc6b489f8bf60e3ca,l_72a41d0ebfe3a69a0635,operator_website,http://www.teslamotors.com,operator,,23.0,data/raw/ocm_reference.json,exact_canonical_operator_name,,,
a_a90104f4f23f380ac148,l_73392c1fc201dc5d53f3,operator_website,http://goevie.com.au/,operator,,3398.0,data/raw/ocm_reference.json,exact_canonical_operator_name,,,
a_5c7a3abcca3b04661977,l_6db937204545047f3bcc,operator_website,https://chargehub.solutions,operator,,3775.0,data/raw/ocm_reference.json,exact_canonical_operator_name,,,
a_7bb023cbb3213ed363fd,l_4f1b469b2b2c81dd2657,operator_website,https://exploren.com.au/,operator,,3622.0,data/raw/ocm_reference.json,exact_canonical_operator_name,,,
a_6e98c2e72c6ffceee7cc,l_6c95fadb8ce41a0f8e4d,operator_website,https://www.tesla.com/en_AU/support/non-tesla-supercharging,operator,,3534.0,data/raw/ocm_reference.json,exact_canonical_operator_name,,,
a_513ee8e1304873710e78,l_6c95fadb8ce41a0f8e4d,operator_website,http://www.teslamotors.com,operator,,23.0,data/raw/ocm_reference.json,exact_canonical_operator_name,,,
a_692a1554c83d49e50ad0,l_e1f047d32a0c03490cfc,operator_website,http://goevie.com.au/,operator,,3398.0,data/raw/ocm_reference.json,exact_canonical_operator_name,,,
a_6a5868bbac54cc173048,l_851bb80fba7b7b405db1,operator_website,https://www.mynrma.com.au/cars-and-driving/electric-vehicles,operator,,3388.0,data/raw/ocm_reference.json,exact_canonical_operator_name,,,
a_a0a950d1e05f805f3b4c,l_851bb80fba7b7b405db1,operator_phone,1300 233 544,operator,,3388.0,data/raw/ocm_reference.json,exact_canonical_operator_name,,,
a_8335cb3cbeb6a4b2a150,l_27981d4442a7bc636509,operator_website,https://www.mynrma.com.au/cars-and-driving/electric-vehicles,operator,,3388.0,data/raw/ocm_reference.json,exact_canonical_operator_name,,,
a_bbe18ca39ff812b9189c,l_27981d4442a7bc636509,operator_phone,1300 233 544,operator,,3388.0,data/raw/ocm_reference.json,exact_canonical_operator_name,,,
a_c027fb7a891326e872b2,l_cc4040349db1402e91cd,operator_website,https://www.bp.com/en_au/australia/home/products-services/bppulse.html,operator,,3659.0,data/raw/ocm_reference.json,exact_canonical_operator_name,,,
a_aa2cf3b8cbe97fff9ba6,l_86d363a34dff5ba1c14f,operator_website,https://www.tesla.com/en_AU/support/non-tesla-supercharging,operator,,3534.0,data/raw/ocm_reference.json,exact_canonical_operator_name,,,
a_29bd1fa4c4249112865a,l_86d363a34dff5ba1c14f,operator_website,http://www.teslamotors.com,operator,,23.0,data/raw/ocm_reference.json,exact_canonical_operator_name,,,
a_fc16b9ccea5d9b159ab6,l_2421e1ad6f967d82e6c5,operator_website,https://chargefox.com,operator,,3339.0,data/raw/ocm_reference.json,exact_canonical_operator_name,,,
a_eca6674533d1ab165d31,l_983ae5c60da63c259180,operator_website,https://exploren.com.au/,operator,,3622.0,data/raw/ocm_reference.json,exact_canonical_operator_name,,,
a_57e45c6642e681ab0bf5,l_2fcbd2774e1ef92e4eb7,operator_website,https://exploren.com.au/,operator,,3622.0,data/raw/ocm_reference.json,exact_canonical_operator_name,,,
a_d72335b9b3bcc9424616,l_d631413d088732971296,operator_website,https://chargefox.com,operator,,3339.0,data/raw/ocm_reference.json,exact_canonical_operator_name,,,
a_7ac944eb306a0ba861d1,l_a5dc54c10eff8da88ade,operator_website,https://exploren.com.au/,operator,,3622.0,data/raw/ocm_reference.json,exact_canonical_operator_name,,,
a_d4ecbfd392b4e37aff8a,l_c234117c6f0de82ae487,operator_website,http://goevie.com.au/,operator,,3398.0,data/raw/ocm_reference.json,exact_canonical_operator_name,,,
a_e7d11637d08d4e890453,l_fa7c475e4fefc7c4b44a,operator_website,https://ampcharge.ampol.com.au/,operator,,3625.0,data/raw/ocm_reference.json,exact_canonical_operator_name,,,
a_6e0dcd1335a192a7d4c6,l_bdd96fd222fbf38d8abb,operator_website,https://joltcharge.com,operator,,3529.0,data/raw/ocm_reference.json,exact_canonical_operator_name,,,
a_dcb5cf110091cc4954c4,l_b516eb75458d76ce5dd6,operator_website,https://chargefox.com,operator,,3339.0,data/raw/ocm_reference.json,exact_canonical_operator_name,,,
a_5c8f6f2062e554a400fc,l_3ff38e76eeb417368b37,operator_website,http://goevie.com.au/,operator,,3398.0,data/raw/ocm_reference.json,exact_canonical_operator_name,,,
a_f91d4510a4f97a0c3072,l_36c950edb735b4aa3dc0,operator_website,https://chargefox.com,operator,,3339.0,data/raw/ocm_reference.json,exact_canonical_operator_name,,,
a_460422661b6f7c8dbedc,l_fc094e3409fffcf3afe7,operator_website,https://www.tesla.com/en_AU/support/non-tesla-supercharging,operator,,3534.0,data/raw/ocm_reference.json,exact_canonical_operator_name,,,
a_ee3dd0147e96dd8906c5,l_fc094e3409fffcf3afe7,operator_website,http://www.teslamotors.com,operator,,23.0,data/raw/ocm_reference.json,exact_canonical_operator_name,,,
a_189cddba18b2f3b54329,l_ed00398600d5eb9a8afc,operator_website,http://goevie.com.au/,operator,,3398.0,data/raw/ocm_reference.json,exact_canonical_operator_name,,,
a_150d9571dcdac09da911,l_93256c25f2ff1fd0a115,operator_website,https://chargefox.com,operator,,3339.0,data/raw/ocm_reference.json,exact_canonical_operator_name,,,
a_94b09d98b323e79ca131,l_34a7c1a247ea3036b133,operator_website,https://ampcharge.ampol.com.au/,operator,,3625.0,data/raw/ocm_reference.json,exact_canonical_operator_name,,,
a_02a6296e23d2104e81fe,l_0f5e70eb56b6faeab877,operator_website,http://goevie.com.au/,operator,,3398.0,data/raw/ocm_reference.json,exact_canonical_operator_name,,,
a_88f9a3b10aabc3715bbf,l_bd6ef1894c22d1363cb7,operator_website,http://goevie.com.au/,operator,,3398.0,data/raw/ocm_reference.json,exact_canonical_operator_name,,,
a_0e64e3d5d9a2c72c38bc,l_c8fbc277bca6a916a484,operator_website,https://chargehub.solutions,operator,,3775.0,data/raw/ocm_reference.json,exact_canonical_operator_name,,,
a_b5b7972194e5b55406b1,l_92994ee190adf43d20bf,operator_website,http://goevie.com.au/,operator,,3398.0,data/raw/ocm_reference.json,exact_canonical_operator_name,,,
a_8e26460a32969dc60b24,l_50040883c1918163638b,operator_website,https://chargefox.com,operator,,3339.0,data/raw/ocm_reference.json,exact_canonical_operator_name,,,
a_ac132c6fbbed0df76fe3,l_4d43e95d4a05277bff92,operator_website,https://exploren.com.au/,operator,,3622.0,data/raw/ocm_reference.json,exact_canonical_operator_name,,,
a_6d9b996e156fe70fa56c,l_4d011ad66e5c03718ea1,operator_website,http://goevie.com.au/,operator,,3398.0,data/raw/ocm_reference.json,exact_canonical_operator_name,,,
a_8898399e5b95a72176f4,l_6326e86e2a4ca2740561,operator_website,https://chargefox.com,operator,,3339.0,data/raw/ocm_reference.json,exact_canonical_operator_name,,,
a_2dd8a76bb6fb63e792a0,l_70b62ce6672d7861923c,operator_website,https://chargefox.com,operator,,3339.0,data/raw/ocm_reference.json,exact_canonical_operator_name,,,
a_d50821ec6a002382f9bb,l_d6f761922edabbc9f130,operator_website,https://exploren.com.au/,operator,,3622.0,data/raw/ocm_reference.json,exact_canonical_operator_name,,,
a_9cf98d982d9a08c6d0ca,l_7db12512f4bd4baba525,operator_website,https://chargefox.com,operator,,3339.0,data/raw/ocm_reference.json,exact_canonical_operator_name,,,
a_67e5de3ce04bbfffbe27,l_51ba1b0a94114e8352c5,operator_website,https://www.tesla.com/en_AU/support/non-tesla-supercharging,operator,,3534.0,data/raw/ocm_reference.json,exact_canonical_operator_name,,,
a_ab3a1e16588805fb1469,l_51ba1b0a94114e8352c5,operator_website,http://www.teslamotors.com,operator,,23.0,data/raw/ocm_reference.json,exact_canonical_operator_name,,,
a_342ca40ee7bb023868a6,l_e0aa5d210f08a36e440d,operator_website,https://chargefox.com,operator,,3339.0,data/raw/ocm_reference.json,exact_canonical_operator_name,,,
a_888c7c85dd1e5069a458,l_6d79a064bd5d7abcee52,operator_website,https://exploren.com.au/,operator,,3622.0,data/raw/ocm_reference.json,exact_canonical_operator_name,,,
a_2d2189e16d516c48d88d,l_8a7a327b085d26ad1726,operator_website,https://chargefox.com,operator,,3339.0,data/raw/ocm_reference.json,exact_canonical_operator_name,,,
a_e6d9023a52cb79effcf5,l_767790f8b941a57ed903,operator_website,https://ampcharge.ampol.com.au/,operator,,3625.0,data/raw/ocm_reference.json,exact_canonical_operator_name,,,
a_1c34a3e6e56168c6d9de,l_2681c11bd56a6bdb82a0,operator_website,https://www.tesla.com/en_AU/support/non-tesla-supercharging,operator,,3534.0,data/raw/ocm_reference.json,exact_canonical_operator_name,,,
a_e17f3454b3725075f5ff,l_2681c11bd56a6bdb82a0,operator_website,http://www.teslamotors.com,operator,,23.0,data/raw/ocm_reference.json,exact_canonical_operator_name,,,
a_44fa1c9f79843dd893ec,l_36e70108d77f450ad957,operator_website,https://www.tesla.com/en_AU/support/non-tesla-supercharging,operator,,3534.0,data/raw/ocm_reference.json,exact_canonical_operator_name,,,
a_516e127519bcaaccf7d2,l_36e70108d77f450ad957,operator_website,http://www.teslamotors.com,operator,,23.0,data/raw/ocm_reference.json,exact_canonical_operator_name,,,
a_a6407a17ad42b3e8e307,l_7e349185b74163a9daf5,operator_website,https://chargefox.com,operator,,3339.0,data/raw/ocm_reference.json,exact_canonical_operator_name,,,
a_14be39b3bf970c50c18e,l_2de785fb55cd1abf300d,operator_website,https://exploren.com.au/,operator,,3622.0,data/raw/ocm_reference.json,exact_canonical_operator_name,,,
a_12008794be14a6cfdb58,l_99a294ded3edb29fe66d,operator_website,https://exploren.com.au/,operator,,3622.0,data/raw/ocm_reference.json,exact_canonical_operator_name,,,
a_9a1cf9e7819b927d0fbd,l_9cdfbd6b69a96dd0aa75,operator_website,https://exploren.com.au/,operator,,3622.0,data/raw/ocm_reference.json,exact_canonical_operator_name,,,
a_64151b3eb5349e33c76a,l_fd347711912078630087,operator_website,https://exploren.com.au/,operator,,3622.0,data/raw/ocm_reference.json,exact_canonical_operator_name,,,
a_58ac3831c45c6a5fafeb,l_0ebd164a90a35c16e4a4,operator_website,https://exploren.com.au/,operator,,3622.0,data/raw/ocm_reference.json,exact_canonical_operator_name,,,
a_0d5a9d92280742b6abc6,l_918ba134e512decabda5,operator_website,https://exploren.com.au/,operator,,3622.0,data/raw/ocm_reference.json,exact_canonical_operator_name,,,
a_38583cd362102e574a0f,l_c054e90134acb0ef6265,operator_website,https://www.bp.com/en_au/australia/home/products-services/bppulse.html,operator,,3659.0,data/raw/ocm_reference.json,exact_canonical_operator_name,,,
a_516a7ff6c802c6e107d2,l_670a933bd0fd6afe1b3f,operator_website,https://www.tesla.com/en_AU/support/non-tesla-supercharging,operator,,3534.0,data/raw/ocm_reference.json,exact_canonical_operator_name,,,
a_f3c44358eb477030043b,l_670a933bd0fd6afe1b3f,operator_website,http://www.teslamotors.com,operator,,23.0,data/raw/ocm_reference.json,exact_canonical_operator_name,,,
a_e981bf208c6da08ded68,l_437878198b56aef68f50,operator_website,https://www.tesla.com/en_AU/support/non-tesla-supercharging,operator,,3534.0,data/raw/ocm_reference.json,exact_canonical_operator_name,,,
a_614ab617ca4c83cc2ed7,l_437878198b56aef68f50,operator_website,http://www.teslamotors.com,operator,,23.0,data/raw/ocm_reference.json,exact_canonical_operator_name,,,
a_9cc70082dbc82d08c2ef,l_d9ed28af4de5b10731b3,operator_website,https://chargefox.com,operator,,3339.0,data/raw/ocm_reference.json,exact_canonical_operator_name,,,
a_54f0db01dd030142d05c,l_7506ca9dcd6781813b50,operator_website,https://www.tesla.com/en_AU/support/non-tesla-supercharging,operator,,3534.0,data/raw/ocm_reference.json,exact_canonical_operator_name,,,
a_2bc8333d8944828202ba,l_7506ca9dcd6781813b50,operator_website,http://www.teslamotors.com,operator,,23.0,data/raw/ocm_reference.json,exact_canonical_operator_name,,,
a_f202133ece49e67001f0,l_b59ceb8e30b97b643258,operator_website,https://exploren.com.au/,operator,,3622.0,data/raw/ocm_reference.json,exact_canonical_operator_name,,,
a_ed40dd4a74e325a25486,l_7cd39b2dd85100bb238a,operator_website,https://joltcharge.com,operator,,3529.0,data/raw/ocm_reference.json,exact_canonical_operator_name,,,
a_701f32497e567be8301c,l_973c2fa0b7b2002faf9e,operator_website,https://chargefox.com,operator,,3339.0,data/raw/ocm_reference.json,exact_canonical_operator_name,,,
a_7484d7b118d66b8bfc77,l_9345524f98d88e87488f,operator_website,https://chargefox.com,operator,,3339.0,data/raw/ocm_reference.json,exact_canonical_operator_name,,,
a_2f8c04a561b8b2c7b49f,l_ef5e9ca885d916a27d84,operator_website,https://www.tesla.com/en_AU/support/non-tesla-supercharging,operator,,3534.0,data/raw/ocm_reference.json,exact_canonical_operator_name,,,
a_6ab80b6f08522c519c68,l_ef5e9ca885d916a27d84,operator_website,http://www.teslamotors.com,operator,,23.0,data/raw/ocm_reference.json,exact_canonical_operator_name,,,
a_4bd5ec084c225780fbf4,l_9538e5057439c6ff0cb4,operator_website,https://www.tesla.com/en_AU/support/non-tesla-supercharging,operator,,3534.0,data/raw/ocm_reference.json,exact_canonical_operator_name,,,
a_d7d81acc33d678c64390,l_9538e5057439c6ff0cb4,operator_website,http://www.teslamotors.com,operator,,23.0,data/raw/ocm_reference.json,exact_canonical_operator_name,,,
a_ad2613d0a52e3a3279b5,l_33ffbe2150b0821f9266,operator_website,https://chargefox.com,operator,,3339.0,data/raw/ocm_reference.json,exact_canonical_operator_name,,,
a_c59261d2bba5a8961f62,l_ba3c7d6f42433263f504,operator_website,https://www.mynrma.com.au/cars-and-driving/electric-vehicles,operator,,3388.0,data/raw/ocm_reference.json,exact_canonical_operator_name,,,
a_e90247b1f10f0f4858f5,l_ba3c7d6f42433263f504,operator_phone,1300 233 544,operator,,3388.0,data/raw/ocm_reference.json,exact_canonical_operator_name,,,
a_552d4ed9d881dee65faa,l_e813dc4295e8d0dcb035,operator_website,http://goevie.com.au/,operator,,3398.0,data/raw/ocm_reference.json,exact_canonical_operator_name,,,
a_2529adcafbccc0f30ff7,l_1a14af4b564a876d23aa,operator_website,https://www.mynrma.com.au/cars-and-driving/electric-vehicles,operator,,3388.0,data/raw/ocm_reference.json,exact_canonical_operator_name,,,
a_5d8d26272831a41e6d5e,l_1a14af4b564a876d23aa,operator_phone,1300 233 544,operator,,3388.0,data/raw/ocm_reference.json,exact_canonical_operator_name,,,
a_75b3c53bf9335b196d9b,l_dd70f0561f79ee1095d1,operator_website,https://www.mynrma.com.au/cars-and-driving/electric-vehicles,operator,,3388.0,data/raw/ocm_reference.json,exact_canonical_operator_name,,,
a_47b79a411d5dfeca0869,l_dd70f0561f79ee1095d1,operator_phone,1300 233 544,operator,,3388.0,data/raw/ocm_reference.json,exact_canonical_operator_name,,,
a_8cd8d25c071a19ea7f35,l_d7e8a6739689bf98ee77,operator_website,https://www.mynrma.com.au/cars-and-driving/electric-vehicles,operator,,3388.0,data/raw/ocm_reference.json,exact_canonical_operator_name,,,
a_0674b5c081728dda2a54,l_d7e8a6739689bf98ee77,operator_phone,1300 233 544,operator,,3388.0,data/raw/ocm_reference.json,exact_canonical_operator_name,,,
a_dedd54383a0d3810123e,l_508197a6e65801e5a667,operator_website,https://ampcharge.ampol.com.au/,operator,,3625.0,data/raw/ocm_reference.json,exact_canonical_operator_name,,,
a_2357b229e12fa05accc5,l_8422a9ee7cb0f27a4eb0,operator_website,https://ampcharge.ampol.com.au/,operator,,3625.0,data/raw/ocm_reference.json,exact_canonical_operator_name,,,
a_5b3d8c0aa6347607bbf2,l_39e046cc16cbf99cf684,operator_website,http://www.chargepoint.net/,operator,,5.0,data/raw/ocm_reference.json,exact_canonical_operator_name,,,
a_f7d0d97fda146bd80662,l_39e046cc16cbf99cf684,operator_phone,1-408-841-4500,operator,,5.0,data/raw/ocm_reference.json,exact_canonical_operator_name,,,
a_c4e1a4219a501dbc8b51,l_d6f7920370a67c39a81b,operator_website,https://chargefox.com,operator,,3339.0,data/raw/ocm_reference.json,exact_canonical_operator_name,,,
a_484a8a6ed77b1ba219d7,l_737eb524a7a46eff20ba,operator_website,https://www.tesla.com/en_AU/support/non-tesla-supercharging,operator,,3534.0,data/raw/ocm_reference.json,exact_canonical_operator_name,,,
a_1ecdb3f5b14159b89eec,l_737eb524a7a46eff20ba,operator_website,http://www.teslamotors.com,operator,,23.0,data/raw/ocm_reference.json,exact_canonical_operator_name,,,
a_c28cbd29ca89b1f79114,l_9fc61b13f66f9d01b303,operator_website,https://ampcharge.ampol.com.au/,operator,,3625.0,data/raw/ocm_reference.json,exact_canonical_operator_name,,,
a_71826aba6d534eff1ffc,l_adb7b60f8ecb77fd5d63,operator_website,http://goevie.com.au/,operator,,3398.0,data/raw/ocm_reference.json,exact_canonical_operator_name,,,
a_d78ec396b4d211b7d7d3,l_81ac1c0eb40f1e500ff0,operator_website,http://goevie.com.au/,operator,,3398.0,data/raw/ocm_reference.json,exact_canonical_operator_name,,,
a_ea1b8a7b11530d425d0c,l_d04d0a16f8a413c35ef0,operator_website,https://www.tesla.com/en_AU/support/non-tesla-supercharging,operator,,3534.0,data/raw/ocm_reference.json,exact_canonical_operator_name,,,
a_78f5b159ce36f92d807b,l_d04d0a16f8a413c35ef0,operator_website,http://www.teslamotors.com,operator,,23.0,data/raw/ocm_reference.json,exact_canonical_operator_name,,,
a_fb1fa5e0afe345d6a5b7,l_095db3692993e39a2baf,operator_website,http://goevie.com.au/,operator,,3398.0,data/raw/ocm_reference.json,exact_canonical_operator_name,,,
a_332584a3bdcaea020269,l_2499e0171bc15dfd2719,operator_website,https://chargefox.com,operator,,3339.0,data/raw/ocm_reference.json,exact_canonical_operator_name,,,
a_b48d69e57f249a406467,l_c568a6548781fde69e55,operator_website,https://www.mynrma.com.au/cars-and-driving/electric-vehicles,operator,,3388.0,data/raw/ocm_reference.json,exact_canonical_operator_name,,,
a_6063f1b9675135306085,l_c568a6548781fde69e55,operator_phone,1300 233 544,operator,,3388.0,data/raw/ocm_reference.json,exact_canonical_operator_name,,,
a_486abb98d1f1f3f54399,l_9e7a0beca84a7d9e019d,operator_website,https://www.mynrma.com.au/cars-and-driving/electric-vehicles,operator,,3388.0,data/raw/ocm_reference.json,exact_canonical_operator_name,,,
a_b28e9ce148a21b0bf0d7,l_9e7a0beca84a7d9e019d,operator_phone,1300 233 544,operator,,3388.0,data/raw/ocm_reference.json,exact_canonical_operator_name,,,
a_bf75884d727e48528216,l_afdf5670ac33c6469f91,operator_website,https://joltcharge.com,operator,,3529.0,data/raw/ocm_reference.json,exact_canonical_operator_name,,,
a_42325de5707a17a9efaa,l_1985bc0afc762a942f80,operator_website,https://www.tesla.com/en_AU/support/non-tesla-supercharging,operator,,3534.0,data/raw/ocm_reference.json,exact_canonical_operator_name,,,
a_94aa833e00f80a505abb,l_1985bc0afc762a942f80,operator_website,http://www.teslamotors.com,operator,,23.0,data/raw/ocm_reference.json,exact_canonical_operator_name,,,
a_5ead1bfc57b7cfd41640,l_5da82ed9b10e3a7f7cbe,operator_website,https://www.mynrma.com.au/cars-and-driving/electric-vehicles,operator,,3388.0,data/raw/ocm_reference.json,exact_canonical_operator_name,,,
a_87086911a6aa46ef0de0,l_5da82ed9b10e3a7f7cbe,operator_phone,1300 233 544,operator,,3388.0,data/raw/ocm_reference.json,exact_canonical_operator_name,,,
a_34b1ff955c2513651eed,l_26438f6aac5de9467e73,operator_website,https://www.mynrma.com.au/cars-and-driving/electric-vehicles,operator,,3388.0,data/raw/ocm_reference.json,exact_canonical_operator_name,,,
a_3812ce7902e1224d0926,l_26438f6aac5de9467e73,operator_phone,1300 233 544,operator,,3388.0,data/raw/ocm_reference.json,exact_canonical_operator_name,,,
a_68a2a5a16a341fe70327,l_abb5df3e2443a5903a76,operator_website,https://www.mynrma.com.au/cars-and-driving/electric-vehicles,operator,,3388.0,data/raw/ocm_reference.json,exact_canonical_operator_name,,,
a_38676551342c7ed98296,l_abb5df3e2443a5903a76,operator_phone,1300 233 544,operator,,3388.0,data/raw/ocm_reference.json,exact_canonical_operator_name,,,
a_28fecc3c7a74ef5ae9c1,l_a1c9428d82e771875583,operator_website,https://everty.com.au/,operator,,3609.0,data/raw/ocm_reference.json,exact_canonical_operator_name,,,
a_6690e1d0bbf66bccbfa6,l_c78107320e0813ae79ca,operator_website,https://chargefox.com,operator,,3339.0,data/raw/ocm_reference.json,exact_canonical_operator_name,,,
a_dee65e8756ae846dd8fa,l_93b8ef757e1aa3f2cb31,operator_website,https://www.tesla.com/en_AU/support/non-tesla-supercharging,operator,,3534.0,data/raw/ocm_reference.json,exact_canonical_operator_name,,,
a_940253b10ae433ac9932,l_93b8ef757e1aa3f2cb31,operator_website,http://www.teslamotors.com,operator,,23.0,data/raw/ocm_reference.json,exact_canonical_operator_name,,,
a_32363a1bc12c07616f59,l_b95fda2a5dfd50021d16,operator_website,http://goevie.com.au/,operator,,3398.0,data/raw/ocm_reference.json,exact_canonical_operator_name,,,
a_54e63b7f8e8cd088e11d,l_e8d404de19b1519b6ccd,operator_website,https://www.tesla.com/en_AU/support/non-tesla-supercharging,operator,,3534.0,data/raw/ocm_reference.json,exact_canonical_operator_name,,,
a_fbc6d8c6b58276b36c75,l_e8d404de19b1519b6ccd,operator_website,http://www.teslamotors.com,operator,,23.0,data/raw/ocm_reference.json,exact_canonical_operator_name,,,
a_f3095e46eaab02d62752,l_9c853428cee96cd5bac2,operator_website,https://www.mynrma.com.au/cars-and-driving/electric-vehicles,operator,,3388.0,data/raw/ocm_reference.json,exact_canonical_operator_name,,,
a_12f40384f7c2013b3343,l_9c853428cee96cd5bac2,operator_phone,1300 233 544,operator,,3388.0,data/raw/ocm_reference.json,exact_canonical_operator_name,,,
a_fe0d3e8ac801bd94d3e0,l_fdbc3ac1498f235c3c76,operator_website,https://www.tesla.com/en_AU/support/non-tesla-supercharging,operator,,3534.0,data/raw/ocm_reference.json,exact_canonical_operator_name,,,
a_d840f6bb60076ff163fa,l_fdbc3ac1498f235c3c76,operator_website,http://www.teslamotors.com,operator,,23.0,data/raw/ocm_reference.json,exact_canonical_operator_name,,,
a_3eb3ca4b997aa19b1b3e,l_306723767e6819217140,operator_website,http://goevie.com.au/,operator,,3398.0,data/raw/ocm_reference.json,exact_canonical_operator_name,,,
a_ac8d25e19ca4260ea562,l_eef5a1f301ba626d6775,operator_website,https://chargefox.com,operator,,3339.0,data/raw/ocm_reference.json,exact_canonical_operator_name,,,
a_ecc3ca0fd48c7f9769e9,l_29a8eecc85684b5f97c6,operator_website,https://joltcharge.com,operator,,3529.0,data/raw/ocm_reference.json,exact_canonical_operator_name,,,
a_4df9ee74a34821db4a12,l_4718a5a8373d9d0b8d97,operator_website,https://joltcharge.com,operator,,3529.0,data/raw/ocm_reference.json,exact_canonical_operator_name,,,
a_f8e17e93977422d16522,l_3fadc375708cf321924a,operator_website,https://www.mynrma.com.au/cars-and-driving/electric-vehicles,operator,,3388.0,data/raw/ocm_reference.json,exact_canonical_operator_name,,,
a_cbdef6ce73098b85a36c,l_3fadc375708cf321924a,operator_phone,1300 233 544,operator,,3388.0,data/raw/ocm_reference.json,exact_canonical_operator_name,,,
a_b7f96560dc96aa49f550,l_bab6f0f232d08a6bbeb9,operator_website,https://www.mynrma.com.au/cars-and-driving/electric-vehicles,operator,,3388.0,data/raw/ocm_reference.json,exact_canonical_operator_name,,,
a_d3b403ec7878273b64f1,l_bab6f0f232d08a6bbeb9,operator_phone,1300 233 544,operator,,3388.0,data/raw/ocm_reference.json,exact_canonical_operator_name,,,
a_d9f5004713a02d6cc200,l_49393ecaec8f6f344c46,operator_website,https://chargefox.com,operator,,3339.0,data/raw/ocm_reference.json,exact_canonical_operator_name,,,
a_5f3984f0cc0287d1e22c,l_0d05faab06506979db20,operator_website,https://chargefox.com,operator,,3339.0,data/raw/ocm_reference.json,exact_canonical_operator_name,,,
a_d7379f597a4c2c8ddffd,l_d0a819b95a2a2f3fb46a,operator_website,https://chargefox.com,operator,,3339.0,data/raw/ocm_reference.json,exact_canonical_operator_name,,,
a_7bc490c748081afb8e72,l_1cc092cb94d3d011a9d3,operator_website,https://www.bp.com/en_au/australia/home/products-services/bppulse.html,operator,,3659.0,data/raw/ocm_reference.json,exact_canonical_operator_name,,,
a_474778cfadb09f05f332,l_21b540521adb40fdbe53,operator_website,https://www.bp.com/en_au/australia/home/products-services/bppulse.html,operator,,3659.0,data/raw/ocm_reference.json,exact_canonical_operator_name,,,
a_5580d6563cb06584c7cf,l_1148a02a4d19f0e6f78e,operator_website,https://www.mynrma.com.au/cars-and-driving/electric-vehicles,operator,,3388.0,data/raw/ocm_reference.json,exact_canonical_operator_name,,,
a_f91d09491f594d40ae1b,l_1148a02a4d19f0e6f78e,operator_phone,1300 233 544,operator,,3388.0,data/raw/ocm_reference.json,exact_canonical_operator_name,,,
a_1e8d5215534bbd2aca42,l_a5b47985d2b2146ebe96,operator_website,https://chargefox.com,operator,,3339.0,data/raw/ocm_reference.json,exact_canonical_operator_name,,,
a_0aa5a423fa2e3797dd66,l_2787fb72701b1502f64e,operator_website,https://www.tesla.com/en_AU/support/non-tesla-supercharging,operator,,3534.0,data/raw/ocm_reference.json,exact_canonical_operator_name,,,
a_8a92bc67af90718c6b39,l_2787fb72701b1502f64e,operator_website,http://www.teslamotors.com,operator,,23.0,data/raw/ocm_reference.json,exact_canonical_operator_name,,,
a_bc53dcc5c219eb5c9034,l_d4078fc4eb2f6a6b0d67,operator_website,https://exploren.com.au/,operator,,3622.0,data/raw/ocm_reference.json,exact_canonical_operator_name,,,
a_733c8f93979db399790e,l_489ae1c90174e92bf09e,operator_website,https://chargefox.com,operator,,3339.0,data/raw/ocm_reference.json,exact_canonical_operator_name,,,
a_d37aaf1f4e26fbc99e18,l_0d5b3adefe5f7ce63994,operator_website,https://chargefox.com,operator,,3339.0,data/raw/ocm_reference.json,exact_canonical_operator_name,,,
a_0ca0a36b75fe34bddb1d,l_9be809db1a1a29023bf8,operator_website,https://www.bp.com/en_au/australia/home/products-services/bppulse.html,operator,,3659.0,data/raw/ocm_reference.json,exact_canonical_operator_name,,,
a_697a90f9d68a7a15e679,l_28327fad6aaa75b24f4b,operator_website,https://www.mynrma.com.au/cars-and-driving/electric-vehicles,operator,,3388.0,data/raw/ocm_reference.json,exact_canonical_operator_name,,,
a_ca8a005062c7c93818f1,l_28327fad6aaa75b24f4b,operator_phone,1300 233 544,operator,,3388.0,data/raw/ocm_reference.json,exact_canonical_operator_name,,,
a_61c3608485a1aeddfe7b,l_e16fb42c5bf2ad04a583,operator_website,https://www.bp.com/en_au/australia/home/products-services/bppulse.html,operator,,3659.0,data/raw/ocm_reference.json,exact_canonical_operator_name,,,
a_63b57d857deb0e6e363b,l_bc7c5d331c7f6c793775,operator_website,https://www.mynrma.com.au/cars-and-driving/electric-vehicles,operator,,3388.0,data/raw/ocm_reference.json,exact_canonical_operator_name,,,
a_25fa09e10e05d775f0b4,l_bc7c5d331c7f6c793775,operator_phone,1300 233 544,operator,,3388.0,data/raw/ocm_reference.json,exact_canonical_operator_name,,,
a_823932eab5b48687ccfa,l_980db725973a4ce1fa18,operator_website,https://www.mynrma.com.au/cars-and-driving/electric-vehicles,operator,,3388.0,data/raw/ocm_reference.json,exact_canonical_operator_name,,,
a_7f5b3c77b0f18108d87d,l_980db725973a4ce1fa18,operator_phone,1300 233 544,operator,,3388.0,data/raw/ocm_reference.json,exact_canonical_operator_name,,,
a_8752f376b9e38f96da26,l_5b334947cac0d4a7bb17,operator_website,https://www.mynrma.com.au/cars-and-driving/electric-vehicles,operator,,3388.0,data/raw/ocm_reference.json,exact_canonical_operator_name,,,
a_33a75f09d75533077d3b,l_5b334947cac0d4a7bb17,operator_phone,1300 233 544,operator,,3388.0,data/raw/ocm_reference.json,exact_canonical_operator_name,,,
a_e585153cfdb3df4c25f4,l_6c697a211014dac9323e,operator_website,https://www.tesla.com/en_AU/support/non-tesla-supercharging,operator,,3534.0,data/raw/ocm_reference.json,exact_canonical_operator_name,,,
a_42667de2fbc0c864ea42,l_6c697a211014dac9323e,operator_website,http://www.teslamotors.com,operator,,23.0,data/raw/ocm_reference.json,exact_canonical_operator_name,,,
a_caddce0acf8d483bee33,l_cda6c22e460b1a5b98f3,operator_website,https://exploren.com.au/,operator,,3622.0,data/raw/ocm_reference.json,exact_canonical_operator_name,,,
a_3f01e829f3c08e0ca217,l_694e3515e424ae8585b1,operator_website,https://www.engie.com,operator,,3595.0,data/raw/ocm_reference.json,exact_canonical_operator_name,,,
a_222943ba7a3b8f3b03a0,l_25d1669847d10fab69fb,operator_website,https://chargefox.com,operator,,3339.0,data/raw/ocm_reference.json,exact_canonical_operator_name,,,
a_65fd7dc38ab84c4ec3b9,l_15c1465f5dbdd6707b49,operator_website,https://everty.com.au/,operator,,3609.0,data/raw/ocm_reference.json,exact_canonical_operator_name,,,
a_5888542e7172817a1796,l_cb8d878a5b38f0f26308,operator_website,https://chargefox.com,operator,,3339.0,data/raw/ocm_reference.json,exact_canonical_operator_name,,,
a_19ffa33831b54a6e0943,l_e8f4fc54a6e0e5f0cfeb,operator_website,https://exploren.com.au/,operator,,3622.0,data/raw/ocm_reference.json,exact_canonical_operator_name,,,
a_de8e8cb9dd5574833334,l_084aacf9897d74ef9103,operator_website,https://chargefox.com,operator,,3339.0,data/raw/ocm_reference.json,exact_canonical_operator_name,,,
a_ede25f5ec19fd7870eac,l_925803a5a105558d35a5,operator_website,https://chargefox.com,operator,,3339.0,data/raw/ocm_reference.json,exact_canonical_operator_name,,,
a_f3f21e65372acc94c9cd,l_7db26718bcad6ce8bf53,operator_website,https://ampcharge.ampol.com.au/,operator,,3625.0,data/raw/ocm_reference.json,exact_canonical_operator_name,,,
a_cb989ae9ddfbeb233585,l_cd09c129e92e28e81d61,operator_website,https://www.tesla.com/en_AU/support/non-tesla-supercharging,operator,,3534.0,data/raw/ocm_reference.json,exact_canonical_operator_name,,,
a_70ca2cd3a3189f684c30,l_cd09c129e92e28e81d61,operator_website,http://www.teslamotors.com,operator,,23.0,data/raw/ocm_reference.json,exact_canonical_operator_name,,,
a_50c5c90c437233ebb745,l_0d57ca9ad72a2d2259be,operator_website,https://www.tesla.com/en_AU/support/non-tesla-supercharging,operator,,3534.0,data/raw/ocm_reference.json,exact_canonical_operator_name,,,
a_04ca4d79acb5035692a6,l_0d57ca9ad72a2d2259be,operator_website,http://www.teslamotors.com,operator,,23.0,data/raw/ocm_reference.json,exact_canonical_operator_name,,,
a_8086a38cdeb449a49bdf,l_22d2886e38dc2fa074fd,operator_website,https://chargefox.com,operator,,3339.0,data/raw/ocm_reference.json,exact_canonical_operator_name,,,
a_4325f5bffeaab6c0f055,l_344081795f73e481638c,operator_website,https://exploren.com.au/,operator,,3622.0,data/raw/ocm_reference.json,exact_canonical_operator_name,,,
a_c8b943aedd5a836af6ed,l_e926b96286a519747b25,operator_website,https://www.tesla.com/en_AU/support/non-tesla-supercharging,operator,,3534.0,data/raw/ocm_reference.json,exact_canonical_operator_name,,,
a_e306b7e3a9d5bd3761e0,l_e926b96286a519747b25,operator_website,http://www.teslamotors.com,operator,,23.0,data/raw/ocm_reference.json,exact_canonical_operator_name,,,
a_810a2cc08eb89a0f76fa,l_948baf6352bf603393f7,operator_website,https://exploren.com.au/,operator,,3622.0,data/raw/ocm_reference.json,exact_canonical_operator_name,,,
a_62669e5837205e084577,l_9148f44c9d3bb1786ae5,operator_website,https://exploren.com.au/,operator,,3622.0,data/raw/ocm_reference.json,exact_canonical_operator_name,,,
a_ea5941f68aea14b0d136,l_864ca36a72274eb6755f,operator_website,https://chargehub.solutions,operator,,3775.0,data/raw/ocm_reference.json,exact_canonical_operator_name,,,
a_a62db2deee24b1c0380c,l_bc48e5356bc48752d739,operator_website,https://www.mynrma.com.au/cars-and-driving/electric-vehicles,operator,,3388.0,data/raw/ocm_reference.json,exact_canonical_operator_name,,,
a_ca5a56be9b0ab3118a21,l_bc48e5356bc48752d739,operator_phone,1300 233 544,operator,,3388.0,data/raw/ocm_reference.json,exact_canonical_operator_name,,,
a_b2867aa5a8e55edec3d3,l_b1e8a840aac16b6192e4,operator_website,https://www.tesla.com/en_AU/support/non-tesla-supercharging,operator,,3534.0,data/raw/ocm_reference.json,exact_canonical_operator_name,,,
a_2bfdbfdce74384b03488,l_b1e8a840aac16b6192e4,operator_website,http://www.teslamotors.com,operator,,23.0,data/raw/ocm_reference.json,exact_canonical_operator_name,,,
a_d7583cee31ddd7942131,l_e8302269ef400c00661a,operator_website,https://www.tesla.com/en_AU/support/non-tesla-supercharging,operator,,3534.0,data/raw/ocm_reference.json,exact_canonical_operator_name,,,
a_a013755655ed185c014b,l_e8302269ef400c00661a,operator_website,http://www.teslamotors.com,operator,,23.0,data/raw/ocm_reference.json,exact_canonical_operator_name,,,
a_aa765209e56f140b7405,l_54be1dd0d0c2c775ae6a,operator_website,https://chargefox.com,operator,,3339.0,data/raw/ocm_reference.json,exact_canonical_operator_name,,,
a_fa47a02a9896a6c64713,l_791c871f8cd8c6cb0214,operator_website,https://www.tesla.com/en_AU/support/non-tesla-supercharging,operator,,3534.0,data/raw/ocm_reference.json,exact_canonical_operator_name,,,
a_a0ccfdbe1ba6beb674bc,l_791c871f8cd8c6cb0214,operator_website,http://www.teslamotors.com,operator,,23.0,data/raw/ocm_reference.json,exact_canonical_operator_name,,,
a_44b50054ca16afdff38d,l_828c50ea7a5f58a7b7d8,operator_website,https://www.mynrma.com.au/cars-and-driving/electric-vehicles,operator,,3388.0,data/raw/ocm_reference.json,exact_canonical_operator_name,,,
a_5200eb81e8237bd80297,l_828c50ea7a5f58a7b7d8,operator_phone,1300 233 544,operator,,3388.0,data/raw/ocm_reference.json,exact_canonical_operator_name,,,
a_09cf5e3146d062f1fa96,l_ae8414370c21e9d1a591,operator_website,https://ampcharge.ampol.com.au/,operator,,3625.0,data/raw/ocm_reference.json,exact_canonical_operator_name,,,
a_ba025a9829fc0e48f95f,l_2ba6c9ec7c0fff4bf689,operator_website,https://ampcharge.ampol.com.au/,operator,,3625.0,data/raw/ocm_reference.json,exact_canonical_operator_name,,,
a_684e6f38ffb7e7f8d4ff,l_c86eee654e576c9d2c72,operator_website,https://chargefox.com,operator,,3339.0,data/raw/ocm_reference.json,exact_canonical_operator_name,,,
a_5e3c62624c4eb893d973,l_4daecd0397a35fc0048a,operator_website,https://joltcharge.com,operator,,3529.0,data/raw/ocm_reference.json,exact_canonical_operator_name,,,
a_6a65ba85e9d01262d5fd,l_0674a4af4096847b94ea,operator_website,https://chargehub.solutions,operator,,3775.0,data/raw/ocm_reference.json,exact_canonical_operator_name,,,
a_348fbd8cfc8593723a80,l_ba79e588b579d676c3b6,operator_website,https://chargefox.com,operator,,3339.0,data/raw/ocm_reference.json,exact_canonical_operator_name,,,
a_d742b0a9e8786ebf5fed,l_0381f7fb2767fcd561f6,operator_website,https://exploren.com.au/,operator,,3622.0,data/raw/ocm_reference.json,exact_canonical_operator_name,,,
a_6ef9ec2a5d3748e6bb93,l_fbbf87865be94e353b1e,operator_website,https://chargefox.com,operator,,3339.0,data/raw/ocm_reference.json,exact_canonical_operator_name,,,
a_0e1b6f811a288f429a62,l_e8bbf337bf47d35e6221,operator_website,https://ampcharge.ampol.com.au/,operator,,3625.0,data/raw/ocm_reference.json,exact_canonical_operator_name,,,
a_3c2eb7fe36e4bde1b1a4,l_749d8c0cc4c947ffdc97,operator_website,https://chargefox.com,operator,,3339.0,data/raw/ocm_reference.json,exact_canonical_operator_name,,,
a_3c95ee8ef4d60cac39de,l_a7d11396ec58cb710c38,operator_website,https://everty.com.au/,operator,,3609.0,data/raw/ocm_reference.json,exact_canonical_operator_name,,,
a_f28d25f82b4fc718cccd,l_a2a03a1ddf37874d0119,operator_website,https://joltcharge.com,operator,,3529.0,data/raw/ocm_reference.json,exact_canonical_operator_name,,,
a_49c013b1cdb4a9bd4c39,l_3a1879a3bfbf0fe504ac,operator_website,https://www.tesla.com/en_AU/support/non-tesla-supercharging,operator,,3534.0,data/raw/ocm_reference.json,exact_canonical_operator_name,,,
a_0cf4ee00ed40ed1fefd8,l_3a1879a3bfbf0fe504ac,operator_website,http://www.teslamotors.com,operator,,23.0,data/raw/ocm_reference.json,exact_canonical_operator_name,,,
a_94db6314f30848a3e372,l_8f58931cf945392bd70e,operator_website,https://joltcharge.com,operator,,3529.0,data/raw/ocm_reference.json,exact_canonical_operator_name,,,
a_a110f2804632abcfcc92,l_52980b7c8f66f02c17dc,operator_website,http://goevie.com.au/,operator,,3398.0,data/raw/ocm_reference.json,exact_canonical_operator_name,,,
a_52f9171adc85d84a509f,l_48d871063b483c35a2f0,operator_website,https://everty.com.au/,operator,,3609.0,data/raw/ocm_reference.json,exact_canonical_operator_name,,,
a_b6ed37152a8d530105ef,l_8b8fc53043f30288e8e5,operator_website,https://exploren.com.au/,operator,,3622.0,data/raw/ocm_reference.json,exact_canonical_operator_name,,,
a_bcb024794581d4232ee6,l_89e7bb12912d228537b2,operator_website,https://exploren.com.au/,operator,,3622.0,data/raw/ocm_reference.json,exact_canonical_operator_name,,,
a_3f88a8865762c606db18,l_2b7abbfc1277536bcba1,operator_website,https://www.mynrma.com.au/cars-and-driving/electric-vehicles,operator,,3388.0,data/raw/ocm_reference.json,exact_canonical_operator_name,,,
a_a6fe7d811818273cbbde,l_2b7abbfc1277536bcba1,operator_phone,1300 233 544,operator,,3388.0,data/raw/ocm_reference.json,exact_canonical_operator_name,,,
a_aee958d067b40a2bef0c,l_e20ace84f62a039524a2,operator_website,https://chargefox.com,operator,,3339.0,data/raw/ocm_reference.json,exact_canonical_operator_name,,,
a_d73329b233ee93e65f36,l_8cb464c9c30fb563f647,operator_website,https://chargefox.com,operator,,3339.0,data/raw/ocm_reference.json,exact_canonical_operator_name,,,
a_8b0538f808f02da05bee,l_c3b89a1652e2312b50e4,operator_website,https://chargefox.com,operator,,3339.0,data/raw/ocm_reference.json,exact_canonical_operator_name,,,
a_490d3d4ee241c311f869,l_23a291542d287073b9fa,operator_website,https://www.mynrma.com.au/cars-and-driving/electric-vehicles,operator,,3388.0,data/raw/ocm_reference.json,exact_canonical_operator_name,,,
a_f4dd416cbd62af060194,l_23a291542d287073b9fa,operator_phone,1300 233 544,operator,,3388.0,data/raw/ocm_reference.json,exact_canonical_operator_name,,,
a_b0d0b81671c51bb9651a,l_6a57a5d7c7f2f78daf1e,operator_website,https://chargefox.com,operator,,3339.0,data/raw/ocm_reference.json,exact_canonical_operator_name,,,
a_7cd0120e09d597949aac,l_441632168889d2424f4a,operator_website,https://www.tesla.com/en_AU/support/non-tesla-supercharging,operator,,3534.0,data/raw/ocm_reference.json,exact_canonical_operator_name,,,
a_08eebd4db339d0bc4d1d,l_441632168889d2424f4a,operator_website,http://www.teslamotors.com,operator,,23.0,data/raw/ocm_reference.json,exact_canonical_operator_name,,,
a_d8a144d7526d78b50fea,l_bad37c5230a82b6f4b4c,operator_website,https://www.mynrma.com.au/cars-and-driving/electric-vehicles,operator,,3388.0,data/raw/ocm_reference.json,exact_canonical_operator_name,,,
a_86c2246e49084078f6ba,l_bad37c5230a82b6f4b4c,operator_phone,1300 233 544,operator,,3388.0,data/raw/ocm_reference.json,exact_canonical_operator_name,,,
a_7272bde0b214c672795a,l_0df753d1b53086db050d,operator_website,https://joltcharge.com,operator,,3529.0,data/raw/ocm_reference.json,exact_canonical_operator_name,,,
a_a4e4ac5bbac83d350108,l_76d1a586b32fa4cd40fa,operator_website,http://www.chargepoint.net/,operator,,5.0,data/raw/ocm_reference.json,exact_canonical_operator_name,,,
a_be33fa1c9d55d4b70048,l_76d1a586b32fa4cd40fa,operator_phone,1-408-841-4500,operator,,5.0,data/raw/ocm_reference.json,exact_canonical_operator_name,,,
a_b7da71d136573b340330,l_c728a9b6243f7d2e1e0e,operator_website,https://chargefox.com,operator,,3339.0,data/raw/ocm_reference.json,exact_canonical_operator_name,,,
a_6963c5f752b846cd6d18,l_420ca068eca2fb5b0437,operator_website,https://www.tesla.com/en_AU/support/non-tesla-supercharging,operator,,3534.0,data/raw/ocm_reference.json,exact_canonical_operator_name,,,
a_6466408ff7a16f939480,l_420ca068eca2fb5b0437,operator_website,http://www.teslamotors.com,operator,,23.0,data/raw/ocm_reference.json,exact_canonical_operator_name,,,
a_cd5cfc3e224d5309b61d,l_98af0b98434bdf876e53,operator_website,https://www.mynrma.com.au/cars-and-driving/electric-vehicles,operator,,3388.0,data/raw/ocm_reference.json,exact_canonical_operator_name,,,
a_6baba1a36f3e6f8238d2,l_98af0b98434bdf876e53,operator_phone,1300 233 544,operator,,3388.0,data/raw/ocm_reference.json,exact_canonical_operator_name,,,
a_9221c96b2bfc4cf1de9f,l_a20bc0147ac67ab3461b,operator_website,https://exploren.com.au/,operator,,3622.0,data/raw/ocm_reference.json,exact_canonical_operator_name,,,
a_bcd167397eda924fe2c4,l_07c8e1fedef617b1e41f,operator_website,https://www.mynrma.com.au/cars-and-driving/electric-vehicles,operator,,3388.0,data/raw/ocm_reference.json,exact_canonical_operator_name,,,
a_949e7743702c2e3e3071,l_07c8e1fedef617b1e41f,operator_phone,1300 233 544,operator,,3388.0,data/raw/ocm_reference.json,exact_canonical_operator_name,,,
a_a5525708b61fa4a5f41c,l_a3d8a2a0aa5efec25839,operator_website,https://www.mynrma.com.au/cars-and-driving/electric-vehicles,operator,,3388.0,data/raw/ocm_reference.json,exact_canonical_operator_name,,,
a_461056d4647a8884c977,l_a3d8a2a0aa5efec25839,operator_phone,1300 233 544,operator,,3388.0,data/raw/ocm_reference.json,exact_canonical_operator_name,,,
a_6ce42fffeca622c7c27e,l_bc77e5f6c4c60359b971,operator_website,https://chargefox.com,operator,,3339.0,data/raw/ocm_reference.json,exact_canonical_operator_name,,,
a_0f525d735668f4d4ba1a,l_8d38ec12e9993a3deec1,operator_website,https://chargefox.com,operator,,3339.0,data/raw/ocm_reference.json,exact_canonical_operator_name,,,
a_22ad1e9fd8153ede352b,l_342f228d276725e07657,operator_website,https://www.mynrma.com.au/cars-and-driving/electric-vehicles,operator,,3388.0,data/raw/ocm_reference.json,exact_canonical_operator_name,,,
a_551551a05abff2c98e6d,l_342f228d276725e07657,operator_phone,1300 233 544,operator,,3388.0,data/raw/ocm_reference.json,exact_canonical_operator_name,,,
a_2c889e704101b1f9d5f0,l_735a16aa26926d7826fa,operator_website,https://everty.com.au/,operator,,3609.0,data/raw/ocm_reference.json,exact_canonical_operator_name,,,
a_0686dee9b8aabf30b8ec,l_aa4b4d09b4f43305fbb3,operator_website,https://chargefox.com,operator,,3339.0,data/raw/ocm_reference.json,exact_canonical_operator_name,,,
a_1e0b0eed61747691512b,l_657e7772f1f2446826a4,operator_website,https://everty.com.au/,operator,,3609.0,data/raw/ocm_reference.json,exact_canonical_operator_name,,,
a_bb298e9f31c312912028,l_548bac8c840538cbf6f0,operator_website,https://chargefox.com,operator,,3339.0,data/raw/ocm_reference.json,exact_canonical_operator_name,,,
a_525ca3313a4dc0a1dec1,l_86ec5c8fc42b347d31f7,operator_website,https://exploren.com.au/,operator,,3622.0,data/raw/ocm_reference.json,exact_canonical_operator_name,,,
a_5c340ff3b27249a8fc33,l_8e584a3e5126339dad7f,operator_website,https://chargefox.com,operator,,3339.0,data/raw/ocm_reference.json,exact_canonical_operator_name,,,
a_d9fdb0b51798b877a6c9,l_9fd963f0f216b551f05f,operator_website,https://www.tesla.com/en_AU/support/non-tesla-supercharging,operator,,3534.0,data/raw/ocm_reference.json,exact_canonical_operator_name,,,
a_8317098e58132ba0ec51,l_9fd963f0f216b551f05f,operator_website,http://www.teslamotors.com,operator,,23.0,data/raw/ocm_reference.json,exact_canonical_operator_name,,,
a_71a3e1cd9e2df94e6a5c,l_3e0729db1fd2785e8ae8,operator_website,https://chargefox.com,operator,,3339.0,data/raw/ocm_reference.json,exact_canonical_operator_name,,,
a_b120cce70474ab6b731f,l_5fd65ab2685cf3a0f3a9,operator_website,https://chargefox.com,operator,,3339.0,data/raw/ocm_reference.json,exact_canonical_operator_name,,,
a_a9e304d7e48f89d58be5,l_07daca70382507ea7502,operator_website,https://exploren.com.au/,operator,,3622.0,data/raw/ocm_reference.json,exact_canonical_operator_name,,,
a_9e73b35498048755ee2c,l_ed0df2fad12f7a17f5cb,operator_website,https://www.mynrma.com.au/cars-and-driving/electric-vehicles,operator,,3388.0,data/raw/ocm_reference.json,exact_canonical_operator_name,,,
a_0d5fa245e0ec2e6e20f2,l_ed0df2fad12f7a17f5cb,operator_phone,1300 233 544,operator,,3388.0,data/raw/ocm_reference.json,exact_canonical_operator_name,,,
a_f3d6d2b043b68b1bcb2f,l_c5bee75a2dcafb8ddfd9,operator_website,https://chargefox.com,operator,,3339.0,data/raw/ocm_reference.json,exact_canonical_operator_name,,,
a_f5a57934fdd3afa2dafb,l_1bb0e6da9a5f954b43b0,operator_website,https://everty.com.au/,operator,,3609.0,data/raw/ocm_reference.json,exact_canonical_operator_name,,,
a_4530f3741fd6639eb9c7,l_11a62538f07076be4260,operator_website,https://www.mynrma.com.au/cars-and-driving/electric-vehicles,operator,,3388.0,data/raw/ocm_reference.json,exact_canonical_operator_name,,,
a_74bf58fc73e0b97e715e,l_11a62538f07076be4260,operator_phone,1300 233 544,operator,,3388.0,data/raw/ocm_reference.json,exact_canonical_operator_name,,,
a_8475c219d3190b2e621e,l_f3de993021435cf66317,operator_website,https://ampcharge.ampol.com.au/,operator,,3625.0,data/raw/ocm_reference.json,exact_canonical_operator_name,,,
a_24600249e52617917874,l_81f63ead85ad719be04b,operator_website,http://goevie.com.au/,operator,,3398.0,data/raw/ocm_reference.json,exact_canonical_operator_name,,,
a_3cee8e2aea307054e3f0,l_9725f8739754cc2e95f6,operator_website,https://www.mynrma.com.au/cars-and-driving/electric-vehicles,operator,,3388.0,data/raw/ocm_reference.json,exact_canonical_operator_name,,,
a_0035b341ed160fff3b7b,l_9725f8739754cc2e95f6,operator_phone,1300 233 544,operator,,3388.0,data/raw/ocm_reference.json,exact_canonical_operator_name,,,
a_07c65cfcceb2a1212c01,l_78442ed7458f1f3ea314,operator_website,https://www.bp.com/en_au/australia/home/products-services/bppulse.html,operator,,3659.0,data/raw/ocm_reference.json,exact_canonical_operator_name,,,
a_0d0d698b2b6d8fa0a1bc,l_fd99883d1dcf07170aab,operator_website,https://www.bp.com/en_au/australia/home/products-services/bppulse.html,operator,,3659.0,data/raw/ocm_reference.json,exact_canonical_operator_name,,,
a_7c776f03bd22adc60218,l_2108fffb243ef682b037,operator_website,https://www.mynrma.com.au/cars-and-driving/electric-vehicles,operator,,3388.0,data/raw/ocm_reference.json,exact_canonical_operator_name,,,
a_2c5662232a51b5f3d47a,l_2108fffb243ef682b037,operator_phone,1300 233 544,operator,,3388.0,data/raw/ocm_reference.json,exact_canonical_operator_name,,,
a_4dc675405913b537f75a,l_2b03ccf55fa763e2df3a,operator_website,https://www.tesla.com/en_AU/support/non-tesla-supercharging,operator,,3534.0,data/raw/ocm_reference.json,exact_canonical_operator_name,,,
a_5371de71afcb5ec6c995,l_2b03ccf55fa763e2df3a,operator_website,http://www.teslamotors.com,operator,,23.0,data/raw/ocm_reference.json,exact_canonical_operator_name,,,
a_83546183dd266307323e,l_3a9b8d523cfa4da15d42,operator_website,https://www.tesla.com/en_AU/support/non-tesla-supercharging,operator,,3534.0,data/raw/ocm_reference.json,exact_canonical_operator_name,,,
a_30c6dc5618abfa8f1e62,l_3a9b8d523cfa4da15d42,operator_website,http://www.teslamotors.com,operator,,23.0,data/raw/ocm_reference.json,exact_canonical_operator_name,,,
a_6d48e392bbe9bce2d9a3,l_b72be71b60579e75bfd1,operator_website,https://www.mynrma.com.au/cars-and-driving/electric-vehicles,operator,,3388.0,data/raw/ocm_reference.json,exact_canonical_operator_name,,,
a_96f38d7f26c8382aa1ef,l_b72be71b60579e75bfd1,operator_phone,1300 233 544,operator,,3388.0,data/raw/ocm_reference.json,exact_canonical_operator_name,,,
a_c119422fdad832b288d2,l_b499386711792d61095d,operator_website,https://www.bp.com/en_au/australia/home/products-services/bppulse.html,operator,,3659.0,data/raw/ocm_reference.json,exact_canonical_operator_name,,,
a_843e364321b99f9d942f,l_20839aab0c28ab136705,operator_website,https://www.tesla.com/en_AU/support/non-tesla-supercharging,operator,,3534.0,data/raw/ocm_reference.json,exact_canonical_operator_name,,,
a_63a643d7aaaa5ea9e652,l_20839aab0c28ab136705,operator_website,http://www.teslamotors.com,operator,,23.0,data/raw/ocm_reference.json,exact_canonical_operator_name,,,
a_d783303cd50f92c19e46,l_39fdd34f0e74f24decaa,operator_website,https://www.mynrma.com.au/cars-and-driving/electric-vehicles,operator,,3388.0,data/raw/ocm_reference.json,exact_canonical_operator_name,,,
a_bb5dcc3ebd9a0ad1d6d6,l_39fdd34f0e74f24decaa,operator_phone,1300 233 544,operator,,3388.0,data/raw/ocm_reference.json,exact_canonical_operator_name,,,
a_ba8f5292db46a784dcee,l_94f45c62fc3065340c1e,operator_website,https://www.bp.com/en_au/australia/home/products-services/bppulse.html,operator,,3659.0,data/raw/ocm_reference.json,exact_canonical_operator_name,,,
a_079c76067367d69076cd,l_f2ca627f6f92c2e495e9,operator_website,https://www.mynrma.com.au/cars-and-driving/electric-vehicles,operator,,3388.0,data/raw/ocm_reference.json,exact_canonical_operator_name,,,
a_7199b22050467bec5c4f,l_f2ca627f6f92c2e495e9,operator_phone,1300 233 544,operator,,3388.0,data/raw/ocm_reference.json,exact_canonical_operator_name,,,
a_895058ed6a8a64eeba25,l_d174aa0c1262a90d144c,operator_website,https://www.bp.com/en_au/australia/home/products-services/bppulse.html,operator,,3659.0,data/raw/ocm_reference.json,exact_canonical_operator_name,,,
a_244211453bf67317ca7c,l_33ac2c3793b8a7758e99,operator_website,https://www.mynrma.com.au/cars-and-driving/electric-vehicles,operator,,3388.0,data/raw/ocm_reference.json,exact_canonical_operator_name,,,
a_db15b5a16c2181b5bc78,l_33ac2c3793b8a7758e99,operator_phone,1300 233 544,operator,,3388.0,data/raw/ocm_reference.json,exact_canonical_operator_name,,,
a_7c025fead8409a3cef75,l_3ce338d79dde894053bd,operator_website,https://www.tesla.com/en_AU/support/non-tesla-supercharging,operator,,3534.0,data/raw/ocm_reference.json,exact_canonical_operator_name,,,
a_1a894837f6c065c2b475,l_3ce338d79dde894053bd,operator_website,http://www.teslamotors.com,operator,,23.0,data/raw/ocm_reference.json,exact_canonical_operator_name,,,
a_891aae01372df6dd8f29,l_38fb9fefa34a42615a13,operator_website,https://www.mynrma.com.au/cars-and-driving/electric-vehicles,operator,,3388.0,data/raw/ocm_reference.json,exact_canonical_operator_name,,,
a_048d2f03151e310b5954,l_38fb9fefa34a42615a13,operator_phone,1300 233 544,operator,,3388.0,data/raw/ocm_reference.json,exact_canonical_operator_name,,,
a_70fc79d90cc82cab651b,l_2fc28e1cd919ffaea977,operator_website,https://www.mynrma.com.au/cars-and-driving/electric-vehicles,operator,,3388.0,data/raw/ocm_reference.json,exact_canonical_operator_name,,,
a_59d48351f7a4110d6cdd,l_2fc28e1cd919ffaea977,operator_phone,1300 233 544,operator,,3388.0,data/raw/ocm_reference.json,exact_canonical_operator_name,,,
a_1f8998e4ea640d198093,l_1be2cc01224a0c4b68c0,operator_website,https://www.bp.com/en_au/australia/home/products-services/bppulse.html,operator,,3659.0,data/raw/ocm_reference.json,exact_canonical_operator_name,,,
a_e5783db4ba1afbe495c2,l_00a4b89e493a7b7e5f68,operator_website,https://www.bp.com/en_au/australia/home/products-services/bppulse.html,operator,,3659.0,data/raw/ocm_reference.json,exact_canonical_operator_name,,,
a_394f5ba7706d5e77e0e6,l_99c3060f98356e22d96f,operator_website,https://www.tesla.com/en_AU/support/non-tesla-supercharging,operator,,3534.0,data/raw/ocm_reference.json,exact_canonical_operator_name,,,
a_be5c569685d491172096,l_99c3060f98356e22d96f,operator_website,http://www.teslamotors.com,operator,,23.0,data/raw/ocm_reference.json,exact_canonical_operator_name,,,
a_e2ca177b2652109e5752,l_a6690500ed1a630e0386,operator_website,https://www.bp.com/en_au/australia/home/products-services/bppulse.html,operator,,3659.0,data/raw/ocm_reference.json,exact_canonical_operator_name,,,
a_ec855b4cf6e69e2795ba,l_12b2a63113939274795c,operator_website,https://www.bp.com/en_au/australia/home/products-services/bppulse.html,operator,,3659.0,data/raw/ocm_reference.json,exact_canonical_operator_name,,,
a_2c0ad8405cfe0dfaf654,l_b8d14cb60a7df0d57d5c,operator_website,https://www.mynrma.com.au/cars-and-driving/electric-vehicles,operator,,3388.0,data/raw/ocm_reference.json,exact_canonical_operator_name,,,
a_150961abe61eaf780ced,l_b8d14cb60a7df0d57d5c,operator_phone,1300 233 544,operator,,3388.0,data/raw/ocm_reference.json,exact_canonical_operator_name,,,
a_2050e9e10892b0e2846e,l_c5a11cb962cb5aff5d92,operator_website,https://exploren.com.au/,operator,,3622.0,data/raw/ocm_reference.json,exact_canonical_operator_name,,,
a_6c52708ce243d4bf7c63,l_392ff8b809c3db48b272,operator_website,https://www.tesla.com/en_AU/support/non-tesla-supercharging,operator,,3534.0,data/raw/ocm_reference.json,exact_canonical_operator_name,,,
a_4b6bf86e3e67e01aa280,l_392ff8b809c3db48b272,operator_website,http://www.teslamotors.com,operator,,23.0,data/raw/ocm_reference.json,exact_canonical_operator_name,,,
a_ae7a9d55751b0b4ec93f,l_76e507a6bb917ed4c21d,operator_website,https://www.tesla.com/en_AU/support/non-tesla-supercharging,operator,,3534.0,data/raw/ocm_reference.json,exact_canonical_operator_name,,,
a_acd35d0f63449e27d163,l_76e507a6bb917ed4c21d,operator_website,http://www.teslamotors.com,operator,,23.0,data/raw/ocm_reference.json,exact_canonical_operator_name,,,
a_016fc5568370a768d17e,l_27d327cccf6d65740111,operator_website,https://www.bp.com/en_au/australia/home/products-services/bppulse.html,operator,,3659.0,data/raw/ocm_reference.json,exact_canonical_operator_name,,,
a_9699e4273a676e2c119b,l_ca72b8271f8a8be8c309,operator_website,https://www.bp.com/en_au/australia/home/products-services/bppulse.html,operator,,3659.0,data/raw/ocm_reference.json,exact_canonical_operator_name,,,
a_d2d90275ae6ec9681be0,l_ba1fda80beb376d60fae,operator_website,https://www.tesla.com/en_AU/support/non-tesla-supercharging,operator,,3534.0,data/raw/ocm_reference.json,exact_canonical_operator_name,,,
a_2061aea54b3f3a9a62b2,l_ba1fda80beb376d60fae,operator_website,http://www.teslamotors.com,operator,,23.0,data/raw/ocm_reference.json,exact_canonical_operator_name,,,
a_90cbcb6f966c65221677,l_defd6413f416b79df233,operator_website,https://www.mynrma.com.au/cars-and-driving/electric-vehicles,operator,,3388.0,data/raw/ocm_reference.json,exact_canonical_operator_name,,,
a_90a4a522bab10fbcafe2,l_defd6413f416b79df233,operator_phone,1300 233 544,operator,,3388.0,data/raw/ocm_reference.json,exact_canonical_operator_name,,,
a_aa8f828bfe0108c41da7,l_ac758e7e1d32ec6e1a5f,operator_website,https://www.tesla.com/en_AU/support/non-tesla-supercharging,operator,,3534.0,data/raw/ocm_reference.json,exact_canonical_operator_name,,,
a_2de4b2792ea62214c96d,l_ac758e7e1d32ec6e1a5f,operator_website,http://www.teslamotors.com,operator,,23.0,data/raw/ocm_reference.json,exact_canonical_operator_name,,,
a_7d0fc288fe6cace62cb4,l_3b333a42780dd662c71d,operator_website,https://www.mynrma.com.au/cars-and-driving/electric-vehicles,operator,,3388.0,data/raw/ocm_reference.json,exact_canonical_operator_name,,,
a_d882f41267dbed4f908b,l_3b333a42780dd662c71d,operator_phone,1300 233 544,operator,,3388.0,data/raw/ocm_reference.json,exact_canonical_operator_name,,,
a_6858ce1c41b1dc20e0bd,l_7c30e8299a32c81c6f2c,operator_website,https://www.bp.com/en_au/australia/home/products-services/bppulse.html,operator,,3659.0,data/raw/ocm_reference.json,exact_canonical_operator_name,,,
a_8278386a5dbab241e511,l_0b6179f063ab127126c4,operator_website,https://www.tesla.com/en_AU/support/non-tesla-supercharging,operator,,3534.0,data/raw/ocm_reference.json,exact_canonical_operator_name,,,
a_6d9018fffc81d1868c9e,l_0b6179f063ab127126c4,operator_website,http://www.teslamotors.com,operator,,23.0,data/raw/ocm_reference.json,exact_canonical_operator_name,,,
a_66e4b56f8bcbeb9e3d85,l_6f81cdf1839df204be4e,operator_website,https://www.tesla.com/en_AU/support/non-tesla-supercharging,operator,,3534.0,data/raw/ocm_reference.json,exact_canonical_operator_name,,,
a_53c3027ba9ecaf985d57,l_6f81cdf1839df204be4e,operator_website,http://www.teslamotors.com,operator,,23.0,data/raw/ocm_reference.json,exact_canonical_operator_name,,,
a_6d0a136943e0bb45b758,l_b3f3cf4f2933cf4fbaff,operator_website,https://www.mynrma.com.au/cars-and-driving/electric-vehicles,operator,,3388.0,data/raw/ocm_reference.json,exact_canonical_operator_name,,,
a_7777e26c7ac1a8a94ebe,l_b3f3cf4f2933cf4fbaff,operator_phone,1300 233 544,operator,,3388.0,data/raw/ocm_reference.json,exact_canonical_operator_name,,,
a_8b9acc0dfc10f1420244,l_a3a1edf3621aeff8f7df,operator_website,https://www.tesla.com/en_AU/support/non-tesla-supercharging,operator,,3534.0,data/raw/ocm_reference.json,exact_canonical_operator_name,,,
a_e34f9067ed88c6cace0e,l_a3a1edf3621aeff8f7df,operator_website,http://www.teslamotors.com,operator,,23.0,data/raw/ocm_reference.json,exact_canonical_operator_name,,,
a_472bc6e8f32b7bb12396,l_961b2b4ba6577063907c,operator_website,https://www.bp.com/en_au/australia/home/products-services/bppulse.html,operator,,3659.0,data/raw/ocm_reference.json,exact_canonical_operator_name,,,
a_bdd7ac1ab348a17ebf30,l_932a718a9a800e538d59,operator_website,https://www.tesla.com/en_AU/support/non-tesla-supercharging,operator,,3534.0,data/raw/ocm_reference.json,exact_canonical_operator_name,,,
a_4704cb80457986b26179,l_932a718a9a800e538d59,operator_website,http://www.teslamotors.com,operator,,23.0,data/raw/ocm_reference.json,exact_canonical_operator_name,,,
a_fd7eae29acd8b24a5922,l_1db61b2f54ee32cb6cab,operator_website,https://www.bp.com/en_au/australia/home/products-services/bppulse.html,operator,,3659.0,data/raw/ocm_reference.json,exact_canonical_operator_name,,,
a_87d238400d195806202c,l_54e1fb9b01b9c89aa8cf,operator_website,https://www.bp.com/en_au/australia/home/products-services/bppulse.html,operator,,3659.0,data/raw/ocm_reference.json,exact_canonical_operator_name,,,
a_c08646d83e99e25a988b,l_94c213ba9128e4d38d37,operator_website,https://www.tesla.com/en_AU/support/non-tesla-supercharging,operator,,3534.0,data/raw/ocm_reference.json,exact_canonical_operator_name,,,
a_467c50b86ab840334b39,l_94c213ba9128e4d38d37,operator_website,http://www.teslamotors.com,operator,,23.0,data/raw/ocm_reference.json,exact_canonical_operator_name,,,
a_3ea03459e1f1ea3300df,l_2f1f11f3049fa8f79c1e,operator_website,https://www.tesla.com/en_AU/support/non-tesla-supercharging,operator,,3534.0,data/raw/ocm_reference.json,exact_canonical_operator_name,,,
a_7fab36d1c0832e78587a,l_2f1f11f3049fa8f79c1e,operator_website,http://www.teslamotors.com,operator,,23.0,data/raw/ocm_reference.json,exact_canonical_operator_name,,,
a_b566d46802066c6b9151,l_ec8c2e9816a0882befc7,operator_website,https://www.bp.com/en_au/australia/home/products-services/bppulse.html,operator,,3659.0,data/raw/ocm_reference.json,exact_canonical_operator_name,,,
a_6975cc6cb649499c9481,l_bbb8e03be128ac5ad9b6,operator_website,https://www.bp.com/en_au/australia/home/products-services/bppulse.html,operator,,3659.0,data/raw/ocm_reference.json,exact_canonical_operator_name,,,
a_a3ff98b49b9d40468f17,l_37b28e6900547e5c804a,operator_website,https://www.tesla.com/en_AU/support/non-tesla-supercharging,operator,,3534.0,data/raw/ocm_reference.json,exact_canonical_operator_name,,,
a_3da5c9377a417beb59dd,l_37b28e6900547e5c804a,operator_website,http://www.teslamotors.com,operator,,23.0,data/raw/ocm_reference.json,exact_canonical_operator_name,,,
a_c3f4b5798e1705475eec,l_951290f4725da3dd2373,operator_website,https://www.tesla.com/en_AU/support/non-tesla-supercharging,operator,,3534.0,data/raw/ocm_reference.json,exact_canonical_operator_name,,,
a_cdad1a5c777f3f930136,l_951290f4725da3dd2373,operator_website,http://www.teslamotors.com,operator,,23.0,data/raw/ocm_reference.json,exact_canonical_operator_name,,,
a_608659df11f3a9a0c258,l_2ecb3993fe78bfad7d61,operator_website,https://www.mynrma.com.au/cars-and-driving/electric-vehicles,operator,,3388.0,data/raw/ocm_reference.json,exact_canonical_operator_name,,,
a_667c26dc56936ee288f7,l_2ecb3993fe78bfad7d61,operator_phone,1300 233 544,operator,,3388.0,data/raw/ocm_reference.json,exact_canonical_operator_name,,,
a_a67498859825a93f511c,l_eaca74bc0b3e11885ee6,operator_website,https://www.bp.com/en_au/australia/home/products-services/bppulse.html,operator,,3659.0,data/raw/ocm_reference.json,exact_canonical_operator_name,,,
a_6017e9dc7c17d51265c4,l_b8cc8bdb1fd78a479df7,operator_website,https://www.bp.com/en_au/australia/home/products-services/bppulse.html,operator,,3659.0,data/raw/ocm_reference.json,exact_canonical_operator_name,,,
a_4a3026c90affbd0a37fe,l_f17827739877c6f720cb,operator_website,https://www.mynrma.com.au/cars-and-driving/electric-vehicles,operator,,3388.0,data/raw/ocm_reference.json,exact_canonical_operator_name,,,
a_b17b1627f5c1a53ee5e3,l_f17827739877c6f720cb,operator_phone,1300 233 544,operator,,3388.0,data/raw/ocm_reference.json,exact_canonical_operator_name,,,
a_eb3292bdda8217f77d62,l_f3e545aac21e57e04af3,operator_website,https://www.mynrma.com.au/cars-and-driving/electric-vehicles,operator,,3388.0,data/raw/ocm_reference.json,exact_canonical_operator_name,,,
a_6fe0ef20e4c0534a6982,l_f3e545aac21e57e04af3,operator_phone,1300 233 544,operator,,3388.0,data/raw/ocm_reference.json,exact_canonical_operator_name,,,
a_47b64c1801caeae9ea0c,l_f07f13525e27647ca6a6,operator_website,https://www.bp.com/en_au/australia/home/products-services/bppulse.html,operator,,3659.0,data/raw/ocm_reference.json,exact_canonical_operator_name,,,
a_b5b49493a9ba8f7a075d,l_d5004ed591c2ca448416,operator_website,https://www.bp.com/en_au/australia/home/products-services/bppulse.html,operator,,3659.0,data/raw/ocm_reference.json,exact_canonical_operator_name,,,
a_490de32f7a787925b1cc,l_dade24a00136b64808f9,operator_website,https://www.tesla.com/en_AU/support/non-tesla-supercharging,operator,,3534.0,data/raw/ocm_reference.json,exact_canonical_operator_name,,,
a_5c257e204ce2b705e8fb,l_dade24a00136b64808f9,operator_website,http://www.teslamotors.com,operator,,23.0,data/raw/ocm_reference.json,exact_canonical_operator_name,,,
a_433726cb1fe4cfd38a51,l_f501bbe73f8c17af1d72,operator_website,https://www.tesla.com/en_AU/support/non-tesla-supercharging,operator,,3534.0,data/raw/ocm_reference.json,exact_canonical_operator_name,,,
a_9c6427d379925824836b,l_f501bbe73f8c17af1d72,operator_website,http://www.teslamotors.com,operator,,23.0,data/raw/ocm_reference.json,exact_canonical_operator_name,,,
a_a02336800deabcf23321,l_36cb24993074ff5998aa,operator_website,https://www.tesla.com/en_AU/support/non-tesla-supercharging,operator,,3534.0,data/raw/ocm_reference.json,exact_canonical_operator_name,,,
a_139f898cc222ab4198ba,l_36cb24993074ff5998aa,operator_website,http://www.teslamotors.com,operator,,23.0,data/raw/ocm_reference.json,exact_canonical_operator_name,,,
a_587aeb891ec1b91821e6,l_d047e387096a0af8412a,operator_website,https://www.bp.com/en_au/australia/home/products-services/bppulse.html,operator,,3659.0,data/raw/ocm_reference.json,exact_canonical_operator_name,,,
a_aef2ff0d22afb7c588c8,l_0caa5affa7ced7b6cd72,operator_website,https://www.tesla.com/en_AU/support/non-tesla-supercharging,operator,,3534.0,data/raw/ocm_reference.json,exact_canonical_operator_name,,,
a_405ad3f665fd500786a7,l_0caa5affa7ced7b6cd72,operator_website,http://www.teslamotors.com,operator,,23.0,data/raw/ocm_reference.json,exact_canonical_operator_name,,,
a_a5a7a81b82ac961830d0,l_44589c126adad6233ca8,operator_website,https://www.bp.com/en_au/australia/home/products-services/bppulse.html,operator,,3659.0,data/raw/ocm_reference.json,exact_canonical_operator_name,,,
a_084bb7aa832387bb8ec6,l_ac66c7ec22107d6d0fa7,operator_website,https://www.bp.com/en_au/australia/home/products-services/bppulse.html,operator,,3659.0,data/raw/ocm_reference.json,exact_canonical_operator_name,,,
a_7f3b811920024c5d198f,l_edaa1ff6d0470631ea5a,operator_website,https://www.bp.com/en_au/australia/home/products-services/bppulse.html,operator,,3659.0,data/raw/ocm_reference.json,exact_canonical_operator_name,,,
a_9fcf1e11a2bf055ada16,l_732b9ecad22a0b149579,operator_website,https://www.bp.com/en_au/australia/home/products-services/bppulse.html,operator,,3659.0,data/raw/ocm_reference.json,exact_canonical_operator_name,,,
a_51587e846004fc334a1c,l_51d68daf4e9789b06215,operator_website,https://www.bp.com/en_au/australia/home/products-services/bppulse.html,operator,,3659.0,data/raw/ocm_reference.json,exact_canonical_operator_name,,,
a_6edaaf4bc04b83e257ad,l_175d88202efb0dc1aac8,operator_website,https://www.mynrma.com.au/cars-and-driving/electric-vehicles,operator,,3388.0,data/raw/ocm_reference.json,exact_canonical_operator_name,,,
a_22cb096a83986f16f4cd,l_175d88202efb0dc1aac8,operator_phone,1300 233 544,operator,,3388.0,data/raw/ocm_reference.json,exact_canonical_operator_name,,,
a_f32ef7d04b721ea0c1aa,l_f558c269e230c74becd4,operator_website,https://www.bp.com/en_au/australia/home/products-services/bppulse.html,operator,,3659.0,data/raw/ocm_reference.json,exact_canonical_operator_name,,,
a_ea62eaa8f6108fb02241,l_79fb09d7fc6724e4eea8,operator_website,https://www.tesla.com/en_AU/support/non-tesla-supercharging,operator,,3534.0,data/raw/ocm_reference.json,exact_canonical_operator_name,,,
a_e59eab983ffcb39a8148,l_79fb09d7fc6724e4eea8,operator_website,http://www.teslamotors.com,operator,,23.0,data/raw/ocm_reference.json,exact_canonical_operator_name,,,
a_0f40689d16f875abfdf6,l_db78b70e55e21e3bdf1f,operator_website,https://www.tesla.com/en_AU/support/non-tesla-supercharging,operator,,3534.0,data/raw/ocm_reference.json,exact_canonical_operator_name,,,
a_bc54b75f561a54ec6640,l_db78b70e55e21e3bdf1f,operator_website,http://www.teslamotors.com,operator,,23.0,data/raw/ocm_reference.json,exact_canonical_operator_name,,,
a_af058dd432a4649b88e4,l_0a971edb6d3f39745795,operator_website,https://www.mynrma.com.au/cars-and-driving/electric-vehicles,operator,,3388.0,data/raw/ocm_reference.json,exact_canonical_operator_name,,,
a_89c8f57ff91005f8ff0b,l_0a971edb6d3f39745795,operator_phone,1300 233 544,operator,,3388.0,data/raw/ocm_reference.json,exact_canonical_operator_name,,,
a_1b94bb7ef067bfc202f6,l_2740d69801600a9e5c90,operator_website,https://www.bp.com/en_au/australia/home/products-services/bppulse.html,operator,,3659.0,data/raw/ocm_reference.json,exact_canonical_operator_name,,,
a_3e3266a525f9d155611c,l_ef6fb828633ecd5827df,operator_website,https://www.tesla.com/en_AU/support/non-tesla-supercharging,operator,,3534.0,data/raw/ocm_reference.json,exact_canonical_operator_name,,,
a_59324d79be09b7249079,l_ef6fb828633ecd5827df,operator_website,http://www.teslamotors.com,operator,,23.0,data/raw/ocm_reference.json,exact_canonical_operator_name,,,
a_0c7c1cf1e42411e961d3,l_df54108a4c73beb53354,operator_website,https://www.tesla.com/en_AU/support/non-tesla-supercharging,operator,,3534.0,data/raw/ocm_reference.json,exact_canonical_operator_name,,,
a_0f5628314b2f369aa246,l_df54108a4c73beb53354,operator_website,http://www.teslamotors.com,operator,,23.0,data/raw/ocm_reference.json,exact_canonical_operator_name,,,
a_c0c690f550cd25fc8cab,l_5c616374411e098100c2,operator_website,https://exploren.com.au/,operator,,3622.0,data/raw/ocm_reference.json,exact_canonical_operator_name,,,
a_aa5f043a64f1d291f8f5,l_0e54f68c8cebc26be2a4,operator_website,https://www.tesla.com/en_AU/support/non-tesla-supercharging,operator,,3534.0,data/raw/ocm_reference.json,exact_canonical_operator_name,,,
a_f6f79c37088fa9804b74,l_0e54f68c8cebc26be2a4,operator_website,http://www.teslamotors.com,operator,,23.0,data/raw/ocm_reference.json,exact_canonical_operator_name,,,
a_0f6b29ca5812aeb5487a,l_5bb60ef543943e3d0ffa,operator_website,https://exploren.com.au/,operator,,3622.0,data/raw/ocm_reference.json,exact_canonical_operator_name,,,
a_6283b92fbc0ac0eed193,l_75be917d95af91a9a839,operator_website,https://exploren.com.au/,operator,,3622.0,data/raw/ocm_reference.json,exact_canonical_operator_name,,,
a_61284199236bac24b6bb,l_d28c393a2e0380f288e6,operator_website,https://exploren.com.au/,operator,,3622.0,data/raw/ocm_reference.json,exact_canonical_operator_name,,,
a_c5df7112235167f92ccd,l_e3e23abe4e636b3bd683,operator_website,https://chargefox.com,operator,,3339.0,data/raw/ocm_reference.json,exact_canonical_operator_name,,,
a_22bdf61de63cdb4dcfc0,l_51967fa50fe906492641,operator_website,https://www.tesla.com/en_AU/support/non-tesla-supercharging,operator,,3534.0,data/raw/ocm_reference.json,exact_canonical_operator_name,,,
a_272f8add6e763de9fa07,l_51967fa50fe906492641,operator_website,http://www.teslamotors.com,operator,,23.0,data/raw/ocm_reference.json,exact_canonical_operator_name,,,
a_ca33961ecc0db5edb1e6,l_465c9d321bac1781c644,operator_website,https://everty.com.au/,operator,,3609.0,data/raw/ocm_reference.json,exact_canonical_operator_name,,,
a_e284a5ea302cae3d9a2a,l_df46f0abb60c5a1a1d79,operator_website,https://exploren.com.au/,operator,,3622.0,data/raw/ocm_reference.json,exact_canonical_operator_name,,,
a_dc31dac507fc4b5f6454,l_d32536830a66209d247b,operator_website,https://exploren.com.au/,operator,,3622.0,data/raw/ocm_reference.json,exact_canonical_operator_name,,,
a_75897a74ef46921d70f7,l_0d369679114d4ed8275f,operator_website,https://chargehub.solutions,operator,,3775.0,data/raw/ocm_reference.json,exact_canonical_operator_name,,,
a_ef49c90feee8cee8ebd2,l_9480589138e27915442e,operator_website,https://www.tesla.com/en_AU/support/non-tesla-supercharging,operator,,3534.0,data/raw/ocm_reference.json,exact_canonical_operator_name,,,
a_97e7afcd5eb239997d23,l_9480589138e27915442e,operator_website,http://www.teslamotors.com,operator,,23.0,data/raw/ocm_reference.json,exact_canonical_operator_name,,,
a_6c014e6fa9d0c43e0d81,l_937bf92121884c3d83d4,operator_website,https://exploren.com.au/,operator,,3622.0,data/raw/ocm_reference.json,exact_canonical_operator_name,,,
a_d4fab9f1c24ab93e8df8,l_83a3bd35be89b0e05daf,operator_website,https://chargefox.com,operator,,3339.0,data/raw/ocm_reference.json,exact_canonical_operator_name,,,
a_6c2e0b60b47d71afc12c,l_80569abd812a4aea4a9f,operator_website,https://exploren.com.au/,operator,,3622.0,data/raw/ocm_reference.json,exact_canonical_operator_name,,,
a_ed054fde316e17625009,l_fb3ab096defe50bd3b28,operator_website,https://exploren.com.au/,operator,,3622.0,data/raw/ocm_reference.json,exact_canonical_operator_name,,,
a_e511bda7ee5760a856bc,l_3d7abc396feeb65c79bb,operator_website,https://exploren.com.au/,operator,,3622.0,data/raw/ocm_reference.json,exact_canonical_operator_name,,,
a_b0a78220a4525c8cc278,l_99923fd69b051e0471a6,operator_website,https://chargefox.com,operator,,3339.0,data/raw/ocm_reference.json,exact_canonical_operator_name,,,
a_8313c87e0d32911c6ca2,l_4003e580292ec23a04c7,operator_website,https://exploren.com.au/,operator,,3622.0,data/raw/ocm_reference.json,exact_canonical_operator_name,,,
a_0af953a71a62d3ecbd73,l_40b051ea52827ca96a91,operator_website,https://exploren.com.au/,operator,,3622.0,data/raw/ocm_reference.json,exact_canonical_operator_name,,,
a_d757b533acc25ffe00c0,l_087b5cd537c3726f8695,operator_website,https://exploren.com.au/,operator,,3622.0,data/raw/ocm_reference.json,exact_canonical_operator_name,,,
a_438ffec597485c7f15c3,l_d5c1e6df77c05237a6a1,operator_website,https://www.tesla.com/en_AU/support/non-tesla-supercharging,operator,,3534.0,data/raw/ocm_reference.json,exact_canonical_operator_name,,,
a_31fb56620afe846f3bce,l_d5c1e6df77c05237a6a1,operator_website,http://www.teslamotors.com,operator,,23.0,data/raw/ocm_reference.json,exact_canonical_operator_name,,,
a_507f8207409a5e99decd,l_6fd0c26ef089d9ba212b,operator_website,https://exploren.com.au/,operator,,3622.0,data/raw/ocm_reference.json,exact_canonical_operator_name,,,
a_e392d661e2c46e44cad7,l_ff52127e9ef9c31fc670,operator_website,http://goevie.com.au/,operator,,3398.0,data/raw/ocm_reference.json,exact_canonical_operator_name,,,
a_336d5043ddc2c4bfd86d,l_2b98dd59cf2a8ba77944,operator_website,https://exploren.com.au/,operator,,3622.0,data/raw/ocm_reference.json,exact_canonical_operator_name,,,
a_18e87c0fad90d5007c8f,l_4b0f68c168d2620edfc1,operator_website,https://chargefox.com,operator,,3339.0,data/raw/ocm_reference.json,exact_canonical_operator_name,,,
a_8d1b4f3615098471ce1e,l_855242fcd5ec72510fb1,operator_website,https://exploren.com.au/,operator,,3622.0,data/raw/ocm_reference.json,exact_canonical_operator_name,,,
a_29ae1b5745bda14288d2,l_7b41f16b1e7c13f0bf4a,operator_website,https://www.tesla.com/en_AU/support/non-tesla-supercharging,operator,,3534.0,data/raw/ocm_reference.json,exact_canonical_operator_name,,,
a_eb97a4cbb23e359ce8d9,l_7b41f16b1e7c13f0bf4a,operator_website,http://www.teslamotors.com,operator,,23.0,data/raw/ocm_reference.json,exact_canonical_operator_name,,,
a_620be4e6d4b79a30ab59,l_8600c233e618aff935ff,operator_website,https://chargefox.com,operator,,3339.0,data/raw/ocm_reference.json,exact_canonical_operator_name,,,
a_982f4e5b081de23c2c43,l_e08df5ab11b54dfa818c,operator_website,https://chargefox.com,operator,,3339.0,data/raw/ocm_reference.json,exact_canonical_operator_name,,,
a_3c86fae46c118d56c80f,l_828ed39f6c1b570aeec4,operator_website,https://exploren.com.au/,operator,,3622.0,data/raw/ocm_reference.json,exact_canonical_operator_name,,,
a_6ffe6ffe30adfd4e409a,l_51f9fd12c1b41e586501,operator_website,https://exploren.com.au/,operator,,3622.0,data/raw/ocm_reference.json,exact_canonical_operator_name,,,
a_e33de516bfaf68cecf69,l_983b2c5606c298d907dd,operator_website,https://exploren.com.au/,operator,,3622.0,data/raw/ocm_reference.json,exact_canonical_operator_name,,,
a_13e95075694822971d50,l_c3968621078e9f5b4abb,operator_website,https://exploren.com.au/,operator,,3622.0,data/raw/ocm_reference.json,exact_canonical_operator_name,,,
a_523febdf023a14872dd1,l_4368d6ea719eeef5eb98,operator_website,https://exploren.com.au/,operator,,3622.0,data/raw/ocm_reference.json,exact_canonical_operator_name,,,
a_e477499b4ac7f76a4b71,l_14c55d99f2a800e6be03,operator_website,https://chargefox.com,operator,,3339.0,data/raw/ocm_reference.json,exact_canonical_operator_name,,,
a_b230018c4e77264ef34a,l_0b576be1a46cf5e02f89,operator_website,https://everty.com.au/,operator,,3609.0,data/raw/ocm_reference.json,exact_canonical_operator_name,,,
a_b56463e7c3cf9b093930,l_9a15ca8b9bc8819df8b1,operator_website,https://exploren.com.au/,operator,,3622.0,data/raw/ocm_reference.json,exact_canonical_operator_name,,,
a_fd1962414cf97951ce9c,l_637b670afe9c8021b995,operator_website,https://exploren.com.au/,operator,,3622.0,data/raw/ocm_reference.json,exact_canonical_operator_name,,,
a_8b44e4391e99f27e3c8d,l_dab2aace887a499d2642,operator_website,https://chargefox.com,operator,,3339.0,data/raw/ocm_reference.json,exact_canonical_operator_name,,,
a_7564048c3a0756c9a600,l_869d79ad9d8fa028b1f8,operator_website,https://exploren.com.au/,operator,,3622.0,data/raw/ocm_reference.json,exact_canonical_operator_name,,,
a_fc5a8fb074fc54fb12de,l_e9fbb30c982f555e20bd,operator_website,https://chargefox.com,operator,,3339.0,data/raw/ocm_reference.json,exact_canonical_operator_name,,,
a_438748e3d76a73768cb2,l_3eee459ac9ad5955d214,operator_website,https://chargefox.com,operator,,3339.0,data/raw/ocm_reference.json,exact_canonical_operator_name,,,
a_229f40f4d777d7d81aca,l_791cb4b24c292afa6c34,operator_website,https://exploren.com.au/,operator,,3622.0,data/raw/ocm_reference.json,exact_canonical_operator_name,,,
a_48cd5df5324071a75756,l_07c8173de70a9897ef85,operator_website,https://everty.com.au/,operator,,3609.0,data/raw/ocm_reference.json,exact_canonical_operator_name,,,
a_eeeaa1866cf3927050b0,l_dde60588d5632f727635,operator_website,https://exploren.com.au/,operator,,3622.0,data/raw/ocm_reference.json,exact_canonical_operator_name,,,
a_609e6f8e97f31d43ed03,l_7a89b905b9aa4b521e64,operator_website,http://goevie.com.au/,operator,,3398.0,data/raw/ocm_reference.json,exact_canonical_operator_name,,,
a_6600f55f764d54f36810,l_5d1f985cbb5e397b6d09,operator_website,https://exploren.com.au/,operator,,3622.0,data/raw/ocm_reference.json,exact_canonical_operator_name,,,
a_7357a90800956d504e62,l_f5c2a52fea17dcb0dd8a,operator_website,https://everty.com.au/,operator,,3609.0,data/raw/ocm_reference.json,exact_canonical_operator_name,,,
a_8a9a324ef0309459d7fa,l_d5a0d49703bf827917e0,operator_website,https://chargefox.com,operator,,3339.0,data/raw/ocm_reference.json,exact_canonical_operator_name,,,
a_9c7f1352195366bb73eb,l_164dd748bcd54c599e80,operator_website,https://everty.com.au/,operator,,3609.0,data/raw/ocm_reference.json,exact_canonical_operator_name,,,
a_ed81919b9513ad91e7bc,l_e6136e98e2eb879384e9,operator_website,https://exploren.com.au/,operator,,3622.0,data/raw/ocm_reference.json,exact_canonical_operator_name,,,
a_5209dce87bc95e597583,l_219b3680b6bd70df878d,operator_website,https://www.tesla.com/en_AU/support/non-tesla-supercharging,operator,,3534.0,data/raw/ocm_reference.json,exact_canonical_operator_name,,,
a_a2f551f680cee2599c3b,l_219b3680b6bd70df878d,operator_website,http://www.teslamotors.com,operator,,23.0,data/raw/ocm_reference.json,exact_canonical_operator_name,,,
a_7cd1562e34308f527190,l_b46fcd60a5c0eeafe6bb,operator_website,https://exploren.com.au/,operator,,3622.0,data/raw/ocm_reference.json,exact_canonical_operator_name,,,
a_c9b61f4c6265a19409fc,l_5be534781ab9228b1ca2,operator_website,https://exploren.com.au/,operator,,3622.0,data/raw/ocm_reference.json,exact_canonical_operator_name,,,
a_7f65557a4d693b5bff44,l_7d38f42bf1af8833a330,operator_website,https://exploren.com.au/,operator,,3622.0,data/raw/ocm_reference.json,exact_canonical_operator_name,,,
a_e7dbb4701ca6895be3f8,l_52fe97be75afe503a74e,operator_website,https://chargefox.com,operator,,3339.0,data/raw/ocm_reference.json,exact_canonical_operator_name,,,
a_6ad368661551c2b7b3bd,l_a12c19e0e576cc62f1e9,operator_website,https://chargefox.com,operator,,3339.0,data/raw/ocm_reference.json,exact_canonical_operator_name,,,
a_ed8a8af13d4b7105bb22,l_1cd3e5333c1b0f2fa21b,operator_website,https://chargehub.solutions,operator,,3775.0,data/raw/ocm_reference.json,exact_canonical_operator_name,,,
a_4079caed389050b4bff9,l_aca37b13516afeb51348,operator_website,https://exploren.com.au/,operator,,3622.0,data/raw/ocm_reference.json,exact_canonical_operator_name,,,
a_5bd6e8e8e2c781ebb24a,l_8d64efdbab76f61b694c,operator_website,https://chargefox.com,operator,,3339.0,data/raw/ocm_reference.json,exact_canonical_operator_name,,,
a_6425ffdcb0f3dba4deaf,l_af458e97293e54bdebb1,operator_website,https://www.tesla.com/en_AU/support/non-tesla-supercharging,operator,,3534.0,data/raw/ocm_reference.json,exact_canonical_operator_name,,,
a_998538b23333e9f02151,l_af458e97293e54bdebb1,operator_website,http://www.teslamotors.com,operator,,23.0,data/raw/ocm_reference.json,exact_canonical_operator_name,,,
a_4c8f58b9de14cfdd61d7,l_eaa7bc933d0072f0fd34,operator_website,https://exploren.com.au/,operator,,3622.0,data/raw/ocm_reference.json,exact_canonical_operator_name,,,
a_f8d710af0dbca5f6355e,l_f1256cf69cb3b8225257,operator_website,https://exploren.com.au/,operator,,3622.0,data/raw/ocm_reference.json,exact_canonical_operator_name,,,
a_ed214464b0ee4ddfb3d5,l_6a253a6cd19b319119fb,operator_website,https://chargefox.com,operator,,3339.0,data/raw/ocm_reference.json,exact_canonical_operator_name,,,
a_217a80dae4d5124088c4,l_ead54cb37dc2a4e842b4,operator_website,http://goevie.com.au/,operator,,3398.0,data/raw/ocm_reference.json,exact_canonical_operator_name,,,
a_ae4ee9ff4ef5195b7cc8,l_94251512d4270c77f4a3,operator_website,https://www.mynrma.com.au/cars-and-driving/electric-vehicles,operator,,3388.0,data/raw/ocm_reference.json,exact_canonical_operator_name,,,
a_5565d6402b8410acfc6b,l_94251512d4270c77f4a3,operator_phone,1300 233 544,operator,,3388.0,data/raw/ocm_reference.json,exact_canonical_operator_name,,,
a_6685ab5cb3ae20796cc2,l_c2e4309c40f65d964ce7,operator_website,https://exploren.com.au/,operator,,3622.0,data/raw/ocm_reference.json,exact_canonical_operator_name,,,
a_dd9e0bae9f20220351e8,l_e77d241a252f00429c4d,operator_website,https://chargehub.solutions,operator,,3775.0,data/raw/ocm_reference.json,exact_canonical_operator_name,,,
a_15ba8285e3c0fc22a093,l_cb689199b3e5d4ed26ad,operator_website,https://chargefox.com,operator,,3339.0,data/raw/ocm_reference.json,exact_canonical_operator_name,,,
a_1d2773e7a222116f963a,l_7daba6b66fc55715d982,operator_website,https://everty.com.au/,operator,,3609.0,data/raw/ocm_reference.json,exact_canonical_operator_name,,,
a_ed9624ff341d3d5f7cfc,l_77de27316d42856e3175,operator_website,https://exploren.com.au/,operator,,3622.0,data/raw/ocm_reference.json,exact_canonical_operator_name,,,
a_d0a1a951d506dfe69095,l_32cdea50ba8fb33465a8,operator_website,https://everty.com.au/,operator,,3609.0,data/raw/ocm_reference.json,exact_canonical_operator_name,,,
a_9cf51b249ef169124972,l_1bbb768b6a3a4cbe7d32,operator_website,https://exploren.com.au/,operator,,3622.0,data/raw/ocm_reference.json,exact_canonical_operator_name,,,
a_343e1b9edbbf450dd8c1,l_331c8b811755eb33c865,operator_website,https://exploren.com.au/,operator,,3622.0,data/raw/ocm_reference.json,exact_canonical_operator_name,,,
a_e010468445b1edcdafc5,l_a9e485b615fdf8aa6aef,operator_website,https://exploren.com.au/,operator,,3622.0,data/raw/ocm_reference.json,exact_canonical_operator_name,,,
a_ac4b99a5cdf7858ed019,l_d2164e9017d058e1ff22,operator_website,https://chargefox.com,operator,,3339.0,data/raw/ocm_reference.json,exact_canonical_operator_name,,,
a_1e76c1e109ed45f95f93,l_3fb33d0f81380af4418c,operator_website,https://everty.com.au/,operator,,3609.0,data/raw/ocm_reference.json,exact_canonical_operator_name,,,
a_fed502feb1fa675a6fd3,l_cb5219b172c7a5f3d610,operator_website,https://chargefox.com,operator,,3339.0,data/raw/ocm_reference.json,exact_canonical_operator_name,,,
a_0014ebb4f4d5fee5c804,l_1235bb7a38fb5f9bedf4,operator_website,https://chargefox.com,operator,,3339.0,data/raw/ocm_reference.json,exact_canonical_operator_name,,,
a_18913fbf903204f78e48,l_aed5b112ac481f87a0f8,operator_website,https://exploren.com.au/,operator,,3622.0,data/raw/ocm_reference.json,exact_canonical_operator_name,,,
a_b4e0c2e097d954939ec9,l_76f03b8ea87b17967596,operator_website,https://exploren.com.au/,operator,,3622.0,data/raw/ocm_reference.json,exact_canonical_operator_name,,,
a_711dce5ceca40ae12883,l_31282b7862f2f25d96c4,operator_website,http://goevie.com.au/,operator,,3398.0,data/raw/ocm_reference.json,exact_canonical_operator_name,,,
a_aa783b456de7098eefe3,l_4397075d670cc490811e,operator_website,https://www.tesla.com/en_AU/support/non-tesla-supercharging,operator,,3534.0,data/raw/ocm_reference.json,exact_canonical_operator_name,,,
a_26571a9a52e79c087da1,l_4397075d670cc490811e,operator_website,http://www.teslamotors.com,operator,,23.0,data/raw/ocm_reference.json,exact_canonical_operator_name,,,
a_bcd8660fe94be4d404cc,l_af768c0bd187521a24b5,operator_website,https://chargefox.com,operator,,3339.0,data/raw/ocm_reference.json,exact_canonical_operator_name,,,
a_494a6f8d76cccf443462,l_b12aae95e8cf38aaf1fa,operator_website,https://exploren.com.au/,operator,,3622.0,data/raw/ocm_reference.json,exact_canonical_operator_name,,,
a_ba2e62d664ff1de0982d,l_a0081802db332ca5f970,operator_website,https://chargefox.com,operator,,3339.0,data/raw/ocm_reference.json,exact_canonical_operator_name,,,
a_9daae9d4b48eaed8a01a,l_a603456c3067f2326bae,operator_website,https://exploren.com.au/,operator,,3622.0,data/raw/ocm_reference.json,exact_canonical_operator_name,,,
a_e5fab5ec1b5a3d72ac9a,l_b5afce75dd201f040e88,operator_website,https://exploren.com.au/,operator,,3622.0,data/raw/ocm_reference.json,exact_canonical_operator_name,,,
a_074d3e7fa96f146c3eff,l_134023aa1793d0383d72,operator_website,https://chargefox.com,operator,,3339.0,data/raw/ocm_reference.json,exact_canonical_operator_name,,,
a_dabbeda8ae3ea9391685,l_1977b7ce670a47ba523a,operator_website,https://everty.com.au/,operator,,3609.0,data/raw/ocm_reference.json,exact_canonical_operator_name,,,
a_a26e24963e904d228296,l_58e3cb462ef21c5a90d1,operator_website,https://chargefox.com,operator,,3339.0,data/raw/ocm_reference.json,exact_canonical_operator_name,,,
a_dbdf96e965704bb3a1a4,l_58b24d0889a4466e567b,operator_website,https://chargefox.com,operator,,3339.0,data/raw/ocm_reference.json,exact_canonical_operator_name,,,
a_10017e4a931dae0cb663,l_9bb5760457091e7e8d71,operator_website,https://www.mynrma.com.au/cars-and-driving/electric-vehicles,operator,,3388.0,data/raw/ocm_reference.json,exact_canonical_operator_name,,,
a_ea2d55296329f0b735e5,l_9bb5760457091e7e8d71,operator_phone,1300 233 544,operator,,3388.0,data/raw/ocm_reference.json,exact_canonical_operator_name,,,
a_0c44775367e22b1527ff,l_31801d797911a3fd0fe8,operator_website,https://chargefox.com,operator,,3339.0,data/raw/ocm_reference.json,exact_canonical_operator_name,,,
a_e9c759241c94b991b703,l_9f576ffd1679c7fa1891,operator_website,https://exploren.com.au/,operator,,3622.0,data/raw/ocm_reference.json,exact_canonical_operator_name,,,
a_8245af15f074c2c07f8d,l_60a1347d7a93794d5b66,operator_website,https://chargefox.com,operator,,3339.0,data/raw/ocm_reference.json,exact_canonical_operator_name,,,
a_68141037476b9ffb3986,l_02ba4707e05c60dc61a8,operator_website,https://exploren.com.au/,operator,,3622.0,data/raw/ocm_reference.json,exact_canonical_operator_name,,,
a_eab608e4030283e0db86,l_fde6e12b0dc2ac97af42,operator_website,https://chargefox.com,operator,,3339.0,data/raw/ocm_reference.json,exact_canonical_operator_name,,,
a_d433067e29e9bd4c2118,l_bf067cd90ea584881c83,operator_website,https://chargefox.com,operator,,3339.0,data/raw/ocm_reference.json,exact_canonical_operator_name,,,
a_355f9ef590efe7c4c290,l_5fc20065eb2541c94590,operator_website,https://www.tesla.com/en_AU/support/non-tesla-supercharging,operator,,3534.0,data/raw/ocm_reference.json,exact_canonical_operator_name,,,
a_8f2b203af72a4c6a79d8,l_5fc20065eb2541c94590,operator_website,http://www.teslamotors.com,operator,,23.0,data/raw/ocm_reference.json,exact_canonical_operator_name,,,
a_c9f6dae2079787d9cfc0,l_4d0dcff3a3f0cac850b8,operator_website,https://www.tesla.com/en_AU/support/non-tesla-supercharging,operator,,3534.0,data/raw/ocm_reference.json,exact_canonical_operator_name,,,
a_3f11b64d4be2409e3ff8,l_4d0dcff3a3f0cac850b8,operator_website,http://www.teslamotors.com,operator,,23.0,data/raw/ocm_reference.json,exact_canonical_operator_name,,,
a_29922e5a1e71a09cc55a,l_19e1ee1978bd9cc6be12,operator_website,https://www.bp.com/en_au/australia/home/products-services/bppulse.html,operator,,3659.0,data/raw/ocm_reference.json,exact_canonical_operator_name,,,
a_721f78cea051761fc561,l_413b8a4a7528d2f9bf74,operator_website,https://exploren.com.au/,operator,,3622.0,data/raw/ocm_reference.json,exact_canonical_operator_name,,,
a_bca40e05b82f92b66107,l_3ba44375f9e08567d44e,operator_website,https://chargefox.com,operator,,3339.0,data/raw/ocm_reference.json,exact_canonical_operator_name,,,
a_867a1d354264447db15e,l_e0e5f67c02f28b6a837c,operator_website,https://chargefox.com,operator,,3339.0,data/raw/ocm_reference.json,exact_canonical_operator_name,,,
a_6304c4479711dc73c195,l_f3298a512a100799a5dc,operator_website,https://exploren.com.au/,operator,,3622.0,data/raw/ocm_reference.json,exact_canonical_operator_name,,,
a_da7576851311ec05a316,l_bf71d1b4432dab2cb14c,operator_website,https://everty.com.au/,operator,,3609.0,data/raw/ocm_reference.json,exact_canonical_operator_name,,,
a_81306c5a4618618792e4,l_efcd749b2459366a8f0f,operator_website,https://exploren.com.au/,operator,,3622.0,data/raw/ocm_reference.json,exact_canonical_operator_name,,,
a_1d98fea412af4253cb22,l_b74861fcd404408096e2,operator_website,https://chargefox.com,operator,,3339.0,data/raw/ocm_reference.json,exact_canonical_operator_name,,,
a_5cd565109d1ed9154c2d,l_3ebe8f39b3f5179534ea,operator_website,https://chargefox.com,operator,,3339.0,data/raw/ocm_reference.json,exact_canonical_operator_name,,,
a_e32a96a66e3cc1f211f8,l_0beb2f9a1c66508dfed6,operator_website,https://exploren.com.au/,operator,,3622.0,data/raw/ocm_reference.json,exact_canonical_operator_name,,,
a_66c6134951222ea14d37,l_62472a108aa143c1952c,operator_website,https://exploren.com.au/,operator,,3622.0,data/raw/ocm_reference.json,exact_canonical_operator_name,,,
a_60a9f6eaac9fc0b1d9a2,l_12de3d09621724d216e9,operator_website,https://chargefox.com,operator,,3339.0,data/raw/ocm_reference.json,exact_canonical_operator_name,,,
a_6f5089a2ca2f0cc347c3,l_92927bd22dc61e1fcf79,operator_website,https://chargefox.com,operator,,3339.0,data/raw/ocm_reference.json,exact_canonical_operator_name,,,
a_543ad2ffff031c5853ca,l_0632ac23a4b325ef608e,operator_website,https://chargefox.com,operator,,3339.0,data/raw/ocm_reference.json,exact_canonical_operator_name,,,
a_ccf8d5c0688c938e81d8,l_46608696c4cad4698387,operator_website,https://exploren.com.au/,operator,,3622.0,data/raw/ocm_reference.json,exact_canonical_operator_name,,,
a_199d1c3cf00ce3b3c003,l_aad552644517c604677c,operator_website,https://chargefox.com,operator,,3339.0,data/raw/ocm_reference.json,exact_canonical_operator_name,,,
a_f6a7168f31f007a769e0,l_0620203f5fa2a7ba08fb,operator_website,https://exploren.com.au/,operator,,3622.0,data/raw/ocm_reference.json,exact_canonical_operator_name,,,
a_83cb55847093a70248ee,l_f265ff547e202f9aa9de,operator_website,https://chargefox.com,operator,,3339.0,data/raw/ocm_reference.json,exact_canonical_operator_name,,,
a_99a729da0264bc2f4f42,l_edcd246b5db5dc36f0a1,operator_website,https://exploren.com.au/,operator,,3622.0,data/raw/ocm_reference.json,exact_canonical_operator_name,,,
a_b1fcc9b0b3c5e8ce3d5c,l_81fd78e05fda579157bf,operator_website,https://exploren.com.au/,operator,,3622.0,data/raw/ocm_reference.json,exact_canonical_operator_name,,,
a_7b57dac55d0af078a4b4,l_865e149e2abf4c05c985,operator_website,https://chargefox.com,operator,,3339.0,data/raw/ocm_reference.json,exact_canonical_operator_name,,,
a_7cfdf111a247b5835e26,l_43ebd083312d364a6437,operator_website,https://exploren.com.au/,operator,,3622.0,data/raw/ocm_reference.json,exact_canonical_operator_name,,,
a_9d61991067457c5d708d,l_05d14a6431afef13c07c,operator_website,https://www.countiesenergy.co.nz/articles/ev-charging,operator,,3547.0,data/raw/ocm_reference.json,exact_canonical_operator_name,,,
a_7296b0ef770a6b1673d8,l_1995e1a6c4976cfbee6d,operator_website,http://goevie.com.au/,operator,,3398.0,data/raw/ocm_reference.json,exact_canonical_operator_name,,,
a_e5b1e943058593eef896,l_aacb0644b6e02b2231fa,operator_website,https://chargefox.com,operator,,3339.0,data/raw/ocm_reference.json,exact_canonical_operator_name,,,
a_9b705b12314a1687beba,l_0cd9a99333e4cc3c6810,operator_website,https://exploren.com.au/,operator,,3622.0,data/raw/ocm_reference.json,exact_canonical_operator_name,,,
a_d892af966b3baa139d11,l_e37794a543ff126492b9,operator_website,https://chargefox.com,operator,,3339.0,data/raw/ocm_reference.json,exact_canonical_operator_name,,,
a_92245ab4e35dbbff081b,l_920e6e9275604a626186,operator_website,https://chargehub.solutions,operator,,3775.0,data/raw/ocm_reference.json,exact_canonical_operator_name,,,
a_26012caf0fa26fc6855e,l_673089b8205c8ce1b46d,operator_website,http://goevie.com.au/,operator,,3398.0,data/raw/ocm_reference.json,exact_canonical_operator_name,,,
a_7ca272014f4a1fc50f57,l_00684b1f64a5d7c91e27,operator_website,https://chargefox.com,operator,,3339.0,data/raw/ocm_reference.json,exact_canonical_operator_name,,,
a_941aecd76d16daad676d,l_7420331a244e1f52cfd3,operator_website,https://chargefox.com,operator,,3339.0,data/raw/ocm_reference.json,exact_canonical_operator_name,,,
a_a74d4f1950037c934393,l_df304c7cb30586f66cfd,operator_website,https://www.tesla.com/en_AU/support/non-tesla-supercharging,operator,,3534.0,data/raw/ocm_reference.json,exact_canonical_operator_name,,,
a_3e80b68e46edf2917b74,l_df304c7cb30586f66cfd,operator_website,http://www.teslamotors.com,operator,,23.0,data/raw/ocm_reference.json,exact_canonical_operator_name,,,
a_e4f340d85c62047079e2,l_bb3c6564c688ce9115a9,operator_website,https://exploren.com.au/,operator,,3622.0,data/raw/ocm_reference.json,exact_canonical_operator_name,,,
a_a15caff8493e7f7be42b,l_8a4134ff30f497e7c484,operator_website,https://chargehub.solutions,operator,,3775.0,data/raw/ocm_reference.json,exact_canonical_operator_name,,,
a_1d32c20d87a2f1d0fcf5,l_f1d1eb07fd810d8f5113,operator_website,https://chargefox.com,operator,,3339.0,data/raw/ocm_reference.json,exact_canonical_operator_name,,,
a_da71a798dde22b6ea11a,l_fd1c645a4c6adad04f5b,operator_website,http://goevie.com.au/,operator,,3398.0,data/raw/ocm_reference.json,exact_canonical_operator_name,,,
a_49eb9884c8e040011e11,l_511723eb76c0a88be235,operator_website,https://exploren.com.au/,operator,,3622.0,data/raw/ocm_reference.json,exact_canonical_operator_name,,,
a_1e65ce39c2fec2068296,l_9aa3a2f47fd3c7772fd7,operator_website,https://www.tesla.com/en_AU/support/non-tesla-supercharging,operator,,3534.0,data/raw/ocm_reference.json,exact_canonical_operator_name,,,
a_662d05439a0c2f0dd7e3,l_9aa3a2f47fd3c7772fd7,operator_website,http://www.teslamotors.com,operator,,23.0,data/raw/ocm_reference.json,exact_canonical_operator_name,,,
a_3b2718dfad54eb496629,l_95f3d4e97e3671a15e99,operator_website,https://exploren.com.au/,operator,,3622.0,data/raw/ocm_reference.json,exact_canonical_operator_name,,,
a_966de27630b1e251961e,l_29a2f66231fb8a694eba,operator_website,https://chargefox.com,operator,,3339.0,data/raw/ocm_reference.json,exact_canonical_operator_name,,,
a_16c851a4b0691338df1a,l_8c63aec82fafc9f95f9a,operator_website,https://everty.com.au/,operator,,3609.0,data/raw/ocm_reference.json,exact_canonical_operator_name,,,
a_e56f92ce67d04a704f65,l_74b835971dfbbb99ad88,operator_website,https://exploren.com.au/,operator,,3622.0,data/raw/ocm_reference.json,exact_canonical_operator_name,,,
a_483d55f5bb4ce6661550,l_620932f1577a8ce2f856,operator_website,https://exploren.com.au/,operator,,3622.0,data/raw/ocm_reference.json,exact_canonical_operator_name,,,
a_8534c654ad656e3fd785,l_5dae0158cc8b537ba75b,operator_website,https://chargefox.com,operator,,3339.0,data/raw/ocm_reference.json,exact_canonical_operator_name,,,
a_c4cde72f63ea33f8be7f,l_09283072a349b4539c51,operator_website,https://everty.com.au/,operator,,3609.0,data/raw/ocm_reference.json,exact_canonical_operator_name,,,
a_bca46f172255a52bb139,l_17f908982cce1c898a43,operator_website,https://www.bp.com/en_au/australia/home/products-services/bppulse.html,operator,,3659.0,data/raw/ocm_reference.json,exact_canonical_operator_name,,,
a_75e24bfa8069aa2df83a,l_56f3247ca4995432bbcc,operator_website,https://chargefox.com,operator,,3339.0,data/raw/ocm_reference.json,exact_canonical_operator_name,,,
a_6ac7b4263fdd28aba200,l_677dddcdb585695b1324,operator_website,https://everty.com.au/,operator,,3609.0,data/raw/ocm_reference.json,exact_canonical_operator_name,,,
a_b9134be21495e72683e2,l_4732c399b614feac41b0,operator_website,https://chargefox.com,operator,,3339.0,data/raw/ocm_reference.json,exact_canonical_operator_name,,,
a_ca14126dfbf500bf8041,l_8ec24a1520416b13350b,operator_website,https://exploren.com.au/,operator,,3622.0,data/raw/ocm_reference.json,exact_canonical_operator_name,,,
a_4255ed3be0968ada52c3,l_5c13ea0a9b82151ef235,operator_website,https://www.tesla.com/en_AU/support/non-tesla-supercharging,operator,,3534.0,data/raw/ocm_reference.json,exact_canonical_operator_name,,,
a_66787a43d0bf7d978185,l_5c13ea0a9b82151ef235,operator_website,http://www.teslamotors.com,operator,,23.0,data/raw/ocm_reference.json,exact_canonical_operator_name,,,
a_3112f052b044077c3941,l_64fd9f1973b53f7dad68,operator_website,https://chargefox.com,operator,,3339.0,data/raw/ocm_reference.json,exact_canonical_operator_name,,,
a_c50824c572d477521677,l_44dca56501d0233c004b,operator_website,https://chargefox.com,operator,,3339.0,data/raw/ocm_reference.json,exact_canonical_operator_name,,,
a_ef5ae33b2c622262ebb7,l_a1bd4d4615a894ffc60c,operator_website,https://chargefox.com,operator,,3339.0,data/raw/ocm_reference.json,exact_canonical_operator_name,,,
a_9107610732dc80af4ac0,l_c9a0a950c2479427e440,operator_website,https://exploren.com.au/,operator,,3622.0,data/raw/ocm_reference.json,exact_canonical_operator_name,,,
a_97b4d881adf7411bdcda,l_22f85b4393132122000e,operator_website,https://everty.com.au/,operator,,3609.0,data/raw/ocm_reference.json,exact_canonical_operator_name,,,
a_43ef5175ef303475e31d,l_545ce1fb21a9cf76bfd1,operator_website,https://www.bp.com/en_au/australia/home/products-services/bppulse.html,operator,,3659.0,data/raw/ocm_reference.json,exact_canonical_operator_name,,,
a_39988a10f3eb77c88f2d,l_eba63905b8f698f2ceb0,operator_website,https://exploren.com.au/,operator,,3622.0,data/raw/ocm_reference.json,exact_canonical_operator_name,,,
a_4328b190088518fdfa31,l_8f329a7b67e324193e30,operator_website,https://chargefox.com,operator,,3339.0,data/raw/ocm_reference.json,exact_canonical_operator_name,,,
a_5f078b76f2fb892ac793,l_07ac1a7d9397d492a212,operator_website,https://chargefox.com,operator,,3339.0,data/raw/ocm_reference.json,exact_canonical_operator_name,,,
a_ccb75d98b7214ac3a7f6,l_fc501c5b9a4e95cde768,operator_website,https://chargefox.com,operator,,3339.0,data/raw/ocm_reference.json,exact_canonical_operator_name,,,
a_77e2140b14c7a81eeff8,l_3e81eba8abf22634e9b3,operator_website,https://exploren.com.au/,operator,,3622.0,data/raw/ocm_reference.json,exact_canonical_operator_name,,,
a_4cf3ae609b2c8cd27b19,l_fc6e53d34a4135bb6a18,operator_website,https://www.mynrma.com.au/cars-and-driving/electric-vehicles,operator,,3388.0,data/raw/ocm_reference.json,exact_canonical_operator_name,,,
a_6a6feb48ac4dd8930e50,l_fc6e53d34a4135bb6a18,operator_phone,1300 233 544,operator,,3388.0,data/raw/ocm_reference.json,exact_canonical_operator_name,,,
a_36f91174ae4d7359ebd6,l_2fff288d38e3cd398366,operator_website,https://chargefox.com,operator,,3339.0,data/raw/ocm_reference.json,exact_canonical_operator_name,,,
a_a047fcdee287e435cdb5,l_21fb5380d89e23e07bc1,operator_website,https://exploren.com.au/,operator,,3622.0,data/raw/ocm_reference.json,exact_canonical_operator_name,,,
a_42e44c1558ce91742a51,l_72d7361671dbff3039bd,operator_website,https://chargefox.com,operator,,3339.0,data/raw/ocm_reference.json,exact_canonical_operator_name,,,
a_5aacb7371aabaef1d3fc,l_d9d2fd1783140e4129e3,operator_website,https://exploren.com.au/,operator,,3622.0,data/raw/ocm_reference.json,exact_canonical_operator_name,,,
a_80da173e2d7256c4469f,l_58292c11c98b902568ae,operator_website,https://chargefox.com,operator,,3339.0,data/raw/ocm_reference.json,exact_canonical_operator_name,,,
a_dc85f09b02251e545f00,l_b97d4e975a01aba7ef82,operator_website,https://exploren.com.au/,operator,,3622.0,data/raw/ocm_reference.json,exact_canonical_operator_name,,,
a_746b605eef28f33f5f1d,l_62d5f34984c841c2f5b3,operator_website,https://www.tesla.com/en_AU/support/non-tesla-supercharging,operator,,3534.0,data/raw/ocm_reference.json,exact_canonical_operator_name,,,
a_7e0294aba2ecb2f647ae,l_62d5f34984c841c2f5b3,operator_website,http://www.teslamotors.com,operator,,23.0,data/raw/ocm_reference.json,exact_canonical_operator_name,,,
a_4450b3f97f69addadf10,l_2a84bd360ea3fa78f784,operator_website,https://www.tesla.com/en_AU/support/non-tesla-supercharging,operator,,3534.0,data/raw/ocm_reference.json,exact_canonical_operator_name,,,
a_2e22637a7e8cc6ba508b,l_2a84bd360ea3fa78f784,operator_website,http://www.teslamotors.com,operator,,23.0,data/raw/ocm_reference.json,exact_canonical_operator_name,,,
a_e499b3db9c9d57ae4961,l_482445af34fbf999f13d,operator_website,https://exploren.com.au/,operator,,3622.0,data/raw/ocm_reference.json,exact_canonical_operator_name,,,
a_5f13ddad43afb6dc4993,l_98fee8c32b03eff3e7d5,operator_website,https://exploren.com.au/,operator,,3622.0,data/raw/ocm_reference.json,exact_canonical_operator_name,,,
a_35bafdad81b423359374,l_fd3655c442806dfe9c9d,operator_website,https://exploren.com.au/,operator,,3622.0,data/raw/ocm_reference.json,exact_canonical_operator_name,,,
a_1f2b8ca6d55757905ecc,l_0b2936b8bf83eb8ebbc5,operator_website,https://exploren.com.au/,operator,,3622.0,data/raw/ocm_reference.json,exact_canonical_operator_name,,,
a_5104b2e162e1396a8eb5,l_1c7fcbf725de8ea9ae41,operator_website,http://goevie.com.au/,operator,,3398.0,data/raw/ocm_reference.json,exact_canonical_operator_name,,,
a_7be0b34c2e8c7ec26566,l_fca5756c31bf279c79e2,operator_website,http://goevie.com.au/,operator,,3398.0,data/raw/ocm_reference.json,exact_canonical_operator_name,,,
a_4d23aab813e7407a6aad,l_733b9f9cf28474a2a52d,operator_website,https://exploren.com.au/,operator,,3622.0,data/raw/ocm_reference.json,exact_canonical_operator_name,,,
a_cddf1b4adb601013630d,l_cd1822704b94d80469bb,operator_website,https://exploren.com.au/,operator,,3622.0,data/raw/ocm_reference.json,exact_canonical_operator_name,,,
a_0bb96cfa699982a61593,l_676e925031a605f309a5,operator_website,http://goevie.com.au/,operator,,3398.0,data/raw/ocm_reference.json,exact_canonical_operator_name,,,
a_ce89d7e0fa87ec0095f6,l_f7df5d60b78a8a406a4c,operator_website,https://chargefox.com,operator,,3339.0,data/raw/ocm_reference.json,exact_canonical_operator_name,,,
a_52e9ca51aa93e111c67e,l_9e0fcf03e9e1c1c1e17f,operator_website,https://www.mynrma.com.au/cars-and-driving/electric-vehicles,operator,,3388.0,data/raw/ocm_reference.json,exact_canonical_operator_name,,,
a_08334ed57316e9d189d3,l_9e0fcf03e9e1c1c1e17f,operator_phone,1300 233 544,operator,,3388.0,data/raw/ocm_reference.json,exact_canonical_operator_name,,,
a_48c756aca4f09d0debb9,l_d513945e49bf8392fbdb,operator_website,https://chargefox.com,operator,,3339.0,data/raw/ocm_reference.json,exact_canonical_operator_name,,,
a_5a8119a546e20cde71c1,l_79d7b42ffa3ce65c6c83,operator_website,http://goevie.com.au/,operator,,3398.0,data/raw/ocm_reference.json,exact_canonical_operator_name,,,
a_739a8cf256983bda1ea1,l_96c745c3f95f444c2914,operator_website,https://www.tesla.com/en_AU/support/non-tesla-supercharging,operator,,3534.0,data/raw/ocm_reference.json,exact_canonical_operator_name,,,
a_2f5eb6a1162e0552e6a5,l_96c745c3f95f444c2914,operator_website,http://www.teslamotors.com,operator,,23.0,data/raw/ocm_reference.json,exact_canonical_operator_name,,,
a_bc2fd9d89d6d2c98f435,l_b4a12ab004b6d7395619,operator_website,http://goevie.com.au/,operator,,3398.0,data/raw/ocm_reference.json,exact_canonical_operator_name,,,
a_f47e1a27e02f066ff07a,l_d56dfd130f91c7b0583e,operator_website,https://exploren.com.au/,operator,,3622.0,data/raw/ocm_reference.json,exact_canonical_operator_name,,,
a_1091640125029a3cc599,l_4553878b5798d23b3efa,operator_website,https://exploren.com.au/,operator,,3622.0,data/raw/ocm_reference.json,exact_canonical_operator_name,,,
a_f10dfac734e4e3ddc1a7,l_2b2f8eb90249069d111d,operator_website,https://exploren.com.au/,operator,,3622.0,data/raw/ocm_reference.json,exact_canonical_operator_name,,,
a_c7e3b9e0972d9cc280c2,l_26e55974df9a20af484e,operator_website,https://chargefox.com,operator,,3339.0,data/raw/ocm_reference.json,exact_canonical_operator_name,,,
a_5524566b852e19f12e79,l_780c170cab23fb84e2ea,operator_website,https://everty.com.au/,operator,,3609.0,data/raw/ocm_reference.json,exact_canonical_operator_name,,,
a_d86daa5d540c99d557e2,l_8dad45e200491dfd6207,operator_website,https://exploren.com.au/,operator,,3622.0,data/raw/ocm_reference.json,exact_canonical_operator_name,,,
a_19493426e8170e24bd60,l_7798a8eac1657564771d,operator_website,https://exploren.com.au/,operator,,3622.0,data/raw/ocm_reference.json,exact_canonical_operator_name,,,
a_1059bd261702613ae1c9,l_2dfd77959108c10bfbca,operator_website,https://chargefox.com,operator,,3339.0,data/raw/ocm_reference.json,exact_canonical_operator_name,,,
a_a51d51298edc3e597967,l_fe6316ce802f85a7e9dd,operator_website,http://goevie.com.au/,operator,,3398.0,data/raw/ocm_reference.json,exact_canonical_operator_name,,,
a_c8024dd6bab847bd5063,l_00e81c08bef640fedfd5,operator_website,https://chargefox.com,operator,,3339.0,data/raw/ocm_reference.json,exact_canonical_operator_name,,,
a_e110952e891c3d311333,l_f08cb102a71ba1a0e1a6,operator_website,https://exploren.com.au/,operator,,3622.0,data/raw/ocm_reference.json,exact_canonical_operator_name,,,
a_e8b708f7df8feed73147,l_6f1a964e3cc8864c660f,operator_website,https://exploren.com.au/,operator,,3622.0,data/raw/ocm_reference.json,exact_canonical_operator_name,,,
a_8ff19803cafeb4ffd5b4,l_d61269ad92070b68141e,operator_website,https://www.mynrma.com.au/cars-and-driving/electric-vehicles,operator,,3388.0,data/raw/ocm_reference.json,exact_canonical_operator_name,,,
a_1ca1643827ff4131ecd3,l_d61269ad92070b68141e,operator_phone,1300 233 544,operator,,3388.0,data/raw/ocm_reference.json,exact_canonical_operator_name,,,
a_c939dbcf840161503273,l_b5cf642bcae5a474bbe5,operator_website,https://exploren.com.au/,operator,,3622.0,data/raw/ocm_reference.json,exact_canonical_operator_name,,,
a_169e67aa610ba02b3998,l_5fa6bda966daf369546e,operator_website,https://www.bp.com/en_au/australia/home/products-services/bppulse.html,operator,,3659.0,data/raw/ocm_reference.json,exact_canonical_operator_name,,,
a_184e15bc49f96d0f3a85,l_113e6d31ae2b5d454a0d,operator_website,https://exploren.com.au/,operator,,3622.0,data/raw/ocm_reference.json,exact_canonical_operator_name,,,
a_b86d2a4ad06e247c217f,l_3c6e58d2f5c4c5469289,operator_website,https://www.mynrma.com.au/cars-and-driving/electric-vehicles,operator,,3388.0,data/raw/ocm_reference.json,exact_canonical_operator_name,,,
a_64c40baf4486c318dcde,l_3c6e58d2f5c4c5469289,operator_phone,1300 233 544,operator,,3388.0,data/raw/ocm_reference.json,exact_canonical_operator_name,,,
a_8f8c5c1436498323602a,l_9faf5dd65d8e18b735f3,operator_website,https://www.tesla.com/en_AU/support/non-tesla-supercharging,operator,,3534.0,data/raw/ocm_reference.json,exact_canonical_operator_name,,,
a_fea6f46f6e7e55ceaf58,l_9faf5dd65d8e18b735f3,operator_website,http://www.teslamotors.com,operator,,23.0,data/raw/ocm_reference.json,exact_canonical_operator_name,,,
a_928f318b0ad7f110024a,l_d48dde625a6bc9bea8cd,operator_website,https://www.mynrma.com.au/cars-and-driving/electric-vehicles,operator,,3388.0,data/raw/ocm_reference.json,exact_canonical_operator_name,,,
a_400398f086e902e763c6,l_d48dde625a6bc9bea8cd,operator_phone,1300 233 544,operator,,3388.0,data/raw/ocm_reference.json,exact_canonical_operator_name,,,
a_84027e02742937bd9b52,l_18f3c9fec3d7a7260d41,operator_website,https://exploren.com.au/,operator,,3622.0,data/raw/ocm_reference.json,exact_canonical_operator_name,,,
a_807245497fcbcae63382,l_b2e2d1e42cdab1aeadb1,operator_website,https://exploren.com.au/,operator,,3622.0,data/raw/ocm_reference.json,exact_canonical_operator_name,,,
a_8db5ecabb1338e7c4572,l_3081cd97dd9a7a59b0d8,operator_website,https://chargefox.com,operator,,3339.0,data/raw/ocm_reference.json,exact_canonical_operator_name,,,
a_8d1e6fcabdfa6df1e975,l_6edbede63a44d665bf66,operator_website,https://exploren.com.au/,operator,,3622.0,data/raw/ocm_reference.json,exact_canonical_operator_name,,,
a_e8c2093c44d98b9a2937,l_d7ca5caa6b7d39ccce3b,operator_website,https://chargefox.com,operator,,3339.0,data/raw/ocm_reference.json,exact_canonical_operator_name,,,
a_41b48298d7cb9a066828,l_38170eb505da8b7cca2e,operator_website,https://exploren.com.au/,operator,,3622.0,data/raw/ocm_reference.json,exact_canonical_operator_name,,,
a_11259e66faa8419b54f6,l_f856a7a51b109d4937fa,operator_website,https://www.mynrma.com.au/cars-and-driving/electric-vehicles,operator,,3388.0,data/raw/ocm_reference.json,exact_canonical_operator_name,,,
a_065b5a73a693feca57b3,l_f856a7a51b109d4937fa,operator_phone,1300 233 544,operator,,3388.0,data/raw/ocm_reference.json,exact_canonical_operator_name,,,
a_b29ddf3f7359c77cbaa6,l_98b85dc50d3e15cdd841,operator_website,https://exploren.com.au/,operator,,3622.0,data/raw/ocm_reference.json,exact_canonical_operator_name,,,
a_74c364bf07cb9d15abae,l_d4309deac5f622ffb974,operator_website,https://exploren.com.au/,operator,,3622.0,data/raw/ocm_reference.json,exact_canonical_operator_name,,,
a_ccbdd63fe60a7168056f,l_611ca40500e33ca885b8,operator_website,http://goevie.com.au/,operator,,3398.0,data/raw/ocm_reference.json,exact_canonical_operator_name,,,
a_1726206543166a4cdabf,l_00074c6f55ceacac9181,operator_website,https://exploren.com.au/,operator,,3622.0,data/raw/ocm_reference.json,exact_canonical_operator_name,,,
a_2073cd0f0d41c35f0065,l_9f936cf9324a367d1201,operator_website,https://exploren.com.au/,operator,,3622.0,data/raw/ocm_reference.json,exact_canonical_operator_name,,,
a_e0b90f4c1590df7abb09,l_2e2dd4ecd318ff4f176f,operator_website,https://exploren.com.au/,operator,,3622.0,data/raw/ocm_reference.json,exact_canonical_operator_name,,,
a_7abb2259be6c7710eb32,l_9f7d8443d2a153ab0819,operator_website,https://www.tesla.com/en_AU/support/non-tesla-supercharging,operator,,3534.0,data/raw/ocm_reference.json,exact_canonical_operator_name,,,
a_e967212d6483d5b68e14,l_9f7d8443d2a153ab0819,operator_website,http://www.teslamotors.com,operator,,23.0,data/raw/ocm_reference.json,exact_canonical_operator_name,,,
a_39c67814ba6b32cafab6,l_e81517695cb9719b6f9c,operator_website,https://www.tesla.com/en_AU/support/non-tesla-supercharging,operator,,3534.0,data/raw/ocm_reference.json,exact_canonical_operator_name,,,
a_de3698c65c216e00dd4e,l_e81517695cb9719b6f9c,operator_website,http://www.teslamotors.com,operator,,23.0,data/raw/ocm_reference.json,exact_canonical_operator_name,,,
a_3971060d527558db7552,l_5adeb4484ccc79da6efd,operator_website,https://chargefox.com,operator,,3339.0,data/raw/ocm_reference.json,exact_canonical_operator_name,,,
a_bbd23c0bfe735c4fe764,l_cd1dc7c2303c82ecd791,operator_website,https://exploren.com.au/,operator,,3622.0,data/raw/ocm_reference.json,exact_canonical_operator_name,,,
a_c29332ec5ba605a2d11a,l_1c3f6e18d23154527fb8,operator_website,https://everty.com.au/,operator,,3609.0,data/raw/ocm_reference.json,exact_canonical_operator_name,,,
a_e4d3755ba803827197e6,l_83d24a577943ce09a811,operator_website,http://goevie.com.au/,operator,,3398.0,data/raw/ocm_reference.json,exact_canonical_operator_name,,,
a_b74d5ea074ef11e68a10,l_7b1700d8f1da1edc6f7e,operator_website,https://chargefox.com,operator,,3339.0,data/raw/ocm_reference.json,exact_canonical_operator_name,,,
a_cceb99aead20856eceea,l_7558aaf15fca50ae84c6,operator_website,https://exploren.com.au/,operator,,3622.0,data/raw/ocm_reference.json,exact_canonical_operator_name,,,
a_8693fac7d0d6edb4593e,l_6db0dc0351f5a142f3b1,operator_website,https://chargefox.com,operator,,3339.0,data/raw/ocm_reference.json,exact_canonical_operator_name,,,
a_6ecace3195baedae041e,l_db2a4043940a12b178c2,operator_website,https://exploren.com.au/,operator,,3622.0,data/raw/ocm_reference.json,exact_canonical_operator_name,,,
a_3aa10c04e0456239cd46,l_df5badc0c27dba894862,operator_website,https://chargefox.com,operator,,3339.0,data/raw/ocm_reference.json,exact_canonical_operator_name,,,
a_bdbf8e76759cc56815ce,l_6a6002b227db6b382b9a,operator_website,https://exploren.com.au/,operator,,3622.0,data/raw/ocm_reference.json,exact_canonical_operator_name,,,
a_1bb350d6b77b8f017c38,l_2eca8c089ee9e94b1242,operator_website,https://chargefox.com,operator,,3339.0,data/raw/ocm_reference.json,exact_canonical_operator_name,,,
a_8c6aa77c8b1b0518edfb,l_dc9b917873ae561a9211,operator_website,https://chargefox.com,operator,,3339.0,data/raw/ocm_reference.json,exact_canonical_operator_name,,,
a_0a82ba36d846881ce310,l_383f74df7c6dcad64478,operator_website,https://chargefox.com,operator,,3339.0,data/raw/ocm_reference.json,exact_canonical_operator_name,,,
a_b96831341a3271913284,l_14bbf207e0822cdfa61b,operator_website,https://chargefox.com,operator,,3339.0,data/raw/ocm_reference.json,exact_canonical_operator_name,,,
a_8056a35979a228490bc6,l_b813f077a468ff44a84e,operator_website,https://everty.com.au/,operator,,3609.0,data/raw/ocm_reference.json,exact_canonical_operator_name,,,
a_3b9f548f34371c54a12e,l_3bb4f802394d68073943,operator_website,https://exploren.com.au/,operator,,3622.0,data/raw/ocm_reference.json,exact_canonical_operator_name,,,
a_86f508dec6502365b0eb,l_dd7ad05d936c56a82713,operator_website,https://chargefox.com,operator,,3339.0,data/raw/ocm_reference.json,exact_canonical_operator_name,,,
a_edc39aa0fb71a1ef7013,l_20a0544eaef725ff3609,operator_website,https://chargefox.com,operator,,3339.0,data/raw/ocm_reference.json,exact_canonical_operator_name,,,
a_21f22ee68977e08b7391,l_9e972a90d9c046302d2d,operator_website,https://www.tesla.com/en_AU/support/non-tesla-supercharging,operator,,3534.0,data/raw/ocm_reference.json,exact_canonical_operator_name,,,
a_21db0c6df31e66324852,l_9e972a90d9c046302d2d,operator_website,http://www.teslamotors.com,operator,,23.0,data/raw/ocm_reference.json,exact_canonical_operator_name,,,
a_cdf784fccca0b853dc2d,l_186fb0152eafb21824f9,operator_website,https://www.mynrma.com.au/cars-and-driving/electric-vehicles,operator,,3388.0,data/raw/ocm_reference.json,exact_canonical_operator_name,,,
a_324eb42e49fc994de692,l_186fb0152eafb21824f9,operator_phone,1300 233 544,operator,,3388.0,data/raw/ocm_reference.json,exact_canonical_operator_name,,,
a_aaf934d9c880ce7f0149,l_c5ea9befe96c68f7cef9,operator_website,https://chargefox.com,operator,,3339.0,data/raw/ocm_reference.json,exact_canonical_operator_name,,,
a_2b14ebee6cd1bda73749,l_fbc55857c0a4e1b62a23,operator_website,https://exploren.com.au/,operator,,3622.0,data/raw/ocm_reference.json,exact_canonical_operator_name,,,
a_6315bd6851cb86b3b7b0,l_1fb2dd5edd987682902b,operator_website,https://exploren.com.au/,operator,,3622.0,data/raw/ocm_reference.json,exact_canonical_operator_name,,,
a_6736f5cca8fe61b37dc8,l_7c978977c12dcbe5e7b9,operator_website,https://chargefox.com,operator,,3339.0,data/raw/ocm_reference.json,exact_canonical_operator_name,,,
a_9b76e1b4e86be945844e,l_f8f2ec0feca8c90b3fc0,operator_website,https://exploren.com.au/,operator,,3622.0,data/raw/ocm_reference.json,exact_canonical_operator_name,,,
a_b19381335c421ae730bb,l_62fc18e20a70780c4b5d,operator_website,https://chargehub.solutions,operator,,3775.0,data/raw/ocm_reference.json,exact_canonical_operator_name,,,
a_1cabad0da11aa8de1630,l_1142b0861e0d485286fb,operator_website,https://exploren.com.au/,operator,,3622.0,data/raw/ocm_reference.json,exact_canonical_operator_name,,,
a_6dd3ca816b31835a645d,l_b968027079594c1cc4a3,operator_website,https://www.bp.com/en_au/australia/home/products-services/bppulse.html,operator,,3659.0,data/raw/ocm_reference.json,exact_canonical_operator_name,,,
a_5e9e74e00bb1863969f8,l_f8e59907af051cf3adba,operator_website,https://exploren.com.au/,operator,,3622.0,data/raw/ocm_reference.json,exact_canonical_operator_name,,,
a_f1fed9dc91552fc4f19b,l_2688ec2a58857f91448b,operator_website,https://www.tesla.com/en_AU/support/non-tesla-supercharging,operator,,3534.0,data/raw/ocm_reference.json,exact_canonical_operator_name,,,
a_8a5c9104122623f6d76d,l_2688ec2a58857f91448b,operator_website,http://www.teslamotors.com,operator,,23.0,data/raw/ocm_reference.json,exact_canonical_operator_name,,,
a_2634494445d840b01b4e,l_2fb9692ea4913f4a3b86,operator_website,https://chargefox.com,operator,,3339.0,data/raw/ocm_reference.json,exact_canonical_operator_name,,,
a_37e3eed62ca226e0b723,l_9ef5ee8281df13e08712,operator_website,https://chargefox.com,operator,,3339.0,data/raw/ocm_reference.json,exact_canonical_operator_name,,,
a_992d507e28dc86c3fe5b,l_5916d065c5c17589abe0,operator_website,https://chargefox.com,operator,,3339.0,data/raw/ocm_reference.json,exact_canonical_operator_name,,,
a_babf9b7efa1bc2190b32,l_58f0e92976c6212d88a2,operator_website,https://everty.com.au/,operator,,3609.0,data/raw/ocm_reference.json,exact_canonical_operator_name,,,
a_44592f10fd9228776aed,l_48074052e52472741d15,operator_website,https://chargefox.com,operator,,3339.0,data/raw/ocm_reference.json,exact_canonical_operator_name,,,
a_987881c32f43f378e10a,l_d4883810626a2c9cfce0,operator_website,https://exploren.com.au/,operator,,3622.0,data/raw/ocm_reference.json,exact_canonical_operator_name,,,
a_a680595efae7d68e560f,l_311822a482177570fbba,operator_website,https://chargefox.com,operator,,3339.0,data/raw/ocm_reference.json,exact_canonical_operator_name,,,
a_ca826075fb538cf8449a,l_9a38a8cd6619b9c1ed6e,operator_website,https://chargefox.com,operator,,3339.0,data/raw/ocm_reference.json,exact_canonical_operator_name,,,
a_9fa7931ea22ff862dd4e,l_71a59ee42d9ee14a0699,operator_website,https://exploren.com.au/,operator,,3622.0,data/raw/ocm_reference.json,exact_canonical_operator_name,,,
a_db6a48a6aca114fb17d4,l_f19c0a61aedf61d8c9a2,operator_website,https://chargehub.solutions,operator,,3775.0,data/raw/ocm_reference.json,exact_canonical_operator_name,,,
a_a8939a21aac7873d0817,l_ef527f3c6a73fe7c0cc9,operator_website,https://exploren.com.au/,operator,,3622.0,data/raw/ocm_reference.json,exact_canonical_operator_name,,,
a_27db9dfa0b04076545fd,l_bd521d0514279e5d5a98,operator_website,https://everty.com.au/,operator,,3609.0,data/raw/ocm_reference.json,exact_canonical_operator_name,,,
a_df68fdd37f8c1953d548,l_0d4ae1b38d102a3e9dc2,operator_website,https://exploren.com.au/,operator,,3622.0,data/raw/ocm_reference.json,exact_canonical_operator_name,,,
a_1f41853035c2593e0e50,l_5b73620b7ff7c100d61f,operator_website,https://exploren.com.au/,operator,,3622.0,data/raw/ocm_reference.json,exact_canonical_operator_name,,,
a_78b203aa255de043cb77,l_f6918e39dd984b94f460,operator_website,https://www.tesla.com/en_AU/support/non-tesla-supercharging,operator,,3534.0,data/raw/ocm_reference.json,exact_canonical_operator_name,,,
a_0cef1112a8460eb66fdc,l_f6918e39dd984b94f460,operator_website,http://www.teslamotors.com,operator,,23.0,data/raw/ocm_reference.json,exact_canonical_operator_name,,,
a_65d9589c4c0fa96d9b46,l_51bff8453eedb369f763,operator_website,https://chargefox.com,operator,,3339.0,data/raw/ocm_reference.json,exact_canonical_operator_name,,,
a_f9e375093e82a520e2d7,l_17d3a3c8cb58dfc1cdb3,operator_website,https://everty.com.au/,operator,,3609.0,data/raw/ocm_reference.json,exact_canonical_operator_name,,,
a_b4006228e109aa1c4f75,l_36978a92dbc9f6a26f18,operator_website,https://exploren.com.au/,operator,,3622.0,data/raw/ocm_reference.json,exact_canonical_operator_name,,,
a_eb6c5c94defdd62ca302,l_8fb60531a13d5bf34e96,operator_website,https://exploren.com.au/,operator,,3622.0,data/raw/ocm_reference.json,exact_canonical_operator_name,,,
a_b5d7f8e0958f71b82b42,l_48e95a426efe6a42056f,operator_website,https://chargefox.com,operator,,3339.0,data/raw/ocm_reference.json,exact_canonical_operator_name,,,
a_9bd461f214780a44db7f,l_384a8450b3a68de73286,operator_website,http://goevie.com.au/,operator,,3398.0,data/raw/ocm_reference.json,exact_canonical_operator_name,,,
a_40a8548d049ea1a35856,l_8d3da20839be541c819e,operator_website,https://chargefox.com,operator,,3339.0,data/raw/ocm_reference.json,exact_canonical_operator_name,,,
a_323df6cb87f1d913a4e0,l_17d866cc2de5f6a61408,operator_website,https://exploren.com.au/,operator,,3622.0,data/raw/ocm_reference.json,exact_canonical_operator_name,,,
a_2d3fb72565c9ea6606f4,l_b66e84f0e63044df33b3,operator_website,https://www.bp.com/en_au/australia/home/products-services/bppulse.html,operator,,3659.0,data/raw/ocm_reference.json,exact_canonical_operator_name,,,
a_f4bd0f83f303d374505d,l_9dba4affc6e49c90859a,operator_website,https://www.bp.com/en_au/australia/home/products-services/bppulse.html,operator,,3659.0,data/raw/ocm_reference.json,exact_canonical_operator_name,,,
a_899e7e5654792f0a04b9,l_cae4f0f9f9135808389b,operator_website,https://www.bp.com/en_au/australia/home/products-services/bppulse.html,operator,,3659.0,data/raw/ocm_reference.json,exact_canonical_operator_name,,,
a_b2e1d7ee1a703fedf961,l_805340edf704b9bbd5a9,operator_website,https://exploren.com.au/,operator,,3622.0,data/raw/ocm_reference.json,exact_canonical_operator_name,,,
a_62ffb86e1d3350d32b2b,l_df8e90ecf52e7721bfe8,operator_website,https://chargefox.com,operator,,3339.0,data/raw/ocm_reference.json,exact_canonical_operator_name,,,
a_e1a2682d9975ff38e541,l_cecc15203cb42d39d24d,operator_website,https://chargefox.com,operator,,3339.0,data/raw/ocm_reference.json,exact_canonical_operator_name,,,
a_7ba022bbcc0084a5674b,l_aee0f527479d90645b3c,operator_website,https://chargefox.com,operator,,3339.0,data/raw/ocm_reference.json,exact_canonical_operator_name,,,
a_642db364f1676431777e,l_3345761395d8296d9faf,operator_website,https://exploren.com.au/,operator,,3622.0,data/raw/ocm_reference.json,exact_canonical_operator_name,,,
a_2b5ad542303b9bea7cff,l_763ff75aac5153ec953c,operator_website,https://www.tesla.com/en_AU/support/non-tesla-supercharging,operator,,3534.0,data/raw/ocm_reference.json,exact_canonical_operator_name,,,
a_92cfed815c0b6c0ac517,l_763ff75aac5153ec953c,operator_website,http://www.teslamotors.com,operator,,23.0,data/raw/ocm_reference.json,exact_canonical_operator_name,,,
a_0283c07c396169b8644d,l_6a719cbf392e9cabbd24,operator_website,https://chargefox.com,operator,,3339.0,data/raw/ocm_reference.json,exact_canonical_operator_name,,,
a_9ef294d2221a8f596970,l_67a242a5e3cee70e4e22,operator_website,https://chargefox.com,operator,,3339.0,data/raw/ocm_reference.json,exact_canonical_operator_name,,,
a_04f6f614385d848f6752,l_8392b24efad311eb42a9,operator_website,https://exploren.com.au/,operator,,3622.0,data/raw/ocm_reference.json,exact_canonical_operator_name,,,
a_75ced0843b7db1340e58,l_73c72e9ef358fc5781aa,operator_website,https://www.tesla.com/en_AU/support/non-tesla-supercharging,operator,,3534.0,data/raw/ocm_reference.json,exact_canonical_operator_name,,,
a_7d5fb7ac1893f8a15c98,l_73c72e9ef358fc5781aa,operator_website,http://www.teslamotors.com,operator,,23.0,data/raw/ocm_reference.json,exact_canonical_operator_name,,,
a_941d64bdee3a67718d14,l_ca5909007ae40929f558,operator_website,https://exploren.com.au/,operator,,3622.0,data/raw/ocm_reference.json,exact_canonical_operator_name,,,
a_9822f31ed187b0fc0d7c,l_3858dcb4be8c10de13b7,operator_website,https://exploren.com.au/,operator,,3622.0,data/raw/ocm_reference.json,exact_canonical_operator_name,,,
a_a14e480c9860274f1143,l_aff976d40e039084d6ef,operator_website,https://chargefox.com,operator,,3339.0,data/raw/ocm_reference.json,exact_canonical_operator_name,,,
a_31ad2ec18e7e1b256f24,l_525794e991b51357265b,dc_connector_types,CCS (Type 2),site,,,data/raw/osm_chargers.json,coordinate_operator_address_match,node/10590006365,,
a_4463f31dd946081280d0,l_fbcee1e03e94d9ac4c0f,dc_connector_types,Tesla Supercharger,site,,,data/raw/osm_chargers.json,coordinate_operator_address_match,node/5438383393,,
a_c0dc2a982936d4f30631,l_fbcee1e03e94d9ac4c0f,opening_hours,24/7,site,,,data/raw/osm_chargers.json,coordinate_operator_address_match,node/5438383393,,
a_64a2862a72e6306a208b,l_fbcee1e03e94d9ac4c0f,access,yes,site,,,data/raw/osm_chargers.json,coordinate_operator_address_match,node/5438383393,,
a_dcf1c6f5596f1413d214,l_fbcee1e03e94d9ac4c0f,fee,yes,site,,,data/raw/osm_chargers.json,coordinate_operator_address_match,node/5438383393,,
a_e8cdd454f169662429db,l_fbcee1e03e94d9ac4c0f,website,https://www.tesla.com/findus/location/supercharger/broadwaynswsupercharger,site,,,data/raw/osm_chargers.json,coordinate_operator_address_match,node/5438383393,,
a_2a3c0139d3f93cee4e67,l_d813f6d679728d3c3dcb,dc_connector_types,CCS (Type 2),site,,,data/raw/osm_chargers.json,coordinate_operator_address_match,node/6965052432,,
a_8368c4a94e5642320ebf,l_d813f6d679728d3c3dcb,access,yes,site,,,data/raw/osm_chargers.json,coordinate_operator_address_match,node/6965052432,,
a_470ff088941ba2ddc7e5,l_d813f6d679728d3c3dcb,fee,no,site,,,data/raw/osm_chargers.json,coordinate_operator_address_match,node/6965052432,,
a_1059806854a1a8ca1af4,l_f7ffc9db354b0eadfb4d,dc_connector_types,CCS (Type 2),site,,,data/raw/osm_chargers.json,coordinate_operator_address_match,node/12624993541,,
a_096cd086012447739541,l_68291ad118eee7eaf940,dc_connector_types,CCS (Type 2); CHAdeMO,site,,,data/raw/osm_chargers.json,coordinate_operator_address_match,node/9863034303,,
a_72255dc981465c7c14fe,l_68291ad118eee7eaf940,fee,yes,site,,,data/raw/osm_chargers.json,coordinate_operator_address_match,node/9863034303,,
a_2278d8608326489d658f,l_9deadb2a0afc611a6cea,dc_connector_types,CHAdeMO,site,,,data/raw/osm_chargers.json,coordinate_operator_address_match,node/9704706490,,
a_8d7dfde42a7df06925bb,l_9deadb2a0afc611a6cea,opening_hours,24/7,site,,,data/raw/osm_chargers.json,coordinate_operator_address_match,node/9704706490,,
a_afdd779370723461f443,l_9deadb2a0afc611a6cea,access,yes,site,,,data/raw/osm_chargers.json,coordinate_operator_address_match,node/9704706490,,
a_178559cc5d9c8da2f2a8,l_9deadb2a0afc611a6cea,fee,yes,site,,,data/raw/osm_chargers.json,coordinate_operator_address_match,node/9704706490,,
a_be186d4db0df6edc4f38,l_e3fee88b31e9311b5a60,dc_connector_types,CCS (Type 2); CHAdeMO,site,,,data/raw/osm_chargers.json,coordinate_operator_address_match,node/12015862929,,
a_6f82832b61b6f2179676,l_353ee84dcee8651d78a3,dc_connector_types,CCS (Type 2); CHAdeMO,site,,,data/raw/osm_chargers.json,coordinate_operator_address_match,node/12481649796,,
a_b8cdbfdb0a982c553805,l_9da5faf300fd10acd433,dc_connector_types,CCS (Type 2),site,,,data/raw/osm_chargers.json,coordinate_operator_address_match,node/6460587589,,
a_e3f13a2b010971b16528,l_9da5faf300fd10acd433,opening_hours,24/7,site,,,data/raw/osm_chargers.json,coordinate_operator_address_match,node/6460587589,,
a_6ae5e66da6e87fad3076,l_9da5faf300fd10acd433,access,yes,site,,,data/raw/osm_chargers.json,coordinate_operator_address_match,node/6460587589,,
a_5cfc05a32a181605e6dc,l_9da5faf300fd10acd433,fee,yes,site,,,data/raw/osm_chargers.json,coordinate_operator_address_match,node/6460587589,,
a_58dff5cc1ee0107e838f,l_9da5faf300fd10acd433,website,https://www.tesla.com/findus/location/supercharger/portmacquarie,site,,,data/raw/osm_chargers.json,coordinate_operator_address_match,node/6460587589,,
a_9cafb496dcefeed4e62e,l_4592803be71c761717d7,dc_connector_types,CCS (Type 2); CHAdeMO,site,,,data/raw/osm_chargers.json,coordinate_operator_address_match,node/13036266779,,
a_9cecb82b8a57ec2b8d92,l_1613ca64d30e734b161f,dc_connector_types,CCS (Type 2); CHAdeMO,site,,,data/raw/osm_chargers.json,coordinate_operator_address_match,node/6695968988,,
a_42a066fc98692248271e,l_1613ca64d30e734b161f,fee,no,site,,,data/raw/osm_chargers.json,coordinate_operator_address_match,node/6695968988,,
a_21650c00f3973ef7b399,l_9b366990e3581dafad13,dc_connector_types,CCS (Type 2),site,,,data/raw/osm_chargers.json,coordinate_operator_address_match,node/11048936553,,
a_4c05b641aa97fc188b41,l_9b366990e3581dafad13,access,yes,site,,,data/raw/osm_chargers.json,coordinate_operator_address_match,node/11048936553,,
a_4bfc738823752bdda8d3,l_9b366990e3581dafad13,fee,yes,site,,,data/raw/osm_chargers.json,coordinate_operator_address_match,node/11048936553,,
a_56ec783b38522e816578,l_b53c8d230a9365dc443d,dc_connector_types,CCS (Type 2); CHAdeMO,site,,,data/raw/osm_chargers.json,coordinate_operator_address_match,node/11137421689,,
a_631838bb395632125672,l_b45e1b0eaa6413d79c5a,dc_connector_types,CCS (Type 2); CHAdeMO,site,,,data/raw/osm_chargers.json,coordinate_operator_address_match,node/11137421690,,
a_7a8635a5e2e3e14d1727,l_eead85d23984e6a813de,dc_connector_types,CCS (Type 2),site,,,data/raw/osm_chargers.json,coordinate_operator_address_match,node/9765677232,,
a_2ef5c282f8e5922dfcdc,l_23a134d624929bfd15b1,dc_connector_types,CCS (Type 2); CHAdeMO,site,,,data/raw/osm_chargers.json,coordinate_operator_address_match,node/6656345063,,
a_af57f8ac6a803ed72085,l_23a134d624929bfd15b1,access,yes,site,,,data/raw/osm_chargers.json,coordinate_operator_address_match,node/6656345063,,
a_4cb6276edbe5153ef365,l_23a134d624929bfd15b1,fee,yes,site,,,data/raw/osm_chargers.json,coordinate_operator_address_match,node/6656345063,,
a_dbd26de03bd30b99ecfb,l_28d02cdb22393c3210e9,dc_connector_types,CCS (Type 2); CHAdeMO,site,,,data/raw/osm_chargers.json,coordinate_operator_address_match,node/6926483227,,
a_06eceb0abb4715246ffe,l_7e80a277fc27451959f7,dc_connector_types,CCS (Type 2),site,,,data/raw/osm_chargers.json,coordinate_operator_address_match,node/11433418128,,
a_a338b7e457b06331287e,l_9e4c2f3014a4770c851c,dc_connector_types,CCS (Type 2); CHAdeMO,site,,,data/raw/osm_chargers.json,coordinate_operator_address_match,node/10263943172,,
a_77ecb1e0c1098de64cb5,l_c45a8e642136acb713f1,dc_connector_types,CCS (Type 2); CHAdeMO,site,,,data/raw/osm_chargers.json,coordinate_operator_address_match,node/10263943171,,
a_b236152523ba7b364249,l_95c3dd4bbc007baec567,dc_connector_types,CHAdeMO,site,,,data/raw/osm_chargers.json,coordinate_operator_address_match,node/9491233549,,
a_b627e999294456c58537,l_95c3dd4bbc007baec567,opening_hours,24/7,site,,,data/raw/osm_chargers.json,coordinate_operator_address_match,node/9491233549,,
a_174136ebafe62b62b473,l_95c3dd4bbc007baec567,fee,yes,site,,,data/raw/osm_chargers.json,coordinate_operator_address_match,node/9491233549,,
a_53315f3c795c9aae05cf,l_24530937e3d61418af78,dc_connector_types,CCS (Type 2),site,,,data/raw/osm_chargers.json,coordinate_operator_address_match,node/6965143040,,
a_b396641458cd790d2994,l_24530937e3d61418af78,access,yes,site,,,data/raw/osm_chargers.json,coordinate_operator_address_match,node/6965143040,,
a_c799249e24862d3f7599,l_24530937e3d61418af78,fee,no,site,,,data/raw/osm_chargers.json,coordinate_operator_address_match,node/6965143040,,
a_4157a39f02ccbf8728ee,l_b8c46e148a2862d60baa,dc_connector_types,CCS (Type 2); CHAdeMO,site,,,data/raw/osm_chargers.json,coordinate_operator_address_match,node/11365214134,,
a_1f81880e1716e905f94d,l_06c6ea1e177730f1c26f,dc_connector_types,CCS (Type 2),site,,,data/raw/osm_chargers.json,coordinate_operator_address_match,node/5758577851,,
a_b0289c928618ebeecdcc,l_06c6ea1e177730f1c26f,opening_hours,24/7,site,,,data/raw/osm_chargers.json,coordinate_operator_address_match,node/5758577851,,
a_02af692fb2e9e9414495,l_06c6ea1e177730f1c26f,access,yes,site,,,data/raw/osm_chargers.json,coordinate_operator_address_match,node/5758577851,,
a_ee3abeb598132cfaef60,l_06c6ea1e177730f1c26f,fee,yes,site,,,data/raw/osm_chargers.json,coordinate_operator_address_match,node/5758577851,,
a_698abb6640c0bcb6ed30,l_06c6ea1e177730f1c26f,website,https://www.tesla.com/findus/location/supercharger/naroomaausupercharger,site,,,data/raw/osm_chargers.json,coordinate_operator_address_match,node/5758577851,,
a_dd6e21feb0c5843f6671,l_0f67a9435af17f08cf79,dc_connector_types,CCS (Type 2); CHAdeMO,site,,,data/raw/osm_chargers.json,coordinate_operator_address_match,node/9290610873,,
a_3db67b71623e39cda78a,l_0f67a9435af17f08cf79,access,yes,site,,,data/raw/osm_chargers.json,coordinate_operator_address_match,node/9290610873,,
a_3a4434d5abdcf212e823,l_85c7632ab12d02c5bfe2,dc_connector_types,CCS (Type 2); CHAdeMO,site,,,data/raw/osm_chargers.json,coordinate_operator_address_match,node/11335199123,,
a_f9f6153a9f15afafbc1d,l_f1afe2858ccda50abd67,dc_connector_types,CCS (Type 2); CHAdeMO,site,,,data/raw/osm_chargers.json,coordinate_operator_address_match,node/11495572569,,
a_25258828b65784b2a6ca,l_7bc95205a8f87ef9657c,dc_connector_types,CCS (Type 2); CHAdeMO,site,,,data/raw/osm_chargers.json,coordinate_operator_address_match,node/9366472089,,
a_3971364e503e49b88589,l_368f35de34030fd756b9,dc_connector_types,CCS (Type 2),site,,,data/raw/osm_chargers.json,coordinate_operator_address_match,node/12753915088,,
a_d10065a08fb6923707d3,l_368f35de34030fd756b9,opening_hours,24/7,site,,,data/raw/osm_chargers.json,coordinate_operator_address_match,node/12753915088,,
a_cd05801e06c2a71c9290,l_368f35de34030fd756b9,access,yes,site,,,data/raw/osm_chargers.json,coordinate_operator_address_match,node/12753915088,,
a_972425623264f73fcbd1,l_368f35de34030fd756b9,fee,yes,site,,,data/raw/osm_chargers.json,coordinate_operator_address_match,node/12753915088,,
a_859d0765f2033e7a57b0,l_368f35de34030fd756b9,website,https://www.tesla.com/findus/location/supercharger/31621,site,,,data/raw/osm_chargers.json,coordinate_operator_address_match,node/12753915088,,
a_52bcb8333fac6defbd90,l_3059ea9a3ffa0b504815,dc_connector_types,CCS (Type 2); CHAdeMO,site,,,data/raw/osm_chargers.json,coordinate_operator_address_match,node/12015928951,,
a_6d697ccc8c706b32b11e,l_3059ea9a3ffa0b504815,access,yes,site,,,data/raw/osm_chargers.json,coordinate_operator_address_match,node/12015928951,,
a_6291bca3c35ed0709b5f,l_3059ea9a3ffa0b504815,fee,yes,site,,,data/raw/osm_chargers.json,coordinate_operator_address_match,node/12015928951,,
a_6091eabfcbdf7fbadc6a,l_3915fce4190876f18d00,dc_connector_types,CCS (Type 2); CHAdeMO,site,,,data/raw/osm_chargers.json,coordinate_operator_address_match,node/7612252206,,
a_2e66a18ba38a0169245f,l_3915fce4190876f18d00,fee,yes,site,,,data/raw/osm_chargers.json,coordinate_operator_address_match,node/7612252206,,
a_355cc0991812826b6255,l_3915fce4190876f18d00,operator_website,https://goevie.com.au/,operator,,,data/raw/osm_chargers.json,coordinate_operator_address_match,node/7612252206,,
a_a40e59b1db596f31319b,l_5711ab1d8fc3bab1a5f8,dc_connector_types,Tesla CCS; Tesla Supercharger,site,,,data/raw/osm_chargers.json,coordinate_operator_address_match,node/4016257448,,
a_6234ec5a6942d6b30142,l_5711ab1d8fc3bab1a5f8,opening_hours,24/7,site,,,data/raw/osm_chargers.json,coordinate_operator_address_match,node/4016257448,,
a_b70a42ce88fe91738b19,l_5711ab1d8fc3bab1a5f8,access,yes,site,,,data/raw/osm_chargers.json,coordinate_operator_address_match,node/4016257448,,
a_1e580ce63fc1143851ff,l_5711ab1d8fc3bab1a5f8,fee,yes,site,,,data/raw/osm_chargers.json,coordinate_operator_address_match,node/4016257448,,
a_5b499e2d60f06727d63b,l_5711ab1d8fc3bab1a5f8,website,https://www.tesla.com/findus/location/supercharger/goulburnsupercharger,site,,,data/raw/osm_chargers.json,coordinate_operator_address_match,node/4016257448,,
a_32dbd85dea40bca4621d,l_ad85ecae7e79b1cbf2fd,dc_connector_types,CCS (Type 2); CHAdeMO,site,,,data/raw/osm_chargers.json,coordinate_operator_address_match,node/11365114635,,
a_ec9ab6627ffaa536c121,l_c9edb3efcd34476ad94c,dc_connector_types,CCS (Type 2); CHAdeMO,site,,,data/raw/osm_chargers.json,coordinate_operator_address_match,node/11419886723,,
a_72e523c65181a7b2c2f0,l_32eb185d7df4945bac3c,dc_connector_types,CCS (Type 2),site,,,data/raw/osm_chargers.json,coordinate_operator_address_match,node/10783513810,,
a_1d00a1d28bc796ef26df,l_395d72b887ba3c6c001b,dc_connector_types,CCS (Type 2),site,,,data/raw/osm_chargers.json,coordinate_operator_address_match,node/11365136257,,
a_591a2e937c38b960fb0c,l_f9ba087aa70daec660fd,dc_connector_types,Tesla CCS; Tesla Supercharger,site,,,data/raw/osm_chargers.json,coordinate_operator_address_match,node/6816990777,,
a_6429cd84ac50f9620eed,l_f9ba087aa70daec660fd,opening_hours,24/7,site,,,data/raw/osm_chargers.json,coordinate_operator_address_match,node/6816990777,,
a_973af0d97e6599bfbc3b,l_f9ba087aa70daec660fd,access,yes,site,,,data/raw/osm_chargers.json,coordinate_operator_address_match,node/6816990777,,
a_f18458a9c24f1fb42f02,l_f9ba087aa70daec660fd,fee,yes,site,,,data/raw/osm_chargers.json,coordinate_operator_address_match,node/6816990777,,
a_b80b6eff32e1489c049f,l_f9ba087aa70daec660fd,website,https://www.tesla.com/findus/location/supercharger/heatherbraesupercharger,site,,,data/raw/osm_chargers.json,coordinate_operator_address_match,node/6816990777,,
a_cb25c040262ab49523fd,l_58679f2cce2f2abf3628,dc_connector_types,CCS (Type 2); CHAdeMO,site,,,data/raw/osm_chargers.json,coordinate_operator_address_match,node/10647829948,,
a_111e611ac3292a2b1828,l_d39f4fc8acfc83c787e0,dc_connector_types,CCS (Type 2); CHAdeMO,site,,,data/raw/osm_chargers.json,coordinate_operator_address_match,node/8505686311,,
a_cdbc5bedad34408fc4e7,l_bc43dfca880ffb942ad0,dc_connector_types,Tesla Supercharger,site,,,data/raw/osm_chargers.json,coordinate_operator_address_match,node/10744631135,,
a_0b8784065f77b29d6936,l_bc43dfca880ffb942ad0,opening_hours,24/7,site,,,data/raw/osm_chargers.json,coordinate_operator_address_match,node/10744631135,,
a_b26f7123e5aa47ca875d,l_bc43dfca880ffb942ad0,access,yes,site,,,data/raw/osm_chargers.json,coordinate_operator_address_match,node/10744631135,,
a_f18216d8240105b5e51d,l_bc43dfca880ffb942ad0,fee,yes,site,,,data/raw/osm_chargers.json,coordinate_operator_address_match,node/10744631135,,
a_a4d634e2b12409d46bb8,l_bc43dfca880ffb942ad0,website,https://www.tesla.com/findus/location/supercharger/29357,site,,,data/raw/osm_chargers.json,coordinate_operator_address_match,node/10744631135,,
a_950c7907f12f35f80b4f,l_51489750c9bacd1f1530,dc_connector_types,CCS (Type 2); CHAdeMO,site,,,data/raw/osm_chargers.json,coordinate_operator_address_match,node/10218282678,,
a_0bf1637e2f00aff96bb5,l_51489750c9bacd1f1530,access,yes,site,,,data/raw/osm_chargers.json,coordinate_operator_address_match,node/10218282678,,
a_b82ceb7ca51a7170d4fd,l_51489750c9bacd1f1530,fee,yes,site,,,data/raw/osm_chargers.json,coordinate_operator_address_match,node/10218282678,,
a_50e585248ac1583bb1f4,l_1761162d94172575a525,dc_connector_types,CCS (Type 2),site,,,data/raw/osm_chargers.json,coordinate_operator_address_match,node/12441111761,,
a_e2d9262a382e854fba1f,l_41cdbd5ab07905f37d05,dc_connector_types,CCS (Type 2),site,,,data/raw/osm_chargers.json,coordinate_operator_address_match,node/5004854821,,
a_399c08ed8d4a9fc1fc42,l_41cdbd5ab07905f37d05,opening_hours,24/7,site,,,data/raw/osm_chargers.json,coordinate_operator_address_match,node/5004854821,,
a_e6a43b858d7a715c7025,l_41cdbd5ab07905f37d05,access,yes,site,,,data/raw/osm_chargers.json,coordinate_operator_address_match,node/5004854821,,
a_80fabff077d3d0d958b1,l_41cdbd5ab07905f37d05,fee,yes,site,,,data/raw/osm_chargers.json,coordinate_operator_address_match,node/5004854821,,
a_8f08a14aff60da78034f,l_41cdbd5ab07905f37d05,website,https://www.tesla.com/findus/location/supercharger/coffsharboursupercharger,site,,,data/raw/osm_chargers.json,coordinate_operator_address_match,node/5004854821,,
a_0e2cd821e0bd03a112c9,l_22efbc6d99f788e022fc,dc_connector_types,CCS (Type 2),site,,,data/raw/osm_chargers.json,coordinate_operator_address_match,node/13168689959,,
a_3597b98a2868e381a7ad,l_98247725bf252bb5e576,dc_connector_types,CCS (Type 2); CHAdeMO,site,,,data/raw/osm_chargers.json,coordinate_operator_address_match,node/13382573701,,
a_5d9e2d68f16b21d9475f,l_98247725bf252bb5e576,opening_hours,Mo-Su 09:00-23:00,site,,,data/raw/osm_chargers.json,coordinate_operator_address_match,node/13382573701,,
a_e1e69684cdaf949db77b,l_2b94426354684c3dc9a1,dc_connector_types,CCS (Type 2),site,,,data/raw/osm_chargers.json,coordinate_operator_address_match,node/8994778322,,
a_b14556fc1104c6539f2a,l_659502ad4cf8c132bb7b,dc_connector_types,CCS (Type 2); CHAdeMO,site,,,data/raw/osm_chargers.json,coordinate_operator_address_match,node/10159370719,,
a_724547279c97cefd1423,l_688b0c2087b8ebfbc60f,dc_connector_types,CCS (Type 2); CHAdeMO,site,,,data/raw/osm_chargers.json,coordinate_operator_address_match,node/6512442081,,
a_6d4e81da713890f8672f,l_688b0c2087b8ebfbc60f,fee,no,site,,,data/raw/osm_chargers.json,coordinate_operator_address_match,node/6512442081,,
a_de74cb5ab3b8d24f1705,l_1578877fcbf36c589211,dc_connector_types,CCS (Type 2),site,,,data/raw/osm_chargers.json,coordinate_operator_address_match,node/12284563526,,
a_955c3eef8d086a788555,l_1578877fcbf36c589211,fee,yes,site,,,data/raw/osm_chargers.json,coordinate_operator_address_match,node/12284563526,,
a_905bdb33c547663cd535,l_8f64648fb1b4c05f5d16,dc_connector_types,CCS (Type 2); CHAdeMO,site,,,data/raw/osm_chargers.json,coordinate_operator_address_match,node/13168678393,,
a_eccd9905dd99b30fa077,l_0677e5b44489c9847510,dc_connector_types,CHAdeMO,site,,,data/raw/osm_chargers.json,coordinate_operator_address_match,node/9546004749,,
a_72213ae1a0ef5ed5fcfa,l_0677e5b44489c9847510,opening_hours,24/7,site,,,data/raw/osm_chargers.json,coordinate_operator_address_match,node/9546004749,,
a_f1733b13abb51afbd433,l_0677e5b44489c9847510,fee,yes,site,,,data/raw/osm_chargers.json,coordinate_operator_address_match,node/9546004749,,
a_8c6c8c89f9cd72bbc825,l_b0f74363f2923661b48b,dc_connector_types,CCS (Type 2),site,,,data/raw/osm_chargers.json,coordinate_operator_address_match,node/12639666383,,
a_412c0a3cb0a723838a94,l_b0f74363f2923661b48b,access,yes,site,,,data/raw/osm_chargers.json,coordinate_operator_address_match,node/12639666383,,
a_581d46c76df746cd67c1,l_b0f74363f2923661b48b,fee,yes,site,,,data/raw/osm_chargers.json,coordinate_operator_address_match,node/12639666383,,
a_a6679ff50fa870b14bc7,l_38a3d4faaa538c64c4f2,dc_connector_types,CCS (Type 2),site,,,data/raw/osm_chargers.json,coordinate_operator_address_match,node/12990581486,,
a_1ca2c14f5ee3020be086,l_38a3d4faaa538c64c4f2,opening_hours,24/7,site,,,data/raw/osm_chargers.json,coordinate_operator_address_match,node/12990581486,,
a_aa49f457d863c8c6625d,l_38a3d4faaa538c64c4f2,fee,yes,site,,,data/raw/osm_chargers.json,coordinate_operator_address_match,node/12990581486,,
a_8ce48e1b7b22b2c40ba4,l_d9778396c3c14741c1d7,dc_connector_types,CCS (Type 2); CHAdeMO,site,,,data/raw/osm_chargers.json,coordinate_operator_address_match,node/7478006036,,
a_2acb4c83ba7026e001da,l_d9778396c3c14741c1d7,operator_website,https://goevie.com.au/,operator,,,data/raw/osm_chargers.json,coordinate_operator_address_match,node/7478006036,,
a_34d6ab991f8b3883135b,l_1d1b2fca2fa995389941,dc_connector_types,CCS (Type 2); CHAdeMO,site,,,data/raw/osm_chargers.json,coordinate_operator_address_match,node/11004256023,,
a_a81a086fc250a1622f3b,l_1d1b2fca2fa995389941,fee,yes,site,,,data/raw/osm_chargers.json,coordinate_operator_address_match,node/11004256023,,
a_192286e512fff35e0462,l_22ad3567c7fd7e9df8eb,dc_connector_types,CCS (Type 2),site,,,data/raw/osm_chargers.json,coordinate_operator_address_match,node/10907235224,,
a_933b0498339868c9df3a,l_765cd59dc025044eb30a,dc_connector_types,Tesla CCS; Tesla Supercharger,site,,,data/raw/osm_chargers.json,coordinate_operator_address_match,node/4027667916,,
a_cf8edb98891c994eb8ee,l_765cd59dc025044eb30a,opening_hours,24/7,site,,,data/raw/osm_chargers.json,coordinate_operator_address_match,node/4027667916,,
a_bb09bf7410339de112d8,l_765cd59dc025044eb30a,access,yes,site,,,data/raw/osm_chargers.json,coordinate_operator_address_match,node/4027667916,,
a_feae0fd29832d4707129,l_765cd59dc025044eb30a,fee,yes,site,,,data/raw/osm_chargers.json,coordinate_operator_address_match,node/4027667916,,
a_f9bf525809079efb7026,l_765cd59dc025044eb30a,website,https://www.tesla.com/findus/location/supercharger/gundagaisupercharger,site,,,data/raw/osm_chargers.json,coordinate_operator_address_match,node/4027667916,,
a_0aeb9d817ab187c42cde,l_a571645e8251a1425054,dc_connector_types,Tesla Supercharger,site,,,data/raw/osm_chargers.json,coordinate_operator_address_match,way/762728901,,
a_4aa5ea535458e17bb337,l_a571645e8251a1425054,opening_hours,24/7,site,,,data/raw/osm_chargers.json,coordinate_operator_address_match,way/762728901,,
a_a574398992aeffe41fdb,l_a571645e8251a1425054,access,yes,site,,,data/raw/osm_chargers.json,coordinate_operator_address_match,way/762728901,,
a_a81e1e61c10e48aa2566,l_a571645e8251a1425054,fee,yes,site,,,data/raw/osm_chargers.json,coordinate_operator_address_match,way/762728901,,
a_6bbdbdea1681755baa19,l_a571645e8251a1425054,website,https://www.tesla.com/findus/location/supercharger/singletonnswsupercharger,site,,,data/raw/osm_chargers.json,coordinate_operator_address_match,way/762728901,,
a_2f3c507a1a4eb12a26eb,l_3cadc82143735fb35f71,dc_connector_types,CCS (Type 2),site,,,data/raw/osm_chargers.json,coordinate_operator_address_match,node/13206142331,,
a_ae74beda7b7789112411,l_221de9e0e2d75945c5b7,dc_connector_types,CCS (Type 2); CHAdeMO,site,,,data/raw/osm_chargers.json,coordinate_operator_address_match,node/6489797683,,
a_908c589876a0d4785e91,l_9a08a433ebb3419ee5eb,dc_connector_types,CCS (Type 2),site,,,data/raw/osm_chargers.json,coordinate_operator_address_match,node/13020827820,,
a_88921baf0ea94be804f8,l_9a08a433ebb3419ee5eb,opening_hours,24/7,site,,,data/raw/osm_chargers.json,coordinate_operator_address_match,node/13020827820,,
a_7f8e005cff147d60e9aa,l_9a08a433ebb3419ee5eb,access,yes,site,,,data/raw/osm_chargers.json,coordinate_operator_address_match,node/13020827820,,
a_3baeb0ffb60082d2dce4,l_9a08a433ebb3419ee5eb,fee,yes,site,,,data/raw/osm_chargers.json,coordinate_operator_address_match,node/13020827820,,
a_f0ec2bddd9f46513a5c6,l_9a08a433ebb3419ee5eb,website,https://www.tesla.com/findus/location/supercharger/42020,site,,,data/raw/osm_chargers.json,coordinate_operator_address_match,node/13020827820,,
a_f2a03191c2a593459f69,l_7fd5bfaae6239c1e0b77,dc_connector_types,Tesla Supercharger,site,,,data/raw/osm_chargers.json,coordinate_operator_address_match,node/11290026319,,
a_6dcd1617babaeb80c84b,l_7fd5bfaae6239c1e0b77,opening_hours,24/7,site,,,data/raw/osm_chargers.json,coordinate_operator_address_match,node/11290026319,,
a_77e97dfb10b9da959448,l_7fd5bfaae6239c1e0b77,access,yes,site,,,data/raw/osm_chargers.json,coordinate_operator_address_match,node/11290026319,,
a_4711092786f9b0933807,l_7fd5bfaae6239c1e0b77,fee,yes,site,,,data/raw/osm_chargers.json,coordinate_operator_address_match,node/11290026319,,
a_1d8f11061d3016a10169,l_7fd5bfaae6239c1e0b77,website,https://www.tesla.com/findus/location/supercharger/19424,site,,,data/raw/osm_chargers.json,coordinate_operator_address_match,node/11290026319,,
a_9b0364184e53cdc282f3,l_cf2fd012b6b93bd68f29,dc_connector_types,CCS (Type 2),site,,,data/raw/osm_chargers.json,coordinate_operator_address_match,node/13073547942,,
a_2300b8c0b020aa127c3b,l_cf2fd012b6b93bd68f29,fee,yes,site,,,data/raw/osm_chargers.json,coordinate_operator_address_match,node/13073547942,,
a_58d72e246fe22781d839,l_7af8b0583809ebb8f019,dc_connector_types,CCS (Type 2); CHAdeMO,site,,,data/raw/osm_chargers.json,coordinate_operator_address_match,node/11419885107,,
a_efef82e3df548a4e7f5d,l_f8b4cc58eae8bfd4a953,dc_connector_types,CCS (Type 2); CHAdeMO,site,,,data/raw/osm_chargers.json,coordinate_operator_address_match,node/9215252226,,
a_1efdd6421ece1ead98a1,l_bebb19b1156280ae638e,dc_connector_types,CCS (Type 2); CHAdeMO,site,,,data/raw/osm_chargers.json,coordinate_operator_address_match,node/7042825731,,
a_8fcd02ee803a87379b33,l_bebb19b1156280ae638e,fee,yes,site,,,data/raw/osm_chargers.json,coordinate_operator_address_match,node/7042825731,,
a_0fa90b85fb4a178ba672,l_f19fad3e38cd3155245d,dc_connector_types,CCS (Type 2),site,,,data/raw/osm_chargers.json,coordinate_operator_address_match,node/10687073170,,
a_6d0bbe731981a5fdd823,l_3acb577be63bc7dc74fa,dc_connector_types,CHAdeMO,site,,,data/raw/osm_chargers.json,coordinate_operator_address_match,node/11842761957,,
a_4982135b6776726e66ea,l_5c37c09d4b2424a67c35,dc_connector_types,CCS (Type 2); CHAdeMO,site,,,data/raw/osm_chargers.json,coordinate_operator_address_match,node/12404567155,,
a_179bfd8f3488a751eacf,l_a78efb5963484bdfb51f,dc_connector_types,CCS (Type 2); CHAdeMO,site,,,data/raw/osm_chargers.json,coordinate_operator_address_match,node/10035347983,,
a_dd195f6d7e297b2d501e,l_90d205e857f5babd906e,dc_connector_types,CCS (Type 2),site,,,data/raw/osm_chargers.json,coordinate_operator_address_match,node/13073647400,,
a_bf8ba1b9335feb8b58e7,l_90d205e857f5babd906e,fee,yes,site,,,data/raw/osm_chargers.json,coordinate_operator_address_match,node/13073647400,,
a_dca3b108e1524d4e6662,l_4235e7246068561ee36d,dc_connector_types,CCS (Type 2); CHAdeMO,site,,,data/raw/osm_chargers.json,coordinate_operator_address_match,node/13064502527,,
a_13e804c44ccc366e88cd,l_18cd5c4d2cbb2d421237,dc_connector_types,CCS (Type 2),site,,,data/raw/osm_chargers.json,coordinate_operator_address_match,node/7853821459,,
a_82661197dd1e88e01a25,l_18cd5c4d2cbb2d421237,fee,no,site,,,data/raw/osm_chargers.json,coordinate_operator_address_match,node/7853821459,,
a_61534e4788de4b3ee228,l_48fcdc8e065f25652363,dc_connector_types,CCS (Type 2); CHAdeMO,site,,,data/raw/osm_chargers.json,coordinate_operator_address_match,node/7021322234,,
a_9fc7d25f3612fd09bdb4,l_48fcdc8e065f25652363,fee,yes,site,,,data/raw/osm_chargers.json,coordinate_operator_address_match,node/7021322234,,
a_07de53850b343fcc6804,l_0e7182202acba8dfe173,dc_connector_types,CCS (Type 2),site,,,data/raw/osm_chargers.json,coordinate_operator_address_match,node/7370327570,,
a_c14929afd972e514cd85,l_0e7182202acba8dfe173,fee,no,site,,,data/raw/osm_chargers.json,coordinate_operator_address_match,node/7370327570,,
a_970cc0b2942022c83deb,l_e4fc09efdc0639205bea,dc_connector_types,CCS (Type 2); CHAdeMO,site,,,data/raw/osm_chargers.json,coordinate_operator_address_match,node/12926990585,,
a_d63df7aecddb3d0cc9d1,l_e4fc09efdc0639205bea,fee,yes,site,,,data/raw/osm_chargers.json,coordinate_operator_address_match,node/12926990585,,
a_9f42e156512a2b8b09e4,l_e9d9d981d53b62bc86f6,dc_connector_types,Tesla Supercharger,site,,,data/raw/osm_chargers.json,coordinate_operator_address_match,node/7140188595,,
a_9917c63b33a055054fad,l_e9d9d981d53b62bc86f6,opening_hours,24/7,site,,,data/raw/osm_chargers.json,coordinate_operator_address_match,node/7140188595,,
a_0cb1cf82365f3cf0a8dd,l_e9d9d981d53b62bc86f6,access,yes,site,,,data/raw/osm_chargers.json,coordinate_operator_address_match,node/7140188595,,
a_0011f058bcf4630ac826,l_e9d9d981d53b62bc86f6,fee,yes,site,,,data/raw/osm_chargers.json,coordinate_operator_address_match,node/7140188595,,
a_71347d92e9112c432f2c,l_e9d9d981d53b62bc86f6,website,https://www.tesla.com/findus/location/supercharger/macleannswsupercharger,site,,,data/raw/osm_chargers.json,coordinate_operator_address_match,node/7140188595,,
a_0385434b6930f351790a,l_c3a86fe148f60f960b43,dc_connector_types,CCS (Type 2),site,,,data/raw/osm_chargers.json,coordinate_operator_address_match,node/6456723747,,
a_3ecfb28aaad52f27560d,l_c3a86fe148f60f960b43,opening_hours,24/7,site,,,data/raw/osm_chargers.json,coordinate_operator_address_match,node/6456723747,,
a_ff08ceaeb4ca6aff4e0a,l_c3a86fe148f60f960b43,access,yes,site,,,data/raw/osm_chargers.json,coordinate_operator_address_match,node/6456723747,,
a_81a5db7b94ba4184c2d2,l_c3a86fe148f60f960b43,fee,yes,site,,,data/raw/osm_chargers.json,coordinate_operator_address_match,node/6456723747,,
a_4350960070cdbaa9fd00,l_c3a86fe148f60f960b43,website,https://www.tesla.com/findus/location/supercharger/tamsworthnswsupercharger,site,,,data/raw/osm_chargers.json,coordinate_operator_address_match,node/6456723747,,
a_680fe4a02dc11cb47e23,l_fb625704b85a44f0bb0b,dc_connector_types,CCS (Type 2),site,,,data/raw/osm_chargers.json,coordinate_operator_address_match,node/10208698066,,
a_45a36b0c3211797fc285,l_fb625704b85a44f0bb0b,opening_hours,24/7,site,,,data/raw/osm_chargers.json,coordinate_operator_address_match,node/10208698066,,
a_d008c494f59e04b8056b,l_cdc4faf3cb83a0c69e07,dc_connector_types,Tesla Supercharger,site,,,data/raw/osm_chargers.json,coordinate_operator_address_match,node/9467315676,,
a_df27c58d51c462cbdc51,l_cdc4faf3cb83a0c69e07,opening_hours,24/7,site,,,data/raw/osm_chargers.json,coordinate_operator_address_match,node/9467315676,,
a_4e76e33289b09f4a5197,l_cdc4faf3cb83a0c69e07,access,yes,site,,,data/raw/osm_chargers.json,coordinate_operator_address_match,node/9467315676,,
a_6a0f463aaabc98c1693e,l_cdc4faf3cb83a0c69e07,fee,yes,site,,,data/raw/osm_chargers.json,coordinate_operator_address_match,node/9467315676,,
a_b506dc4ca5e1343b7014,l_cdc4faf3cb83a0c69e07,website,https://www.tesla.com/findus/location/supercharger/kirraweesupercharger,site,,,data/raw/osm_chargers.json,coordinate_operator_address_match,node/9467315676,,
a_7ab7cb8d9cf920a49049,l_28af1a4ab616ea376e9c,dc_connector_types,CCS (Type 2),site,,,data/raw/osm_chargers.json,coordinate_operator_address_match,node/12167440484,,
a_ba22fc3babcb865fe40e,l_87401b22d3eee15648a2,dc_connector_types,CCS (Type 2),site,,,data/raw/osm_chargers.json,coordinate_operator_address_match,node/13064491791,,
a_fa74bb65a9c7b3366f3b,l_87401b22d3eee15648a2,opening_hours,Mo-Su 06:00-21:00,site,,,data/raw/osm_chargers.json,coordinate_operator_address_match,node/13064491791,,
a_aef957eea3a1ebaae20a,l_87401b22d3eee15648a2,access,yes,site,,,data/raw/osm_chargers.json,coordinate_operator_address_match,node/13064491791,,
a_6eb16625dc26c2e072f8,l_87401b22d3eee15648a2,fee,yes,site,,,data/raw/osm_chargers.json,coordinate_operator_address_match,node/13064491791,,
a_0b6fc8f059765d6cb739,l_aaafc1dfb20d75e3b81f,dc_connector_types,CCS (Type 2); CHAdeMO,site,,,data/raw/osm_chargers.json,coordinate_operator_address_match,node/11129535113,,
a_6d75ff9f7fef257e255b,l_aaafc1dfb20d75e3b81f,access,yes,site,,,data/raw/osm_chargers.json,coordinate_operator_address_match,node/11129535113,,
a_6a78163e8472dff10d7c,l_aaafc1dfb20d75e3b81f,fee,yes,site,,,data/raw/osm_chargers.json,coordinate_operator_address_match,node/11129535113,,
a_f562f52eee227b0021f7,l_9b34ff9cc84f6fae0e90,dc_connector_types,CHAdeMO,site,,,data/raw/osm_chargers.json,coordinate_operator_address_match,node/9204398603,,
a_a68463396f33f53c6bc0,l_9b34ff9cc84f6fae0e90,opening_hours,24/7,site,,,data/raw/osm_chargers.json,coordinate_operator_address_match,node/9204398603,,
a_7ab815bcadb4d0cfb8c2,l_9b34ff9cc84f6fae0e90,access,yes,site,,,data/raw/osm_chargers.json,coordinate_operator_address_match,node/9204398603,,
a_251614c280dd422516a4,l_9b34ff9cc84f6fae0e90,fee,yes,site,,,data/raw/osm_chargers.json,coordinate_operator_address_match,node/9204398603,,
a_e5a13dda137aaa309b90,l_2a06c0da0ced06a714b1,dc_connector_types,CCS (Type 2); CHAdeMO,site,,,data/raw/osm_chargers.json,coordinate_operator_address_match,node/6656233420,,
a_50339abaf27252e6ef48,l_2a06c0da0ced06a714b1,access,yes,site,,,data/raw/osm_chargers.json,coordinate_operator_address_match,node/6656233420,,
a_006aba4d2700ac350675,l_2a06c0da0ced06a714b1,fee,yes,site,,,data/raw/osm_chargers.json,coordinate_operator_address_match,node/6656233420,,
a_78ffceeeca45195da35c,l_86933707e2b3b3c67eaa,dc_connector_types,CCS (Type 2),site,,,data/raw/osm_chargers.json,coordinate_operator_address_match,node/6456722833,,
a_243fe8cbba636f52fb84,l_86933707e2b3b3c67eaa,opening_hours,24/7,site,,,data/raw/osm_chargers.json,coordinate_operator_address_match,node/6456722833,,
a_d5b70a8dedfe3a324b6f,l_86933707e2b3b3c67eaa,access,yes,site,,,data/raw/osm_chargers.json,coordinate_operator_address_match,node/6456722833,,
a_53ca1021edb10a279021,l_86933707e2b3b3c67eaa,fee,yes,site,,,data/raw/osm_chargers.json,coordinate_operator_address_match,node/6456722833,,
a_2298ab28525587985e49,l_86933707e2b3b3c67eaa,website,https://www.tesla.com/findus/location/supercharger/dubboausupercharger,site,,,data/raw/osm_chargers.json,coordinate_operator_address_match,node/6456722833,,
a_1f8dbcb669882db52228,l_8dd4f9550e32b973cda3,dc_connector_types,CCS (Type 1); CHAdeMO,site,,,data/raw/osm_chargers.json,coordinate_operator_address_match,node/8253300980,,
a_2e548bcc41f4f92d1b6c,l_8dd4f9550e32b973cda3,opening_hours,24/7,site,,,data/raw/osm_chargers.json,coordinate_operator_address_match,node/8253300980,,
a_63dba9b6c3d2713a209b,l_8dd4f9550e32b973cda3,fee,no,site,,,data/raw/osm_chargers.json,coordinate_operator_address_match,node/8253300980,,
a_5adc2d3573440fe95673,l_fe7ca7311e0ea0c22b37,dc_connector_types,CCS (Type 2),site,,,data/raw/osm_chargers.json,coordinate_operator_address_match,node/13206130158,,
a_f029c8a1a5b0c1cec2ad,l_90bc59c5864665a17c6a,dc_connector_types,CCS (Type 2); CHAdeMO,site,,,data/raw/osm_chargers.json,coordinate_operator_address_match,node/11335189892,,
a_e408249d66ff057d2ad6,l_90bc59c5864665a17c6a,opening_hours,24/7,site,,,data/raw/osm_chargers.json,coordinate_operator_address_match,node/11335189892,,
a_c9ab217f8c550720259b,l_af14af01cf7021c8bb99,dc_connector_types,CCS (Type 2),site,,,data/raw/osm_chargers.json,coordinate_operator_address_match,node/13073609605,,
a_abcbf3cf6d49548df77c,l_af14af01cf7021c8bb99,fee,yes,site,,,data/raw/osm_chargers.json,coordinate_operator_address_match,node/13073609605,,
a_aec889a4a38332cd2045,l_49b0a5a2a3f1fe176f67,dc_connector_types,CCS (Type 2); CHAdeMO,site,,,data/raw/osm_chargers.json,coordinate_operator_address_match,node/7932870081,,
a_4f8bb0d98a2a27dd11cb,l_57579c6bf729ab6fc9e8,dc_connector_types,CHAdeMO,site,,,data/raw/osm_chargers.json,coordinate_operator_address_match,node/7816558586,,
a_f24a91cd74da321e508c,l_57579c6bf729ab6fc9e8,access,yes,site,,,data/raw/osm_chargers.json,coordinate_operator_address_match,node/7816558586,,
a_e42d3450319a46283969,l_57579c6bf729ab6fc9e8,fee,no,site,,,data/raw/osm_chargers.json,coordinate_operator_address_match,node/7816558586,,
a_cc0a3edfe14371e6d5f0,l_57579c6bf729ab6fc9e8,operator_network_map_url,https://www.mynrma.com.au/cars-and-driving/electric-vehicles/charging-network,operator,,,data/raw/osm_chargers.json,coordinate_operator_address_match,node/7816558586,,
a_22d26eeffe0e52f84098,l_74fbe0e1e32ee23786fb,dc_connector_types,CCS (Type 2); CHAdeMO,site,,,data/raw/osm_chargers.json,coordinate_operator_address_match,node/9290676154,,
a_c1dee82d68a14a9cd578,l_74fbe0e1e32ee23786fb,access,yes,site,,,data/raw/osm_chargers.json,coordinate_operator_address_match,node/9290676154,,
a_fd50a151255cedbaddfc,l_cb36da8a2b4fd41ae0c5,dc_connector_types,Tesla Supercharger,site,,,data/raw/osm_chargers.json,coordinate_operator_address_match,node/6979040237,,
a_c4727efe35dd63a1a99d,l_cb36da8a2b4fd41ae0c5,opening_hours,24/7,site,,,data/raw/osm_chargers.json,coordinate_operator_address_match,node/6979040237,,
a_0e8f06eca1ecd5d62a59,l_cb36da8a2b4fd41ae0c5,access,yes,site,,,data/raw/osm_chargers.json,coordinate_operator_address_match,node/6979040237,,
a_e1bb73f1db4f774f3b03,l_cb36da8a2b4fd41ae0c5,fee,yes,site,,,data/raw/osm_chargers.json,coordinate_operator_address_match,node/6979040237,,
a_760ecb54e09aa80801c6,l_cb36da8a2b4fd41ae0c5,website,https://www.tesla.com/findus/location/supercharger/coomasupercharger,site,,,data/raw/osm_chargers.json,coordinate_operator_address_match,node/6979040237,,
a_713e357e7ef573ab6f24,l_afcf0c51c59697437c4b,dc_connector_types,CCS (Type 2); CHAdeMO,site,,,data/raw/osm_chargers.json,coordinate_operator_address_match,node/11440214108,,
a_f779aa9878f8417799f6,l_6c95fadb8ce41a0f8e4d,opening_hours,24/7,site,,,data/raw/osm_chargers.json,coordinate_operator_address_match,node/13688536001,,
a_32ea605c5ea05442bdfa,l_6c95fadb8ce41a0f8e4d,access,yes,site,,,data/raw/osm_chargers.json,coordinate_operator_address_match,node/13688536001,,
a_6387ee330e26f262a3ff,l_6c95fadb8ce41a0f8e4d,fee,yes,site,,,data/raw/osm_chargers.json,coordinate_operator_address_match,node/13688536001,,
a_edcd19f01f9c0e55cc38,l_6c95fadb8ce41a0f8e4d,website,https://www.tesla.com/findus/location/supercharger/4009259,site,,,data/raw/osm_chargers.json,coordinate_operator_address_match,node/13688536001,,
a_c84d9cf1dce25fe0cc06,l_851bb80fba7b7b405db1,dc_connector_types,CCS (Type 2); CHAdeMO,site,,,data/raw/osm_chargers.json,coordinate_operator_address_match,node/12583296437,,
a_e946d5fb49b5e766cc02,l_27981d4442a7bc636509,dc_connector_types,CCS (Type 2); CHAdeMO,site,,,data/raw/osm_chargers.json,coordinate_operator_address_match,node/7742159359,,
a_daad081529088b5e4fbb,l_34a7c1a247ea3036b133,dc_connector_types,CCS (Type 2); CHAdeMO,site,,,data/raw/osm_chargers.json,coordinate_operator_address_match,node/13805076026,,
a_dba75ae4da65cc87a814,l_4d011ad66e5c03718ea1,dc_connector_types,CCS (Type 2); CHAdeMO,site,,,data/raw/osm_chargers.json,coordinate_operator_address_match,node/9363608762,,
a_ed47fb38ed7bcf265901,l_70b62ce6672d7861923c,dc_connector_types,CCS (Type 2),site,,,data/raw/osm_chargers.json,coordinate_operator_address_match,node/11963693701,,
a_5cac148ab2ef3e78f9c2,l_767790f8b941a57ed903,dc_connector_types,CCS (Type 2); CHAdeMO,site,,,data/raw/osm_chargers.json,coordinate_operator_address_match,node/9965036281,,
a_40a04d0bce6108d660b2,l_670a933bd0fd6afe1b3f,dc_connector_types,CCS (Type 2),site,,,data/raw/osm_chargers.json,coordinate_operator_address_match,node/6525751310,,
a_bf5003e5449f0ca74100,l_670a933bd0fd6afe1b3f,opening_hours,24/7,site,,,data/raw/osm_chargers.json,coordinate_operator_address_match,node/6525751310,,
a_6aa275d3e0a0a5314bb8,l_670a933bd0fd6afe1b3f,access,yes,site,,,data/raw/osm_chargers.json,coordinate_operator_address_match,node/6525751310,,
a_3bc97e7d2950495a15e7,l_670a933bd0fd6afe1b3f,fee,yes,site,,,data/raw/osm_chargers.json,coordinate_operator_address_match,node/6525751310,,
a_c40c21192ba558bea426,l_670a933bd0fd6afe1b3f,website,https://www.tesla.com/findus/location/supercharger/berrynswsupercharger,site,,,data/raw/osm_chargers.json,coordinate_operator_address_match,node/6525751310,,
a_26a082ba26cfc9ab8d2b,l_9538e5057439c6ff0cb4,dc_connector_types,Tesla Supercharger,site,,,data/raw/osm_chargers.json,coordinate_operator_address_match,node/6517096170,,
a_f413c18f606c6ba3373a,l_9538e5057439c6ff0cb4,opening_hours,24/7,site,,,data/raw/osm_chargers.json,coordinate_operator_address_match,node/6517096170,,
a_51139227d178a3e0a04f,l_9538e5057439c6ff0cb4,access,yes,site,,,data/raw/osm_chargers.json,coordinate_operator_address_match,node/6517096170,,
a_ea77dad8784754ca8655,l_9538e5057439c6ff0cb4,fee,yes,site,,,data/raw/osm_chargers.json,coordinate_operator_address_match,node/6517096170,,
a_132c35f3d505307ac626,l_9538e5057439c6ff0cb4,website,https://www.tesla.com/findus/location/supercharger/centralcoastsupercharger,site,,,data/raw/osm_chargers.json,coordinate_operator_address_match,node/6517096170,,
a_d2706faa1adae834c334,l_1a14af4b564a876d23aa,dc_connector_types,CCS (Type 2),site,,,data/raw/osm_chargers.json,coordinate_operator_address_match,node/13833992860,,
a_b816e617d283675190ba,l_1a14af4b564a876d23aa,opening_hours,24/7,site,,,data/raw/osm_chargers.json,coordinate_operator_address_match,node/13833992860,,
a_0470764d6b68d85ea5ef,l_1a14af4b564a876d23aa,fee,yes,site,,,data/raw/osm_chargers.json,coordinate_operator_address_match,node/13833992860,,
a_5aa37c176eaa68eca6c6,l_d7e8a6739689bf98ee77,dc_connector_types,CCS (Type 2),site,,,data/raw/osm_chargers.json,coordinate_operator_address_match,node/10772401236,,
a_d800d7fb51ee1690f1fe,l_9fc61b13f66f9d01b303,dc_connector_types,CCS (Type 2); CHAdeMO,site,,,data/raw/osm_chargers.json,coordinate_operator_address_match,node/11425340896,,
a_cf2021cc3060050993c5,l_9e7a0beca84a7d9e019d,dc_connector_types,CCS (Type 2),site,,,data/raw/osm_chargers.json,coordinate_operator_address_match,node/6460781765,,
a_87ecf9fcccc55dc1df61,l_9e7a0beca84a7d9e019d,access,customers,site,,,data/raw/osm_chargers.json,coordinate_operator_address_match,node/6460781765,,
a_2b351a1fb9d163f39daa,l_9e7a0beca84a7d9e019d,fee,yes,site,,,data/raw/osm_chargers.json,coordinate_operator_address_match,node/6460781765,,
a_d8071b2c0274dd0f4372,l_5da82ed9b10e3a7f7cbe,dc_connector_types,CCS (Type 2); CHAdeMO,site,,,data/raw/osm_chargers.json,coordinate_operator_address_match,node/6460800322,,
a_5b70b30521da06657452,l_9c853428cee96cd5bac2,dc_connector_types,CCS (Type 2); CHAdeMO,site,,,data/raw/osm_chargers.json,coordinate_operator_address_match,node/12661943299,,
a_c228b4d27cb3c10ed2b4,l_9c853428cee96cd5bac2,access,yes,site,,,data/raw/osm_chargers.json,coordinate_operator_address_match,node/12661943299,,
a_6a1f405dcbda03ee5e33,l_9c853428cee96cd5bac2,fee,yes,site,,,data/raw/osm_chargers.json,coordinate_operator_address_match,node/12661943299,,
a_66a92b0358119f15a7da,l_fdbc3ac1498f235c3c76,dc_connector_types,CCS (Type 2),site,,,data/raw/osm_chargers.json,coordinate_operator_address_match,node/6460580922,,
a_79324e27780c6a75201c,l_fdbc3ac1498f235c3c76,opening_hours,24/7,site,,,data/raw/osm_chargers.json,coordinate_operator_address_match,node/6460580922,,
a_a8e16597b3fcb8cac179,l_fdbc3ac1498f235c3c76,access,yes,site,,,data/raw/osm_chargers.json,coordinate_operator_address_match,node/6460580922,,
a_05f4ee7a917f43c35608,l_fdbc3ac1498f235c3c76,fee,yes,site,,,data/raw/osm_chargers.json,coordinate_operator_address_match,node/6460580922,,
a_26aef52aca7f17d339fc,l_fdbc3ac1498f235c3c76,website,https://www.tesla.com/findus/location/supercharger/knockrowsupercharger,site,,,data/raw/osm_chargers.json,coordinate_operator_address_match,node/6460580922,,
a_a7fac2772cdccfba28c0,l_bab6f0f232d08a6bbeb9,dc_connector_types,CCS (Type 2); CHAdeMO,site,,,data/raw/osm_chargers.json,coordinate_operator_address_match,node/6711862737,,
a_ace73756fba4e1c0878a,l_9be809db1a1a29023bf8,dc_connector_types,CCS (Type 2),site,,,data/raw/osm_chargers.json,coordinate_operator_address_match,node/10687053371,,
a_e3c66d012dda207bcf54,l_980db725973a4ce1fa18,dc_connector_types,CCS (Type 2); CHAdeMO,site,,,data/raw/osm_chargers.json,coordinate_operator_address_match,node/7244697466,,
a_5f8706f1ca64aaf9aff3,l_cb8d878a5b38f0f26308,dc_connector_types,CCS (Type 2),site,,,data/raw/osm_chargers.json,coordinate_operator_address_match,node/12885318910,,
a_8e6d92c661abbee4f464,l_828c50ea7a5f58a7b7d8,dc_connector_types,CCS (Type 2),site,,,data/raw/osm_chargers.json,coordinate_operator_address_match,node/6595579456,,
a_9c04de787c703f54dad8,l_828c50ea7a5f58a7b7d8,access,yes,site,,,data/raw/osm_chargers.json,coordinate_operator_address_match,node/6595579456,,
a_006447deebab57756110,l_828c50ea7a5f58a7b7d8,fee,no,site,,,data/raw/osm_chargers.json,coordinate_operator_address_match,node/6595579456,,
a_2aedc6ca2084402381e1,l_ae8414370c21e9d1a591,dc_connector_types,CCS (Type 2),site,,,data/raw/osm_chargers.json,coordinate_operator_address_match,node/13018467011,,
a_10caff22e52079859eb3,l_2ba6c9ec7c0fff4bf689,dc_connector_types,CCS (Type 2),site,,,data/raw/osm_chargers.json,coordinate_operator_address_match,node/11957109508,,
a_3114dfb4dc776685453e,l_749d8c0cc4c947ffdc97,dc_connector_types,CCS (Type 2); CHAdeMO,site,,,data/raw/osm_chargers.json,coordinate_operator_address_match,node/10861584624,,
a_8abf2043434285df501e,l_23a291542d287073b9fa,dc_connector_types,CCS (Type 2),site,,,data/raw/osm_chargers.json,coordinate_operator_address_match,node/6749417820,,
a_2971b85491ca155c36ee,l_23a291542d287073b9fa,fee,no,site,,,data/raw/osm_chargers.json,coordinate_operator_address_match,node/6749417820,,
a_72f54d7147f050f90565,l_bad37c5230a82b6f4b4c,dc_connector_types,CCS (Type 2); CHAdeMO,site,,,data/raw/osm_chargers.json,coordinate_operator_address_match,node/6460798626,,
a_6f9d11111a4058dd8b98,l_bad37c5230a82b6f4b4c,fee,no,site,,,data/raw/osm_chargers.json,coordinate_operator_address_match,node/6460798626,,
a_b888c3b217efcb5ba731,l_98af0b98434bdf876e53,dc_connector_types,CCS (Type 2); CHAdeMO,site,,,data/raw/osm_chargers.json,coordinate_operator_address_match,node/6460796546,,
a_841780aa517a1d0f30db,l_07c8e1fedef617b1e41f,dc_connector_types,CCS (Type 2); CHAdeMO,site,,,data/raw/osm_chargers.json,coordinate_operator_address_match,node/13341675501,,
a_811de07bdaa75f1dfae3,l_ed0df2fad12f7a17f5cb,dc_connector_types,CCS (Type 2); CHAdeMO,site,,,data/raw/osm_chargers.json,coordinate_operator_address_match,node/10026076729,,
a_a1a8e0432cb11623f1b7,l_81f63ead85ad719be04b,dc_connector_types,CCS (Type 2),site,,,data/raw/osm_chargers.json,coordinate_operator_address_match,node/13586251301,,
a_d56cd65c7126459c7dfd,l_81f63ead85ad719be04b,opening_hours,24/7,site,,,data/raw/osm_chargers.json,coordinate_operator_address_match,node/13586251301,,
a_edb7887a16a27f09751a,l_9725f8739754cc2e95f6,dc_connector_types,CCS (Type 2),site,,,data/raw/osm_chargers.json,coordinate_operator_address_match,node/6759463884,,
a_422f000b2ee4aa706dfc,l_51967fa50fe906492641,dc_connector_types,CCS (Type 2),site,,,data/raw/osm_chargers.json,coordinate_operator_address_match,node/12564147445,,
a_dc6e9c2bcfa95959ed88,l_51967fa50fe906492641,opening_hours,24/7,site,,,data/raw/osm_chargers.json,coordinate_operator_address_match,node/12564147445,,
a_0fce1ed8e39635978b7a,l_51967fa50fe906492641,access,yes,site,,,data/raw/osm_chargers.json,coordinate_operator_address_match,node/12564147445,,
a_70e86d5a16f9285daf90,l_51967fa50fe906492641,fee,yes,site,,,data/raw/osm_chargers.json,coordinate_operator_address_match,node/12564147445,,
a_23756a9dc490a052430d,l_51967fa50fe906492641,website,https://www.tesla.com/findus/location/supercharger/31614,site,,,data/raw/osm_chargers.json,coordinate_operator_address_match,node/12564147445,,
a_56d0e043bd52375ecfaa,l_9480589138e27915442e,dc_connector_types,CCS (Type 2),site,,,data/raw/osm_chargers.json,coordinate_operator_address_match,node/11155180657,,
a_e64eeb6fcdcfb2784c11,l_9480589138e27915442e,opening_hours,24/7,site,,,data/raw/osm_chargers.json,coordinate_operator_address_match,node/11155180657,,
a_d697883f7b43f3d37ed1,l_9480589138e27915442e,access,yes,site,,,data/raw/osm_chargers.json,coordinate_operator_address_match,node/11155180657,,
a_8d28054d13d92e1c6361,l_9480589138e27915442e,fee,yes,site,,,data/raw/osm_chargers.json,coordinate_operator_address_match,node/11155180657,,
a_47ee279e96704ebb5a94,l_9480589138e27915442e,website,https://www.tesla.com/findus/location/supercharger/30889,site,,,data/raw/osm_chargers.json,coordinate_operator_address_match,node/11155180657,,
a_5d638465c9b7b86b5eb5,l_7b41f16b1e7c13f0bf4a,dc_connector_types,CCS (Type 2),site,,,data/raw/osm_chargers.json,coordinate_operator_address_match,node/12437997269,,
a_c4a6813385fdeac64b50,l_7b41f16b1e7c13f0bf4a,opening_hours,24/7,site,,,data/raw/osm_chargers.json,coordinate_operator_address_match,node/12437997269,,
a_d729dc06cf8c77b3a730,l_7b41f16b1e7c13f0bf4a,access,yes,site,,,data/raw/osm_chargers.json,coordinate_operator_address_match,node/12437997269,,
a_38d8614daccf2282178c,l_7b41f16b1e7c13f0bf4a,fee,yes,site,,,data/raw/osm_chargers.json,coordinate_operator_address_match,node/12437997269,,
a_f4ef471f73b4917bd9e5,l_7b41f16b1e7c13f0bf4a,website,https://www.tesla.com/findus/location/supercharger/32996,site,,,data/raw/osm_chargers.json,coordinate_operator_address_match,node/12437997269,,
a_f5f7ac8045e741548ef0,l_4d0dcff3a3f0cac850b8,dc_connector_types,CCS (Type 2),site,,,data/raw/osm_chargers.json,coordinate_operator_address_match,node/13146732524,,
a_9695260ac0521abdc2f9,l_4d0dcff3a3f0cac850b8,opening_hours,24/7,site,,,data/raw/osm_chargers.json,coordinate_operator_address_match,node/13146732524,,
a_e857b67d1376ad68a0d8,l_4d0dcff3a3f0cac850b8,access,yes,site,,,data/raw/osm_chargers.json,coordinate_operator_address_match,node/13146732524,,
a_7f0cf1fe15f8c1057113,l_4d0dcff3a3f0cac850b8,fee,yes,site,,,data/raw/osm_chargers.json,coordinate_operator_address_match,node/13146732524,,
a_f6863390807a6fe22057,l_4d0dcff3a3f0cac850b8,website,https://www.tesla.com/findus/location/supercharger/33621,site,,,data/raw/osm_chargers.json,coordinate_operator_address_match,node/13146732524,,
a_9dfc494e515294e02846,l_df304c7cb30586f66cfd,dc_connector_types,CCS (Type 2),site,,,data/raw/osm_chargers.json,coordinate_operator_address_match,node/11386697708,,
a_5749f11bb879f77fe794,l_df304c7cb30586f66cfd,opening_hours,24/7,site,,,data/raw/osm_chargers.json,coordinate_operator_address_match,node/11386697708,,
a_d8e6080612c353c130ba,l_df304c7cb30586f66cfd,access,yes,site,,,data/raw/osm_chargers.json,coordinate_operator_address_match,node/11386697708,,
a_9c11665b02c080a7af1c,l_df304c7cb30586f66cfd,fee,yes,site,,,data/raw/osm_chargers.json,coordinate_operator_address_match,node/11386697708,,
a_7f11ec9d17dd3c1e0e80,l_df304c7cb30586f66cfd,website,https://www.tesla.com/findus/location/supercharger/31612,site,,,data/raw/osm_chargers.json,coordinate_operator_address_match,node/11386697708,,
a_89ca16895f75d3e0bb1f,l_9aa3a2f47fd3c7772fd7,dc_connector_types,CCS (Type 2),site,,,data/raw/osm_chargers.json,coordinate_operator_address_match,node/11289934645,,
a_2538163aed1b917b90b6,l_17f908982cce1c898a43,dc_connector_types,CCS (Type 2),site,,,data/raw/osm_chargers.json,coordinate_operator_address_match,node/13103099620,,
a_c5c26b48a18381da70b2,l_5c13ea0a9b82151ef235,dc_connector_types,CCS (Type 2),site,,,data/raw/osm_chargers.json,coordinate_operator_address_match,node/12087095506,,
a_59dedd1e67b7eeeaf23a,l_fc6e53d34a4135bb6a18,dc_connector_types,CCS (Type 2); CHAdeMO,site,,,data/raw/osm_chargers.json,coordinate_operator_address_match,node/13013484065,,
a_ee011615754f0101e9fb,l_fc6e53d34a4135bb6a18,fee,yes,site,,,data/raw/osm_chargers.json,coordinate_operator_address_match,node/13013484065,,
a_2e6e489f1112fb956ff0,l_fca5756c31bf279c79e2,dc_connector_types,CCS (Type 2),site,,,data/raw/osm_chargers.json,coordinate_operator_address_match,node/13185195202,,
a_00fb50a86d1b9ea7c907,l_96c745c3f95f444c2914,dc_connector_types,CCS (Type 2),site,,,data/raw/osm_chargers.json,coordinate_operator_address_match,node/12221169446,,
a_4919dcaca689cf8aaad2,l_96c745c3f95f444c2914,opening_hours,24/7,site,,,data/raw/osm_chargers.json,coordinate_operator_address_match,node/12221169446,,
a_623fd63f2f58720a6946,l_96c745c3f95f444c2914,access,yes,site,,,data/raw/osm_chargers.json,coordinate_operator_address_match,node/12221169446,,
a_e517c7686bec1e6a2651,l_96c745c3f95f444c2914,fee,yes,site,,,data/raw/osm_chargers.json,coordinate_operator_address_match,node/12221169446,,
a_b80c193bc7602be7badb,l_96c745c3f95f444c2914,website,https://www.tesla.com/findus/location/supercharger/34173,site,,,data/raw/osm_chargers.json,coordinate_operator_address_match,node/12221169446,,
a_ac9584316fcd23c50df3,l_3c6e58d2f5c4c5469289,dc_connector_types,CCS (Type 2); CHAdeMO,site,,,data/raw/osm_chargers.json,coordinate_operator_address_match,node/7384135909,,
a_c69000eb1a138347fe58,l_9faf5dd65d8e18b735f3,dc_connector_types,Tesla Supercharger,site,,,data/raw/osm_chargers.json,coordinate_operator_address_match,node/11842613041,,
a_0fc92ad5e1bcc82522b9,l_f856a7a51b109d4937fa,dc_connector_types,CCS (Type 2); CHAdeMO,site,,,data/raw/osm_chargers.json,coordinate_operator_address_match,way/1550315727,,
a_ca62b3fa8025a3b945f9,l_f856a7a51b109d4937fa,opening_hours,24/7,site,,,data/raw/osm_chargers.json,coordinate_operator_address_match,way/1550315727,,
a_e25ca44f59c5969e4cd5,l_f856a7a51b109d4937fa,fee,yes,site,,,data/raw/osm_chargers.json,coordinate_operator_address_match,way/1550315727,,
a_761861b0b3b8ee5e012f,l_9f7d8443d2a153ab0819,dc_connector_types,CCS (Type 2),site,,,data/raw/osm_chargers.json,coordinate_operator_address_match,node/10861761260,,
a_54161897ba49c549f1c9,l_9f7d8443d2a153ab0819,opening_hours,24/7,site,,,data/raw/osm_chargers.json,coordinate_operator_address_match,node/10861761260,,
a_f1660c16242693097d32,l_9f7d8443d2a153ab0819,access,yes,site,,,data/raw/osm_chargers.json,coordinate_operator_address_match,node/10861761260,,
a_6581bbfdf9898bff92a7,l_9f7d8443d2a153ab0819,fee,yes,site,,,data/raw/osm_chargers.json,coordinate_operator_address_match,node/10861761260,,
a_2f36d577973880e2b8bc,l_9f7d8443d2a153ab0819,website,https://www.tesla.com/findus/location/supercharger/30785,site,,,data/raw/osm_chargers.json,coordinate_operator_address_match,node/10861761260,,
a_212c2da30d8d0b436d38,l_e81517695cb9719b6f9c,dc_connector_types,CCS (Type 2),site,,,data/raw/osm_chargers.json,coordinate_operator_address_match,node/12856495137,,
a_4b451358ed4987e8e0b4,l_9e972a90d9c046302d2d,dc_connector_types,Tesla Supercharger,site,,,data/raw/osm_chargers.json,coordinate_operator_address_match,node/8302152508,,
a_acfd5f51bce6f50e0fc0,l_9e972a90d9c046302d2d,opening_hours,24/7,site,,,data/raw/osm_chargers.json,coordinate_operator_address_match,node/8302152508,,
a_9f382fd28be3b58037b1,l_9e972a90d9c046302d2d,access,yes,site,,,data/raw/osm_chargers.json,coordinate_operator_address_match,node/8302152508,,
a_432f8a2661d47855f13b,l_9e972a90d9c046302d2d,fee,yes,site,,,data/raw/osm_chargers.json,coordinate_operator_address_match,node/8302152508,,
a_7b7fd17b070167a254bc,l_9e972a90d9c046302d2d,website,https://www.tesla.com/findus/location/supercharger/bathhurstvisitorcentresupercharger,site,,,data/raw/osm_chargers.json,coordinate_operator_address_match,node/8302152508,,
a_4f4439d0a44adc0b9339,l_186fb0152eafb21824f9,dc_connector_types,CCS (Type 2); CHAdeMO,site,,,data/raw/osm_chargers.json,coordinate_operator_address_match,node/6489744914,,
a_13f5346a78fe096ae7f0,l_b968027079594c1cc4a3,dc_connector_types,CCS (Type 2),site,,,data/raw/osm_chargers.json,coordinate_operator_address_match,node/12884912873,,
a_9057c04eee67f450b672,l_2688ec2a58857f91448b,dc_connector_types,CCS (Type 2),site,,,data/raw/osm_chargers.json,coordinate_operator_address_match,node/13073638889,,
a_be056e7b7f46be004d54,l_2688ec2a58857f91448b,opening_hours,24/7,site,,,data/raw/osm_chargers.json,coordinate_operator_address_match,node/13073638889,,
a_72f0d689d59516bbd4fc,l_2688ec2a58857f91448b,access,yes,site,,,data/raw/osm_chargers.json,coordinate_operator_address_match,node/13073638889,,
a_a7bdc9ef58e7c48fded0,l_2688ec2a58857f91448b,fee,yes,site,,,data/raw/osm_chargers.json,coordinate_operator_address_match,node/13073638889,,
a_93778f3638eb6d03a5cc,l_2688ec2a58857f91448b,website,https://www.tesla.com/findus/location/supercharger/31640,site,,,data/raw/osm_chargers.json,coordinate_operator_address_match,node/13073638889,,
a_43aea26d72f6da1d451e,l_9dba4affc6e49c90859a,dc_connector_types,CCS (Type 2); CHAdeMO,site,,,data/raw/osm_chargers.json,coordinate_operator_address_match,node/12605963234,,
a_5728e8397bb96f010d92,l_cae4f0f9f9135808389b,dc_connector_types,CCS (Type 2),site,,,data/raw/osm_chargers.json,coordinate_operator_address_match,node/12885318906,,
a_2839e9bd6910cec67406,l_73c72e9ef358fc5781aa,dc_connector_types,CCS (Type 2),site,,,data/raw/osm_chargers.json,coordinate_operator_address_match,node/10258355351,,
a_8b27bf96f0e298022108,l_73c72e9ef358fc5781aa,opening_hours,24/7,site,,,data/raw/osm_chargers.json,coordinate_operator_address_match,node/10258355351,,
a_3ed5f4614930a32c6123,l_73c72e9ef358fc5781aa,access,yes,site,,,data/raw/osm_chargers.json,coordinate_operator_address_match,node/10258355351,,
a_be7a34b2af44d4755034,l_73c72e9ef358fc5781aa,fee,yes,site,,,data/raw/osm_chargers.json,coordinate_operator_address_match,node/10258355351,,
a_74b2155d9502ddc284be,l_73c72e9ef358fc5781aa,website,https://www.tesla.com/findus/location/supercharger/tenterfieldsupercharger,site,,,data/raw/osm_chargers.json,coordinate_operator_address_match,node/10258355351,,
a_12dc204c8cf1f343f8ea,l_9deadb2a0afc611a6cea,operator_station_code,NBE004,site,,,data/raw/jolt_map.html,coordinate_operator_address_match,,40,
a_4c2c4414a2cc11236570,l_9deadb2a0afc611a6cea,operator_network_status_snapshot,available,site,,,data/raw/jolt_map.html,coordinate_operator_address_match,,40,
a_98966daa1deaec5015d6,l_9deadb2a0afc611a6cea,operator_evse_status_snapshot,available,site,,,data/raw/jolt_map.html,coordinate_operator_address_match,,40,
a_fafcb4b1b65b10302a1b,l_57090e8917e081d6ef4c,operator_station_code,NBE015,site,,,data/raw/jolt_map.html,coordinate_operator_address_match,,142,
a_fc97bae1d3556d3c970c,l_57090e8917e081d6ef4c,operator_network_status_snapshot,available,site,,,data/raw/jolt_map.html,coordinate_operator_address_match,,142,
a_bb89f52672b9cf0788c3,l_57090e8917e081d6ef4c,operator_evse_status_snapshot,available,site,,,data/raw/jolt_map.html,coordinate_operator_address_match,,142,
a_851748dab47d826bb458,l_579ccd1676de5b9150b2,operator_station_code,HOR002,site,,,data/raw/jolt_map.html,coordinate_operator_address_match,,69,
a_97eae5947cea9a67a27b,l_579ccd1676de5b9150b2,operator_network_status_snapshot,available,site,,,data/raw/jolt_map.html,coordinate_operator_address_match,,69,
a_e43033cc7145c6b7da4a,l_579ccd1676de5b9150b2,operator_evse_status_snapshot,available,site,,,data/raw/jolt_map.html,coordinate_operator_address_match,,69,
a_59cba10a0cba774ddd25,l_b2a6b868435fa8184251,operator_station_code,RAN001,site,,,data/raw/jolt_map.html,coordinate_operator_address_match,,33,
a_fd0d865ae888ea28d9f6,l_b2a6b868435fa8184251,operator_network_status_snapshot,available,site,,,data/raw/jolt_map.html,coordinate_operator_address_match,,33,
a_43a39fe3221fce314196,l_b2a6b868435fa8184251,operator_evse_status_snapshot,occupied,site,,,data/raw/jolt_map.html,coordinate_operator_address_match,,33,
a_aba6e4e4a35b7c97bc8d,l_3ff070fbbce13f553c1b,operator_station_code,NBE009,site,,,data/raw/jolt_map.html,coordinate_operator_address_match,,169,
a_0bbbcbfd56f9bdfab66f,l_3ff070fbbce13f553c1b,operator_network_status_snapshot,available,site,,,data/raw/jolt_map.html,coordinate_operator_address_match,,169,
a_f3e227bfda8255051947,l_3ff070fbbce13f553c1b,operator_evse_status_snapshot,available,site,,,data/raw/jolt_map.html,coordinate_operator_address_match,,169,
a_2fdd0fa7388d94be7365,l_764fe7ec72c62a349d0f,operator_station_code,HOR001,site,,,data/raw/jolt_map.html,coordinate_operator_address_match,,63,
a_772629eaf7da0f36ff83,l_764fe7ec72c62a349d0f,operator_network_status_snapshot,available,site,,,data/raw/jolt_map.html,coordinate_operator_address_match,,63,
a_af2831ef7fd68bd09146,l_764fe7ec72c62a349d0f,operator_evse_status_snapshot,available,site,,,data/raw/jolt_map.html,coordinate_operator_address_match,,63,
a_543b93f5bb7704c51850,l_03e6f427da6ee3830ad9,operator_station_code,BUR001,site,,,data/raw/jolt_map.html,coordinate_operator_address_match,,32,
a_2eb4a27200a7fa0dc3c1,l_03e6f427da6ee3830ad9,operator_network_status_snapshot,long-term unavailable,site,,,data/raw/jolt_map.html,coordinate_operator_address_match,,32,
a_315cd42dd67356f2daea,l_03e6f427da6ee3830ad9,operator_evse_status_snapshot,out of order,site,,,data/raw/jolt_map.html,coordinate_operator_address_match,,32,
a_5e91fe7415ea8b8dffa7,l_67819e1b2bc20caf233a,operator_station_code,BUR003,site,,,data/raw/jolt_map.html,coordinate_operator_address_match,,43,
a_80f9f3d83317c2e94892,l_67819e1b2bc20caf233a,operator_network_status_snapshot,available,site,,,data/raw/jolt_map.html,coordinate_operator_address_match,,43,
a_00649fbca6abb9bbf1fe,l_67819e1b2bc20caf233a,operator_evse_status_snapshot,out of order,site,,,data/raw/jolt_map.html,coordinate_operator_address_match,,43,
a_3b17df9bdb44c22fe755,l_fdd11429b00958ad0bd7,operator_station_code,GGR003,site,,,data/raw/jolt_map.html,coordinate_operator_address_match,,50,
a_f3524b8615793deebf28,l_fdd11429b00958ad0bd7,operator_network_status_snapshot,available,site,,,data/raw/jolt_map.html,coordinate_operator_address_match,,50,
a_29a9d5156d5d1d6251fe,l_fdd11429b00958ad0bd7,operator_evse_status_snapshot,out of order,site,,,data/raw/jolt_map.html,coordinate_operator_address_match,,50,
a_aae67a93839e11507ee3,l_97d544f4c0f280a6d782,operator_station_code,RAN009,site,,,data/raw/jolt_map.html,coordinate_operator_address_match,,298,
a_c18395b497507b9dd94c,l_97d544f4c0f280a6d782,operator_network_status_snapshot,available,site,,,data/raw/jolt_map.html,coordinate_operator_address_match,,298,
a_b89088bd6608a9894811,l_97d544f4c0f280a6d782,operator_evse_status_snapshot,available,site,,,data/raw/jolt_map.html,coordinate_operator_address_match,,298,
a_9293a8baba456b582b18,l_e8012f15349aedbffc41,operator_station_code,RAN005,site,,,data/raw/jolt_map.html,coordinate_operator_address_match,,59,
a_84aaaa74ef9910b82aca,l_e8012f15349aedbffc41,operator_network_status_snapshot,available,site,,,data/raw/jolt_map.html,coordinate_operator_address_match,,59,
a_d63fd35221ea4a840e14,l_e8012f15349aedbffc41,operator_evse_status_snapshot,available,site,,,data/raw/jolt_map.html,coordinate_operator_address_match,,59,
a_f3aa65109a1e29ddec54,l_95c3dd4bbc007baec567,operator_station_code,NBE003,site,,,data/raw/jolt_map.html,coordinate_operator_address_match,,39,
a_3d191d1cca28adc0878d,l_95c3dd4bbc007baec567,operator_network_status_snapshot,available,site,,,data/raw/jolt_map.html,coordinate_operator_address_match,,39,
a_0a58a7c113044eb2466d,l_95c3dd4bbc007baec567,operator_evse_status_snapshot,available,site,,,data/raw/jolt_map.html,coordinate_operator_address_match,,39,
a_135736c03ce5cfd1bc75,l_70777e985ad5b5b9ee99,operator_station_code,GGR005,site,,,data/raw/jolt_map.html,coordinate_operator_address_match,,52,
a_c1cd270d0c11c695f5dd,l_70777e985ad5b5b9ee99,operator_network_status_snapshot,available,site,,,data/raw/jolt_map.html,coordinate_operator_address_match,,52,
a_4c9b47a8c39a46766bfd,l_70777e985ad5b5b9ee99,operator_evse_status_snapshot,out of order,site,,,data/raw/jolt_map.html,coordinate_operator_address_match,,52,
a_39d6d0caf5f25028b930,l_0f67a9435af17f08cf79,operator_station_code,STR001,site,,,data/raw/jolt_map.html,coordinate_operator_address_match,,31,
a_6727ba9264bf9a435adf,l_0f67a9435af17f08cf79,operator_network_status_snapshot,available,site,,,data/raw/jolt_map.html,coordinate_operator_address_match,,31,
a_b8e05eab62ea035187f6,l_0f67a9435af17f08cf79,operator_evse_status_snapshot,out of order,site,,,data/raw/jolt_map.html,coordinate_operator_address_match,,31,
a_171cd4a9c84608d5342c,l_9cb1c346be2ed5832926,operator_station_code,GGR007,site,,,data/raw/jolt_map.html,coordinate_operator_address_match,,54,
a_1eaa5d13f5a955cd723d,l_9cb1c346be2ed5832926,operator_network_status_snapshot,available,site,,,data/raw/jolt_map.html,coordinate_operator_address_match,,54,
a_ec86b289b7d599e7bd06,l_9cb1c346be2ed5832926,operator_evse_status_snapshot,out of order,site,,,data/raw/jolt_map.html,coordinate_operator_address_match,,54,
a_b5a263eafe7029b878c8,l_a98884c7b5b79e35088f,operator_station_code,GGR008,site,,,data/raw/jolt_map.html,coordinate_operator_address_match,,55,
a_d4fa0fc444c151f7198e,l_a98884c7b5b79e35088f,operator_network_status_snapshot,available,site,,,data/raw/jolt_map.html,coordinate_operator_address_match,,55,
a_6059fe623e851de55d4b,l_a98884c7b5b79e35088f,operator_evse_status_snapshot,out of order,site,,,data/raw/jolt_map.html,coordinate_operator_address_match,,55,
a_06d6a3adc85f2f6155b5,l_ed98349f6a8f0240a5c3,operator_station_code,BUR002,site,,,data/raw/jolt_map.html,coordinate_operator_address_match,,42,
a_2a3f3dc86ceb08d8ad32,l_ed98349f6a8f0240a5c3,operator_network_status_snapshot,available,site,,,data/raw/jolt_map.html,coordinate_operator_address_match,,42,
a_0844388ceecfec3a293d,l_ed98349f6a8f0240a5c3,operator_evse_status_snapshot,out of order,site,,,data/raw/jolt_map.html,coordinate_operator_address_match,,42,
a_de7d1e0b94314e1f3f75,l_d1876bc476f9ae838287,operator_station_code,RAN007,site,,,data/raw/jolt_map.html,coordinate_operator_address_match,,282,
a_55056bf2381bdcf56292,l_d1876bc476f9ae838287,operator_network_status_snapshot,available,site,,,data/raw/jolt_map.html,coordinate_operator_address_match,,282,
a_7544fe16cd4531919dfa,l_d1876bc476f9ae838287,operator_evse_status_snapshot,out of order,site,,,data/raw/jolt_map.html,coordinate_operator_address_match,,282,
a_de8315e4b5b34e0c4d58,l_6ae47c835af3f21a6b61,operator_station_code,NBE007,site,,,data/raw/jolt_map.html,coordinate_operator_address_match,,93,
a_286a27fd4366cf02f639,l_6ae47c835af3f21a6b61,operator_network_status_snapshot,available,site,,,data/raw/jolt_map.html,coordinate_operator_address_match,,93,
a_8db407ebc890a718e571,l_6ae47c835af3f21a6b61,operator_evse_status_snapshot,available,site,,,data/raw/jolt_map.html,coordinate_operator_address_match,,93,
a_37f3b4302ea836f51b04,l_0168b8c639892dfe942b,operator_station_code,HIL001,site,,,data/raw/jolt_map.html,coordinate_operator_address_match,,184,
a_e1a50fadfdd426cec14f,l_0168b8c639892dfe942b,operator_network_status_snapshot,available,site,,,data/raw/jolt_map.html,coordinate_operator_address_match,,184,
a_d6bbbf4b60f486f3a1b0,l_0168b8c639892dfe942b,operator_evse_status_snapshot,available,site,,,data/raw/jolt_map.html,coordinate_operator_address_match,,184,
a_2fcaaa03230864c49367,l_12d525d5e53904464fa2,operator_station_code,GGR010,site,,,data/raw/jolt_map.html,coordinate_operator_address_match,,281,
a_46a7f13bb61c85cfa041,l_12d525d5e53904464fa2,operator_network_status_snapshot,available,site,,,data/raw/jolt_map.html,coordinate_operator_address_match,,281,
a_6f56f6f3b9661bc6281c,l_12d525d5e53904464fa2,operator_evse_status_snapshot,occupied,site,,,data/raw/jolt_map.html,coordinate_operator_address_match,,281,
a_b2d7ea1cecd490da73c3,l_0677e5b44489c9847510,operator_station_code,NBE005,site,,,data/raw/jolt_map.html,coordinate_operator_address_match,,41,
a_0eae351ce7cab4748e0f,l_0677e5b44489c9847510,operator_network_status_snapshot,available,site,,,data/raw/jolt_map.html,coordinate_operator_address_match,,41,
a_dadd410e03d122e55421,l_0677e5b44489c9847510,operator_evse_status_snapshot,out of order,site,,,data/raw/jolt_map.html,coordinate_operator_address_match,,41,
a_4e179cba032996ea8f0a,l_183e4a9531849b98ff98,operator_station_code,BUR007,site,,,data/raw/jolt_map.html,coordinate_operator_address_match,,110,
a_05e8e9393363dee46e48,l_183e4a9531849b98ff98,operator_network_status_snapshot,available,site,,,data/raw/jolt_map.html,coordinate_operator_address_match,,110,
a_5f436afe6d143da6c1c2,l_183e4a9531849b98ff98,operator_evse_status_snapshot,occupied,site,,,data/raw/jolt_map.html,coordinate_operator_address_match,,110,
a_762cc4416509034369fa,l_dffe26aa2d90e923acd9,operator_station_code,GGR002,site,,,data/raw/jolt_map.html,coordinate_operator_address_match,,49,
a_65277eb64b066000eccf,l_dffe26aa2d90e923acd9,operator_network_status_snapshot,long-term unavailable,site,,,data/raw/jolt_map.html,coordinate_operator_address_match,,49,
a_1b498eab2fd9f429cb37,l_dffe26aa2d90e923acd9,operator_evse_status_snapshot,out of order,site,,,data/raw/jolt_map.html,coordinate_operator_address_match,,49,
a_8fa5c2c901e84b380425,l_74ce8341afe66ed31fbb,operator_station_code,HIL002,site,,,data/raw/jolt_map.html,coordinate_operator_address_match,,119,
a_c5999b0e8504864a2522,l_74ce8341afe66ed31fbb,operator_network_status_snapshot,available,site,,,data/raw/jolt_map.html,coordinate_operator_address_match,,119,
a_ab964c0c3065d01e906f,l_74ce8341afe66ed31fbb,operator_evse_status_snapshot,occupied,site,,,data/raw/jolt_map.html,coordinate_operator_address_match,,119,
a_4d2009fa91f8db8e8fd6,l_9afb2913db4a974f4d6e,operator_station_code,GGR004,site,,,data/raw/jolt_map.html,coordinate_operator_address_match,,51,
a_7ed00fafdd3e0398ac59,l_9afb2913db4a974f4d6e,operator_network_status_snapshot,available,site,,,data/raw/jolt_map.html,coordinate_operator_address_match,,51,
a_235974a99bcef15cc59f,l_9afb2913db4a974f4d6e,operator_evse_status_snapshot,out of order,site,,,data/raw/jolt_map.html,coordinate_operator_address_match,,51,
a_b6fd7e78caa9f95e2de3,l_2c8f1849230514db6fe6,operator_station_code,RAN004,site,,,data/raw/jolt_map.html,coordinate_operator_address_match,,58,
a_7a1eef506603af80dd9a,l_2c8f1849230514db6fe6,operator_network_status_snapshot,available,site,,,data/raw/jolt_map.html,coordinate_operator_address_match,,58,
a_95db9ec86dcd31b89eb7,l_2c8f1849230514db6fe6,operator_evse_status_snapshot,available,site,,,data/raw/jolt_map.html,coordinate_operator_address_match,,58,
a_57bfd4556198c09abac5,l_40adcdc1cd8bac03aed4,operator_station_code,NBE002,site,,,data/raw/jolt_map.html,coordinate_operator_address_match,,37,
a_ea5b09ab0015833eb79e,l_40adcdc1cd8bac03aed4,operator_network_status_snapshot,available,site,,,data/raw/jolt_map.html,coordinate_operator_address_match,,37,
a_0dc125e678479dd6e34b,l_40adcdc1cd8bac03aed4,operator_evse_status_snapshot,available,site,,,data/raw/jolt_map.html,coordinate_operator_address_match,,37,
a_7a842fef1807c6136234,l_9b34ff9cc84f6fae0e90,operator_station_code,NBE001,site,,,data/raw/jolt_map.html,coordinate_operator_address_match,,30,
a_a33098d86c62910c0263,l_9b34ff9cc84f6fae0e90,operator_network_status_snapshot,available,site,,,data/raw/jolt_map.html,coordinate_operator_address_match,,30,
a_5db1065516f646530d94,l_9b34ff9cc84f6fae0e90,operator_evse_status_snapshot,out of order,site,,,data/raw/jolt_map.html,coordinate_operator_address_match,,30,
a_75e1b4d9c70e6c494755,l_e80c0c3eb8aac38325c0,operator_station_code,NBE013,site,,,data/raw/jolt_map.html,coordinate_operator_address_match,,201,
a_1123ede1920e4e6f5c4b,l_e80c0c3eb8aac38325c0,operator_network_status_snapshot,available,site,,,data/raw/jolt_map.html,coordinate_operator_address_match,,201,
a_9885399bcf62702a898e,l_e80c0c3eb8aac38325c0,operator_evse_status_snapshot,available,site,,,data/raw/jolt_map.html,coordinate_operator_address_match,,201,
a_32f2870428fd52e2e01e,l_74fbe0e1e32ee23786fb,operator_station_code,RAN003,site,,,data/raw/jolt_map.html,coordinate_operator_address_match,,57,
a_49ebd7b488438c52afa9,l_74fbe0e1e32ee23786fb,operator_network_status_snapshot,available,site,,,data/raw/jolt_map.html,coordinate_operator_address_match,,57,
a_448c6e38d07fbb3576dd,l_74fbe0e1e32ee23786fb,operator_evse_status_snapshot,available,site,,,data/raw/jolt_map.html,coordinate_operator_address_match,,57,
a_872322ff6290d50c3961,l_d5a7e7effa89f137384f,operator_station_code,NBE006,site,,,data/raw/jolt_map.html,coordinate_operator_address_match,,92,
a_8f58d4dfdf26a7f0f94a,l_d5a7e7effa89f137384f,operator_network_status_snapshot,long-term unavailable,site,,,data/raw/jolt_map.html,coordinate_operator_address_match,,92,
a_c54656f1c4c375ff7238,l_d5a7e7effa89f137384f,operator_evse_status_snapshot,out of order,site,,,data/raw/jolt_map.html,coordinate_operator_address_match,,92,
a_70a22bdacc074e463728,l_bdd96fd222fbf38d8abb,operator_station_code,NBE008,site,,,data/raw/jolt_map.html,coordinate_operator_address_match,,91,
a_5bce15d929927cdcc1c7,l_bdd96fd222fbf38d8abb,operator_network_status_snapshot,available,site,,,data/raw/jolt_map.html,coordinate_operator_address_match,,91,
a_668ea160fcc10d872991,l_bdd96fd222fbf38d8abb,operator_evse_status_snapshot,available,site,,,data/raw/jolt_map.html,coordinate_operator_address_match,,91,
a_79599aefe0b29cb8fc80,l_7cd39b2dd85100bb238a,operator_station_code,HOR009,site,,,data/raw/jolt_map.html,coordinate_operator_address_match,,136,
a_abeed37fcf5c07e3e5ab,l_7cd39b2dd85100bb238a,operator_network_status_snapshot,available,site,,,data/raw/jolt_map.html,coordinate_operator_address_match,,136,
a_b9b137f4d00f0d44dbf8,l_7cd39b2dd85100bb238a,operator_evse_status_snapshot,available,site,,,data/raw/jolt_map.html,coordinate_operator_address_match,,136,
a_43ea7f6936ad32f48e27,l_afdf5670ac33c6469f91,operator_station_code,STH001,site,,,data/raw/jolt_map.html,coordinate_operator_address_match,,134,
a_e070f40d292418ab0363,l_afdf5670ac33c6469f91,operator_network_status_snapshot,available,site,,,data/raw/jolt_map.html,coordinate_operator_address_match,,134,
a_6234c8a8b1b0b0d0a2fe,l_afdf5670ac33c6469f91,operator_evse_status_snapshot,available,site,,,data/raw/jolt_map.html,coordinate_operator_address_match,,134,
a_af5ac0e45d67740fda92,l_29a8eecc85684b5f97c6,operator_station_code,COS001,site,,,data/raw/jolt_map.html,coordinate_operator_address_match,,111,
a_244861435eff8d570855,l_29a8eecc85684b5f97c6,operator_network_status_snapshot,available,site,,,data/raw/jolt_map.html,coordinate_operator_address_match,,111,
a_d1c5e47bbc9c65d4f16b,l_29a8eecc85684b5f97c6,operator_evse_status_snapshot,occupied,site,,,data/raw/jolt_map.html,coordinate_operator_address_match,,111,
a_e4e12206e53e16e19d3e,l_29a8eecc85684b5f97c6,operator_carpark_hours_text,Carpark open 8:30-19:00,site,,,data/raw/jolt_map.html,coordinate_operator_address_match,,111,
a_3b6dddc61ba9670b8cfc,l_4718a5a8373d9d0b8d97,operator_station_code,COS002,site,,,data/raw/jolt_map.html,coordinate_operator_address_match,,112,
a_af5f6e139c81756f7d86,l_4718a5a8373d9d0b8d97,operator_network_status_snapshot,available,site,,,data/raw/jolt_map.html,coordinate_operator_address_match,,112,
a_f5bc1c6d4ea1c61c5871,l_4718a5a8373d9d0b8d97,operator_evse_status_snapshot,occupied,site,,,data/raw/jolt_map.html,coordinate_operator_address_match,,112,
a_f0fa5e0509372ced3b66,l_4718a5a8373d9d0b8d97,operator_carpark_hours_text,Carpark open 8:30-19:00,site,,,data/raw/jolt_map.html,coordinate_operator_address_match,,112,
a_60c9b6f8d7f4e3cf70b9,l_4daecd0397a35fc0048a,operator_station_code,GGR011,site,,,data/raw/jolt_map.html,coordinate_operator_address_match,,133,
a_fdc9ee890b131a18dfd5,l_4daecd0397a35fc0048a,operator_network_status_snapshot,long-term unavailable,site,,,data/raw/jolt_map.html,coordinate_operator_address_match,,133,
a_0dd1688e1cca5b239de9,l_4daecd0397a35fc0048a,operator_evse_status_snapshot,out of order,site,,,data/raw/jolt_map.html,coordinate_operator_address_match,,133,
a_1b263945ea71df35db7c,l_a2a03a1ddf37874d0119,operator_station_code,PEN001,site,,,data/raw/jolt_map.html,coordinate_operator_address_match,,129,
a_6fc45dd8b39df7049929,l_a2a03a1ddf37874d0119,operator_network_status_snapshot,available,site,,,data/raw/jolt_map.html,coordinate_operator_address_match,,129,
a_607d4250080ee7cf92c8,l_a2a03a1ddf37874d0119,operator_evse_status_snapshot,occupied,site,,,data/raw/jolt_map.html,coordinate_operator_address_match,,129,
a_e071bffa1b8f8f99b8a7,l_8f58931cf945392bd70e,operator_station_code,NBE014,site,,,data/raw/jolt_map.html,coordinate_operator_address_match,,200,
a_ccc74ea12e0c88d68ff5,l_8f58931cf945392bd70e,operator_network_status_snapshot,available,site,,,data/raw/jolt_map.html,coordinate_operator_address_match,,200,
a_f015e82c78771290a87a,l_8f58931cf945392bd70e,operator_evse_status_snapshot,available,site,,,data/raw/jolt_map.html,coordinate_operator_address_match,,200,
a_8321a960b48da2ff6d86,l_0df753d1b53086db050d,operator_station_code,KUR001,site,,,data/raw/jolt_map.html,coordinate_operator_address_match,,135,
a_02169ea86a8e523b7aa3,l_0df753d1b53086db050d,operator_network_status_snapshot,available,site,,,data/raw/jolt_map.html,coordinate_operator_address_match,,135,
a_779128a6dfbce2c0beb8,l_0df753d1b53086db050d,operator_evse_status_snapshot,available,site,,,data/raw/jolt_map.html,coordinate_operator_address_match,,135,
a_97889b69fa4afd83d86f,l_35a5423726a82ebf036a,dc_connector_types,CCS (Type 2); CHAdeMO,site,,,data/raw/ampol/ampol-foodary-alexandria.html,coordinate_operator_address_match,,,22135
a_13b938336c94ff52321c,l_e3d0df1ceeee9bbdfae6,dc_connector_types,CCS (Type 2); CHAdeMO,site,,,data/raw/ampol/ampol-foodary-narrabeen.html,coordinate_operator_address_match,,,22120
a_840595fba931b329cdec,l_6c01c66a5aeda28b9482,dc_connector_types,CCS (Type 2); CHAdeMO,site,,,data/raw/ampol/ampol-foodary-st-ives.html,coordinate_operator_address_match,,,22895
a_76fa7d9bdb69a3105b70,l_99ad1e5acb4c7a95e19d,dc_connector_types,CCS (Type 2); CHAdeMO,site,,,data/raw/ampol/ampol-foodary-brownsville.html,coordinate_operator_address_match,,,22256
a_c4a18782a73d7cb16b4e,l_295669b59d2d5e752167,dc_connector_types,CCS (Type 2); CHAdeMO,site,,,data/raw/ampol/ampol-foodary-lakemba.html,coordinate_operator_address_match,,,22276
a_db873cccbef433c65ddf,l_aaafc1dfb20d75e3b81f,dc_connector_types,CCS (Type 2); CHAdeMO,site,,,data/raw/ampol/ampol-foodary-gosford-west-eastbound.html,coordinate_operator_address_match,,,22582
a_3a6c448a6b5a36b49713,l_a51d2fa280bc3eff5e19,dc_connector_types,CCS (Type 2); CHAdeMO,site,,,data/raw/ampol/ampol-foodary-windsor-south.html,coordinate_operator_address_match,,,25567
a_2084292ab0f9303cec0d,l_9de483f73c0a0d15d9f7,dc_connector_types,CCS (Type 2); CHAdeMO,site,,,data/raw/ampol/ampol-foodary-greenacre.html,coordinate_operator_address_match,,,22794
a_02b931be86dc39379bd5,l_fa7c475e4fefc7c4b44a,dc_connector_types,CCS (Type 2); CHAdeMO,site,,,data/raw/ampol/ampol-foodary-wollongong-north.html,coordinate_operator_address_match,,,22128
a_f7a682b51c5b38fe1bfd,l_9fc61b13f66f9d01b303,dc_connector_types,CCS (Type 2); CHAdeMO,site,,,data/raw/ampol/ampol-foodary-werrington.html,coordinate_operator_address_match,,,28569
a_8e276f43e93de643551e,l_7db26718bcad6ce8bf53,dc_connector_types,CCS (Type 2); CHAdeMO,site,,,data/raw/ampol/ampol-foodary-eastern-creek-westbound.html,coordinate_operator_address_match,,,28577
a_4e39f290ba4021937766,l_e8bbf337bf47d35e6221,dc_connector_types,CCS (Type 2); CHAdeMO,site,,,data/raw/ampol/ampol-foodary-charmhaven.html,coordinate_operator_address_match,,,28820
a_367468af0c4e489f550a,l_f3de993021435cf66317,dc_connector_types,CCS (Type 2); CHAdeMO,site,,,data/raw/ampol/ampol-foodary-eastern-creek-eastbound.html,coordinate_operator_address_match,,,28576
