ocm_id,ocm_operator_id,ocm_operator,title,address,town,postcode,latitude,longitude,usage_cost,access_comments,usage_type,status,last_verified,last_verified_at,number_of_points,data_provider,data_license,source_file,source_url,has_dc
100220,3339.0,Chargefox,City of Adelaide EV Hub,109 Franklin St,Adelaide,5000,-34.9275656868653,138.5951846838,,Next to Adelaide Central Bus Station Enter from Franklin Street and exit to Grote Street as it is a one way street,Public,Operational,2024-08-25T01:06:00Z,2024-08-25 01:06:00+00:00,4.0,Open Charge Map Contributors,Licensed under Creative Commons Attribution 4.0 International (CC BY 4.0),data/raw/ocm/OCM-100220.json,https://openchargemap.org/site/poi/details/100220,True
100221,1.0,(unknown operator),Summit Health Centre,85 Wellington Road,Mount Barker,5251,-35.0812612,138.8692225,Free,In carpark,Public,Operational,2018-02-25T12:10:00Z,2018-02-25 12:10:00+00:00,2.0,Open Charge Map Contributors,Licensed under Creative Commons Attribution 4.0 International (CC BY 4.0),data/raw/ocm/OCM-100221.json,https://openchargemap.org/site/poi/details/100221,False
100222,3310.0,chargestar (au),Town Centre,2 Stuart Street,Victor Harbor ,5211,-35.5538980228341,138.621958494186,Free,The Nextcharge app is needed to start the station.,Public,Operational,2018-02-20T14:37:00Z,2018-02-20 14:37:00+00:00,1.0,Open Charge Map Contributors,Licensed under Creative Commons Attribution 4.0 International (CC BY 4.0),data/raw/ocm/OCM-100222.json,https://openchargemap.org/site/poi/details/100222,False
100223,3310.0,chargestar (au),Goolwa Visitor Centre,2 Cadell street,Goolwa,5214,-35.502923987621,138.784103393555,Free,From Cadell St. turn into Cutting Road at war memorial to enter car park on left. The Nextcharge app is needed to activate station,Public,Operational,2024-07-08T08:58:00Z,2024-07-08 08:58:00+00:00,2.0,Open Charge Map Contributors,Licensed under Creative Commons Attribution 4.0 International (CC BY 4.0),data/raw/ocm/OCM-100223.json,https://openchargemap.org/site/poi/details/100223,False
100224,3310.0,chargestar (au),Normanville Town Centre,12 Edwards Avenue,Normanville,5204,-35.44700132829,138.318842053413,Free,Next to public toilets. NextCharge app is needed to activate.,Public,Operational,2024-07-08T08:58:00Z,2024-07-08 08:58:00+00:00,1.0,Open Charge Map Contributors,Licensed under Creative Commons Attribution 4.0 International (CC BY 4.0),data/raw/ocm/OCM-100224.json,https://openchargemap.org/site/poi/details/100224,False
100225,3310.0,chargestar (au),Strathalbyn Visitor Information Centre,20 South Terrace,Strathalbyn ,5255,-35.2611352649743,138.891831636429,Free,The Nextcharge app is needed to activate the station,Public,Operational,2018-02-20T14:41:00Z,2018-02-20 14:41:00+00:00,1.0,Open Charge Map Contributors,Licensed under Creative Commons Attribution 4.0 International (CC BY 4.0),data/raw/ocm/OCM-100225.json,https://openchargemap.org/site/poi/details/100225,False
100228,3310.0,chargestar (au),Barker Reserve,Bay Road,Victor Harbor,5211,-35.5576774380052,138.612383008003,Free,In car park. Bay Road entrance. Swipe with any RFID card to activate station.,Public,Operational,2018-02-20T14:42:00Z,2018-02-20 14:42:00+00:00,1.0,Open Charge Map Contributors,Licensed under Creative Commons Attribution 4.0 International (CC BY 4.0),data/raw/ocm/OCM-100228.json,https://openchargemap.org/site/poi/details/100228,False
100229,1.0,(unknown operator),Adelaide Hills Business Centre,82 Onkaparinga Valley Road,Woodside,5244,-34.9494963805521,138.87688100338,Free,In car park,Public,Operational,2018-02-25T12:03:00Z,2018-02-25 12:03:00+00:00,1.0,Open Charge Map Contributors,Licensed under Creative Commons Attribution 4.0 International (CC BY 4.0),data/raw/ocm/OCM-100229.json,https://openchargemap.org/site/poi/details/100229,False
100230,5.0,ChargePoint,Gawler Visitor Information Centre,Pioneer Place,Gawler,5118,-34.5964807070339,138.749830126762,Free,,Public,Operational,2018-02-21T06:28:00Z,2018-02-21 06:28:00+00:00,1.0,Open Charge Map Contributors,Licensed under Creative Commons Attribution 4.0 International (CC BY 4.0),data/raw/ocm/OCM-100230.json,https://openchargemap.org/site/poi/details/100230,False
100231,5.0,ChargePoint,Office Building car park,962 South Road,Edwardstown,5039,-34.9782827782779,138.573560714722,Free,A Chargepoint or ChargeNow card is needed to activate station.,Public,Not Operational,2019-01-09T10:11:00Z,2019-01-09 10:11:00+00:00,1.0,Open Charge Map Contributors,Licensed under Creative Commons Attribution 4.0 International (CC BY 4.0),data/raw/ocm/OCM-100231.json,https://openchargemap.org/site/poi/details/100231,False
100235,5.0,ChargePoint,Burnside Shopping Centre,Cator Street,Burnside,5065,-34.9423509694796,138.641946315765,Free,"Station in underground car park, available only during shopping hours.",Public,Operational,2018-02-20T14:34:00Z,2018-02-20 14:34:00+00:00,3.0,Open Charge Map Contributors,Licensed under Creative Commons Attribution 4.0 International (CC BY 4.0),data/raw/ocm/OCM-100235.json,https://openchargemap.org/site/poi/details/100235,False
100236,5.0,ChargePoint,Penneshaw Kangaroo Island,27 Middle Terrace,Penneshaw,5222,-35.7182945532347,137.938553094864,See website or phone for fees,Chargepoint card is needed for access,Public,Operational,2018-02-20T14:34:00Z,2018-02-20 14:34:00+00:00,1.0,Open Charge Map Contributors,Licensed under Creative Commons Attribution 4.0 International (CC BY 4.0),data/raw/ocm/OCM-100236.json,https://openchargemap.org/site/poi/details/100236,False
100237,5.0,ChargePoint,Kingscote Kangaroo Island,2 Murray Street,Kingscote,5223,-35.655587624348,137.638199329376,See Chargepoint website,Next to Commumity Hall. Chargepoint card is needed to activate.,Public,Operational,2018-02-20T14:34:00Z,2018-02-20 14:34:00+00:00,1.0,Open Charge Map Contributors,Licensed under Creative Commons Attribution 4.0 International (CC BY 4.0),data/raw/ocm/OCM-100237.json,https://openchargemap.org/site/poi/details/100237,False
100238,1.0,(unknown operator),Parndana Kangaroo Island,85 Wedgewood Road,Parndana,5220,-35.7913961145384,137.263805866241,See Chargepoint website for fees.,Chargepoint card is needed to activate,Public,Operational,2018-02-20T14:34:00Z,2018-02-20 14:34:00+00:00,1.0,Open Charge Map Contributors,Licensed under Creative Commons Attribution 4.0 International (CC BY 4.0),data/raw/ocm/OCM-100238.json,https://openchargemap.org/site/poi/details/100238,False
100239,5.0,ChargePoint,Gawler Council Administration Centre,41 High Street,Gawler East,5118,-34.597536084816,138.750350475311,Free,In car park. Chargepoint card is needed to activate,Public,Operational,2018-02-21T06:54:00Z,2018-02-21 06:54:00+00:00,2.0,Open Charge Map Contributors,Licensed under Creative Commons Attribution 4.0 International (CC BY 4.0),data/raw/ocm/OCM-100239.json,https://openchargemap.org/site/poi/details/100239,False
100240,23.0,Tesla,Fleurieu Automotive,56 Maude Street,Victor Harbour,5211,-35.5579131000237,138.600490093231,Free,,Public,Operational,2018-02-25T10:19:00Z,2018-02-25 10:19:00+00:00,1.0,Open Charge Map Contributors,Licensed under Creative Commons Attribution 4.0 International (CC BY 4.0),data/raw/ocm/OCM-100240.json,https://openchargemap.org/site/poi/details/100240,False
100271,1.0,(unknown operator),UPark on Grote Street,82 Grote Street,Adelaide,5000,-34.9282342045162,138.596016168594,Free,In car park above bus terminal. Turn right at top of ramp and go round to bays.,Public,Operational,2018-02-20T14:32:00Z,2018-02-20 14:32:00+00:00,2.0,Open Charge Map Contributors,Licensed under Creative Commons Attribution 4.0 International (CC BY 4.0),data/raw/ocm/OCM-100271.json,https://openchargemap.org/site/poi/details/100271,False
100310,3310.0,chargestar (au),Summit Community Centre,1 Crescent Drive,Norton Summit,5136,-34.9237435964961,138.72494995594,Free,In car park. A community vehicle charges here regularly. Use the Nextcharge app to activate the station.,Public,Operational,2018-02-22T09:55:00Z,2018-02-22 09:55:00+00:00,1.0,Open Charge Map Contributors,Licensed under Creative Commons Attribution 4.0 International (CC BY 4.0),data/raw/ocm/OCM-100310.json,https://openchargemap.org/site/poi/details/100310,False
100337,5.0,ChargePoint,Unley Nissan,284 Unley Road,Hyde Park,5061,-34.9561487480727,138.60754430294,Free,Station round corner in Esmond St. Improved access after business hours.,Public - Membership Required,Operational,2018-02-23T23:17:00Z,2018-02-23 23:17:00+00:00,1.0,Open Charge Map Contributors,Licensed under Creative Commons Attribution 4.0 International (CC BY 4.0),data/raw/ocm/OCM-100337.json,https://openchargemap.org/site/poi/details/100337,False
100338,5.0,ChargePoint,Organic Market and Cafe,5 Druid Avenue,Stirling East,5152,-35.0055123951571,138.716045022011,Free,Access to station is tight for large cars.,Public - Membership Required,Operational,2018-02-23T23:18:00Z,2018-02-23 23:18:00+00:00,1.0,Open Charge Map Contributors,Licensed under Creative Commons Attribution 4.0 International (CC BY 4.0),data/raw/ocm/OCM-100338.json,https://openchargemap.org/site/poi/details/100338,False
100339,5.0,ChargePoint,Tea Tree Plaza Transport Interchange Car Park,Smart Road ,Modbury,5092,-34.8311586377413,138.695129156113,Parking is $10/day. Fees for EV Charging are $2.80/hr with max $11.20.,Follow busway off Smart Road past TAFE college to car park entrance.,Public - Membership Required,Operational,2018-02-23T23:18:00Z,2018-02-23 23:18:00+00:00,2.0,Open Charge Map Contributors,Licensed under Creative Commons Attribution 4.0 International (CC BY 4.0),data/raw/ocm/OCM-100339.json,https://openchargemap.org/site/poi/details/100339,False
100340,1.0,(unknown operator),Adelaide Airport Terminal Car Park,Sir Richard Williams Avenue,Adelaide Airport,5950,-34.9377511939248,138.536149263382,Free,Stations are on Level 2 next to disability parking.,"Private - For Staff, Visitors or Customers",Operational,2018-02-27T02:27:00Z,2018-02-27 02:27:00+00:00,4.0,Open Charge Map Contributors,Licensed under Creative Commons Attribution 4.0 International (CC BY 4.0),data/raw/ocm/OCM-100340.json,https://openchargemap.org/site/poi/details/100340,False
100404,23.0,Tesla,Broadway Supercharger,1 Bay Street,Broadway,2007,-33.882995,151.194332,AUD 0.42/kWh;other tariffs for older cars,,Public - Membership Required,Operational,2025-03-21T01:01:00Z,2025-03-21 01:01:00+00:00,8.0,Open Charge Map Contributors,Licensed under Creative Commons Attribution 4.0 International (CC BY 4.0),data/raw/ocm/OCM-100404.json,https://openchargemap.org/site/poi/details/100404,True
105174,3317.0,queensland electric super highway,Cooroy Station,Elm Street,Cooroy,4563,-26.4178079482267,152.911369371053,AUD $00.45 / kWh,In train station carpark,Public,Operational,2023-07-17T13:15:00Z,2023-07-17 13:15:00+00:00,2.0,Open Charge Map Contributors,Licensed under Creative Commons Attribution 4.0 International (CC BY 4.0),data/raw/ocm/OCM-105174.json,https://openchargemap.org/site/poi/details/105174,True
105175,3317.0,queensland electric super highway,Maryborough QESH,102 Lennox Street,Maryborough,4650,-25.5395639,152.6987293,AUD $0.30 / kWh,,Public - Membership Required,Operational,2023-07-17T13:37:00Z,2023-07-17 13:37:00+00:00,2.0,Open Charge Map Contributors,Licensed under Creative Commons Attribution 4.0 International (CC BY 4.0),data/raw/ocm/OCM-105175.json,https://openchargemap.org/site/poi/details/105175,True
105176,3317.0,queensland electric super highway,Childers QESH,1-3 Crescent Street,Childers,4660,-25.235051698123705,152.27907294299166,$0.30 per kWh,,Public - Membership Required,Operational,2023-07-17T13:46:00Z,2023-07-17 13:46:00+00:00,2.0,Open Charge Map Contributors,Licensed under Creative Commons Attribution 4.0 International (CC BY 4.0),data/raw/ocm/OCM-105176.json,https://openchargemap.org/site/poi/details/105176,True
105177,3317.0,queensland electric super highway,Miriam Vale QESH,Blomfield Street,Miriam Vale,4677,-24.327315454004623,151.56053269510653,$0.30,,Public - Membership Required,Operational,2023-07-17T13:35:00Z,2023-07-17 13:35:00+00:00,2.0,Open Charge Map Contributors,Licensed under Creative Commons Attribution 4.0 International (CC BY 4.0),data/raw/ocm/OCM-105177.json,https://openchargemap.org/site/poi/details/105177,True
106815,45.0,(business owner at location),Charles Darwin University - Car Park Orange C,77 Lakeside Avenue,Darwin,0810,-12.374576,130.869764,Free,,Public,Operational,2018-07-02T11:11:00Z,2018-07-02 11:11:00+00:00,1.0,Open Charge Map Contributors,Licensed under Creative Commons Attribution 4.0 International (CC BY 4.0),data/raw/ocm/OCM-106815.json,https://openchargemap.org/site/poi/details/106815,False
106988,1.0,(unknown operator),Warmun Roadhouse,Great Northern Highway,Warmun,6743,-17.017009491078326,128.21695086556724,$0.44/kWh,,Public - Pay At Location,Operational,2023-07-25T10:33:00Z,2023-07-25 10:33:00+00:00,1.0,Open Charge Map Contributors,Licensed under Creative Commons Attribution 4.0 International (CC BY 4.0),data/raw/ocm/OCM-106988.json,https://openchargemap.org/site/poi/details/106988,False
106989,1.0,(unknown operator),Kununurra Agricultural Show Grounds,214 Coolibah Drive,Nulleywah,6743,-15.771180096780398,128.73165995397676,,To the right after entering main gate. Call the caretaker on main telephone number.,Public - Pay At Location,Operational,2021-01-02T21:29:00Z,2021-01-02 21:29:00+00:00,1.0,Open Charge Map Contributors,Licensed under Creative Commons Attribution 4.0 International (CC BY 4.0),data/raw/ocm/OCM-106989.json,https://openchargemap.org/site/poi/details/106989,False
106990,1.0,(unknown operator),Fitzroy Crossing BP Roadhouse,158 Great Northern Highway,Fitzroy Crossing,,-18.196713,125.5629255,,,Public - Pay At Location,Not Operational,2022-09-01T02:52:00Z,2022-09-01 02:52:00+00:00,1.0,Open Charge Map Contributors,Licensed under Creative Commons Attribution 4.0 International (CC BY 4.0),data/raw/ocm/OCM-106990.json,https://openchargemap.org/site/poi/details/106990,False
107003,45.0,(business owner at location),Kimberley Entrance Caravan Park,Rowan Street,,6728,-17.3073017,123.6264617,,,Public - Pay At Location,Operational,2018-07-12T19:38:00Z,2018-07-12 19:38:00+00:00,1.0,Open Charge Map Contributors,Licensed under Creative Commons Attribution 4.0 International (CC BY 4.0),data/raw/ocm/OCM-107003.json,https://openchargemap.org/site/poi/details/107003,False
107775,,,Adelaide Central Market,40-60 Gouger Street,Adelaide,5000,-34.9298933132088,138.597212856214,Free first hour then $0.20/kWh from 6am to 6pm Monday to Friday and then $0.10/kWh at all other times (Minimum fee of $1 applies after first hour),Level 1 - Enter the UPark car park from Grote Street - Turn left at the boom gates and follow aisle left and then straight ahead 100m to east. Look for the overhead indicator lights.,Public - Membership Required,Operational,2018-08-11T21:08:00Z,2018-08-11 21:08:00+00:00,11.0,Open Charge Map Contributors,Licensed under Creative Commons Attribution 4.0 International (CC BY 4.0),data/raw/ocm/OCM-107775.json,https://openchargemap.org/site/poi/details/107775,False
107776,,,"Rundle UPark, Adelaide",163-185 Rundle Street,Adelaide,5000,-34.9229265290754,138.605967586439,Free first hour then $0.20/kWh from 6am to 6pm Monday to Friday and then $0.10/kWh at all other times (Minimum fee of $1 applies after first hour),Level 3 - Enter from Rundle Street,Public - Membership Required,Operational,2018-08-11T21:08:00Z,2018-08-11 21:08:00+00:00,11.0,Open Charge Map Contributors,Licensed under Creative Commons Attribution 4.0 International (CC BY 4.0),data/raw/ocm/OCM-107776.json,https://openchargemap.org/site/poi/details/107776,False
107777,,,"Hindmarsh Square, Adelaide",47 Hindmarsh Square,Adelaide,5000,-34.9244219745177,138.604937618177,Free first hour then $0.20/kWh from 6am to 6pm Monday to Friday and then $0.10/kWh at all other times (Minimum fee of $1 applies after first hour),Western side on corner of Hindmarsh Square and Grenfell Street,Public - Membership Required,Operational,2018-08-11T21:08:00Z,2018-08-11 21:08:00+00:00,2.0,Open Charge Map Contributors,Licensed under Creative Commons Attribution 4.0 International (CC BY 4.0),data/raw/ocm/OCM-107777.json,https://openchargemap.org/site/poi/details/107777,False
107778,,,"Wyatt UPark, Adelaide",18-34 Wyatt Street,Adelaide,5000,-34.9250025518746,138.604250972669,Free first hour then $0.20/kWh from 6am to 6pm Monday to Friday and then $0.10/kWh at all other times,Go up to Level 5 and then go down eastern ramp and they are located on this mezzanine floor,Public - Membership Required,Operational,2018-08-11T21:09:00Z,2018-08-11 21:09:00+00:00,4.0,Open Charge Map Contributors,Licensed under Creative Commons Attribution 4.0 International (CC BY 4.0),data/raw/ocm/OCM-107778.json,https://openchargemap.org/site/poi/details/107778,False
107779,,,"Light Square, Adelaide",70 Light Square,Adelaide,5000,-34.9255343,138.5946563,Free first hour then $0.20/kWh from 6am to 6pm Monday to Friday and then $0.10/kWh at all other times (Minimum fee of $1 applies after first hour),,Public - Membership Required,Operational,2018-08-11T21:08:00Z,2018-08-11 21:08:00+00:00,2.0,Open Charge Map Contributors,Licensed under Creative Commons Attribution 4.0 International (CC BY 4.0),data/raw/ocm/OCM-107779.json,https://openchargemap.org/site/poi/details/107779,False
107780,,,"Topham UPark, Adelaide",52-54 Waymouth Street,Adelaide,5000,-34.9255831251237,138.597405975263,Free first hour then $0.20/kWh from 6am to 6pm Monday to Friday and then $0.10/kWh at all other times (Minimum fee of $1 applies after first hour),Access via Waymouth Street entry to UPark car park. Located on level 3 southern (Waymouth Street) side of car park ahead of up ramp,Public - Membership Required,Operational,2018-08-11T21:08:00Z,2018-08-11 21:08:00+00:00,4.0,Open Charge Map Contributors,Licensed under Creative Commons Attribution 4.0 International (CC BY 4.0),data/raw/ocm/OCM-107780.json,https://openchargemap.org/site/poi/details/107780,False
107781,,,"Jerningham Street, North Adelaide",61 Jerningham Street,North Adelaide,5006,-34.9074752234107,138.605518610603,Free first hour then $0.20/kWh from 6am to 6pm Monday to Friday and then $0.10/kWh at all other times (Minimum fee of $1 applies after first hour),Chargefox 1300 518 038,Public - Membership Required,Operational,2018-08-11T21:08:00Z,2018-08-11 21:08:00+00:00,2.0,Open Charge Map Contributors,Licensed under Creative Commons Attribution 4.0 International (CC BY 4.0),data/raw/ocm/OCM-107781.json,https://openchargemap.org/site/poi/details/107781,False
109340,3534.0,Tesla,Narooma Supercharger,185 Princes Highway,Narooma,,-36.223136,150.128346,AUD 0.42/kWh;other tariffs for older cars,,Public - Membership Required,Operational,2023-08-30T06:15:00Z,2023-08-30 06:15:00+00:00,4.0,Open Charge Map Contributors,Licensed under Creative Commons Attribution 4.0 International (CC BY 4.0),data/raw/ocm/OCM-109340.json,https://openchargemap.org/site/poi/details/109340,True
113602,23.0,Tesla,Tamworth Supercharger,West Tamworth League Club,Tamworth,2340,-31.1016479615861,150.9173432295,AUD 0.42/kWh;other tariffs for older cars,,Public,Operational,2019-03-22T18:24:00Z,2019-03-22 18:24:00+00:00,4.0,Open Charge Map Contributors,Licensed under Creative Commons Attribution 4.0 International (CC BY 4.0),data/raw/ocm/OCM-113602.json,https://openchargemap.org/site/poi/details/113602,True
113821,23.0,Tesla,Gold Coast Supercharger,2 Hooker BLVD,Gold Coast,,-28.035361,153.427306,AUD 0.42/kWh;other tariffs for older cars,,Public - Membership Required,Operational,2019-03-22T18:26:00Z,2019-03-22 18:26:00+00:00,8.0,Open Charge Map Contributors,Licensed under Creative Commons Attribution 4.0 International (CC BY 4.0),data/raw/ocm/OCM-113821.json,https://openchargemap.org/site/poi/details/113821,True
113903,23.0,Tesla,Canberra Supercharger,Catalina Drive,Majura Park,2609,-35.294304,149.190322,AUD 0.42/kWh;other tariffs for older cars,,Public - Membership Required,Operational,2019-03-22T18:24:00Z,2019-03-22 18:24:00+00:00,6.0,Open Charge Map Contributors,Licensed under Creative Commons Attribution 4.0 International (CC BY 4.0),data/raw/ocm/OCM-113903.json,https://openchargemap.org/site/poi/details/113903,True
114101,23.0,Tesla,Maroochydore Supercharger,154-164 Horton Parade,Maroochydore,,-26.654159,153.087171,AUD 0.42/kWh;other tariffs for older cars,,Public - Membership Required,Operational,2019-03-22T18:58:00Z,2019-03-22 18:58:00+00:00,6.0,Open Charge Map Contributors,Licensed under Creative Commons Attribution 4.0 International (CC BY 4.0),data/raw/ocm/OCM-114101.json,https://openchargemap.org/site/poi/details/114101,True
114487,3310.0,chargestar (au),Murray Bridge Visitor Information Centre,2 Seventh Street ,Murray Bridge,5253,-35.1203280440309,139.276326843254,Free,In car park. Available 24/7.,Public,Operational,2019-01-09T10:09:00Z,2019-01-09 10:09:00+00:00,4.0,Open Charge Map Contributors,Licensed under Creative Commons Attribution 4.0 International (CC BY 4.0),data/raw/ocm/OCM-114487.json,https://openchargemap.org/site/poi/details/114487,False
114996,3339.0,Chargefox,Sea Gypsy Boutique Cafe,Somerville Street,Burnett Heads,4670,-24.7635262364691,152.406376500262,Free,,Public - Membership Required,Operational,2023-08-31T11:10:00Z,2023-08-31 11:10:00+00:00,1.0,Open Charge Map Contributors,Licensed under Creative Commons Attribution 4.0 International (CC BY 4.0),data/raw/ocm/OCM-114996.json,https://openchargemap.org/site/poi/details/114996,True
116846,1.0,(unknown operator),Albany Highway,Albany Highway,Perth,6107,-32.01768180025333,115.93733402246494,,,"Private - For Staff, Visitors or Customers",Operational,2019-02-15T09:16:00Z,2019-02-15 09:16:00+00:00,1.0,Open Charge Map Contributors,Licensed under Creative Commons Attribution 4.0 International (CC BY 4.0),data/raw/ocm/OCM-116846.json,https://openchargemap.org/site/poi/details/116846,False
116989,3317.0,queensland electric super highway,North Shore Hamilton Station [QLD Electric Superhighway],281 MacArthur Ave,Hamilton,4007,-27.4443374840838,153.083977603349,0,,Public,Operational,2023-07-17T13:44:00Z,2023-07-17 13:44:00+00:00,2.0,Open Charge Map Contributors,Licensed under Creative Commons Attribution 4.0 International (CC BY 4.0),data/raw/ocm/OCM-116989.json,https://openchargemap.org/site/poi/details/116989,True
121546,3534.0,Tesla,Dubbo Supercharger [Tesla],76 Wingewarra Street,Dubbo,2830,-32.24995,148.609182,$0.52/kWh,,Public - Membership Required,Operational,2023-08-30T06:19:00Z,2023-08-30 06:19:00+00:00,4.0,Open Charge Map Contributors,Licensed under Creative Commons Attribution 4.0 International (CC BY 4.0),data/raw/ocm/OCM-121546.json,https://openchargemap.org/site/poi/details/121546,True
121552,3534.0,Tesla,Bathurst Supercharger,1 Kendall Ave,Bathurst,,-33.41910934956461,149.58664011817848,AUD 0.66/kWh;other tariffs for older cars,,Public - Membership Required,Operational,2023-06-06T12:12:00Z,2023-06-06 12:12:00+00:00,6.0,Open Charge Map Contributors,Licensed under Creative Commons Attribution 4.0 International (CC BY 4.0),data/raw/ocm/OCM-121552.json,https://openchargemap.org/site/poi/details/121552,True
125734,45.0,(business owner at location),Hobart Central Car Park,60 Melville St,Hobart,7000,-42.8812069603813,147.324060134641,Free,Available during car park opening hours on weekdays only (7:45am – 6.30 pm),Public,Operational,2019-04-26T09:29:00Z,2019-04-26 09:29:00+00:00,2.0,Open Charge Map Contributors,Licensed under Creative Commons Attribution 4.0 International (CC BY 4.0),data/raw/ocm/OCM-125734.json,https://openchargemap.org/site/poi/details/125734,False
125885,45.0,(business owner at location),Macquarie Point Car Park,10 Evans St,Hobart,7000,-42.880712589104,147.337127709596,Free (usual parking charges apply),Access road to car park is on the east side of the Hobart Brewing Company building,Public,Operational,2019-05-03T22:57:00Z,2019-05-03 22:57:00+00:00,2.0,Open Charge Map Contributors,Licensed under Creative Commons Attribution 4.0 International (CC BY 4.0),data/raw/ocm/OCM-125885.json,https://openchargemap.org/site/poi/details/125885,False
126130,3388.0,NRMA,Narrandera Marie Bashir Park [NRMA],31 Twynam Street,Narrandera,2700,-34.74657009261118,146.55023922868645,$0.66/kWh,,Public - Membership Required,Operational,2024-11-12T12:09:00Z,2024-11-12 12:09:00+00:00,1.0,Open Charge Map Contributors,Licensed under Creative Commons Attribution 4.0 International (CC BY 4.0),data/raw/ocm/OCM-126130.json,https://openchargemap.org/site/poi/details/126130,True
126235,3339.0,Chargefox,Paterson St East Car Park,15 Paterson Street,Launceston,7250,-41.4359929336476,147.139492094509,AUD 0.50 per kWh,Available during car park opening hours - https://www.launceston.tas.gov.au/Built-Environment-and-Parking/Parking,Public,Operational,2023-07-13T07:45:00Z,2023-07-13 07:45:00+00:00,2.0,Open Charge Map Contributors,Licensed under Creative Commons Attribution 4.0 International (CC BY 4.0),data/raw/ocm/OCM-126235.json,https://openchargemap.org/site/poi/details/126235,True
126300,3339.0,Chargefox,Chargefox - Euroa,Euroa Service Centre,Euroa,3666,-36.7430554636255,145.59112372251286,,,Public,Operational,2025-04-19T06:46:00Z,2025-04-19 06:46:00+00:00,4.0,Open Charge Map Contributors,Licensed under Creative Commons Attribution 4.0 International (CC BY 4.0),data/raw/ocm/OCM-126300.json,https://openchargemap.org/site/poi/details/126300,True
126602,3339.0,Chargefox,Chargefox - Barnawartha North,Murray Valley Hwy,Barnawartha North,3690,-36.0741629913788,146.72714760942472,AUD 0.65/kWh,,Public,Operational,2023-09-17T23:55:00Z,2023-09-17 23:55:00+00:00,4.0,Open Charge Map Contributors,Licensed under Creative Commons Attribution 4.0 International (CC BY 4.0),data/raw/ocm/OCM-126602.json,https://openchargemap.org/site/poi/details/126602,True
126610,1.0,(unknown operator),Mount Field Visitor Centre,66 Lake Dobson Road,National Park,7140,-42.681838541884,146.716543290624,"Free (national park entry fees apply), donation requested","Cabinet is open; Cables (Type 1 and Type 2) available to borrow (or you can use your own) but the key is required to access the cabinet in any case.Visitor Centre is typically open during business hours, 7 days a week.The space in front of the charger is not reserved for EVs, but is marked ""15 minute parking only, unless charging""",Public,Operational,2026-01-11T22:51:00Z,2026-01-11 22:51:00+00:00,1.0,Open Charge Map Contributors,Licensed under Creative Commons Attribution 4.0 International (CC BY 4.0),data/raw/ocm/OCM-126610.json,https://openchargemap.org/site/poi/details/126610,False
126711,3339.0,Chargefox,Greensborough Plaza,25 Main St,Greensborough,3088,-37.7021622916574,145.102334661124,Free,,Public,Operational,2023-07-13T23:38:00Z,2023-07-13 23:38:00+00:00,4.0,Open Charge Map Contributors,Licensed under Creative Commons Attribution 4.0 International (CC BY 4.0),data/raw/ocm/OCM-126711.json,https://openchargemap.org/site/poi/details/126711,False
128195,5.0,ChargePoint,PCYC Car Park,Civic Parade,Dee Why,2099,-33.75028109544636,151.28666346345153,Free,"This is the Northern Beaches Council Car Park, with PCYC above. EO chargers are Level 1 of car park just near entrance, Tesla and old chargepoint charger down on level 2.",Public - Membership Required,Operational,2021-11-17T09:59:00Z,2021-11-17 09:59:00+00:00,2.0,Open Charge Map Contributors,Licensed under Creative Commons Attribution 4.0 International (CC BY 4.0),data/raw/ocm/OCM-128195.json,https://openchargemap.org/site/poi/details/128195,False
128371,23.0,Tesla,Central Coast Supercharger [Tesla],Bryant Drive & Wyong Road,Tuggerah,,-33.309014,151.421114,$0.52/kWh,,Public - Membership Required,Operational,2021-12-19T02:09:00Z,2021-12-19 02:09:00+00:00,6.0,Open Charge Map Contributors,Licensed under Creative Commons Attribution 4.0 International (CC BY 4.0),data/raw/ocm/OCM-128371.json,https://openchargemap.org/site/poi/details/128371,True
128374,3534.0,Tesla,Berry Supercharger,B640 Princes Highway,Berry,,-34.808254,150.636711,AUD 0.42/kWh;other tariffs for older cars,,Public - Membership Required,Operational,2023-08-30T06:17:00Z,2023-08-30 06:17:00+00:00,6.0,Open Charge Map Contributors,Licensed under Creative Commons Attribution 4.0 International (CC BY 4.0),data/raw/ocm/OCM-128374.json,https://openchargemap.org/site/poi/details/128374,True
128458,45.0,(business owner at location),Gillies Street North,Gillies Street North,Ballarat,3355,-37.535211492512,143.823742199547,Free,,Public,Operational,2019-06-26T17:40:00Z,2019-06-26 17:40:00+00:00,2.0,Open Charge Map Contributors,Licensed under Creative Commons Attribution 4.0 International (CC BY 4.0),data/raw/ocm/OCM-128458.json,https://openchargemap.org/site/poi/details/128458,False
128500,23.0,Tesla,Frosty Mango,Bruce Highway,Mutarnee,,-18.9477734155894,146.27998683444,Free,,"Private - For Staff, Visitors or Customers",Unknown,2019-07-16T05:31:00Z,2019-07-16 05:31:00+00:00,2.0,Open Charge Map Contributors,Licensed under Creative Commons Attribution 4.0 International (CC BY 4.0),data/raw/ocm/OCM-128500.json,https://openchargemap.org/site/poi/details/128500,False
129973,23.0,Tesla,Ovens Supercharger,4994 Great Alpine RD,Ovens,,-36.587007,146.759301,AUD 0.42/kWh;other tariffs for older cars,,Public - Membership Required,Operational,2019-07-30T09:30:00Z,2019-07-30 09:30:00+00:00,4.0,Open Charge Map Contributors,Licensed under Creative Commons Attribution 4.0 International (CC BY 4.0),data/raw/ocm/OCM-129973.json,https://openchargemap.org/site/poi/details/129973,True
129982,3534.0,Tesla,Hollydene Supercharger [Tesla],3483 Golden Hwy,Jerry's Plains,,-32.447359,150.83232,$0.52/kWh,,Public - Membership Required,Operational,2023-08-30T06:19:00Z,2023-08-30 06:19:00+00:00,6.0,Open Charge Map Contributors,Licensed under Creative Commons Attribution 4.0 International (CC BY 4.0),data/raw/ocm/OCM-129982.json,https://openchargemap.org/site/poi/details/129982,True
130686,45.0,(business owner at location),Tastebuds Tesla Charger,Mona Vale Road,Sydney,2084,-33.6893362215631,151.224097191251,,To the right of the Tastebuds cafe on the side closest to Mona Vale Road.,"Private - For Staff, Visitors or Customers",Operational,2019-08-11T10:32:00Z,2019-08-11 10:32:00+00:00,2.0,Open Charge Map Contributors,Licensed under Creative Commons Attribution 4.0 International (CC BY 4.0),data/raw/ocm/OCM-130686.json,https://openchargemap.org/site/poi/details/130686,False
131201,3339.0,Chargefox,Forest Hill Chase Shopping Centre,Pacific Way,Forest Hill,3131,-37.835025723717706,145.1632775004582,Free,NW corner of Coles. Enter via Pacific Way (west of shopping centre) and turn left into GREEN ground level covered carpark. Make another left turn inside the carpark and you’re there. Need own cable and Chargefox RFID card!,Public,Operational,2023-09-28T21:52:00Z,2023-09-28 21:52:00+00:00,2.0,Open Charge Map Contributors,Licensed under Creative Commons Attribution 4.0 International (CC BY 4.0),data/raw/ocm/OCM-131201.json,https://openchargemap.org/site/poi/details/131201,False
131563,45.0,(business owner at location),Jax EV @ Warrawong Plaza,Corner King St & Cowper Street,Warrawong,2502,-34.4868830425302,150.890772967401,Free,Western wall of JAX Tyres on the rooftop car park,Public,Not Operational,2021-12-17T03:48:00Z,2021-12-17 03:48:00+00:00,2.0,Open Charge Map Contributors,Licensed under Creative Commons Attribution 4.0 International (CC BY 4.0),data/raw/ocm/OCM-131563.json,https://openchargemap.org/site/poi/details/131563,False
131564,,,Figtree Grove Shopping Centre ,The Avenue,Figtree ,2525,-34.43743163189117,150.86340370780567,Free,Enter via the Eastern traffic lights off The Avenue,Public,Operational,2023-07-13T23:36:00Z,2023-07-13 23:36:00+00:00,2.0,Open Charge Map Contributors,Licensed under Creative Commons Attribution 4.0 International (CC BY 4.0),data/raw/ocm/OCM-131564.json,https://openchargemap.org/site/poi/details/131564,False
131610,3339.0,Chargefox,Innovation Campus - University of Wollongong,Off Innovation Way,North Wollongong,2500,-34.40010718082921,150.8996891900606,Free,Turn East off Innovation Way on the North side of the Sustainable Buildings Research Centre - Building 237,Public,Operational,2024-07-30T05:30:00Z,2024-07-30 05:30:00+00:00,2.0,Open Charge Map Contributors,Licensed under Creative Commons Attribution 4.0 International (CC BY 4.0),data/raw/ocm/OCM-131610.json,https://openchargemap.org/site/poi/details/131610,True
131841,45.0,(business owner at location),Wollongong Central - P1 Basement Car Park,71 Market Street,Wollongong ,2500,-34.4233979669063,150.892280394333,Free,,Public,Operational,2025-08-25T07:52:00Z,2025-08-25 07:52:00+00:00,0.0,Open Charge Map Contributors,Licensed under Creative Commons Attribution 4.0 International (CC BY 4.0),data/raw/ocm/OCM-131841.json,https://openchargemap.org/site/poi/details/131841,False
131881,5.0,ChargePoint,Stockland Shellharbour Shopping Centre ( Shellharbour Square) - West,Lamerton Crescent,Shellharbour City Centre,2529,-34.563672909556324,150.83831953671825,Free,Roof top car park,Public,Partly Operational (Mixed),2021-12-23T12:46:00Z,2021-12-23 12:46:00+00:00,2.0,Open Charge Map Contributors,Licensed under Creative Commons Attribution 4.0 International (CC BY 4.0),data/raw/ocm/OCM-131881.json,https://openchargemap.org/site/poi/details/131881,False
131895,23.0,Tesla,Stockland,211 Lake Entrance Road,Shellharbour City Centre,2529,-34.5636660185915,150.838163461777,Free,,Public,Partly Operational (Mixed),2021-12-23T12:47:00Z,2021-12-23 12:47:00+00:00,2.0,Open Charge Map Contributors,Licensed under Creative Commons Attribution 4.0 International (CC BY 4.0),data/raw/ocm/OCM-131895.json,https://openchargemap.org/site/poi/details/131895,False
132346,45.0,(business owner at location),Huonville Council Car Park,23 Main St,Huonville,7109,-43.0295087004578,147.048364455859,,,Public,Operational,2019-09-27T07:30:00Z,2019-09-27 07:30:00+00:00,1.0,Open Charge Map Contributors,Licensed under Creative Commons Attribution 4.0 International (CC BY 4.0),data/raw/ocm/OCM-132346.json,https://openchargemap.org/site/poi/details/132346,False
132347,45.0,(business owner at location),Great Western Tiers Visitor Centre,98 Emu Bay Rd,Deloraine,7304,-41.5235226403948,146.651256368762,,,Public,Operational,2019-09-27T07:30:00Z,2019-09-27 07:30:00+00:00,1.0,Open Charge Map Contributors,Licensed under Creative Commons Attribution 4.0 International (CC BY 4.0),data/raw/ocm/OCM-132347.json,https://openchargemap.org/site/poi/details/132347,False
132348,3310.0,chargestar (au),Mood Food Kempton,3001 Midland Hwy,Kempton,7030,-42.5132541040641,147.189112740537,,24/7,Public - Membership Required,Operational,2021-01-24T02:15:00Z,2021-01-24 02:15:00+00:00,1.0,Open Charge Map Contributors,Licensed under Creative Commons Attribution 4.0 International (CC BY 4.0),data/raw/ocm/OCM-132348.json,https://openchargemap.org/site/poi/details/132348,True
132448,3339.0,Chargefox,Alkimos Shopping Center ,35 Gouldian Circuit,City of Wanneroo,6036,-31.620443448912305,115.68685197927107,$0.27 per kWh,,Public,Operational,2023-07-13T23:35:00Z,2023-07-13 23:35:00+00:00,2.0,Open Charge Map Contributors,Licensed under Creative Commons Attribution 4.0 International (CC BY 4.0),data/raw/ocm/OCM-132448.json,https://openchargemap.org/site/poi/details/132448,False
132642,45.0,(business owner at location),McDonald's,Hartung Lane West,Perth,6073,-31.9008869,116.163497,,"EvLink station, requires BYO type 2 cable.",Public,Not Operational,2024-09-09T07:07:00Z,2024-09-09 07:07:00+00:00,1.0,Open Charge Map Contributors,Licensed under Creative Commons Attribution 4.0 International (CC BY 4.0),data/raw/ocm/OCM-132642.json,https://openchargemap.org/site/poi/details/132642,False
133061,3534.0,Tesla,Bendigo Supercharger,Condon Street,Bendigo,3550,-36.77496868897465,144.30643505198395,AUD 0.42/kWh;other tariffs for older cars,,Public - Membership Required,Operational,2025-10-12T01:24:00Z,2025-10-12 01:24:00+00:00,6.0,Open Charge Map Contributors,Licensed under Creative Commons Attribution 4.0 International (CC BY 4.0),data/raw/ocm/OCM-133061.json,https://openchargemap.org/site/poi/details/133061,True
133760,5.0,ChargePoint,Woolworths Prestons,Corfield Road,Sydney,2170,-33.9521597232138,150.855589807906,Free,,Public,Operational,2019-12-08T11:44:00Z,2019-12-08 11:44:00+00:00,4.0,Open Charge Map Contributors,Licensed under Creative Commons Attribution 4.0 International (CC BY 4.0),data/raw/ocm/OCM-133760.json,https://openchargemap.org/site/poi/details/133760,False
134363,23.0,Tesla,McCarthy Prestige,Gugeri Street,Perth,6010,-31.979331,115.78509,Free,,Public,Not Operational,2022-06-01T23:46:00Z,2022-06-01 23:46:00+00:00,1.0,Open Charge Map Contributors,Licensed under Creative Commons Attribution 4.0 International (CC BY 4.0),data/raw/ocm/OCM-134363.json,https://openchargemap.org/site/poi/details/134363,False
135413,1.0,(unknown operator),River Street Car Park,Cnr River Street and Princess Street,Macksville,2447,-30.705982487531593,152.9193924982759,Free,Exit the roundabout into the riverside car park.,Public,Operational,2019-12-20T08:52:00Z,2019-12-20 08:52:00+00:00,1.0,Open Charge Map Contributors,Licensed under Creative Commons Attribution 4.0 International (CC BY 4.0),data/raw/ocm/OCM-135413.json,https://openchargemap.org/site/poi/details/135413,False
135414,1.0,(unknown operator),Ridge Street Parking,23 Ridge Street,Nambucca Heads,2448,-30.642316,153.003713,Free,"Street curbside parking, westbound, outside entrance to Nambucca Heads Library",Public,Operational,2019-12-20T08:51:00Z,2019-12-20 08:51:00+00:00,1.0,Open Charge Map Contributors,Licensed under Creative Commons Attribution 4.0 International (CC BY 4.0),data/raw/ocm/OCM-135414.json,https://openchargemap.org/site/poi/details/135414,False
135438,45.0,(business owner at location),Stokes and Renk,299 Hay Street,Perth,6008,-31.9471073397873,115.82908593542061,Free,,"Private - For Staff, Visitors or Customers",Operational,2019-12-21T00:15:00Z,2019-12-21 00:15:00+00:00,1.0,Open Charge Map Contributors,Licensed under Creative Commons Attribution 4.0 International (CC BY 4.0),data/raw/ocm/OCM-135438.json,https://openchargemap.org/site/poi/details/135438,False
148039,3622.0,Exploren,Floreat Beach - The Kiosk,West Coast Highway,Perth,6015,-31.929295412938984,115.75608933968465,$0.28 per kWh,Next to surf lifesaving building,Public - Membership Required,Operational,2026-04-03T04:03:00Z,2026-04-03 04:03:00+00:00,2.0,Open Charge Map Contributors,Licensed under Creative Commons Attribution 4.0 International (CC BY 4.0),data/raw/ocm/OCM-148039.json,https://openchargemap.org/site/poi/details/148039,False
148040,3298.0,eo charging,Leederville Memorial Gardens,Cambridge Street,Perth,6007,-31.94026371815405,115.83768103158661,See EO app,,Public - Membership Required,Operational,2021-10-13T05:56:00Z,2021-10-13 05:56:00+00:00,2.0,Open Charge Map Contributors,Licensed under Creative Commons Attribution 4.0 International (CC BY 4.0),data/raw/ocm/OCM-148040.json,https://openchargemap.org/site/poi/details/148040,False
148048,3298.0,eo charging,Toodyay Shire,Duke Street North,Toodyay,6566,-31.55077625511821,116.46758905677257,See EO app,,Public - Membership Required,Operational,2026-03-06T04:00:00Z,2026-03-06 04:00:00+00:00,2.0,Open Charge Map Contributors,Licensed under Creative Commons Attribution 4.0 International (CC BY 4.0),data/raw/ocm/OCM-148048.json,https://openchargemap.org/site/poi/details/148048,False
148049,1.0,(unknown operator),Goomalling Railway Station,Railway Terrace,Goomalling,6460,-31.297932355982823,116.82735840901171,,,Public,Operational,2025-12-04T08:37:00Z,2025-12-04 08:37:00+00:00,2.0,Open Charge Map Contributors,Licensed under Creative Commons Attribution 4.0 International (CC BY 4.0),data/raw/ocm/OCM-148049.json,https://openchargemap.org/site/poi/details/148049,True
148050,3339.0,Chargefox,Primewest Gwelup,707 North Beach Road,Gwelup,6018,-31.87637320132322,115.79758574847699,$0.45 per kWh,,Public - Membership Required,Operational,2025-08-09T09:32:00Z,2025-08-09 09:32:00+00:00,1.0,Open Charge Map Contributors,Licensed under Creative Commons Attribution 4.0 International (CC BY 4.0),data/raw/ocm/OCM-148050.json,https://openchargemap.org/site/poi/details/148050,False
148057,45.0,(business owner at location),Wild West Hyundai,Automotive Drive,Joondalup,6065,-31.795188,115.815028,,,"Private - For Staff, Visitors or Customers",Operational,2020-01-24T07:54:00Z,2020-01-24 07:54:00+00:00,2.0,Open Charge Map Contributors,Licensed under Creative Commons Attribution 4.0 International (CC BY 4.0),data/raw/ocm/OCM-148057.json,https://openchargemap.org/site/poi/details/148057,False
148058,45.0,(business owner at location),EV Works,10 Wem La,Joondalup,6065,-31.804428385948206,115.837026652119,,,"Private - For Staff, Visitors or Customers",Operational,2020-01-24T08:00:00Z,2020-01-24 08:00:00+00:00,1.0,Open Charge Map Contributors,Licensed under Creative Commons Attribution 4.0 International (CC BY 4.0),data/raw/ocm/OCM-148058.json,https://openchargemap.org/site/poi/details/148058,False
148059,45.0,(business owner at location),Wanneroo Civic Centre,23 Dundebar Road,Wanneroo,6065,-31.748960847062506,115.80648266974981,Free,,Public,Operational,2021-10-13T06:00:00Z,2021-10-13 06:00:00+00:00,2.0,Open Charge Map Contributors,Licensed under Creative Commons Attribution 4.0 International (CC BY 4.0),data/raw/ocm/OCM-148059.json,https://openchargemap.org/site/poi/details/148059,False
148115,3339.0,Chargefox,Horizon Power Bentley Head Office,18 Brodie-Hall Drive,Bentley,6102,-31.995196035136118,115.89250825694853,Free,,Public - Membership Required,Operational,2023-07-13T23:29:00Z,2023-07-13 23:29:00+00:00,1.0,Open Charge Map Contributors,Licensed under Creative Commons Attribution 4.0 International (CC BY 4.0),data/raw/ocm/OCM-148115.json,https://openchargemap.org/site/poi/details/148115,False
148118,3339.0,Chargefox,Bayshore Drive,Bayshore Drive,Ewingsdale,2481,-28.631451697887982,153.5823891501135,Free,,Public,Operational,2023-07-13T23:23:00Z,2023-07-13 23:23:00+00:00,2.0,Open Charge Map Contributors,Licensed under Creative Commons Attribution 4.0 International (CC BY 4.0),data/raw/ocm/OCM-148118.json,https://openchargemap.org/site/poi/details/148118,False
148393,23.0,Tesla,Williams Woolshed,101 Albany Highway,Williams,6391,-33.0251679447563,116.878630733403,$0.50 / kWh for non Woolshed customers,,Public - Notice Required,Not Operational,2023-09-15T12:10:00Z,2023-09-15 12:10:00+00:00,1.0,Open Charge Map Contributors,Licensed under Creative Commons Attribution 4.0 International (CC BY 4.0),data/raw/ocm/OCM-148393.json,https://openchargemap.org/site/poi/details/148393,False
148394,3310.0,chargestar (au),Brookton Roadhouse,83 Brookton Highway (SR 40),Brookton,6306,-32.36587280589187,117.00898342794426,$0.45 / kWh,,Public,Operational,2021-10-13T05:55:00Z,2021-10-13 05:55:00+00:00,1.0,Open Charge Map Contributors,Licensed under Creative Commons Attribution 4.0 International (CC BY 4.0),data/raw/ocm/OCM-148394.json,https://openchargemap.org/site/poi/details/148394,False
148518,1.0,(unknown operator),Cockburn City,Rockingham Road,Spearwood,,-32.10025888377409,115.78420217798998,Free,,Public,Operational,2024-11-06T08:16:00Z,2024-11-06 08:16:00+00:00,2.0,Open Charge Map Contributors,Licensed under Creative Commons Attribution 4.0 International (CC BY 4.0),data/raw/ocm/OCM-148518.json,https://openchargemap.org/site/poi/details/148518,False
148535,3310.0,chargestar (au),Bridgetown Shire,1 Spencer St,Bridgetown,6255,-33.959312716778186,116.13826934719259,$0.45/kWh,,Public - Membership Required,Not Operational,2025-12-14T08:33:00Z,2025-12-14 08:33:00+00:00,1.0,Open Charge Map Contributors,Licensed under Creative Commons Attribution 4.0 International (CC BY 4.0),data/raw/ocm/OCM-148535.json,https://openchargemap.org/site/poi/details/148535,True
148545,3388.0,NRMA,Wallsend [NRMA],76 Cowper Street,Wallsend,2287,-32.90294720367186,151.66968441053905,Currently free but will be fee at some point.,,Public,Operational,2021-12-19T02:07:00Z,2021-12-19 02:07:00+00:00,1.0,Open Charge Map Contributors,Licensed under Creative Commons Attribution 4.0 International (CC BY 4.0),data/raw/ocm/OCM-148545.json,https://openchargemap.org/site/poi/details/148545,True
149179,3339.0,Chargefox,McDonald's Drive-Thru Armadale,McDonald's Drive-Thru,Armadale,6111,-32.15002076557034,116.01893455966706,$0.20 per kWh,In the McDonald's car park.,Public - Membership Required,Operational,2023-07-13T23:16:00Z,2023-07-13 23:16:00+00:00,2.0,Open Charge Map Contributors,Licensed under Creative Commons Attribution 4.0 International (CC BY 4.0),data/raw/ocm/OCM-149179.json,https://openchargemap.org/site/poi/details/149179,False
149219,3339.0,Chargefox,Chargefox Kings Meadows,Meadow Mews Plaza,Kings Meadows,7249,-41.468256846135944,147.158722496525,AUD 0.65 per kWh,,Public - Pay At Location,Operational,2023-07-13T07:46:00Z,2023-07-13 07:46:00+00:00,2.0,Open Charge Map Contributors,Licensed under Creative Commons Attribution 4.0 International (CC BY 4.0),data/raw/ocm/OCM-149219.json,https://openchargemap.org/site/poi/details/149219,True
149456,3775.0,ChargeHub,Boddington Shire,33 Bannister Road,Boddington,6390,-32.801926832445744,116.47539431242421,"$0.45 per kWh, may vary. See chargehub app.",,Public,Operational,2024-04-12T09:55:00Z,2024-04-12 09:55:00+00:00,2.0,Open Charge Map Contributors,Licensed under Creative Commons Attribution 4.0 International (CC BY 4.0),data/raw/ocm/OCM-149456.json,https://openchargemap.org/site/poi/details/149456,False
149466,,,Northern Festival Centre,105-107 Gertrude St,Port Pirie,5540,-33.179316696241735,138.00736879304156,,,Public,Operational,2020-02-28T07:52:00Z,2020-02-28 07:52:00+00:00,1.0,Open Charge Map Contributors,Licensed under Creative Commons Attribution 4.0 International (CC BY 4.0),data/raw/ocm/OCM-149466.json,https://openchargemap.org/site/poi/details/149466,False
149622,3339.0,Chargefox,Chargefox Keith,14 Dukes Hwy,Keith,5267,-36.105205,140.3619871,,,Public - Pay At Location,Operational,2023-07-13T06:20:00Z,2023-07-13 06:20:00+00:00,2.0,Open Charge Map Contributors,Licensed under Creative Commons Attribution 4.0 International (CC BY 4.0),data/raw/ocm/OCM-149622.json,https://openchargemap.org/site/poi/details/149622,True
149817,3534.0,Tesla,Toowoomba Supercharger,254 South St.,Toowoomba,4350,-27.578133,151.947179,AUD 0.42/kWh;other tariffs for older cars,,Public - Membership Required,Operational,2023-08-30T06:21:00Z,2023-08-30 06:21:00+00:00,4.0,Open Charge Map Contributors,Licensed under Creative Commons Attribution 4.0 International (CC BY 4.0),data/raw/ocm/OCM-149817.json,https://openchargemap.org/site/poi/details/149817,True
150024,1.0,(unknown operator),Supa Centa Moore Park,,Kensington,2033,-33.902079196334896,151.215231409333,Free,"Lower parking, at the south lift, between the inclinator bays.",Public,Operational,2020-06-10T21:39:00Z,2020-06-10 21:39:00+00:00,1.0,Open Charge Map Contributors,Licensed under Creative Commons Attribution 4.0 International (CC BY 4.0),data/raw/ocm/OCM-150024.json,https://openchargemap.org/site/poi/details/150024,False
150032,23.0,Tesla,Macquarie Supercharger,Macquarie Supercharger,,2113,-33.777782,151.12275,AUD 0.42/kWh;other tariffs for older cars,"You *must* be Westbound on Talavera Road and take the 2nd parking entrance, halfway between the 2 traffic lights and below the logo tower with the shop signs. It's hidden until you're right on it. Follow the signs and black painted lane to Valet Parking. 150 kW, *not* 120 kW.",Public - Membership Required,Operational,2021-11-16T10:07:00Z,2021-11-16 10:07:00+00:00,10.0,Open Charge Map Contributors,Licensed under Creative Commons Attribution 4.0 International (CC BY 4.0),data/raw/ocm/OCM-150032.json,https://openchargemap.org/site/poi/details/150032,True
150039,23.0,Tesla,Moonee Ponds,Moonee Ponds,,3039,-37.765834,144.923586,AUD 0.42/kWh;other tariffs for older cars,,Public - Membership Required,Operational,2020-03-12T06:55:00Z,2020-03-12 06:55:00+00:00,6.0,Open Charge Map Contributors,Licensed under Creative Commons Attribution 4.0 International (CC BY 4.0),data/raw/ocm/OCM-150039.json,https://openchargemap.org/site/poi/details/150039,True
150117,1.0,(unknown operator),Mudgee Information Centre,,Mudgee,,-32.59016784631479,149.58522431603365,,,Public - Membership Required,Operational,2020-03-16T07:34:00Z,2020-03-16 07:34:00+00:00,1.0,Open Charge Map Contributors,Licensed under Creative Commons Attribution 4.0 International (CC BY 4.0),data/raw/ocm/OCM-150117.json,https://openchargemap.org/site/poi/details/150117,False
154488,3388.0,NRMA,Lithgow Workmen's Club,Tank St,Lithgow,,-33.477936640057756,150.1611263067623,60c / 54c for members of NRMA,,Public,Operational,2024-06-14T12:05:00Z,2024-06-14 12:05:00+00:00,2.0,Open Charge Map Contributors,Licensed under Creative Commons Attribution 4.0 International (CC BY 4.0),data/raw/ocm/OCM-154488.json,https://openchargemap.org/site/poi/details/154488,True
155242,3298.0,eo charging,Caltex North Dandalup Roadhouse,South Western Highway,North Dandalup,6207,-32.522297898787784,115.9702834262232,"$0.35 per kWh, $5 minimum charge",,Public,Operational,2022-11-13T03:52:00Z,2022-11-13 03:52:00+00:00,1.0,Open Charge Map Contributors,Licensed under Creative Commons Attribution 4.0 International (CC BY 4.0),data/raw/ocm/OCM-155242.json,https://openchargemap.org/site/poi/details/155242,False
155278,3298.0,eo charging,Scarborough Beach,The Esplanade,Perth,6019,-31.89710003597446,115.75659494675551,Free,,Public,Operational,2021-10-13T06:03:00Z,2021-10-13 06:03:00+00:00,1.0,Open Charge Map Contributors,Licensed under Creative Commons Attribution 4.0 International (CC BY 4.0),data/raw/ocm/OCM-155278.json,https://openchargemap.org/site/poi/details/155278,False
155292,23.0,Tesla,Camberwell Supercharger,793 Burke Road,Camberwell,3124,-37.828482,145.056346,AUD 0.42/kWh;other tariffs for older cars,,Public - Membership Required,Operational,2020-04-05T08:55:00Z,2020-04-05 08:55:00+00:00,6.0,Open Charge Map Contributors,Licensed under Creative Commons Attribution 4.0 International (CC BY 4.0),data/raw/ocm/OCM-155292.json,https://openchargemap.org/site/poi/details/155292,True
155300,3298.0,eo charging,Merredin Regional Community and Leisure Center ,Bates Street ,Merredin,6415,-31.475517326357796,118.27975016592279,See EO app,,Public - Membership Required,Operational,2021-10-13T05:55:00Z,2021-10-13 05:55:00+00:00,2.0,Open Charge Map Contributors,Licensed under Creative Commons Attribution 4.0 International (CC BY 4.0),data/raw/ocm/OCM-155300.json,https://openchargemap.org/site/poi/details/155300,False
155370,3534.0,Tesla,Gympie Supercharger [Tesla],CNR Nash and Monkland Street,Gympie,4570,-26.188745,152.661613,$0.52/kWh,,Public - Membership Required,Operational,2023-08-30T06:21:00Z,2023-08-30 06:21:00+00:00,4.0,Open Charge Map Contributors,Licensed under Creative Commons Attribution 4.0 International (CC BY 4.0),data/raw/ocm/OCM-155370.json,https://openchargemap.org/site/poi/details/155370,True
155439,45.0,(business owner at location),Meander Valley Council,26 Lyall St,Westbury,7303,-41.527973,146.830558,,,Public,Operational,2020-04-13T08:23:00Z,2020-04-13 08:23:00+00:00,1.0,Open Charge Map Contributors,Licensed under Creative Commons Attribution 4.0 International (CC BY 4.0),data/raw/ocm/OCM-155439.json,https://openchargemap.org/site/poi/details/155439,False
155440,1.0,(unknown operator),House of Anvers,9025 Bass Highway,Latrobe,7307,-41.218329,146.412456,Free,,Public,Operational,2025-08-07T05:14:00Z,2025-08-07 05:14:00+00:00,1.0,Open Charge Map Contributors,Licensed under Creative Commons Attribution 4.0 International (CC BY 4.0),data/raw/ocm/OCM-155440.json,https://openchargemap.org/site/poi/details/155440,False
155496,3310.0,chargestar (au),Evermore Apartments ,Karak Lane,Fremantle,6162,-32.05759769024401,115.77214028673814,see chargestar website,,Public - Membership Required,Operational,2021-10-13T06:03:00Z,2021-10-13 06:03:00+00:00,1.0,Open Charge Map Contributors,Licensed under Creative Commons Attribution 4.0 International (CC BY 4.0),data/raw/ocm/OCM-155496.json,https://openchargemap.org/site/poi/details/155496,False
155497,3310.0,chargestar (au),Claremont Oval,,,,-31.977032818415754,115.78304237287674,free,,Private - Restricted Access,Operational,2020-04-19T05:58:00Z,2020-04-19 05:58:00+00:00,2.0,Open Charge Map Contributors,Licensed under Creative Commons Attribution 4.0 International (CC BY 4.0),data/raw/ocm/OCM-155497.json,https://openchargemap.org/site/poi/details/155497,False
155529,3310.0,chargestar (au),Reid Promenade Car Park,,,,-31.7424275967972,115.77324685429267,"free charge, pay park",,Public - Membership Required,Operational,2021-10-13T06:02:00Z,2021-10-13 06:02:00+00:00,2.0,Open Charge Map Contributors,Licensed under Creative Commons Attribution 4.0 International (CC BY 4.0),data/raw/ocm/OCM-155529.json,https://openchargemap.org/site/poi/details/155529,False
155530,45.0,(business owner at location),Lakeside Joondalup - Myer Carpark,,,,-31.74549358265488,115.76561953721364,,,Public,Operational,2021-10-13T06:03:00Z,2021-10-13 06:03:00+00:00,2.0,Open Charge Map Contributors,Licensed under Creative Commons Attribution 4.0 International (CC BY 4.0),data/raw/ocm/OCM-155530.json,https://openchargemap.org/site/poi/details/155530,False
155545,45.0,(business owner at location),Magic Renault ,,,,-32.04627041090647,115.80933760680762,,,"Private - For Staff, Visitors or Customers",Operational,2021-09-03T01:54:00Z,2021-09-03 01:54:00+00:00,1.0,Open Charge Map Contributors,Licensed under Creative Commons Attribution 4.0 International (CC BY 4.0),data/raw/ocm/OCM-155545.json,https://openchargemap.org/site/poi/details/155545,False
155546,45.0,(business owner at location),Sundance Apartments,,,,-31.89732867830553,115.7595320223254,,,Public,Operational,2021-10-13T06:03:00Z,2021-10-13 06:03:00+00:00,1.0,Open Charge Map Contributors,Licensed under Creative Commons Attribution 4.0 International (CC BY 4.0),data/raw/ocm/OCM-155546.json,https://openchargemap.org/site/poi/details/155546,False
155820,45.0,(business owner at location),McDonalds Forrestdale,,,,-32.144116800000226,115.97396209999556,chargestar,,Public - Membership Required,Operational,2021-10-13T05:58:00Z,2021-10-13 05:58:00+00:00,1.0,Open Charge Map Contributors,Licensed under Creative Commons Attribution 4.0 International (CC BY 4.0),data/raw/ocm/OCM-155820.json,https://openchargemap.org/site/poi/details/155820,False
155842,45.0,(business owner at location),Lakeside Cinema,,,,-31.742737409688292,115.76718203734212,,,Public,Operational,2022-12-09T01:55:00Z,2022-12-09 01:55:00+00:00,1.0,Open Charge Map Contributors,Licensed under Creative Commons Attribution 4.0 International (CC BY 4.0),data/raw/ocm/OCM-155842.json,https://openchargemap.org/site/poi/details/155842,False
156010,3388.0,NRMA,Cowra Regional Art Gallery,77 Darling Street,Cowra,2794,-33.834079627444765,148.6943533458998,,,Public,Operational,2020-05-02T07:46:00Z,2020-05-02 07:46:00+00:00,1.0,Open Charge Map Contributors,Licensed under Creative Commons Attribution 4.0 International (CC BY 4.0),data/raw/ocm/OCM-156010.json,https://openchargemap.org/site/poi/details/156010,True
156019,45.0,(business owner at location),Clarkson Nissan ,,,,-31.68809762511073,115.7161756692653,,,"Private - For Staff, Visitors or Customers",Operational,2020-05-03T05:24:00Z,2020-05-03 05:24:00+00:00,1.0,Open Charge Map Contributors,Licensed under Creative Commons Attribution 4.0 International (CC BY 4.0),data/raw/ocm/OCM-156019.json,https://openchargemap.org/site/poi/details/156019,False
156052,3339.0,Chargefox,CD Dodd,Dundas Road,Perth,6058,-31.97294082811414,115.98907588052926,$0.40 / kWh + $0.33,,Public - Membership Required,Operational,2023-03-29T11:23:00Z,2023-03-29 11:23:00+00:00,2.0,Open Charge Map Contributors,Licensed under Creative Commons Attribution 4.0 International (CC BY 4.0),data/raw/ocm/OCM-156052.json,https://openchargemap.org/site/poi/details/156052,True
156173,45.0,(business owner at location),Ellenbrook Central,,,,-31.783066643431578,115.97051468688619,,,Public,Operational,2021-10-13T05:54:00Z,2021-10-13 05:54:00+00:00,2.0,Open Charge Map Contributors,Licensed under Creative Commons Attribution 4.0 International (CC BY 4.0),data/raw/ocm/OCM-156173.json,https://openchargemap.org/site/poi/details/156173,False
156174,45.0,(business owner at location),Edgecombe Brothers,Edgecombe Brothers,Aveley,6069,-31.795210554294098,115.99853463481739,,,"Private - For Staff, Visitors or Customers",Operational,2021-05-13T05:38:00Z,2021-05-13 05:38:00+00:00,2.0,Open Charge Map Contributors,Licensed under Creative Commons Attribution 4.0 International (CC BY 4.0),data/raw/ocm/OCM-156174.json,https://openchargemap.org/site/poi/details/156174,False
156175,3310.0,chargestar (au),Swan City DC Charger,Cosmo Lane,Midland,6056,-31.886353399634253,116.00339496519044,chargestar/nextcharge,,Public - Membership Required,Temporarily Unavailable,2024-07-30T05:28:00Z,2024-07-30 05:28:00+00:00,1.0,Open Charge Map Contributors,Licensed under Creative Commons Attribution 4.0 International (CC BY 4.0),data/raw/ocm/OCM-156175.json,https://openchargemap.org/site/poi/details/156175,True
156184,45.0,(business owner at location),Midland City Nissan,,,,-31.891951355458772,116.01811740022458,,,"Private - For Staff, Visitors or Customers",Operational,2021-09-03T01:55:00Z,2021-09-03 01:55:00+00:00,1.0,Open Charge Map Contributors,Licensed under Creative Commons Attribution 4.0 International (CC BY 4.0),data/raw/ocm/OCM-156184.json,https://openchargemap.org/site/poi/details/156184,False
156185,3775.0,ChargeHub,Rowland St Car Park,70 Rowland Street,Subiaco,6008,-31.949523738615166,115.82315269868431,,,Public - Membership Required,Operational,2026-02-03T02:45:00Z,2026-02-03 02:45:00+00:00,1.0,Open Charge Map Contributors,Licensed under Creative Commons Attribution 4.0 International (CC BY 4.0),data/raw/ocm/OCM-156185.json,https://openchargemap.org/site/poi/details/156185,False
156186,23.0,Tesla,Tang Computers,85 main st,osborne park,,-31.90654180015615,115.82812853168308,,,Public,Operational,2022-08-30T05:42:00Z,2022-08-30 05:42:00+00:00,1.0,Open Charge Map Contributors,Licensed under Creative Commons Attribution 4.0 International (CC BY 4.0),data/raw/ocm/OCM-156186.json,https://openchargemap.org/site/poi/details/156186,False
156247,45.0,(business owner at location),CPP Mayfair St,,,,-31.9474687574798,115.84121108698467,,,Public,Operational,2021-09-03T01:55:00Z,2021-09-03 01:55:00+00:00,2.0,Open Charge Map Contributors,Licensed under Creative Commons Attribution 4.0 International (CC BY 4.0),data/raw/ocm/OCM-156247.json,https://openchargemap.org/site/poi/details/156247,False
156248,45.0,(business owner at location),CPP Regal Place,,,,-31.95299016062215,115.87730279047679,Normal parking rate,,Public,Operational,2022-01-07T05:14:00Z,2022-01-07 05:14:00+00:00,2.0,Open Charge Map Contributors,Licensed under Creative Commons Attribution 4.0 International (CC BY 4.0),data/raw/ocm/OCM-156248.json,https://openchargemap.org/site/poi/details/156248,False
156251,5.0,ChargePoint,Garden City Shopping Centre,,Melville City,,-32.034642790058726,115.83481653094255,,,Public,Operational,2021-10-13T05:56:00Z,2021-10-13 05:56:00+00:00,2.0,Open Charge Map Contributors,Licensed under Creative Commons Attribution 4.0 International (CC BY 4.0),data/raw/ocm/OCM-156251.json,https://openchargemap.org/site/poi/details/156251,False
156252,3310.0,chargestar (au),Sabina Appartments ,,,,-32.011964644149295,115.85021724873448,nextcharge / chargestar website,,Public - Membership Required,Operational,2021-10-13T05:57:00Z,2021-10-13 05:57:00+00:00,2.0,Open Charge Map Contributors,Licensed under Creative Commons Attribution 4.0 International (CC BY 4.0),data/raw/ocm/OCM-156252.json,https://openchargemap.org/site/poi/details/156252,False
156254,3339.0,Chargefox,"Woolworths,  Mt Pleasant ",Reynolds Road,Perth,6153,-32.016031144615816,115.8432043135993,Free,,Public - Membership Required,Operational,2023-06-08T07:11:00Z,2023-06-08 07:11:00+00:00,4.0,Open Charge Map Contributors,Licensed under Creative Commons Attribution 4.0 International (CC BY 4.0),data/raw/ocm/OCM-156254.json,https://openchargemap.org/site/poi/details/156254,False
156256,45.0,(business owner at location),CPP Perth Concert Hall,,Perth,,-31.95857146833736,115.86358227192068,,,Public,Operational,2021-12-03T01:20:00Z,2021-12-03 01:20:00+00:00,2.0,Open Charge Map Contributors,Licensed under Creative Commons Attribution 4.0 International (CC BY 4.0),data/raw/ocm/OCM-156256.json,https://openchargemap.org/site/poi/details/156256,False
156257,3310.0,chargestar (au),Bassendean Child Health Centre,,,,-31.903624353028743,115.95016778457533,,,Public,Operational,2021-10-13T05:56:00Z,2021-10-13 05:56:00+00:00,2.0,Open Charge Map Contributors,Licensed under Creative Commons Attribution 4.0 International (CC BY 4.0),data/raw/ocm/OCM-156257.json,https://openchargemap.org/site/poi/details/156257,False
156312,45.0,(business owner at location),CPP - PCEC,,,,-31.95537674384358,115.84790300821453,,,Public - Membership Required,Operational,2021-09-03T01:55:00Z,2021-09-03 01:55:00+00:00,1.0,Open Charge Map Contributors,Licensed under Creative Commons Attribution 4.0 International (CC BY 4.0),data/raw/ocm/OCM-156312.json,https://openchargemap.org/site/poi/details/156312,False
156358,45.0,(business owner at location),Morley City Hyundai,,,,-31.90212051387122,115.90401325385636,,,"Private - For Staff, Visitors or Customers",Operational,2021-09-03T01:54:00Z,2021-09-03 01:54:00+00:00,1.0,Open Charge Map Contributors,Licensed under Creative Commons Attribution 4.0 International (CC BY 4.0),data/raw/ocm/OCM-156358.json,https://openchargemap.org/site/poi/details/156358,False
156359,45.0,(business owner at location),Morley City Nissan,,,,-31.902143395175678,115.90491020836465,,,"Private - For Staff, Visitors or Customers",Operational,2021-09-03T01:55:00Z,2021-09-03 01:55:00+00:00,1.0,Open Charge Map Contributors,Licensed under Creative Commons Attribution 4.0 International (CC BY 4.0),data/raw/ocm/OCM-156359.json,https://openchargemap.org/site/poi/details/156359,False
156360,45.0,(business owner at location),Osborne Park Nissan,,,,-31.90571781716487,115.81021062109228,,,"Private - For Staff, Visitors or Customers",Operational,2021-09-03T01:55:00Z,2021-09-03 01:55:00+00:00,2.0,Open Charge Map Contributors,Licensed under Creative Commons Attribution 4.0 International (CC BY 4.0),data/raw/ocm/OCM-156360.json,https://openchargemap.org/site/poi/details/156360,False
156361,45.0,(business owner at location),Osborne Park Hyundai,,,,-31.905269149199228,115.80909029387806,,,"Private - For Staff, Visitors or Customers",Operational,2021-09-03T01:55:00Z,2021-09-03 01:55:00+00:00,2.0,Open Charge Map Contributors,Licensed under Creative Commons Attribution 4.0 International (CC BY 4.0),data/raw/ocm/OCM-156361.json,https://openchargemap.org/site/poi/details/156361,False
156365,3298.0,eo charging,Wangaree Park Lancelin,Rock Way,Lancelin,6044,-31.020574101465478,115.33270273431788,,,Public - Membership Required,Operational,2023-08-20T12:50:00Z,2023-08-20 12:50:00+00:00,1.0,Open Charge Map Contributors,Licensed under Creative Commons Attribution 4.0 International (CC BY 4.0),data/raw/ocm/OCM-156365.json,https://openchargemap.org/site/poi/details/156365,False
156413,45.0,(business owner at location),Footprints Resort,,,,-32.881536,115.656798,,,"Private - For Staff, Visitors or Customers",Operational,2021-11-08T21:43:00Z,2021-11-08 21:43:00+00:00,2.0,Open Charge Map Contributors,Licensed under Creative Commons Attribution 4.0 International (CC BY 4.0),data/raw/ocm/OCM-156413.json,https://openchargemap.org/site/poi/details/156413,False
156417,3339.0,Chargefox,"Central Car Park,  Collie ",Forrest Street,Collie,6225,-33.358825170466076,116.15287413831442,$0.40 per kWh,,Public - Membership Required,Operational,2021-10-13T05:54:00Z,2021-10-13 05:54:00+00:00,1.0,Open Charge Map Contributors,Licensed under Creative Commons Attribution 4.0 International (CC BY 4.0),data/raw/ocm/OCM-156417.json,https://openchargemap.org/site/poi/details/156417,True
156430,3339.0,Chargefox,DFO Perth,11 High St,Perth Airport,6105,-31.939845427827045,115.94895311025994,"Charging free, parking free for first hour and then $3 per hour",,Public - Membership Required,Operational,2023-07-13T23:07:00Z,2023-07-13 23:07:00+00:00,2.0,Open Charge Map Contributors,Licensed under Creative Commons Attribution 4.0 International (CC BY 4.0),data/raw/ocm/OCM-156430.json,https://openchargemap.org/site/poi/details/156430,False
156463,45.0,(business owner at location),Jubilee Oval and Showgrounds ,16 Chidlow Street,Northam,6401,-31.65111734318809,116.67845947514633,,,"Private - For Staff, Visitors or Customers",Operational,2021-11-27T16:38:00Z,2021-11-27 16:38:00+00:00,1.0,Open Charge Map Contributors,Licensed under Creative Commons Attribution 4.0 International (CC BY 4.0),data/raw/ocm/OCM-156463.json,https://openchargemap.org/site/poi/details/156463,False
156482,3339.0,Chargefox,Gemtek - Botanical Apartments,Flood Street,Perth,6014,-31.94460074534195,115.8186954975713,,,"Private - For Staff, Visitors or Customers",Operational,2024-03-12T01:22:00Z,2024-03-12 01:22:00+00:00,2.0,Open Charge Map Contributors,Licensed under Creative Commons Attribution 4.0 International (CC BY 4.0),data/raw/ocm/OCM-156482.json,https://openchargemap.org/site/poi/details/156482,False
156483,3339.0,Chargefox,Gemtek - Crest Apartments,Great Eastern Highway,Perth,6001,-31.961098485121425,115.90120243027431,,,"Private - For Staff, Visitors or Customers",Operational,2021-09-03T01:54:00Z,2021-09-03 01:54:00+00:00,4.0,Open Charge Map Contributors,Licensed under Creative Commons Attribution 4.0 International (CC BY 4.0),data/raw/ocm/OCM-156483.json,https://openchargemap.org/site/poi/details/156483,False
157429,45.0,(business owner at location),Tianqi Lithium,,,,-32.215538271732825,115.77737736526483,,,"Private - For Staff, Visitors or Customers",Operational,2020-06-05T08:36:00Z,2020-06-05 08:36:00+00:00,6.0,Open Charge Map Contributors,Licensed under Creative Commons Attribution 4.0 International (CC BY 4.0),data/raw/ocm/OCM-157429.json,https://openchargemap.org/site/poi/details/157429,False
157430,23.0,Tesla,Kewdale Tavern,Terminal Road,Perth,6106,-31.982563566447936,115.9578823206225,$0.39,,Public,Operational,2024-06-05T16:17:00Z,2024-06-05 16:17:00+00:00,1.0,Open Charge Map Contributors,Licensed under Creative Commons Attribution 4.0 International (CC BY 4.0),data/raw/ocm/OCM-157430.json,https://openchargemap.org/site/poi/details/157430,True
157431,23.0,Tesla,Mondo Nougat,,,,-31.83701675378689,116.01669764592862,,,Public,Operational,2022-05-27T07:03:00Z,2022-05-27 07:03:00+00:00,2.0,Open Charge Map Contributors,Licensed under Creative Commons Attribution 4.0 International (CC BY 4.0),data/raw/ocm/OCM-157431.json,https://openchargemap.org/site/poi/details/157431,False
157432,23.0,Tesla,Swan Settlers Market,,,,-31.835335801510958,116.02163921400734,,,Public,Operational,2021-09-03T01:56:00Z,2021-09-03 01:56:00+00:00,1.0,Open Charge Map Contributors,Licensed under Creative Commons Attribution 4.0 International (CC BY 4.0),data/raw/ocm/OCM-157432.json,https://openchargemap.org/site/poi/details/157432,False
157435,23.0,Tesla,Home Timber and Hardware,,,,-33.8344831718447,117.15986299339417,,,Public,Operational,2021-11-08T21:42:00Z,2021-11-08 21:42:00+00:00,1.0,Open Charge Map Contributors,Licensed under Creative Commons Attribution 4.0 International (CC BY 4.0),data/raw/ocm/OCM-157435.json,https://openchargemap.org/site/poi/details/157435,False
157445,23.0,Tesla,Pinnacles Edge Resort,,,,-30.50042161510722,115.06929335774998,,,"Private - For Staff, Visitors or Customers",Operational,2021-09-03T01:54:00Z,2021-09-03 01:54:00+00:00,1.0,Open Charge Map Contributors,Licensed under Creative Commons Attribution 4.0 International (CC BY 4.0),data/raw/ocm/OCM-157445.json,https://openchargemap.org/site/poi/details/157445,False
157456,3298.0,eo charging,"Georges River Council, Carlton Depot",11 Dora St,Hurstville,2220,-33.96493620946319,151.0,Free,Check in at front office.,Private - Restricted Access,Operational,2021-12-06T18:18:00Z,2021-12-06 18:18:00+00:00,1.0,Open Charge Map Contributors,Licensed under Creative Commons Attribution 4.0 International (CC BY 4.0),data/raw/ocm/OCM-157456.json,https://openchargemap.org/site/poi/details/157456,False
157457,3298.0,eo charging,Charles Street Parking/Charging,10B Charles St,Canterbury,,-33.91148886722056,151.11746314177572,Free,Provided by Canterbury Bankstown council.EO brand. Best access is via Broughton St.,Public,Operational,2020-06-10T21:39:00Z,2020-06-10 21:39:00+00:00,1.0,Open Charge Map Contributors,Licensed under Creative Commons Attribution 4.0 International (CC BY 4.0),data/raw/ocm/OCM-157457.json,https://openchargemap.org/site/poi/details/157457,False
157463,3298.0,eo charging,Canterbury Bankstown Council,21 Shakespeare St,Campsie,2194,-33.90764109899798,151.1039129846189,Free,,Public,Operational,2020-06-09T06:22:00Z,2020-06-09 06:22:00+00:00,2.0,Open Charge Map Contributors,Licensed under Creative Commons Attribution 4.0 International (CC BY 4.0),data/raw/ocm/OCM-157463.json,https://openchargemap.org/site/poi/details/157463,False
157530,3339.0,Chargefox,Audi Centre,337 Harborne St,Osborne Park‎,6017,-31.91527,115.819405,$0.40 per kWh,"Access only 16:00 to 06:30 on Monday to Friday, no restrictions on Saturday to Sunday.",Public - Membership Required,Operational,2023-07-13T23:05:00Z,2023-07-13 23:05:00+00:00,3.0,Open Charge Map Contributors,Licensed under Creative Commons Attribution 4.0 International (CC BY 4.0),data/raw/ocm/OCM-157530.json,https://openchargemap.org/site/poi/details/157530,True
157531,45.0,(business owner at location),Secure Park Vulture St,192a Vulture St,Brisbane,4101,-27.482560362924623,153.02377995082816,Free,Access to this paid carpark is by online booking only.,"Private - For Staff, Visitors or Customers",Operational,2020-06-19T10:48:00Z,2020-06-19 10:48:00+00:00,5.0,Open Charge Map Contributors,Licensed under Creative Commons Attribution 4.0 International (CC BY 4.0),data/raw/ocm/OCM-157531.json,https://openchargemap.org/site/poi/details/157531,False
157545,45.0,(business owner at location),QUT Gardens Point,Lamington Dr,Brisbane,4000,-27.476902453035308,153.0269055356573,,,Public,Temporarily Unavailable,2022-01-23T11:07:00Z,2022-01-23 11:07:00+00:00,1.0,Open Charge Map Contributors,Licensed under Creative Commons Attribution 4.0 International (CC BY 4.0),data/raw/ocm/OCM-157545.json,https://openchargemap.org/site/poi/details/157545,True
157547,45.0,(business owner at location),Secure Park Southpoint,,South Brisbane,4101,-27.48099182955807,153.0228264563243,Free,,"Private - For Staff, Visitors or Customers",Operational,2020-06-15T16:35:00Z,2020-06-15 16:35:00+00:00,3.0,Open Charge Map Contributors,Licensed under Creative Commons Attribution 4.0 International (CC BY 4.0),data/raw/ocm/OCM-157547.json,https://openchargemap.org/site/poi/details/157547,False
157548,45.0,(business owner at location),Secure Park King St,,Bowen Hills,4006,-27.45265445273077,153.03259115103697,Free,This carpark is meant to be for residents and visitors to the nearby shops for up to 1 hour. However there is no boom gate or other sorr of restricted entry/validation system.,Public,Operational,2020-06-15T16:35:00Z,2020-06-15 16:35:00+00:00,4.0,Open Charge Map Contributors,Licensed under Creative Commons Attribution 4.0 International (CC BY 4.0),data/raw/ocm/OCM-157548.json,https://openchargemap.org/site/poi/details/157548,False
157549,3398.0,Evie,Evie Networks Coochin Creek,Wild Horse Road,Caboolture,4518,-26.918077062069386,152.99684374211074,60c/kWh,Out the back behind McDonalds.,Public - Membership Required,Operational,2023-07-15T13:53:00Z,2023-07-15 13:53:00+00:00,2.0,Open Charge Map Contributors,Licensed under Creative Commons Attribution 4.0 International (CC BY 4.0),data/raw/ocm/OCM-157549.json,https://openchargemap.org/site/poi/details/157549,True
157551,45.0,(business owner at location),QUT Kelvin Grove H Block,Ring Rd,Kelvin Grove,4059,-27.4532038075587,153.01703431115823,Free,,Public,Operational,2020-06-15T16:41:00Z,2020-06-15 16:41:00+00:00,1.0,Open Charge Map Contributors,Licensed under Creative Commons Attribution 4.0 International (CC BY 4.0),data/raw/ocm/OCM-157551.json,https://openchargemap.org/site/poi/details/157551,True
157552,45.0,(business owner at location),QUT Kelvin Grove Stadium Carpark,Sports Lane,Kelvin Grove,4059,-27.44955360175527,153.0170891644923,"Free charging but parking starts at $5/hr, with up to 20 minutes free.",,Public,Operational,2020-06-15T16:31:00Z,2020-06-15 16:31:00+00:00,1.0,Open Charge Map Contributors,Licensed under Creative Commons Attribution 4.0 International (CC BY 4.0),data/raw/ocm/OCM-157552.json,https://openchargemap.org/site/poi/details/157552,True
157557,23.0,Tesla,Woodlands Wines,,,,-33.78702282277545,115.0311330653251,,,"Private - For Staff, Visitors or Customers",Operational,2020-12-15T09:06:00Z,2020-12-15 09:06:00+00:00,2.0,Open Charge Map Contributors,Licensed under Creative Commons Attribution 4.0 International (CC BY 4.0),data/raw/ocm/OCM-157557.json,https://openchargemap.org/site/poi/details/157557,False
157566,3388.0,NRMA,Batemans Bay Visitor Centre [NRMA],2A Beach Road,Batemans Bay,2536,-35.70850475831435,150.175530096314,,,Public,Operational,2021-12-19T02:29:00Z,2021-12-19 02:29:00+00:00,1.0,Open Charge Map Contributors,Licensed under Creative Commons Attribution 4.0 International (CC BY 4.0),data/raw/ocm/OCM-157566.json,https://openchargemap.org/site/poi/details/157566,True
157589,45.0,(business owner at location),Bunnings Newstead Carpark,Breakfast Creek Road,Brisbane,4006,-27.44310701845047,153.0430958229631,Free,The Bunnings carpark has free parking for up to 2 hours. Enter via Ross St through the boom gate.,Public,Operational,2020-06-19T07:40:00Z,2020-06-19 07:40:00+00:00,5.0,Open Charge Map Contributors,Licensed under Creative Commons Attribution 4.0 International (CC BY 4.0),data/raw/ocm/OCM-157589.json,https://openchargemap.org/site/poi/details/157589,False
157591,45.0,(business owner at location),Wellington Road,Wellington Road,Brisbane City,4169,-27.48968765181067,153.03922109290193,Free,,Public,Not Operational,2023-02-05T23:23:00Z,2023-02-05 23:23:00+00:00,2.0,Open Charge Map Contributors,Licensed under Creative Commons Attribution 4.0 International (CC BY 4.0),data/raw/ocm/OCM-157591.json,https://openchargemap.org/site/poi/details/157591,False
157595,3310.0,chargestar (au),Mood Food New Norfolk,4 Burnett St,New Norfolk,7140,-42.779254,147.06114,,,Public - Membership Required,Operational,2021-01-24T02:16:00Z,2021-01-24 02:16:00+00:00,1.0,Open Charge Map Contributors,Licensed under Creative Commons Attribution 4.0 International (CC BY 4.0),data/raw/ocm/OCM-157595.json,https://openchargemap.org/site/poi/details/157595,True
157596,3339.0,Chargefox,Scottsdale Art Gallery Cafe,42 King St,Scottsdale,7260,-41.16207910064335,147.51460793852254,"$0.50 per kWh 7am-10am/4pm-9pm Monday - Friday, $0.40 other times",,Public - Membership Required,Operational,2023-07-13T23:03:00Z,2023-07-13 23:03:00+00:00,1.0,Open Charge Map Contributors,Licensed under Creative Commons Attribution 4.0 International (CC BY 4.0),data/raw/ocm/OCM-157596.json,https://openchargemap.org/site/poi/details/157596,True
157597,3339.0,Chargefox,Sheffield Visitor Information Centre,6 Pioneer Crescent,Sheffield,7306,-41.38281497841444,146.32488863214598,Free,Cabinet is locked - key available from Visitors Information Centre (only during centre opening times) - $50 refundable deposit required. VIC also has cables to borrow if needed..,Public,Operational,2023-07-13T23:02:00Z,2023-07-13 23:02:00+00:00,2.0,Open Charge Map Contributors,Licensed under Creative Commons Attribution 4.0 International (CC BY 4.0),data/raw/ocm/OCM-157597.json,https://openchargemap.org/site/poi/details/157597,True
157608,3339.0,Chargefox,Chargefox Airport West,29-35 Louis St,Airport West,3042,-37.71364567547256,144.88569078594128,"$0.65 per kwH, discount for RACV members",,Public - Membership Required,Operational,2023-07-05T13:16:00Z,2023-07-05 13:16:00+00:00,6.0,Open Charge Map Contributors,Licensed under Creative Commons Attribution 4.0 International (CC BY 4.0),data/raw/ocm/OCM-157608.json,https://openchargemap.org/site/poi/details/157608,True
160807,3339.0,Chargefox,Bell Park car park,Corner of Cunningham Street & Roche Steet,Dalby,4405,-27.179802780477594,151.2689719635373,0.30/kWh,,Public,Operational,2023-07-13T10:35:00Z,2023-07-13 10:35:00+00:00,2.0,Open Charge Map Contributors,Licensed under Creative Commons Attribution 4.0 International (CC BY 4.0),data/raw/ocm/OCM-160807.json,https://openchargemap.org/site/poi/details/160807,False
161350,45.0,(business owner at location),YellowGum Bed and Breakfast,9 Forrest St,Katanning,,-33.68594917013392,117.55878912722824,,,"Private - For Staff, Visitors or Customers",Operational,2020-12-09T09:58:00Z,2020-12-09 09:58:00+00:00,1.0,Open Charge Map Contributors,Licensed under Creative Commons Attribution 4.0 International (CC BY 4.0),data/raw/ocm/OCM-161350.json,https://openchargemap.org/site/poi/details/161350,False
161356,3310.0,chargestar (au),Katanning Shire Visitors Center,Austral Terrace,Katanning,6317,-33.69137986156912,117.55573870330295,45c/kWh,,Public - Membership Required,Operational,2021-08-09T07:31:00Z,2021-08-09 07:31:00+00:00,1.0,Open Charge Map Contributors,Licensed under Creative Commons Attribution 4.0 International (CC BY 4.0),data/raw/ocm/OCM-161356.json,https://openchargemap.org/site/poi/details/161356,True
161357,23.0,Tesla,Cottesloe Beach Chalets,6 John Street,Cottesloe,,-31.99480469222531,115.75302677350828,,,"Private - For Staff, Visitors or Customers",Operational,2020-07-10T03:28:00Z,2020-07-10 03:28:00+00:00,1.0,Open Charge Map Contributors,Licensed under Creative Commons Attribution 4.0 International (CC BY 4.0),data/raw/ocm/OCM-161357.json,https://openchargemap.org/site/poi/details/161357,False
161654,3339.0,Chargefox,Clarence City Council car park,38 Bligh St (Cr Barnard Drive),Rosny Park,7018,-42.864154,147.36897,$0.32 per kWh,Easiest access is via Bligh St - turn up access road next to police station. Charger is on the left near the council building - green parking space marked.,Public,Operational,2023-07-13T22:57:00Z,2023-07-13 22:57:00+00:00,1.0,Open Charge Map Contributors,Licensed under Creative Commons Attribution 4.0 International (CC BY 4.0),data/raw/ocm/OCM-161654.json,https://openchargemap.org/site/poi/details/161654,False
161827,1.0,(unknown operator),Alicetronics Jaycar Stockist,28 Railway Tce,Alice Springs ,0870,-23.697528894585588,133.87873433180766,,,Public,Operational,2025-04-28T10:59:00Z,2025-04-28 10:59:00+00:00,1.0,Open Charge Map Contributors,Licensed under Creative Commons Attribution 4.0 International (CC BY 4.0),data/raw/ocm/OCM-161827.json,https://openchargemap.org/site/poi/details/161827,True
161829,1.0,(unknown operator),Cradle Mountain Hotel,Cradle Mountain Hotel,,7306,-41.573658229581895,145.93531430528242,,,Public,Operational,2020-07-26T16:53:00Z,2020-07-26 16:53:00+00:00,1.0,Open Charge Map Contributors,Licensed under Creative Commons Attribution 4.0 International (CC BY 4.0),data/raw/ocm/OCM-161829.json,https://openchargemap.org/site/poi/details/161829,False
161831,3339.0,Chargefox,Wharf Road Carpark (Chargefox),250 Wharf Road,Newcastle,2300,-32.9258511308391,151.7789208904985,Currently free thanks to City of Newcastle,"Next to Harry's Famous Pies, and across from Scratchleys seafood restaurant.",Public - Membership Required,Operational,2023-07-13T22:55:00Z,2023-07-13 22:55:00+00:00,4.0,Open Charge Map Contributors,Licensed under Creative Commons Attribution 4.0 International (CC BY 4.0),data/raw/ocm/OCM-161831.json,https://openchargemap.org/site/poi/details/161831,False
161832,45.0,(business owner at location),Great North Trading Post,3718 Great North Road,Laguna,2325,-32.990224952340206,151.1307728426591,Free,"Ask cafe staff for access, try the burgers and coffee!","Private - For Staff, Visitors or Customers",Operational,2021-12-17T04:18:00Z,2021-12-17 04:18:00+00:00,1.0,Open Charge Map Contributors,Licensed under Creative Commons Attribution 4.0 International (CC BY 4.0),data/raw/ocm/OCM-161832.json,https://openchargemap.org/site/poi/details/161832,False
161843,3388.0,NRMA,Picton [NRMA],5 Walton Lane,Picton,2571,-34.16820562741403,150.61093049806357,Currently free but will be fee at some point,,Public,Operational,2021-12-19T02:10:00Z,2021-12-19 02:10:00+00:00,1.0,Open Charge Map Contributors,Licensed under Creative Commons Attribution 4.0 International (CC BY 4.0),data/raw/ocm/OCM-161843.json,https://openchargemap.org/site/poi/details/161843,True
161844,3388.0,NRMA,Mittagong NRMA,9 Bessemer Street,Mittagong,2575,-34.450559453605436,150.442468762437,Currently free but will be fee at some point for non NRMA Members.,,Public,Operational,2025-10-12T01:54:00Z,2025-10-12 01:54:00+00:00,5.0,Open Charge Map Contributors,Licensed under Creative Commons Attribution 4.0 International (CC BY 4.0),data/raw/ocm/OCM-161844.json,https://openchargemap.org/site/poi/details/161844,True
161845,3388.0,NRMA,Berry NRMA,,Berry,,-34.77545880729145,150.7008397292857,Currently free but will be fee at some point for non NRMA Members,,Public,Operational,2020-11-19T13:08:00Z,2020-11-19 13:08:00+00:00,1.0,Open Charge Map Contributors,Licensed under Creative Commons Attribution 4.0 International (CC BY 4.0),data/raw/ocm/OCM-161845.json,https://openchargemap.org/site/poi/details/161845,True
161846,5.0,ChargePoint,Way Street,Way Street,Brisbane,4012,-27.38235199860268,153.03290081653495,0,Lower carpark Chermside Westfield,Public,Operational,2020-07-27T14:44:00Z,2020-07-27 14:44:00+00:00,4.0,Open Charge Map Contributors,Licensed under Creative Commons Attribution 4.0 International (CC BY 4.0),data/raw/ocm/OCM-161846.json,https://openchargemap.org/site/poi/details/161846,False
161993,3388.0,NRMA,Nabiac [NRMA],Nabiac Street,Nabiac,2312,-32.099110590575656,152.38136618875956,"Free currently, join NRMA as a thank you.","Nearby public pool, field, skatepark and shopping (limited)/dining.",Public,Not Operational,2022-08-23T10:22:00Z,2022-08-23 10:22:00+00:00,1.0,Open Charge Map Contributors,Licensed under Creative Commons Attribution 4.0 International (CC BY 4.0),data/raw/ocm/OCM-161993.json,https://openchargemap.org/site/poi/details/161993,True
16213,45.0,(business owner at location),Phoenix Holden,5 Berriman Drive,Wanneroo,WA 6065,-31.79273449405545,115.81597745418549,Free,,Public - Membership Required,Operational,2013-11-17T12:16:00Z,2013-11-17 12:16:00+00:00,2.0,Open Charge Map Contributors,Licensed under Creative Commons Attribution 4.0 International (CC BY 4.0),data/raw/ocm/OCM-16213.json,https://openchargemap.org/site/poi/details/16213,False
16214,45.0,(business owner at location),EV Shop,"Unit 4, 146 Balcatta Road",Balcatta,WA 6021,-31.8608,115.805476,Free,,Public,Operational,2021-10-13T06:05:00Z,2021-10-13 06:05:00+00:00,3.0,Open Charge Map Contributors,Licensed under Creative Commons Attribution 4.0 International (CC BY 4.0),data/raw/ocm/OCM-16214.json,https://openchargemap.org/site/poi/details/16214,False
16228,3339.0,Chargefox,"Department of Biodiversity, Conservation and Attractions KMCSC",17 Dick Perry Ave,Kensington,6151,-31.996175311870495,115.88449479477242,,,Private - Restricted Access,Operational,2022-12-23T21:59:00Z,2022-12-23 21:59:00+00:00,1.0,Open Charge Map Contributors,Licensed under Creative Commons Attribution 4.0 International (CC BY 4.0),data/raw/ocm/OCM-16228.json,https://openchargemap.org/site/poi/details/16228,False
16263,45.0,(business owner at location),Elder St - City of Perth Parking,Elder Street,Perth,6000,-31.949440307195434,115.85039019584656,Free,,Public - Pay At Location,Operational,2021-10-13T05:57:00Z,2021-10-13 05:57:00+00:00,15.0,Open Charge Map Contributors,Licensed under Creative Commons Attribution 4.0 International (CC BY 4.0),data/raw/ocm/OCM-16263.json,https://openchargemap.org/site/poi/details/16263,False
16266,45.0,(business owner at location),Shacks Holden,64 Queen Victoria Street,Fremantle,6160,-32.046135,115.751576,Free,,"Private - For Staff, Visitors or Customers",Operational,2020-04-14T11:17:00Z,2020-04-14 11:17:00+00:00,1.0,Open Charge Map Contributors,Licensed under Creative Commons Attribution 4.0 International (CC BY 4.0),data/raw/ocm/OCM-16266.json,https://openchargemap.org/site/poi/details/16266,False
16268,1.0,(unknown operator),Magic Kia / Renault,164 Leach Highway,Melville,6156,-32.04583613325877,115.80922963466207,Free,,Public - Membership Required,Operational,2021-10-13T06:03:00Z,2021-10-13 06:03:00+00:00,1.0,Open Charge Map Contributors,Licensed under Creative Commons Attribution 4.0 International (CC BY 4.0),data/raw/ocm/OCM-16268.json,https://openchargemap.org/site/poi/details/16268,False
16270,45.0,(business owner at location),Stellar Violets,1 Middlesex Road,Manjimup,6258,-34.282476,116.12846100000002,Contribution to electricity used is requested,,Privately Owned - Notice Required,Operational,2020-04-19T19:52:00Z,2020-04-19 19:52:00+00:00,1.0,Open Charge Map Contributors,Licensed under Creative Commons Attribution 4.0 International (CC BY 4.0),data/raw/ocm/OCM-16270.json,https://openchargemap.org/site/poi/details/16270,False
162778,3406.0,electric highway tasmania,Derwent Bridge Rest Area,Lyell Highway,Derwent Bridge,,-42.135775,146.229257,25c/kWh + 25c/min,,Public,Operational,2023-07-15T07:06:00Z,2023-07-15 07:06:00+00:00,1.0,Open Charge Map Contributors,Licensed under Creative Commons Attribution 4.0 International (CC BY 4.0),data/raw/ocm/OCM-162778.json,https://openchargemap.org/site/poi/details/162778,True
162794,45.0,(business owner at location),TUU Car Park,Churchill Avenue,Hobart,7005,-42.902797,147.324839,Free,,Public,Operational,2020-08-17T00:56:00Z,2020-08-17 00:56:00+00:00,2.0,Open Charge Map Contributors,Licensed under Creative Commons Attribution 4.0 International (CC BY 4.0),data/raw/ocm/OCM-162794.json,https://openchargemap.org/site/poi/details/162794,False
16283,45.0,(business owner at location),Roe St - City of Perth Parking,68 Roe St,Perth,6003,-31.94861599999999,115.85699699999998,Free,,Public - Pay At Location,Operational,2020-05-18T23:24:00Z,2020-05-18 23:24:00+00:00,2.0,Open Charge Map Contributors,Licensed under Creative Commons Attribution 4.0 International (CC BY 4.0),data/raw/ocm/OCM-16283.json,https://openchargemap.org/site/poi/details/16283,False
162843,3398.0,Evie,Evie Networks - Campbell Town,3 Commonwealth Lane,Campbell Town,7210,-41.929229,147.494481,60c/kWh,,Public - Membership Required,Operational,2023-07-10T02:38:00Z,2023-07-10 02:38:00+00:00,2.0,Open Charge Map Contributors,Licensed under Creative Commons Attribution 4.0 International (CC BY 4.0),data/raw/ocm/OCM-162843.json,https://openchargemap.org/site/poi/details/162843,True
16285,1.0,(unknown operator),Citiplace Community Centre Parking,8-10 Roe St,Northbridge,6003,-31.95144307350448,115.86082935333252,Free,,Public - Pay At Location,Operational,2020-05-18T23:25:00Z,2020-05-18 23:25:00+00:00,2.0,Open Charge Map Contributors,Licensed under Creative Commons Attribution 4.0 International (CC BY 4.0),data/raw/ocm/OCM-16285.json,https://openchargemap.org/site/poi/details/16285,False
16286,45.0,(business owner at location),His Majesty's - Carpark,377 Murray St,Perth,6000,-31.95201699999999,115.85426200000006,Free,,Public - Pay At Location,Operational,2021-09-03T01:55:00Z,2021-09-03 01:55:00+00:00,2.0,Open Charge Map Contributors,Licensed under Creative Commons Attribution 4.0 International (CC BY 4.0),data/raw/ocm/OCM-16286.json,https://openchargemap.org/site/poi/details/16286,False
16287,1.0,(unknown operator),Pier Street - City of Perth Parking,87-89 Pier Street,Perth,6000,-31.9537826133991,115.862819552422,Free,,Public - Pay At Location,Operational,2020-05-18T23:26:00Z,2020-05-18 23:26:00+00:00,2.0,Open Charge Map Contributors,Licensed under Creative Commons Attribution 4.0 International (CC BY 4.0),data/raw/ocm/OCM-16287.json,https://openchargemap.org/site/poi/details/16287,False
16288,45.0,(business owner at location),Goderich St Carpark - City of Perth Parking,133 Goderich Street,Perth,6004,-31.957191,115.87013200000001,Free,,Public - Pay At Location,Operational,2020-05-20T01:02:00Z,2020-05-20 01:02:00+00:00,1.0,Open Charge Map Contributors,Licensed under Creative Commons Attribution 4.0 International (CC BY 4.0),data/raw/ocm/OCM-16288.json,https://openchargemap.org/site/poi/details/16288,False
16299,57.0,the rev project (uwa - australia),University of Western Australia,35 Stirling Highway Car Park No. 20,Perth,WA,-31.977629271750153,115.81634480917228,Free,,Public - Membership Required,Operational,2021-10-13T06:02:00Z,2021-10-13 06:02:00+00:00,1.0,Open Charge Map Contributors,Licensed under Creative Commons Attribution 4.0 International (CC BY 4.0),data/raw/ocm/OCM-16299.json,https://openchargemap.org/site/poi/details/16299,False
16300,45.0,(business owner at location),Yanchep Central Shopping Centre,1&2 Peony Boulevard,Yanchep ,6035,-31.549120088759476,115.63858419656778,Free,,Public,Operational,2021-10-13T06:00:00Z,2021-10-13 06:00:00+00:00,1.0,Open Charge Map Contributors,Licensed under Creative Commons Attribution 4.0 International (CC BY 4.0),data/raw/ocm/OCM-16300.json,https://openchargemap.org/site/poi/details/16300,False
16322,1.0,(unknown operator),Bindoon Oval,6180 Great Northern Hwy,Bindoon,6502,-31.386192,116.09747300000004,Free,,Public,Operational,2021-03-20T11:49:00Z,2021-03-20 11:49:00+00:00,9.0,Open Charge Map Contributors,Licensed under Creative Commons Attribution 4.0 International (CC BY 4.0),data/raw/ocm/OCM-16322.json,https://openchargemap.org/site/poi/details/16322,False
163388,23.0,Tesla,Queen Street,Queen Street,,3377,-37.2834114334196,142.933869623691,,,Public,Unknown,2023-04-08T11:38:00Z,2023-04-08 11:38:00+00:00,1.0,Open Charge Map Contributors,Licensed under Creative Commons Attribution 4.0 International (CC BY 4.0),data/raw/ocm/OCM-163388.json,https://openchargemap.org/site/poi/details/163388,False
165108,3406.0,electric highway tasmania,Electric Highway Tasmania - Queenstown,Driffield Street,Queenstown,7467,-42.0787288537201,145.55549748240549,25c/kWh + 25c/min,,Public,Operational,2023-07-15T07:08:00Z,2023-07-15 07:08:00+00:00,1.0,Open Charge Map Contributors,Licensed under Creative Commons Attribution 4.0 International (CC BY 4.0),data/raw/ocm/OCM-165108.json,https://openchargemap.org/site/poi/details/165108,True
16526,45.0,(business owner at location),Mandurah Caravan Park,522 Pinjarra Road,Furnissdale,6209,-32.546794,115.76944100000003,Pay - $1 per hour,,Public - Pay At Location,Operational,2013-05-18T10:52:00Z,2013-05-18 10:52:00+00:00,1.0,Open Charge Map Contributors,Licensed under Creative Commons Attribution 4.0 International (CC BY 4.0),data/raw/ocm/OCM-16526.json,https://openchargemap.org/site/poi/details/16526,False
16652,45.0,(business owner at location),Melville Holden,534 Canning Highway,Attadale,6156,-32.0315997664746,115.80961525440216,Free,,Private - Restricted Access,Operational,2021-10-13T06:02:00Z,2021-10-13 06:02:00+00:00,2.0,Open Charge Map Contributors,Licensed under Creative Commons Attribution 4.0 International (CC BY 4.0),data/raw/ocm/OCM-16652.json,https://openchargemap.org/site/poi/details/16652,False
16654,45.0,(business owner at location),Guilderton Caravan Park,2 Dewar Street,Guilderton,6041,-31.350431412517,115.50134423591,$30 for the day,,Privately Owned - Notice Required,Operational,2021-10-13T06:05:00Z,2021-10-13 06:05:00+00:00,1.0,Open Charge Map Contributors,Licensed under Creative Commons Attribution 4.0 International (CC BY 4.0),data/raw/ocm/OCM-16654.json,https://openchargemap.org/site/poi/details/16654,False
16655,45.0,(business owner at location),Belvedere Caravan Park,153 Mandurah Terrace,Mandurah,6210,-32.522026,115.73014,Pay - $37-41,,Privately Owned - Notice Required,Operational,2013-05-31T05:23:00Z,2013-05-31 05:23:00+00:00,1.0,Open Charge Map Contributors,Licensed under Creative Commons Attribution 4.0 International (CC BY 4.0),data/raw/ocm/OCM-16655.json,https://openchargemap.org/site/poi/details/16655,False
16666,57.0,the rev project (uwa - australia),City of Swan Depot,City of Swan Depot - Bishop Road,Middle Swan,6056,-31.869875,116.016412,Free,Secure car park - Only authorised vehicles are allowed access. Still available to the public on request,Privately Owned - Notice Required,Operational,2020-04-19T19:43:00Z,2020-04-19 19:43:00+00:00,1.0,Open Charge Map Contributors,Licensed under Creative Commons Attribution 4.0 International (CC BY 4.0),data/raw/ocm/OCM-16666.json,https://openchargemap.org/site/poi/details/16666,False
16667,57.0,the rev project (uwa - australia),"East Perth Train Station, Park & Ride",East Perth Train Station -  Summers Street (West),Highgate,6003,-31.943921,115.876775,Free,,Public - Membership Required,Operational,2013-06-04T10:37:00Z,2013-06-04 10:37:00+00:00,1.0,Open Charge Map Contributors,Licensed under Creative Commons Attribution 4.0 International (CC BY 4.0),data/raw/ocm/OCM-16667.json,https://openchargemap.org/site/poi/details/16667,False
16669,45.0,(business owner at location),Mainroads WA,Don Aitken Centre - Waterloo Crescent,East Perth,6004,-31.956628,115.877066,Free,"Behind boom gate, Ask reception for access.",Private - Restricted Access,Operational,2023-08-24T05:32:00Z,2023-08-24 05:32:00+00:00,1.0,Open Charge Map Contributors,Licensed under Creative Commons Attribution 4.0 International (CC BY 4.0),data/raw/ocm/OCM-16669.json,https://openchargemap.org/site/poi/details/16669,False
16670,3339.0,Chargefox,"RAC, West Perth",832 Wellington Street,West Perth,6003,-31.947956,115.84884,$0.60 per kwh,,Public - Membership Required,Operational,2023-07-13T12:21:00Z,2023-07-13 12:21:00+00:00,2.0,Open Charge Map Contributors,Licensed under Creative Commons Attribution 4.0 International (CC BY 4.0),data/raw/ocm/OCM-16670.json,https://openchargemap.org/site/poi/details/16670,True
16671,57.0,the rev project (uwa - australia),The West Australian,50 Hasler Road,Osborne Park,6017,-31.912390364137213,115.81142842769623,Free,,Public - Membership Required,Operational,2021-10-13T06:06:00Z,2021-10-13 06:06:00+00:00,2.0,Open Charge Map Contributors,Licensed under Creative Commons Attribution 4.0 International (CC BY 4.0),data/raw/ocm/OCM-16671.json,https://openchargemap.org/site/poi/details/16671,False
16672,1.0,(unknown operator),Murdoch University,Murdoch Drive,Murdoch,6150,-32.069294756142725,115.84106574515033,Free,,Public,Operational,2021-10-13T06:01:00Z,2021-10-13 06:01:00+00:00,2.0,Open Charge Map Contributors,Licensed under Creative Commons Attribution 4.0 International (CC BY 4.0),data/raw/ocm/OCM-16672.json,https://openchargemap.org/site/poi/details/16672,False
167436,,,Dunn Place Car Park,3 Davey St,Hobart,7000,-42.881339,147.332385,Usual parking fees apply,,Public,Operational,2020-09-24T07:52:00Z,2020-09-24 07:52:00+00:00,1.0,Open Charge Map Contributors,Licensed under Creative Commons Attribution 4.0 International (CC BY 4.0),data/raw/ocm/OCM-167436.json,https://openchargemap.org/site/poi/details/167436,True
16827,3339.0,Chargefox,Northside Nissan ,14 Berriman Dr,Wanneroo,6065,-31.793866981825452,115.81485993488059,Free,,"Private - For Staff, Visitors or Customers",Operational,2022-10-14T22:14:00Z,2022-10-14 22:14:00+00:00,1.0,Open Charge Map Contributors,Licensed under Creative Commons Attribution 4.0 International (CC BY 4.0),data/raw/ocm/OCM-16827.json,https://openchargemap.org/site/poi/details/16827,False
168484,3406.0,electric highway tasmania,Electric Highway Tasmania - Geeveston,15 Church St,Geeveston,7116,-43.1634,146.92688,25c/kWh + 15c-25c/min,,Public - Membership Required,Operational,2023-07-14T14:03:00Z,2023-07-14 14:03:00+00:00,1.0,Open Charge Map Contributors,Licensed under Creative Commons Attribution 4.0 International (CC BY 4.0),data/raw/ocm/OCM-168484.json,https://openchargemap.org/site/poi/details/168484,True
168544,3339.0,Chargefox,Lake Grace Fast Charge ,29 Stubbs Street,Lake Grace,6353,-33.100724201932884,118.46234238122247,$0.40 / Kwh,,Public - Membership Required,Operational,2023-10-25T13:27:00Z,2023-10-25 13:27:00+00:00,1.0,Open Charge Map Contributors,Licensed under Creative Commons Attribution 4.0 International (CC BY 4.0),data/raw/ocm/OCM-168544.json,https://openchargemap.org/site/poi/details/168544,True
168556,45.0,(business owner at location),Ikea Canberra,1030 Majura Rd,Pialligo,2609,-35.29550797984516,149.18685336825467,,,"Private - For Staff, Visitors or Customers",Operational,2020-10-04T09:49:00Z,2020-10-04 09:49:00+00:00,4.0,Open Charge Map Contributors,Licensed under Creative Commons Attribution 4.0 International (CC BY 4.0),data/raw/ocm/OCM-168556.json,https://openchargemap.org/site/poi/details/168556,False
168665,3716.0,wevolt (au),The Cape Display Centre,17 Sunlight Boulevard,Cape Paterson,3995,-38.66819619396576,145.60559237161647,$0.50/kWh,North end of car park. 24 x 7 access.,Public,Operational,2025-12-12T04:52:00Z,2025-12-12 04:52:00+00:00,1.0,Open Charge Map Contributors,Licensed under Creative Commons Attribution 4.0 International (CC BY 4.0),data/raw/ocm/OCM-168665.json,https://openchargemap.org/site/poi/details/168665,True
168666,45.0,(business owner at location),Lakes Entrance RSL,221 The Esplanade,Lakes Entrance,3909,-37.880698,147.981029,30c/kWh,Contact Lakes Entrance RSL for payment details,Public - Pay At Location,Operational,2020-10-03T07:39:00Z,2020-10-03 07:39:00+00:00,1.0,Open Charge Map Contributors,Licensed under Creative Commons Attribution 4.0 International (CC BY 4.0),data/raw/ocm/OCM-168666.json,https://openchargemap.org/site/poi/details/168666,False
168667,3339.0,Chargefox,Chargefox Moe,Lloyd Street,Moe,3825,-38.184449,146.237563,40c/kWh,,Public - Membership Required,Operational,2023-07-05T13:16:00Z,2023-07-05 13:16:00+00:00,4.0,Open Charge Map Contributors,Licensed under Creative Commons Attribution 4.0 International (CC BY 4.0),data/raw/ocm/OCM-168667.json,https://openchargemap.org/site/poi/details/168667,True
168774,23.0,Tesla,The Gerald Apartment Hotel,Cathedral Avenue,Geraldton,6531,-28.7745077,114.6095279,Free,,Public,Operational,2021-06-29T09:56:00Z,2021-06-29 09:56:00+00:00,2.0,Open Charge Map Contributors,Licensed under Creative Commons Attribution 4.0 International (CC BY 4.0),data/raw/ocm/OCM-168774.json,https://openchargemap.org/site/poi/details/168774,False
168801,45.0,(business owner at location),Caltex Jurien Bay,131 Murray Street,Jurien Bay,6516,-30.302689512586518,115.04189255136049,$50.00 flat fee,"Located at far left side parking, blue cover.",Public - Pay At Location,Operational,2022-07-21T05:49:00Z,2022-07-21 05:49:00+00:00,1.0,Open Charge Map Contributors,Licensed under Creative Commons Attribution 4.0 International (CC BY 4.0),data/raw/ocm/OCM-168801.json,https://openchargemap.org/site/poi/details/168801,True
168912,45.0,(business owner at location),Lorne Visitor Information Centre,15 Mountjoy Parade,Lorne,3232,-38.536539810459324,143.97423678265363,Free,,Public,Not Operational,2023-11-19T16:17:00Z,2023-11-19 16:17:00+00:00,1.0,Open Charge Map Contributors,Licensed under Creative Commons Attribution 4.0 International (CC BY 4.0),data/raw/ocm/OCM-168912.json,https://openchargemap.org/site/poi/details/168912,False
168913,45.0,(business owner at location),Abbott Road,19/287 Victoria Road,Rydalmere,2116,-33.81195253512282,151.03587917803534,,,(Unknown),Operational,2021-07-02T10:48:00Z,2021-07-02 10:48:00+00:00,1.0,Open Charge Map Contributors,Licensed under Creative Commons Attribution 4.0 International (CC BY 4.0),data/raw/ocm/OCM-168913.json,https://openchargemap.org/site/poi/details/168913,False
169558,3406.0,electric highway tasmania,"North Terrace, Burnie",North Terrace,Burnie,7320,-41.050004,145.907665,25c/kWh + 25c/min,,Public,Operational,2023-07-15T07:09:00Z,2023-07-15 07:09:00+00:00,1.0,Open Charge Map Contributors,Licensed under Creative Commons Attribution 4.0 International (CC BY 4.0),data/raw/ocm/OCM-169558.json,https://openchargemap.org/site/poi/details/169558,True
169646,3406.0,electric highway tasmania,York Street West Car Park,York Street,Launceston,7250,-41.439888,147.137645,Free,,Public,Operational,2020-10-27T09:07:00Z,2020-10-27 09:07:00+00:00,1.0,Open Charge Map Contributors,Licensed under Creative Commons Attribution 4.0 International (CC BY 4.0),data/raw/ocm/OCM-169646.json,https://openchargemap.org/site/poi/details/169646,False
169684,1.0,(unknown operator),Orion Springfield Shopping Centre,Underground Carpark,Springfield,4300,-27.676924346409358,152.90360010448887,free,,Public,Operational,2023-01-02T23:49:00Z,2023-01-02 23:49:00+00:00,4.0,Open Charge Map Contributors,Licensed under Creative Commons Attribution 4.0 International (CC BY 4.0),data/raw/ocm/OCM-169684.json,https://openchargemap.org/site/poi/details/169684,False
169767,1.0,(unknown operator),Kalbarri National Park Visitors Center,Grey Street,Kalbarri,6536,-27.708897837519494,114.16633237124256,,,Public,Operational,2020-11-17T13:42:00Z,2020-11-17 13:42:00+00:00,1.0,Open Charge Map Contributors,Licensed under Creative Commons Attribution 4.0 International (CC BY 4.0),data/raw/ocm/OCM-169767.json,https://openchargemap.org/site/poi/details/169767,False
169768,1.0,(unknown operator),Billabong Homestead Hotel Motel,North West Coastal Highway,,,-26.81708566363524,114.61415587631006,,,Public,Operational,2023-07-16T04:44:00Z,2023-07-16 04:44:00+00:00,1.0,Open Charge Map Contributors,Licensed under Creative Commons Attribution 4.0 International (CC BY 4.0),data/raw/ocm/OCM-169768.json,https://openchargemap.org/site/poi/details/169768,False
169769,1.0,(unknown operator),Outback Oasis Caravan Park,49 Wise Street,Carnarvon,6701,-24.865225066778365,113.68159048535733,,,"Private - For Staff, Visitors or Customers",Operational,2020-11-09T14:58:00Z,2020-11-09 14:58:00+00:00,1.0,Open Charge Map Contributors,Licensed under Creative Commons Attribution 4.0 International (CC BY 4.0),data/raw/ocm/OCM-169769.json,https://openchargemap.org/site/poi/details/169769,False
169770,1.0,(unknown operator),Exmouth Cape Holiday Park,Truscott Crescent,Exmouth,6707,-21.937460298545503,114.130948765536,,,Public,Operational,2020-11-09T14:58:00Z,2020-11-09 14:58:00+00:00,1.0,Open Charge Map Contributors,Licensed under Creative Commons Attribution 4.0 International (CC BY 4.0),data/raw/ocm/OCM-169770.json,https://openchargemap.org/site/poi/details/169770,False
169823,3398.0,Evie,Evie Caltex Jones Street,Jones Street,Avenel,3664,-36.907455381858675,145.23986428379703,,,Public - Membership Required,Operational,2023-07-06T20:52:00Z,2023-07-06 20:52:00+00:00,1.0,Open Charge Map Contributors,Licensed under Creative Commons Attribution 4.0 International (CC BY 4.0),data/raw/ocm/OCM-169823.json,https://openchargemap.org/site/poi/details/169823,True
169994,23.0,Tesla,Currie Crescent,Currie Crescent,Canberra,2604,-35.31521412066143,149.1392363890359,,,Public,Operational,2020-11-17T00:27:00Z,2020-11-17 00:27:00+00:00,2.0,Open Charge Map Contributors,Licensed under Creative Commons Attribution 4.0 International (CC BY 4.0),data/raw/ocm/OCM-169994.json,https://openchargemap.org/site/poi/details/169994,False
170042,45.0,(business owner at location),RSL Northampton ,Lot 123Hampton Road,Northampton,6535,-28.347688225868524,114.63099451578319,,Rear car park.,Public,Operational,2021-11-27T12:01:00Z,2021-11-27 12:01:00+00:00,1.0,Open Charge Map Contributors,Licensed under Creative Commons Attribution 4.0 International (CC BY 4.0),data/raw/ocm/OCM-170042.json,https://openchargemap.org/site/poi/details/170042,False
170056,,,Horrocks Community Center ,North Court,Horrocks,,-28.379669676588207,114.42956999049034,,,Public,Operational,2023-07-13T22:49:00Z,2023-07-13 22:49:00+00:00,1.0,Open Charge Map Contributors,Licensed under Creative Commons Attribution 4.0 International (CC BY 4.0),data/raw/ocm/OCM-170056.json,https://openchargemap.org/site/poi/details/170056,False
170057,1.0,(unknown operator),Moora Shire,The Midlands Road,Moora,,-30.63817666322631,116.00532228746147,Free,,Public,Operational,2021-09-29T05:44:00Z,2021-09-29 05:44:00+00:00,1.0,Open Charge Map Contributors,Licensed under Creative Commons Attribution 4.0 International (CC BY 4.0),data/raw/ocm/OCM-170057.json,https://openchargemap.org/site/poi/details/170057,False
170058,1.0,(unknown operator),Three Springs Community Hall,Hall Street,Three Springs,,-29.53657432320555,115.76446092461606,,,Public,Operational,2020-11-17T10:01:00Z,2020-11-17 10:01:00+00:00,1.0,Open Charge Map Contributors,Licensed under Creative Commons Attribution 4.0 International (CC BY 4.0),data/raw/ocm/OCM-170058.json,https://openchargemap.org/site/poi/details/170058,False
170079,1.0,(unknown operator),Belair Gardens Caravan Park,Belair Gardens Caravan Park,Geraldton,6530,-28.779676952665696,114.5831110346918,,,"Private - For Staff, Visitors or Customers",Operational,2020-11-18T18:31:00Z,2020-11-18 18:31:00+00:00,1.0,Open Charge Map Contributors,Licensed under Creative Commons Attribution 4.0 International (CC BY 4.0),data/raw/ocm/OCM-170079.json,https://openchargemap.org/site/poi/details/170079,False
170276,3339.0,Chargefox,Ross's Discount Home Center,57 James Street,Guildford,6055,-31.899460299819353,115.97636233048627,$0.40 per kWh,,Public,Operational,2023-04-16T20:18:00Z,2023-04-16 20:18:00+00:00,2.0,Open Charge Map Contributors,Licensed under Creative Commons Attribution 4.0 International (CC BY 4.0),data/raw/ocm/OCM-170276.json,https://openchargemap.org/site/poi/details/170276,True
170600,3406.0,electric highway tasmania,Multi-storey Car Park,Fenton Way,Devonport,7310,-41.177518,146.359337,25c/kWh + 25c/min,,Public,Operational,2023-07-15T07:22:00Z,2023-07-15 07:22:00+00:00,2.0,Open Charge Map Contributors,Licensed under Creative Commons Attribution 4.0 International (CC BY 4.0),data/raw/ocm/OCM-170600.json,https://openchargemap.org/site/poi/details/170600,True
170607,3398.0,Evie,Ampol Woolworths MetroGo Seven Hills,38 Abbott Rd,Seven Hills,2147,-33.767099,150.954883,$0.60 per kWh,"Can be accessed from Foundry Rd through back of Hungry Jack's if coming from West, or perhaps more importantly, if looking to exit onto the M2 or turn at Old Windsor Road to reach the M7. Try out the air compressor and the squeegee while you charge. They’re immediately next to the charging bays, and the tyre hose reaches both spaces.",Public - Membership Required,Operational,2023-07-16T12:35:00Z,2023-07-16 12:35:00+00:00,2.0,Open Charge Map Contributors,Licensed under Creative Commons Attribution 4.0 International (CC BY 4.0),data/raw/ocm/OCM-170607.json,https://openchargemap.org/site/poi/details/170607,True
170663,3339.0,Chargefox,Esperance Horizon Power,143 Sims Street ,Chadwick ,6450,-33.84413484580914,121.88301724075569,Free,,Public,Operational,2023-09-17T01:55:00Z,2023-09-17 01:55:00+00:00,2.0,Open Charge Map Contributors,Licensed under Creative Commons Attribution 4.0 International (CC BY 4.0),data/raw/ocm/OCM-170663.json,https://openchargemap.org/site/poi/details/170663,False
170664,1.0,(unknown operator),Munglinup Road House ,Tubada Street,Munglinup,,-33.70473909585485,120.86050338886241,$.50 per kWh,,Public,Operational,2021-06-06T21:17:00Z,2021-06-06 21:17:00+00:00,1.0,Open Charge Map Contributors,Licensed under Creative Commons Attribution 4.0 International (CC BY 4.0),data/raw/ocm/OCM-170664.json,https://openchargemap.org/site/poi/details/170664,False
170665,1.0,(unknown operator),Ravensthorpe Caravan Park,2 Elston Street ,Ravensthorpe,6346,-33.578686168911844,120.05342847525014,"$1.00 per kWh, $10 minimum",,Public - Pay At Location,Operational,2022-01-14T03:14:00Z,2022-01-14 03:14:00+00:00,2.0,Open Charge Map Contributors,Licensed under Creative Commons Attribution 4.0 International (CC BY 4.0),data/raw/ocm/OCM-170665.json,https://openchargemap.org/site/poi/details/170665,False
170770,23.0,Tesla,Albany City Visitors Center ,Collie Street,Albany,6330,-35.02317787640003,117.8822800393666,Free,,Public,Operational,2021-11-08T21:44:00Z,2021-11-08 21:44:00+00:00,1.0,Open Charge Map Contributors,Licensed under Creative Commons Attribution 4.0 International (CC BY 4.0),data/raw/ocm/OCM-170770.json,https://openchargemap.org/site/poi/details/170770,False
170771,45.0,(business owner at location),Bremer Bay Resort ,Frantom Way,Bremer Bay,,-34.39798497010463,119.38183267909346,Free for customers,,"Private - For Staff, Visitors or Customers",Operational,2021-12-31T02:29:00Z,2021-12-31 02:29:00+00:00,2.0,Open Charge Map Contributors,Licensed under Creative Commons Attribution 4.0 International (CC BY 4.0),data/raw/ocm/OCM-170771.json,https://openchargemap.org/site/poi/details/170771,False
170773,,,Hyden Travel Stop,Marshall Street,Hyden,,-32.44812974278317,118.86719516419817,$0.40,,Privately Owned - Notice Required,Operational,2023-07-13T22:47:00Z,2023-07-13 22:47:00+00:00,1.0,Open Charge Map Contributors,Licensed under Creative Commons Attribution 4.0 International (CC BY 4.0),data/raw/ocm/OCM-170773.json,https://openchargemap.org/site/poi/details/170773,False
170824,3388.0,NRMA,Armidale Visitors Centre,82 Marsh Street,Armidale,2350,-30.511645241125954,151.66954542599308,Currently free but will be fee at some point.,,Public,Operational,2020-12-11T13:42:00Z,2020-12-11 13:42:00+00:00,1.0,Open Charge Map Contributors,Licensed under Creative Commons Attribution 4.0 International (CC BY 4.0),data/raw/ocm/OCM-170824.json,https://openchargemap.org/site/poi/details/170824,True
170933,23.0,Tesla,Abbey Farm Road,Abbey Farm Road,,,-33.7168011,115.0462745,,,Public - Membership Required,Unknown,2021-02-22T06:43:00Z,2021-02-22 06:43:00+00:00,2.0,Open Charge Map Contributors,Licensed under Creative Commons Attribution 4.0 International (CC BY 4.0),data/raw/ocm/OCM-170933.json,https://openchargemap.org/site/poi/details/170933,False
170945,,,City of Kalgoorlie-Boulder Administration Building,577 Hannan Street,Kalgoorlie,6432,-30.7629727825542,121.4561855701744,Free,,Public,Operational,2023-07-13T22:45:00Z,2023-07-13 22:45:00+00:00,1.0,Open Charge Map Contributors,Licensed under Creative Commons Attribution 4.0 International (CC BY 4.0),data/raw/ocm/OCM-170945.json,https://openchargemap.org/site/poi/details/170945,False
170985,1.0,(unknown operator),The Place @ Warrawong Plaza,King Street,Warrawong,2502,-34.486377904198555,150.88795170004096,Free,Access from South bound lane on King Street.,Public,Operational,2021-01-08T03:32:00Z,2021-01-08 03:32:00+00:00,1.0,Open Charge Map Contributors,Licensed under Creative Commons Attribution 4.0 International (CC BY 4.0),data/raw/ocm/OCM-170985.json,https://openchargemap.org/site/poi/details/170985,False
171061,3317.0,queensland electric super highway,Mount Larcom QESH,Raglan Street,Mount Larcom,4695,-23.810718434831855,150.98006963498256,$0.30 per kWh,"Carpark on TMR Easment, Dudge & Isabel Barram Park",Public,Operational,2023-07-17T13:34:00Z,2023-07-17 13:34:00+00:00,1.0,Open Charge Map Contributors,Licensed under Creative Commons Attribution 4.0 International (CC BY 4.0),data/raw/ocm/OCM-171061.json,https://openchargemap.org/site/poi/details/171061,True
171146,23.0,Tesla,Maclean Supercharger,56 Morpeth St.,Harwood,2465,-29.427083,153.239167,AUD 0.42/kWh;other tariffs for older cars,,Public - Membership Required,Operational,2020-12-22T06:35:00Z,2020-12-22 06:35:00+00:00,4.0,Open Charge Map Contributors,Licensed under Creative Commons Attribution 4.0 International (CC BY 4.0),data/raw/ocm/OCM-171146.json,https://openchargemap.org/site/poi/details/171146,True
171313,3339.0,Chargefox,Nanutarra Road House,Highway 1,Nanutarra,,-22.54312510773856,115.5011769289556,As agreed with management,,Public,Operational,2023-07-17T00:17:00Z,2023-07-17 00:17:00+00:00,1.0,Open Charge Map Contributors,Licensed under Creative Commons Attribution 4.0 International (CC BY 4.0),data/raw/ocm/OCM-171313.json,https://openchargemap.org/site/poi/details/171313,False
171316,1.0,(unknown operator),Wooramel Roadhouse,Highway 1,Wooramel,,-25.77005241895108,114.29396280909054,$10 / hour,,Public - Pay At Location,Operational,2020-12-30T12:56:00Z,2020-12-30 12:56:00+00:00,1.0,Open Charge Map Contributors,Licensed under Creative Commons Attribution 4.0 International (CC BY 4.0),data/raw/ocm/OCM-171316.json,https://openchargemap.org/site/poi/details/171316,False
171592,45.0,(business owner at location),Cable Beach Club,28 Cable Beach Rd,Broome ,6725,-17.928467796464545,122.21282563816374,,,"Private - For Staff, Visitors or Customers",Operational,2021-01-07T21:48:00Z,2021-01-07 21:48:00+00:00,1.0,Open Charge Map Contributors,Licensed under Creative Commons Attribution 4.0 International (CC BY 4.0),data/raw/ocm/OCM-171592.json,https://openchargemap.org/site/poi/details/171592,False
171640,45.0,(business owner at location),Broome Horizon Power,4 McDaniel Road,Broome,6726,-17.982599265398918,122.2046047380004,,Behind gates which are open from 08:00 to 16:00,Public,Operational,2021-01-07T21:48:00Z,2021-01-07 21:48:00+00:00,1.0,Open Charge Map Contributors,Licensed under Creative Commons Attribution 4.0 International (CC BY 4.0),data/raw/ocm/OCM-171640.json,https://openchargemap.org/site/poi/details/171640,False
171646,3534.0,Tesla,Wollongong Supercharger,Figtree Grove Shopping Centre,Figtree,2525,-34.43797320339262,150.8633622012107,$0.69/kWh,,Public - Membership Required,Operational,2023-08-30T06:17:00Z,2023-08-30 06:17:00+00:00,6.0,Open Charge Map Contributors,Licensed under Creative Commons Attribution 4.0 International (CC BY 4.0),data/raw/ocm/OCM-171646.json,https://openchargemap.org/site/poi/details/171646,True
171647,3339.0,Chargefox,Woolworths Shell Cove,Harbour Boulevarde,Shellharbour,2529,-34.588308117930936,150.86592718102042,$0.40/kWh ($0.32/kWh for NRMA),,Public,Temporarily Unavailable,2023-07-15T07:37:00Z,2023-07-15 07:37:00+00:00,2.0,Open Charge Map Contributors,Licensed under Creative Commons Attribution 4.0 International (CC BY 4.0),data/raw/ocm/OCM-171647.json,https://openchargemap.org/site/poi/details/171647,True
171658,1.0,(unknown operator),Byron Shire Carpark,70-90 Station Street,Mullumbimby,2482,-28.55487684402341,153.502193985046,free,"In the Carpark, under the big solar array",Public - Membership Required,Operational,2021-01-09T10:16:00Z,2021-01-09 10:16:00+00:00,2.0,Open Charge Map Contributors,Licensed under Creative Commons Attribution 4.0 International (CC BY 4.0),data/raw/ocm/OCM-171658.json,https://openchargemap.org/site/poi/details/171658,False
172030,45.0,(business owner at location),Oceans Restaurant,"1, Ocean Park Road",Denham,6536,-25.980244900682365,113.55941698472748,As at site,,Public,Operational,2021-01-13T11:44:00Z,2021-01-13 11:44:00+00:00,1.0,Open Charge Map Contributors,Licensed under Creative Commons Attribution 4.0 International (CC BY 4.0),data/raw/ocm/OCM-172030.json,https://openchargemap.org/site/poi/details/172030,False
172031,45.0,(business owner at location),Monkey Mia Resort ,Monkey Mia Road,Shire Of Shark Bay,6537,-25.795073267849816,113.71896975818015,Ask at site,At maintenance shed,Private - Restricted Access,Operational,2023-07-21T02:02:00Z,2023-07-21 02:02:00+00:00,,Open Charge Map Contributors,Licensed under Creative Commons Attribution 4.0 International (CC BY 4.0),data/raw/ocm/OCM-172031.json,https://openchargemap.org/site/poi/details/172031,False
172181,1.0,(unknown operator),Kulin Caravan Park ,Kulin-Lake Grace Road,Kulin,6365,-32.667453883476426,118.15772042453,,,Public,Operational,2021-11-27T16:02:00Z,2021-11-27 16:02:00+00:00,1.0,Open Charge Map Contributors,Licensed under Creative Commons Attribution 4.0 International (CC BY 4.0),data/raw/ocm/OCM-172181.json,https://openchargemap.org/site/poi/details/172181,False
172232,3406.0,electric highway tasmania,EHT - St Helens,Bowen Street,St Helens,,-41.322949,148.248273,25c/kWh + 25c/min,,Public,Operational,2023-07-14T14:28:00Z,2023-07-14 14:28:00+00:00,2.0,Open Charge Map Contributors,Licensed under Creative Commons Attribution 4.0 International (CC BY 4.0),data/raw/ocm/OCM-172232.json,https://openchargemap.org/site/poi/details/172232,True
172233,45.0,(business owner at location),TasPorts - Hunter Street,Hunter Street,Hobart,7001,-42.88166757453731,147.33553637293267,Free,,Public,Operational,2021-01-24T02:29:00Z,2021-01-24 02:29:00+00:00,1.0,Open Charge Map Contributors,Licensed under Creative Commons Attribution 4.0 International (CC BY 4.0),data/raw/ocm/OCM-172233.json,https://openchargemap.org/site/poi/details/172233,False
172234,45.0,(business owner at location),TasPorts - Fishermans Market,Davey Street,Hobart,7001,-42.881781,147.333368,Free,,Public,Operational,2021-01-24T02:31:00Z,2021-01-24 02:31:00+00:00,1.0,Open Charge Map Contributors,Licensed under Creative Commons Attribution 4.0 International (CC BY 4.0),data/raw/ocm/OCM-172234.json,https://openchargemap.org/site/poi/details/172234,False
172242,23.0,Tesla,Busselton Central ,30 Kent St,Busselton,,-33.650757506043476,115.34189703524089,,,Public,Operational,2024-01-25T06:11:00Z,2024-01-25 06:11:00+00:00,2.0,Open Charge Map Contributors,Licensed under Creative Commons Attribution 4.0 International (CC BY 4.0),data/raw/ocm/OCM-172242.json,https://openchargemap.org/site/poi/details/172242,False
172360,3398.0,Evie,Coles North Buderim,141 Jones Road,Buderim,4556,-26.6628832,153.0503206,0.40 per kWh,,Public - Pay At Location,Operational,2023-07-15T13:20:00Z,2023-07-15 13:20:00+00:00,3.0,Open Charge Map Contributors,Licensed under Creative Commons Attribution 4.0 International (CC BY 4.0),data/raw/ocm/OCM-172360.json,https://openchargemap.org/site/poi/details/172360,True
172361,3317.0,queensland electric super highway,BWS Forest Glen,347 Mons Road,Forest Glen,4556,-26.6871348,153.0042754,20c/kWh,,Public,Operational,2023-07-17T13:40:00Z,2023-07-17 13:40:00+00:00,1.0,Open Charge Map Contributors,Licensed under Creative Commons Attribution 4.0 International (CC BY 4.0),data/raw/ocm/OCM-172361.json,https://openchargemap.org/site/poi/details/172361,True
172362,3317.0,queensland electric super highway,Helensvale QESH,Railway station carpark,Helensvale,4212,-27.923656750179823,153.33893758482532,$0.30 per kWh,,Public,Operational,2023-07-29T09:55:00Z,2023-07-29 09:55:00+00:00,1.0,Open Charge Map Contributors,Licensed under Creative Commons Attribution 4.0 International (CC BY 4.0),data/raw/ocm/OCM-172362.json,https://openchargemap.org/site/poi/details/172362,True
172373,3339.0,Chargefox,Kawana Shopping World,20 Bermagui Crescent,Buddina,4575,-26.704325392220312,153.13172509725268,Free,,Public,Operational,2023-07-13T22:18:00Z,2023-07-13 22:18:00+00:00,2.0,Open Charge Map Contributors,Licensed under Creative Commons Attribution 4.0 International (CC BY 4.0),data/raw/ocm/OCM-172373.json,https://openchargemap.org/site/poi/details/172373,False
172641,3406.0,electric highway tasmania,Electric Highway Tasmania - Swansea,Noyes St,Swansea,,-42.123706,148.075201,25c/kWh + 25c/min,,Public,Operational,2023-07-15T07:23:00Z,2023-07-15 07:23:00+00:00,2.0,Open Charge Map Contributors,Licensed under Creative Commons Attribution 4.0 International (CC BY 4.0),data/raw/ocm/OCM-172641.json,https://openchargemap.org/site/poi/details/172641,True
172652,3398.0,Evie,Taree South Service Centre [Evie],Manning River Drive,,2430,-31.94324179696902,152.4706408423865,$0.60/kWh,access of Manning River Drive,Public - Membership Required,Operational,2023-07-15T13:54:00Z,2023-07-15 13:54:00+00:00,4.0,Open Charge Map Contributors,Licensed under Creative Commons Attribution 4.0 International (CC BY 4.0),data/raw/ocm/OCM-172652.json,https://openchargemap.org/site/poi/details/172652,True
172836,3317.0,queensland electric super highway,QESH Slacks Creek (IKEA Logan),IKEA,Logan City,4127,-27.637474767788774,153.13549712588133,$0.30 per kWh,Access is vis the IKEA carpark. They are located right near the main entrance.,Public,Operational,2023-07-17T10:34:00Z,2023-07-17 10:34:00+00:00,1.0,Open Charge Map Contributors,Licensed under Creative Commons Attribution 4.0 International (CC BY 4.0),data/raw/ocm/OCM-172836.json,https://openchargemap.org/site/poi/details/172836,True
172837,3317.0,queensland electric super highway,Paradise Country Farmstay,Paradise Country,Gold Coast,4210,-27.9130134499947,153.30421447000026,,,"Private - For Staff, Visitors or Customers",Operational,2021-02-19T11:49:00Z,2021-02-19 11:49:00+00:00,1.0,Open Charge Map Contributors,Licensed under Creative Commons Attribution 4.0 International (CC BY 4.0),data/raw/ocm/OCM-172837.json,https://openchargemap.org/site/poi/details/172837,False
172852,3339.0,Chargefox,Coffs Harbour [Chargefox],Pacific Highway,North Boambee Valley,2450,-30.31779254465217,153.08970357206374,$0.60/kWh,behind Gloria Jeans,Public,Operational,2023-07-13T22:16:00Z,2023-07-13 22:16:00+00:00,2.0,Open Charge Map Contributors,Licensed under Creative Commons Attribution 4.0 International (CC BY 4.0),data/raw/ocm/OCM-172852.json,https://openchargemap.org/site/poi/details/172852,True
172853,45.0,(business owner at location),Bischoff Hotel,20 Main Rd,Waratah,,-41.442649,145.526853,Free,,"Private - For Staff, Visitors or Customers",Operational,2021-02-20T00:51:00Z,2021-02-20 00:51:00+00:00,2.0,Open Charge Map Contributors,Licensed under Creative Commons Attribution 4.0 International (CC BY 4.0),data/raw/ocm/OCM-172853.json,https://openchargemap.org/site/poi/details/172853,False
172854,45.0,(business owner at location),Cradle Mountain Visitor Centre,4057 Cradle Mountain Road,,7306,-41.580407,145.938367,Free,,Public,Operational,2021-02-20T00:56:00Z,2021-02-20 00:56:00+00:00,1.0,Open Charge Map Contributors,Licensed under Creative Commons Attribution 4.0 International (CC BY 4.0),data/raw/ocm/OCM-172854.json,https://openchargemap.org/site/poi/details/172854,False
172919,3339.0,Chargefox,Karuah [Chargefox],403 Tarean Road,Karuah,2324,-32.654035826022145,151.96245572258226,$0.45 - $0.60/kWh,Located in the BP service station - on the left as you enter the site.,Public - Membership Required,Operational,2024-05-28T05:36:00Z,2024-05-28 05:36:00+00:00,3.0,Open Charge Map Contributors,Licensed under Creative Commons Attribution 4.0 International (CC BY 4.0),data/raw/ocm/OCM-172919.json,https://openchargemap.org/site/poi/details/172919,True
172920,3388.0,NRMA,Sovereign Place [NRMA],John Oxley Drive,Thrumster,2444,-31.458281139153392,152.8274557327511,Free,In the Sovereign Place shopping complex carpark,Public,Operational,2021-12-19T01:51:00Z,2021-12-19 01:51:00+00:00,2.0,Open Charge Map Contributors,Licensed under Creative Commons Attribution 4.0 International (CC BY 4.0),data/raw/ocm/OCM-172920.json,https://openchargemap.org/site/poi/details/172920,True
172921,3339.0,Chargefox,Port Macquarie Service Centre [Chargefox],1063 Oxley Highway,Thrumster,2444,-31.463751231214047,152.82172752510883,"$0.60/kWh, 20% discount for NRMA members",Located behind the BP service station,Public,Operational,2023-07-17T12:34:00Z,2023-07-17 12:34:00+00:00,2.0,Open Charge Map Contributors,Licensed under Creative Commons Attribution 4.0 International (CC BY 4.0),data/raw/ocm/OCM-172921.json,https://openchargemap.org/site/poi/details/172921,True
173908,3398.0,Evie,Evie Networks - Brighton,146 Brighton Road,Brighton,7030,-42.700694,147.250937,60c/kWh,,Public - Membership Required,Operational,2023-07-12T13:47:00Z,2023-07-12 13:47:00+00:00,2.0,Open Charge Map Contributors,Licensed under Creative Commons Attribution 4.0 International (CC BY 4.0),data/raw/ocm/OCM-173908.json,https://openchargemap.org/site/poi/details/173908,True
174349,1.0,(unknown operator),Auski Tourist Village,Auski Tourist Village,,,-22.376952822011987,118.69077381915235,Free,Requires 10 meter 3 phase extension cable to connect.,"Private - For Staff, Visitors or Customers",Operational,2021-03-24T17:53:00Z,2021-03-24 17:53:00+00:00,1.0,Open Charge Map Contributors,Licensed under Creative Commons Attribution 4.0 International (CC BY 4.0),data/raw/ocm/OCM-174349.json,https://openchargemap.org/site/poi/details/174349,False
174394,1.0,(unknown operator),Jerramungup Caravan Park ,Moorshead Street,Jerramungup,6337,-33.94303012312629,118.92107406503692,$0.50 per kWh,,"Private - For Staff, Visitors or Customers",Operational,2021-03-28T12:19:00Z,2021-03-28 12:19:00+00:00,1.0,Open Charge Map Contributors,Licensed under Creative Commons Attribution 4.0 International (CC BY 4.0),data/raw/ocm/OCM-174394.json,https://openchargemap.org/site/poi/details/174394,False
174474,1.0,(unknown operator),Armstrong Creek Shopping Centre,540 Torquay Rd,Armstrong Creek,3216,-38.22890721146294,144.3389741604601,Free,"4 parking bays, 2 sockets. South side of building",Public,Operational,2022-12-21T06:25:00Z,2022-12-21 06:25:00+00:00,2.0,Open Charge Map Contributors,Licensed under Creative Commons Attribution 4.0 International (CC BY 4.0),data/raw/ocm/OCM-174474.json,https://openchargemap.org/site/poi/details/174474,False
174956,3339.0,Chargefox,Orana McDonalds,475 Albany Highway ,Orana,6330,-34.992431565802164,117.85606118764076,$0.25 per kWh,,Public - Membership Required,Operational,2021-06-06T21:06:00Z,2021-06-06 21:06:00+00:00,2.0,Open Charge Map Contributors,Licensed under Creative Commons Attribution 4.0 International (CC BY 4.0),data/raw/ocm/OCM-174956.json,https://openchargemap.org/site/poi/details/174956,False
175167,3534.0,Tesla,Williams Supercharger,Richardson Street,Williams,6391,-33.0246396689368,116.87898753225318,Tesla Supercharger Cost,,Public - Membership Required,Operational,2023-10-09T01:47:00Z,2023-10-09 01:47:00+00:00,3.0,Open Charge Map Contributors,Licensed under Creative Commons Attribution 4.0 International (CC BY 4.0),data/raw/ocm/OCM-175167.json,https://openchargemap.org/site/poi/details/175167,True
175224,23.0,Tesla,Byford Hungry Jacks,1 Beenyup Rd,Byford,6122,-32.222227005760224,116.009671395635,Free,,Public,Operational,2021-11-08T21:37:00Z,2021-11-08 21:37:00+00:00,2.0,Open Charge Map Contributors,Licensed under Creative Commons Attribution 4.0 International (CC BY 4.0),data/raw/ocm/OCM-175224.json,https://openchargemap.org/site/poi/details/175224,False
175300,3339.0,Chargefox,Byford McDonalds ,Thomas at Kardan,Byford,6122,-32.20781033484258,115.9786323921769,$0.22 per kWh,,Public - Membership Required,Operational,2023-05-31T13:43:00Z,2023-05-31 13:43:00+00:00,4.0,Open Charge Map Contributors,Licensed under Creative Commons Attribution 4.0 International (CC BY 4.0),data/raw/ocm/OCM-175300.json,https://openchargemap.org/site/poi/details/175300,False
175607,1.0,(unknown operator),Curtin University Future Battery Industries,C7,Perth,6102,-32.01014423473439,115.89408682148053,"Parking cost $2.55 per hour during office hours, $1.00 per hour otherwise.",Turn into Future Battery Industries from Brand Drive.,Public,Operational,2021-12-01T06:30:00Z,2021-12-01 06:30:00+00:00,1.0,Open Charge Map Contributors,Licensed under Creative Commons Attribution 4.0 International (CC BY 4.0),data/raw/ocm/OCM-175607.json,https://openchargemap.org/site/poi/details/175607,True
175665,3339.0,Chargefox,"Pacific Fuels, Drayton",382 ANZAC Avenue,Toowoomba,4350,-27.591010565674807,151.9153942255773,$0.30/kWh,24 hour station,Public - Membership Required,Operational,2023-07-13T22:15:00Z,2023-07-13 22:15:00+00:00,1.0,Open Charge Map Contributors,Licensed under Creative Commons Attribution 4.0 International (CC BY 4.0),data/raw/ocm/OCM-175665.json,https://openchargemap.org/site/poi/details/175665,True
175694,1.0,(unknown operator),Nowendoc General Store,Nowendoc Road,Nowendoc,2354,-31.51342872168202,151.71798157900275,,Speak to Max the operator of the business.,Privately Owned - Notice Required,Operational,2021-06-07T11:23:00Z,2021-06-07 11:23:00+00:00,1.0,Open Charge Map Contributors,Licensed under Creative Commons Attribution 4.0 International (CC BY 4.0),data/raw/ocm/OCM-175694.json,https://openchargemap.org/site/poi/details/175694,False
175885,1.0,(unknown operator),Karri Valley RAC Resort ,Vasse Highway,,,-34.42027613180135,115.85053322429985,$0.45 per kWh,,Public - Membership Required,Operational,2021-06-17T21:26:00Z,2021-06-17 21:26:00+00:00,2.0,Open Charge Map Contributors,Licensed under Creative Commons Attribution 4.0 International (CC BY 4.0),data/raw/ocm/OCM-175885.json,https://openchargemap.org/site/poi/details/175885,False
175886,3339.0,Chargefox,Pemberton Fast Charger ,Brockman Street,Pemberton,6260,-34.443958291194164,116.03592151577095,$0.45 per kWh,,Public - Membership Required,Operational,2021-07-14T13:41:00Z,2021-07-14 13:41:00+00:00,1.0,Open Charge Map Contributors,Licensed under Creative Commons Attribution 4.0 International (CC BY 4.0),data/raw/ocm/OCM-175886.json,https://openchargemap.org/site/poi/details/175886,True
176173,1.0,(unknown operator),Ocean West Holiday Units ,1 Hadda Way,Geraldton,6531,-28.791720261746377,114.60989406856584,Free,,Public,Operational,2021-11-27T12:01:00Z,2021-11-27 12:01:00+00:00,1.0,Open Charge Map Contributors,Licensed under Creative Commons Attribution 4.0 International (CC BY 4.0),data/raw/ocm/OCM-176173.json,https://openchargemap.org/site/poi/details/176173,False
176298,3339.0,Chargefox,Stockland Harrisdale,Lafayette Avenue,Perth,6112,-32.1275513,115.9276093,Free,,Public - Membership Required,Operational,2021-07-04T07:13:00Z,2021-07-04 07:13:00+00:00,2.0,Open Charge Map Contributors,Licensed under Creative Commons Attribution 4.0 International (CC BY 4.0),data/raw/ocm/OCM-176298.json,https://openchargemap.org/site/poi/details/176298,False
188496,23.0,Tesla,Karrinyup Centre,200 Karrinyup Road,Perth,6018,-31.877110016292697,115.7766884375718,0.51c / kWhr plus $1/min idle fee,"Enter via Karrinyup Road, follow signs for Fresh Market/Valet. Enter basement, take first Right. Chargers at end of aisle on Right. B2 Red parking zone.",Public - Membership Required,Operational,2023-10-09T01:47:00Z,2023-10-09 01:47:00+00:00,6.0,Open Charge Map Contributors,Licensed under Creative Commons Attribution 4.0 International (CC BY 4.0),data/raw/ocm/OCM-188496.json,https://openchargemap.org/site/poi/details/188496,True
189018,1.0,(unknown operator),Broome Visitor Center,Hamersley Street,Broome,6725,-17.95354350836439,122.24114298192785,Free,,Public - Membership Required,Operational,2021-09-01T15:26:00Z,2021-09-01 15:26:00+00:00,1.0,Open Charge Map Contributors,Licensed under Creative Commons Attribution 4.0 International (CC BY 4.0),data/raw/ocm/OCM-189018.json,https://openchargemap.org/site/poi/details/189018,False
189033,3560.0,get electric (au),Hungry Jacks,27 Gap Road,Sunbury,3429,-37.58083462151804,144.72450043278604,$0.25/kWh,,Public - Membership Required,Operational,2022-12-24T21:17:00Z,2022-12-24 21:17:00+00:00,2.0,Open Charge Map Contributors,Licensed under Creative Commons Attribution 4.0 International (CC BY 4.0),data/raw/ocm/OCM-189033.json,https://openchargemap.org/site/poi/details/189033,False
189036,1.0,(unknown operator),Watergardens Shopping Centre,399 Melton Highway,Sydenham,3037,-37.69870942833684,144.77527685160192,,From 0700-00:00 7 days a week,Public - Membership Required,Operational,2021-09-02T14:45:00Z,2021-09-02 14:45:00+00:00,3.0,Open Charge Map Contributors,Licensed under Creative Commons Attribution 4.0 International (CC BY 4.0),data/raw/ocm/OCM-189036.json,https://openchargemap.org/site/poi/details/189036,False
189315,1.0,(unknown operator),Public Area Kulin,49 Johnston Street,Kulin,6365,-32.67002628100579,118.15563161863884,,,Public,Operational,2021-11-27T15:58:00Z,2021-11-27 15:58:00+00:00,1.0,Open Charge Map Contributors,Licensed under Creative Commons Attribution 4.0 International (CC BY 4.0),data/raw/ocm/OCM-189315.json,https://openchargemap.org/site/poi/details/189315,False
189631,1.0,(unknown operator),Elizabeth Park,62 High St,Ararat,3397,-37.28172500035981,142.93062886065638,0,,Public - Membership Required,Operational,2021-10-21T11:18:00Z,2021-10-21 11:18:00+00:00,2.0,Open Charge Map Contributors,Licensed under Creative Commons Attribution 4.0 International (CC BY 4.0),data/raw/ocm/OCM-189631.json,https://openchargemap.org/site/poi/details/189631,False
189632,1.0,(unknown operator),Lochiel Street,Lochiel Street,Dimboola,3414,-36.45471075819277,142.02591791324858,,,Public - Membership Required,Operational,2021-10-21T13:42:00Z,2021-10-21 13:42:00+00:00,1.0,Open Charge Map Contributors,Licensed under Creative Commons Attribution 4.0 International (CC BY 4.0),data/raw/ocm/OCM-189632.json,https://openchargemap.org/site/poi/details/189632,False
189634,3339.0,Chargefox,RACV - Horsham,126 Baillie St,Horsham,3400,-36.711118864173116,142.20194581205692,,,Public - Membership Required,Operational,2023-07-04T14:52:00Z,2023-07-04 14:52:00+00:00,4.0,Open Charge Map Contributors,Licensed under Creative Commons Attribution 4.0 International (CC BY 4.0),data/raw/ocm/OCM-189634.json,https://openchargemap.org/site/poi/details/189634,True
189635,23.0,Tesla,EastLand Shopping Centre,Maroondah Highway,Melbourne,3134,-37.81312694411209,145.22883198929685,,,Public - Membership Required,Operational,2021-10-21T10:56:00Z,2021-10-21 10:56:00+00:00,4.0,Open Charge Map Contributors,Licensed under Creative Commons Attribution 4.0 International (CC BY 4.0),data/raw/ocm/OCM-189635.json,https://openchargemap.org/site/poi/details/189635,False
189741,1.0,(unknown operator),Research Way - N1 Carpark,Research Way,,3800,-37.90730011409977,145.13207788768955,Free,,Public - Membership Required,Operational,2021-11-02T09:30:00Z,2021-11-02 09:30:00+00:00,2.0,Open Charge Map Contributors,Licensed under Creative Commons Attribution 4.0 International (CC BY 4.0),data/raw/ocm/OCM-189741.json,https://openchargemap.org/site/poi/details/189741,True
189742,3398.0,Evie,Heatherton Road,Heatherton Road,Dandenong,3175,-37.97128123711468,145.2236965774951,$0.60 / kWh,,Public - Membership Required,Operational,2023-07-06T20:53:00Z,2023-07-06 20:53:00+00:00,2.0,Open Charge Map Contributors,Licensed under Creative Commons Attribution 4.0 International (CC BY 4.0),data/raw/ocm/OCM-189742.json,https://openchargemap.org/site/poi/details/189742,True
189744,3339.0,Chargefox,CB Smith Reserve,99 Jukes Road,Fawkner,3060,-37.70252995850394,144.9695198384195,Free,,Public - Membership Required,Operational,2023-07-05T13:15:00Z,2023-07-05 13:15:00+00:00,1.0,Open Charge Map Contributors,Licensed under Creative Commons Attribution 4.0 International (CC BY 4.0),data/raw/ocm/OCM-189744.json,https://openchargemap.org/site/poi/details/189744,True
189745,3339.0,Chargefox,Coburg North EV Fast Charge,11 Boundary Road,Coburg North,3058,-37.71893760420672,144.9615007076203,Free to use for a 1 hour session.,,Public - Membership Required,Operational,2023-07-15T07:27:00Z,2023-07-15 07:27:00+00:00,1.0,Open Charge Map Contributors,Licensed under Creative Commons Attribution 4.0 International (CC BY 4.0),data/raw/ocm/OCM-189745.json,https://openchargemap.org/site/poi/details/189745,True
189747,3339.0,Chargefox,Coburg Civic Centre / Moreland City,90 Bell Street,Coburg,3058,-37.74104152020631,144.9701497464091,Free,,Public,Operational,2023-07-05T19:37:00Z,2023-07-05 19:37:00+00:00,4.0,Open Charge Map Contributors,Licensed under Creative Commons Attribution 4.0 International (CC BY 4.0),data/raw/ocm/OCM-189747.json,https://openchargemap.org/site/poi/details/189747,True
189748,3339.0,Chargefox,Brunswick EV Hub,15 Edward Street,Brunswick,3056,-37.77388003814904,144.961800631472,Free,,Public,Operational,2023-07-05T13:16:00Z,2023-07-05 13:16:00+00:00,4.0,Open Charge Map Contributors,Licensed under Creative Commons Attribution 4.0 International (CC BY 4.0),data/raw/ocm/OCM-189748.json,https://openchargemap.org/site/poi/details/189748,True
189750,3398.0,Evie,Uni Hill Town Centre,19 Graduate Drive,Bundoora,3082,-37.682971406829196,145.07101659256762,$0.40 / Kwh,,Public - Membership Required,Operational,2023-07-06T20:53:00Z,2023-07-06 20:53:00+00:00,2.0,Open Charge Map Contributors,Licensed under Creative Commons Attribution 4.0 International (CC BY 4.0),data/raw/ocm/OCM-189750.json,https://openchargemap.org/site/poi/details/189750,True
189751,3339.0,Chargefox,RACV Ballarat,Davies Street,Ballarat,3350,-37.5612351886418,143.86250844804772,,,Public - Membership Required,Operational,2025-01-24T09:21:00Z,2025-01-24 09:21:00+00:00,4.0,Open Charge Map Contributors,Licensed under Creative Commons Attribution 4.0 International (CC BY 4.0),data/raw/ocm/OCM-189751.json,https://openchargemap.org/site/poi/details/189751,True
189753,1.0,(unknown operator),Pilmuir (self catering),Drumuillie,,,57.26298370746983,-3.7398900681177736,,,Privately Owned - Notice Required,Operational,2021-11-02T09:24:00Z,2021-11-02 09:24:00+00:00,1.0,Open Charge Map Contributors,Licensed under Creative Commons Attribution 4.0 International (CC BY 4.0),data/raw/ocm/OCM-189753.json,https://openchargemap.org/site/poi/details/189753,False
189882,23.0,Tesla,The Sandalwood Cafe,2 Down Road,Albany,,-34.92404614123427,117.7908841103324,,,Public,Operational,2021-11-08T21:52:00Z,2021-11-08 21:52:00+00:00,1.0,Open Charge Map Contributors,Licensed under Creative Commons Attribution 4.0 International (CC BY 4.0),data/raw/ocm/OCM-189882.json,https://openchargemap.org/site/poi/details/189882,False
189982,1.0,(unknown operator),Best Western Plus Goulburn,77 Lagoon St,Goulburn,2580,-34.74763966952328,149.72931043349024,,,Public - Pay At Location,Operational,2021-11-15T08:11:00Z,2021-11-15 08:11:00+00:00,2.0,Open Charge Map Contributors,Licensed under Creative Commons Attribution 4.0 International (CC BY 4.0),data/raw/ocm/OCM-189982.json,https://openchargemap.org/site/poi/details/189982,False
189983,1.0,(unknown operator),Goulburn Visitor Information Centre,201 Sloane St,Goulburn,2580,-34.75614119383021,149.72056166468496,,9-5 weekdays 10-4 weekends and public holidays (closed Christmas day),Public,Operational,2021-11-15T08:13:00Z,2021-11-15 08:13:00+00:00,1.0,Open Charge Map Contributors,Licensed under Creative Commons Attribution 4.0 International (CC BY 4.0),data/raw/ocm/OCM-189983.json,https://openchargemap.org/site/poi/details/189983,False
189997,3398.0,Evie,Shell Coles Express Taylors Lakes,410 Melton Highway,Taylor Lakes,3038,-37.69674197545634,144.78205236033568,$AU 0.60/kWh,Two 350kW Ultra-Fast Charging Stations. Located behind the car wash car parking area of the Coles Express Service Centre,Public - Membership Required,Operational,2023-07-06T20:52:00Z,2023-07-06 20:52:00+00:00,2.0,Open Charge Map Contributors,Licensed under Creative Commons Attribution 4.0 International (CC BY 4.0),data/raw/ocm/OCM-189997.json,https://openchargemap.org/site/poi/details/189997,True
189998,3398.0,Evie,McDonald’s Melton South,179-253 Exford Road,Weir Views,3338,-37.7224393461178,144.57233401223442,$AU 0.40/kWh,,Public - Membership Required,Operational,2023-07-06T20:52:00Z,2023-07-06 20:52:00+00:00,2.0,Open Charge Map Contributors,Licensed under Creative Commons Attribution 4.0 International (CC BY 4.0),data/raw/ocm/OCM-189998.json,https://openchargemap.org/site/poi/details/189998,True
190000,3339.0,Chargefox,Brimbank Shopping Centre,28-72 Neale Road,Deer Park,3023,-37.751176222078364,144.77432972140224,Free,,Public,Operational,2023-07-13T11:05:00Z,2023-07-13 11:05:00+00:00,1.0,Open Charge Map Contributors,Licensed under Creative Commons Attribution 4.0 International (CC BY 4.0),data/raw/ocm/OCM-190000.json,https://openchargemap.org/site/poi/details/190000,False
190003,3339.0,Chargefox,Goulburn Gateway Service Station, 53 Sydney Rd,Goulburn,2580,-34.74788823042669,149.7496208332201,"$0.60 / kWh for 350kW, $0.45 per kWh for 50kW",,Public - Membership Required,Operational,2023-07-13T09:53:00Z,2023-07-13 09:53:00+00:00,3.0,Open Charge Map Contributors,Licensed under Creative Commons Attribution 4.0 International (CC BY 4.0),data/raw/ocm/OCM-190003.json,https://openchargemap.org/site/poi/details/190003,True
190005,3388.0,NRMA,Banjo Paterson Park [NRMA],81 Meehan Street,Yass,2582,-34.84109672768463,148.9124467852405,FREE,,Public - Membership Required,Operational,2021-12-19T02:14:00Z,2021-12-19 02:14:00+00:00,1.0,Open Charge Map Contributors,Licensed under Creative Commons Attribution 4.0 International (CC BY 4.0),data/raw/ocm/OCM-190005.json,https://openchargemap.org/site/poi/details/190005,True
190033,1.0,(unknown operator),Stripey Sundae,11 O'Hanlon Pl,Nicholls ,2913,-35.19209630184098,149.08502581992445,,Charging provided for customers. BYO cable for type 2 (mennekes socket). 32amp single phase 7.6kw.,Public,Operational,2021-11-16T08:33:00Z,2021-11-16 08:33:00+00:00,1.0,Open Charge Map Contributors,Licensed under Creative Commons Attribution 4.0 International (CC BY 4.0),data/raw/ocm/OCM-190033.json,https://openchargemap.org/site/poi/details/190033,False
190041,3339.0,Chargefox,Macquarie University X6A Banksia Cottage,Car Park W3 near X6A Banksia Cottage,Macquarie University,2109,-33.77520838069468,151.1095032126692,See App,Use Chargefox App or RFID,Public,Operational,2025-01-06T17:07:00Z,2025-01-06 17:07:00+00:00,6.0,Open Charge Map Contributors,Licensed under Creative Commons Attribution 4.0 International (CC BY 4.0),data/raw/ocm/OCM-190041.json,https://openchargemap.org/site/poi/details/190041,False
190043,3339.0,Chargefox,Oak Park Sports & Aquatic Centre,563 Pascoe Vale Road,Oak Park,3064,-37.7234502505038,144.92111987538624,Free to use for 3 hour sessions,,Public - Membership Required,Operational,2023-07-13T11:07:00Z,2023-07-13 11:07:00+00:00,3.0,Open Charge Map Contributors,Licensed under Creative Commons Attribution 4.0 International (CC BY 4.0),data/raw/ocm/OCM-190043.json,https://openchargemap.org/site/poi/details/190043,False
190044,1.0,(unknown operator),Greenvale Woolworths,200 James Mirams Drive,Roxburgh Park,3064,-37.616202335824184,144.91476338954578,,,Public,Operational,2021-11-16T08:29:00Z,2021-11-16 08:29:00+00:00,2.0,Open Charge Map Contributors,Licensed under Creative Commons Attribution 4.0 International (CC BY 4.0),data/raw/ocm/OCM-190044.json,https://openchargemap.org/site/poi/details/190044,False
190053,1.0,(unknown operator),Giffnock Avenue,22 Giffnock Avenue,Macquarie Park,2113,-33.78254134090367,151.1230831406915,Free,,Public - Membership Required,Operational,2021-11-17T09:59:00Z,2021-11-17 09:59:00+00:00,1.0,Open Charge Map Contributors,Licensed under Creative Commons Attribution 4.0 International (CC BY 4.0),data/raw/ocm/OCM-190053.json,https://openchargemap.org/site/poi/details/190053,False
190054,3622.0,Exploren,Hillcrest Road,Hillcrest Road,,2120,-33.73724500047699,151.07106994908884,Free,,Public - Membership Required,Operational,2023-12-18T10:09:00Z,2023-12-18 10:09:00+00:00,2.0,Open Charge Map Contributors,Licensed under Creative Commons Attribution 4.0 International (CC BY 4.0),data/raw/ocm/OCM-190054.json,https://openchargemap.org/site/poi/details/190054,False
190055,1.0,(unknown operator),Eden Gardens,Eden Gardens,Macquarie Park,2113,-33.78064947709375,151.13421887082995,Free,,Public,Operational,2021-11-16T17:44:00Z,2021-11-16 17:44:00+00:00,2.0,Open Charge Map Contributors,Licensed under Creative Commons Attribution 4.0 International (CC BY 4.0),data/raw/ocm/OCM-190055.json,https://openchargemap.org/site/poi/details/190055,False
190067,3339.0,Chargefox,Malvern Springs McDonalds,Maffina Parade,Malvern Springs,,-31.765279789604662,115.98624964029767,Free,,Public - Membership Required,Operational,2021-11-18T06:33:00Z,2021-11-18 06:33:00+00:00,2.0,Open Charge Map Contributors,Licensed under Creative Commons Attribution 4.0 International (CC BY 4.0),data/raw/ocm/OCM-190067.json,https://openchargemap.org/site/poi/details/190067,False
190075,1.0,(unknown operator),Paraburdoo DC Charger,Lot 86,Paraburdoo,6754,-23.19899524196431,117.67077778123866,Free,,Public,Operational,2023-06-12T00:29:00Z,2023-06-12 00:29:00+00:00,1.0,Open Charge Map Contributors,Licensed under Creative Commons Attribution 4.0 International (CC BY 4.0),data/raw/ocm/OCM-190075.json,https://openchargemap.org/site/poi/details/190075,True
190155,1.0,(unknown operator),Empower Solar,Ernest Clark Road,Canning Vale,6155,-32.06248946683628,115.91689053182301,Free,,Public,Operational,2024-07-30T02:35:00Z,2024-07-30 02:35:00+00:00,2.0,Open Charge Map Contributors,Licensed under Creative Commons Attribution 4.0 International (CC BY 4.0),data/raw/ocm/OCM-190155.json,https://openchargemap.org/site/poi/details/190155,False
190224,3398.0,Evie,Tyndale Shell Roadhouse,2848 Big River Way,Tyndale,2460,-29.56068494254326,153.14908373979097,$0.60,,Public - Membership Required,Operational,2023-07-16T22:10:00Z,2023-07-16 22:10:00+00:00,2.0,Open Charge Map Contributors,Licensed under Creative Commons Attribution 4.0 International (CC BY 4.0),data/raw/ocm/OCM-190224.json,https://openchargemap.org/site/poi/details/190224,True
190225,3339.0,Chargefox,NRMA Ballina,44 Bangalow Road,Ballina,2478,-28.857574508961363,153.56173216616514,"Ultra-Rapid: $0.60/kWh, Rapid: $0.40/kWh",,Public - Membership Required,Partly Operational (Mixed),2023-07-13T11:04:00Z,2023-07-13 11:04:00+00:00,3.0,Open Charge Map Contributors,Licensed under Creative Commons Attribution 4.0 International (CC BY 4.0),data/raw/ocm/OCM-190225.json,https://openchargemap.org/site/poi/details/190225,True
190241,45.0,(business owner at location),Parry Creek Farm Tourist Resort,Great Northern Highway,Wyndham,6740,-15.597331659529445,128.27863456119962,,,Public,Operational,2021-11-27T12:09:00Z,2021-11-27 12:09:00+00:00,1.0,Open Charge Map Contributors,Licensed under Creative Commons Attribution 4.0 International (CC BY 4.0),data/raw/ocm/OCM-190241.json,https://openchargemap.org/site/poi/details/190241,False
190242,1.0,(unknown operator),Halls Creek Motel,198 Great Northern Hwy,Halls Creek,6770,-18.2231223237778,127.6706506236855,,,Public,Operational,2021-11-27T12:09:00Z,2021-11-27 12:09:00+00:00,1.0,Open Charge Map Contributors,Licensed under Creative Commons Attribution 4.0 International (CC BY 4.0),data/raw/ocm/OCM-190242.json,https://openchargemap.org/site/poi/details/190242,False
190243,1.0,(unknown operator),Halls Creek Toyota,137 Duncan Road,Halls Creek,6770,-18.22464744998622,127.67171880504202,$0.385 per kWhr,,Public - Pay At Location,Operational,2021-11-27T12:09:00Z,2021-11-27 12:09:00+00:00,1.0,Open Charge Map Contributors,Licensed under Creative Commons Attribution 4.0 International (CC BY 4.0),data/raw/ocm/OCM-190243.json,https://openchargemap.org/site/poi/details/190243,False
190244,1.0,(unknown operator),Larrawa Nature Stay,Great Northern Highway,Halls Creek,6770,-18.79951570622832,126.53772646651475,,,Public,Operational,2021-11-27T12:09:00Z,2021-11-27 12:09:00+00:00,1.0,Open Charge Map Contributors,Licensed under Creative Commons Attribution 4.0 International (CC BY 4.0),data/raw/ocm/OCM-190244.json,https://openchargemap.org/site/poi/details/190244,False
190245,1.0,(unknown operator),277 Great Northern Highway,,Fitzroy Crossing,6765,-18.21063715086703,125.58171764898941,,Closes at 9:00 PM,"Private - For Staff, Visitors or Customers",Operational,2021-11-27T12:09:00Z,2021-11-27 12:09:00+00:00,2.0,Open Charge Map Contributors,Licensed under Creative Commons Attribution 4.0 International (CC BY 4.0),data/raw/ocm/OCM-190245.json,https://openchargemap.org/site/poi/details/190245,False
190246,1.0,(unknown operator),Jetty Road Derby,,Derby,6728,-17.29234904924742,123.611030661104,,,Public - Notice Required,Operational,2021-11-27T12:08:00Z,2021-11-27 12:08:00+00:00,1.0,Open Charge Map Contributors,Licensed under Creative Commons Attribution 4.0 International (CC BY 4.0),data/raw/ocm/OCM-190246.json,https://openchargemap.org/site/poi/details/190246,False
190247,1.0,(unknown operator),Eco Beach Resort,323 Station,Broome,6725,-18.330537139663903,122.08216969258012,,"Closed between 9:00 PM, and 7:00 AM",Public - Notice Required,Operational,2021-11-27T12:08:00Z,2021-11-27 12:08:00+00:00,1.0,Open Charge Map Contributors,Licensed under Creative Commons Attribution 4.0 International (CC BY 4.0),data/raw/ocm/OCM-190247.json,https://openchargemap.org/site/poi/details/190247,False
190248,1.0,(unknown operator),Port Smith Caravan Park,Port Smith Road,Lagrange,6725,-18.51736385718948,121.81578579903896,,,Public - Pay At Location,Operational,2021-11-27T12:08:00Z,2021-11-27 12:08:00+00:00,1.0,Open Charge Map Contributors,Licensed under Creative Commons Attribution 4.0 International (CC BY 4.0),data/raw/ocm/OCM-190248.json,https://openchargemap.org/site/poi/details/190248,False
190252,1.0,(unknown operator),The Walkabout,Lot 944 Greate Northern Highway,Port Hedland,6721,-20.376883684124465,118.63530730006084,Discuss with Management,,Public - Pay At Location,Operational,2021-11-27T12:08:00Z,2021-11-27 12:08:00+00:00,1.0,Open Charge Map Contributors,Licensed under Creative Commons Attribution 4.0 International (CC BY 4.0),data/raw/ocm/OCM-190252.json,https://openchargemap.org/site/poi/details/190252,False
190253,1.0,(unknown operator),Whim Creek Hotel,Whim Creek Hotel,Whim Creek,6718,-20.840156886165104,117.83576497936053,Discuss with hotel,,Public - Pay At Location,Temporarily Unavailable,2021-11-27T12:08:00Z,2021-11-27 12:08:00+00:00,1.0,Open Charge Map Contributors,Licensed under Creative Commons Attribution 4.0 International (CC BY 4.0),data/raw/ocm/OCM-190253.json,https://openchargemap.org/site/poi/details/190253,False
190254,1.0,(unknown operator),Art Centre Karratha Car Park,27 Welcome Road,Karratha,6714,-20.737344733908344,116.84538655743881,,,Private - Restricted Access,Operational,2023-07-17T00:19:00Z,2023-07-17 00:19:00+00:00,1.0,Open Charge Map Contributors,Licensed under Creative Commons Attribution 4.0 International (CC BY 4.0),data/raw/ocm/OCM-190254.json,https://openchargemap.org/site/poi/details/190254,False
190255,1.0,(unknown operator),Beadon Creek boat ramp,Beadon Creek road,Onslow,6710,-21.6496497447405,115.13157408980976,,,Public,Not Operational,2021-11-27T12:08:00Z,2021-11-27 12:08:00+00:00,1.0,Open Charge Map Contributors,Licensed under Creative Commons Attribution 4.0 International (CC BY 4.0),data/raw/ocm/OCM-190255.json,https://openchargemap.org/site/poi/details/190255,False
190256,1.0,(unknown operator),RAC Ningaloo Resort Coral Bay,1 Robinson Street,Coral Bay,6701,-23.144227510437986,113.76901776432487,,,Public,Operational,2021-11-27T12:08:00Z,2021-11-27 12:08:00+00:00,1.0,Open Charge Map Contributors,Licensed under Creative Commons Attribution 4.0 International (CC BY 4.0),data/raw/ocm/OCM-190256.json,https://openchargemap.org/site/poi/details/190256,False
190257,1.0,(unknown operator),Carnarvon Motel,34 David Brand Drive,Brockman,6701,-24.88005803783514,113.65299955178068,,,Public,Operational,2021-11-27T12:07:00Z,2021-11-27 12:07:00+00:00,1.0,Open Charge Map Contributors,Licensed under Creative Commons Attribution 4.0 International (CC BY 4.0),data/raw/ocm/OCM-190257.json,https://openchargemap.org/site/poi/details/190257,False
190258,1.0,(unknown operator),Carnarvon Oval,6 Egan Street,Carnarvon,6701,-24.883633681713803,113.65833207100462,Contact Shire,,Public - Notice Required,Operational,2021-11-27T12:07:00Z,2021-11-27 12:07:00+00:00,1.0,Open Charge Map Contributors,Licensed under Creative Commons Attribution 4.0 International (CC BY 4.0),data/raw/ocm/OCM-190258.json,https://openchargemap.org/site/poi/details/190258,False
190259,1.0,(unknown operator),Denham Foreshore,27 Knight Terrace,Denham,6537,-25.927353943905715,113.5320663505035,Contact Shark Bay council,,Public,Operational,2021-11-27T12:07:00Z,2021-11-27 12:07:00+00:00,1.0,Open Charge Map Contributors,Licensed under Creative Commons Attribution 4.0 International (CC BY 4.0),data/raw/ocm/OCM-190259.json,https://openchargemap.org/site/poi/details/190259,False
190260,1.0,(unknown operator),Mingenew Sports Oval,Mingenew Turf club,Mingenew,6522,-29.19978237316348,115.44807728352731,,Long cable required due to obstacles,Public - Pay At Location,Operational,2021-11-27T12:06:00Z,2021-11-27 12:06:00+00:00,1.0,Open Charge Map Contributors,Licensed under Creative Commons Attribution 4.0 International (CC BY 4.0),data/raw/ocm/OCM-190260.json,https://openchargemap.org/site/poi/details/190260,False
190261,1.0,(unknown operator),Railway Pavilion,Piesse Street,Yalgoo,6635,-28.346488542672155,116.68292951911161,,,Public,Operational,2021-11-27T12:06:00Z,2021-11-27 12:06:00+00:00,1.0,Open Charge Map Contributors,Licensed under Creative Commons Attribution 4.0 International (CC BY 4.0),data/raw/ocm/OCM-190261.json,https://openchargemap.org/site/poi/details/190261,False
190264,1.0,(unknown operator),Badgingarra Oval (Shire of Dandaragan),Meagher Drive,Badgingarra,6521,-30.38955480041914,115.50103045411913,Drivers are urged to donate to the tin at mini golf.,,Public,Operational,2021-11-27T12:06:00Z,2021-11-27 12:06:00+00:00,1.0,Open Charge Map Contributors,Licensed under Creative Commons Attribution 4.0 International (CC BY 4.0),data/raw/ocm/OCM-190264.json,https://openchargemap.org/site/poi/details/190264,False
190265,1.0,(unknown operator),Wedgetail Inn Hotel,"Wedgetail Inn Hotel, Eyre Highway",Cocklebiddy,6443,-32.03779869966926,126.097536069625,,Open 6:00 AM to 9:00 PM,Public,Operational,2022-09-12T04:16:00Z,2022-09-12 04:16:00+00:00,1.0,Open Charge Map Contributors,Licensed under Creative Commons Attribution 4.0 International (CC BY 4.0),data/raw/ocm/OCM-190265.json,https://openchargemap.org/site/poi/details/190265,False
190266,45.0,(business owner at location),Madura Pass Oasis Motel,Lot 11 Eyre Highway,Madura,6443,-31.899686609043975,127.02050258563054,Payment Required 3 phase $10/hour donation to the RFDS. $30 for overnight 15A camping,,Public,Operational,2022-12-01T07:06:00Z,2022-12-01 07:06:00+00:00,1.0,Open Charge Map Contributors,Licensed under Creative Commons Attribution 4.0 International (CC BY 4.0),data/raw/ocm/OCM-190266.json,https://openchargemap.org/site/poi/details/190266,True
190267,23.0,Tesla,Lancelin Supercharger,Rock way,Lancelin,6044,-31.020579082688826,115.33236022088863,$0.59 per kWh,,Public - Membership Required,Operational,2023-10-09T01:48:00Z,2023-10-09 01:48:00+00:00,3.0,Open Charge Map Contributors,Licensed under Creative Commons Attribution 4.0 International (CC BY 4.0),data/raw/ocm/OCM-190267.json,https://openchargemap.org/site/poi/details/190267,True
190268,45.0,(business owner at location),Mundrabilla Roadhouse,Mundrabilla Roadhouse,Mundrabilla,6443,-31.81757472492606,128.22465075582477,$40 flat fee for casual day use. Free if staying in the Motel.,,Public - Pay At Location,Operational,2022-12-01T07:06:00Z,2022-12-01 07:06:00+00:00,1.0,Open Charge Map Contributors,Licensed under Creative Commons Attribution 4.0 International (CC BY 4.0),data/raw/ocm/OCM-190268.json,https://openchargemap.org/site/poi/details/190268,False
190272,1.0,(unknown operator),Kiwirrkurra Community,,Gibson Desert North,0872,-22.818475587637863,127.76375975279711,Contact CSM on 08 8956 4975 in business hours to discuss access,,Public - Pay At Location,Operational,2021-11-27T15:00:00Z,2021-11-27 15:00:00+00:00,1.0,Open Charge Map Contributors,Licensed under Creative Commons Attribution 4.0 International (CC BY 4.0),data/raw/ocm/OCM-190272.json,https://openchargemap.org/site/poi/details/190272,False
190273,1.0,(unknown operator),Tom Price Oval,21 Stadium Road,Tom Price,6751,-22.6944253139324,117.7976779545387,,,Public,Operational,2021-11-27T15:09:00Z,2021-11-27 15:09:00+00:00,1.0,Open Charge Map Contributors,Licensed under Creative Commons Attribution 4.0 International (CC BY 4.0),data/raw/ocm/OCM-190273.json,https://openchargemap.org/site/poi/details/190273,False
190274,1.0,(unknown operator),Eighty Mile Beach Caravan Park,Eighty Mile Beach Caravan Park,Eighty Mile Beach,6721,-19.756167699546978,120.6712445688542,Discuss with management,Gates locked at 7:00 PM,Public,Operational,2023-07-17T17:05:00Z,2023-07-17 17:05:00+00:00,1.0,Open Charge Map Contributors,Licensed under Creative Commons Attribution 4.0 International (CC BY 4.0),data/raw/ocm/OCM-190274.json,https://openchargemap.org/site/poi/details/190274,False
190275,1.0,(unknown operator),Leinster Oval,Link Road,Leinster,6437,-27.914210013189305,120.69785944182411,,,Public,Operational,2021-11-27T15:24:00Z,2021-11-27 15:24:00+00:00,1.0,Open Charge Map Contributors,Licensed under Creative Commons Attribution 4.0 International (CC BY 4.0),data/raw/ocm/OCM-190275.json,https://openchargemap.org/site/poi/details/190275,False
190276,1.0,(unknown operator),Koora Retreat,Koorarawalyee Siding,Boorabbin,6429,-31.26144170839072,120.0211535311152,Donation per kwh for charging,,Public - Pay At Location,Operational,2021-11-27T15:32:00Z,2021-11-27 15:32:00+00:00,1.0,Open Charge Map Contributors,Licensed under Creative Commons Attribution 4.0 International (CC BY 4.0),data/raw/ocm/OCM-190276.json,https://openchargemap.org/site/poi/details/190276,False
190277,1.0,(unknown operator),Goldfields Rewinds,41 Great Eastern Highway,West Kalgoorlie,6430,-30.774794590528153,121.4411344975328,,"Monday - Friday 7:00 AM to 4:00 PM, closed on public holidays.","Private - For Staff, Visitors or Customers",Operational,2021-11-27T15:38:00Z,2021-11-27 15:38:00+00:00,1.0,Open Charge Map Contributors,Licensed under Creative Commons Attribution 4.0 International (CC BY 4.0),data/raw/ocm/OCM-190277.json,https://openchargemap.org/site/poi/details/190277,False
190278,1.0,(unknown operator),The View On Hannans,430 Hannan Street,Kalgoorlie,6432,-30.75181001068328,121.4673604447338,,,Public,Operational,2021-11-27T15:49:00Z,2021-11-27 15:49:00+00:00,1.0,Open Charge Map Contributors,Licensed under Creative Commons Attribution 4.0 International (CC BY 4.0),data/raw/ocm/OCM-190278.json,https://openchargemap.org/site/poi/details/190278,False
190279,1.0,(unknown operator),Hannan Street Parking,272 Hannan Street,Kalgoorlie,6432,-30.748154235887043,121.47147200622675,,"Mon-Fri: 9:00 AM to 6:00 PM, Sat: 9:00 AM to 1:00 PM",Public,Operational,2021-11-27T15:53:00Z,2021-11-27 15:53:00+00:00,1.0,Open Charge Map Contributors,Licensed under Creative Commons Attribution 4.0 International (CC BY 4.0),data/raw/ocm/OCM-190279.json,https://openchargemap.org/site/poi/details/190279,False
190280,1.0,(unknown operator),Freebairn Recreation Centre,Kulin-Lake Grace Road,Kulin,6365,-32.66897565706384,118.16121384503646,,Extension lead required,Public,Operational,2021-11-27T16:01:00Z,2021-11-27 16:01:00+00:00,1.0,Open Charge Map Contributors,Licensed under Creative Commons Attribution 4.0 International (CC BY 4.0),data/raw/ocm/OCM-190280.json,https://openchargemap.org/site/poi/details/190280,False
190281,1.0,(unknown operator),Corrigin Hotel,17 Walton St,Corrigin,6375,-32.33053209732362,117.87400878811326,Please introduce yourself to the proprietor and pay for your power,Opens after 11:00 AM,Public,Operational,2021-11-27T16:10:00Z,2021-11-27 16:10:00+00:00,1.0,Open Charge Map Contributors,Licensed under Creative Commons Attribution 4.0 International (CC BY 4.0),data/raw/ocm/OCM-190281.json,https://openchargemap.org/site/poi/details/190281,False
190282,3622.0,Exploren,Quairading Community Resource Centre,1 Parker Street,Quairading,6383,-32.011587852764045,117.40044403326306,See Exploren app.,,Public,Operational,2024-03-08T07:28:00Z,2024-03-08 07:28:00+00:00,2.0,Open Charge Map Contributors,Licensed under Creative Commons Attribution 4.0 International (CC BY 4.0),data/raw/ocm/OCM-190282.json,https://openchargemap.org/site/poi/details/190282,False
190283,1.0,(unknown operator),Beverley Agricultural Showground,Forest Street,Beverley,6304,-32.105142349587666,116.92652187873722,Speak to the shire,,Public,Operational,2021-11-27T16:21:00Z,2021-11-27 16:21:00+00:00,1.0,Open Charge Map Contributors,Licensed under Creative Commons Attribution 4.0 International (CC BY 4.0),data/raw/ocm/OCM-190283.json,https://openchargemap.org/site/poi/details/190283,False
190286,1.0,(unknown operator),Laurelville Manor,18 Panmure Street,York,,-31.890257051674716,116.7767352171943,,,"Private - For Staff, Visitors or Customers",Operational,2021-11-27T16:30:00Z,2021-11-27 16:30:00+00:00,1.0,Open Charge Map Contributors,Licensed under Creative Commons Attribution 4.0 International (CC BY 4.0),data/raw/ocm/OCM-190286.json,https://openchargemap.org/site/poi/details/190286,False
190287,1.0,(unknown operator),Muresk Institute,Muresk Road,Muresk,6401,-31.74992627976492,116.68294107958945,,Book with Dominique Esszig,Public,Operational,2021-11-27T16:35:00Z,2021-11-27 16:35:00+00:00,1.0,Open Charge Map Contributors,Licensed under Creative Commons Attribution 4.0 International (CC BY 4.0),data/raw/ocm/OCM-190287.json,https://openchargemap.org/site/poi/details/190287,False
190288,1.0,(unknown operator),Woolworths Northam,165 Fitzgerald Street,Northam,6401,-31.653838360245935,116.67275712306093,,,Public,Operational,2023-08-20T05:57:00Z,2023-08-20 05:57:00+00:00,1.0,Open Charge Map Contributors,Licensed under Creative Commons Attribution 4.0 International (CC BY 4.0),data/raw/ocm/OCM-190288.json,https://openchargemap.org/site/poi/details/190288,False
190290,45.0,(business owner at location),Enderslie B&B,15 Peters Road,Muchea,6501,-31.581419541887506,115.98343798965402,,,"Private - For Staff, Visitors or Customers",Operational,2023-09-01T07:32:00Z,2023-09-01 07:32:00+00:00,1.0,Open Charge Map Contributors,Licensed under Creative Commons Attribution 4.0 International (CC BY 4.0),data/raw/ocm/OCM-190290.json,https://openchargemap.org/site/poi/details/190290,False
190291,1.0,(unknown operator),Alan and Eve's Eden,86 Holstein Loop,Lower Chittering,6084,-31.53857963900527,116.07373436553274,Please ring 24 hours in advance,,"Private - For Staff, Visitors or Customers",Operational,2021-11-27T16:51:00Z,2021-11-27 16:51:00+00:00,1.0,Open Charge Map Contributors,Licensed under Creative Commons Attribution 4.0 International (CC BY 4.0),data/raw/ocm/OCM-190291.json,https://openchargemap.org/site/poi/details/190291,False
190292,1.0,(unknown operator),Gravity Discovery Centre,1098 Military Road,Gingin,6503,-31.356129821303917,115.71263310610527,,"Please go through deliveries entrance and take first left into staff parking. Charging port is to the left of the door, on the side of the air conditioning control panel.",Public,Operational,2021-11-27T16:56:00Z,2021-11-27 16:56:00+00:00,1.0,Open Charge Map Contributors,Licensed under Creative Commons Attribution 4.0 International (CC BY 4.0),data/raw/ocm/OCM-190292.json,https://openchargemap.org/site/poi/details/190292,False
190293,1.0,(unknown operator),Granville Civic Centre,1 Jones Street,Gingin,6503,-31.34975443971156,115.90479361984762,,,Public,Operational,2021-11-27T17:01:00Z,2021-11-27 17:01:00+00:00,1.0,Open Charge Map Contributors,Licensed under Creative Commons Attribution 4.0 International (CC BY 4.0),data/raw/ocm/OCM-190293.json,https://openchargemap.org/site/poi/details/190293,False
190294,1.0,(unknown operator),Gingin Hotel,5 Jones Street,Gingin,6503,-31.350965381790523,115.90418179823558,,,Public,Operational,2021-11-27T17:03:00Z,2021-11-27 17:03:00+00:00,1.0,Open Charge Map Contributors,Licensed under Creative Commons Attribution 4.0 International (CC BY 4.0),data/raw/ocm/OCM-190294.json,https://openchargemap.org/site/poi/details/190294,False
190295,1.0,(unknown operator),Puma New Norcia Roadhouse,11275 Great Northern Highway,New Norcia,6509,-30.973749857257722,116.21249128930401,,Open 7:30 AM to 5:00 PM,Public,Operational,2021-11-27T17:07:00Z,2021-11-27 17:07:00+00:00,1.0,Open Charge Map Contributors,Licensed under Creative Commons Attribution 4.0 International (CC BY 4.0),data/raw/ocm/OCM-190295.json,https://openchargemap.org/site/poi/details/190295,False
190296,1.0,(unknown operator),Wongan Hills Caravan Park,256 Wongan Road,Wongan Hills,6603,-30.88814280903685,116.71504793666344,,,Public,Operational,2021-11-27T17:11:00Z,2021-11-27 17:11:00+00:00,1.0,Open Charge Map Contributors,Licensed under Creative Commons Attribution 4.0 International (CC BY 4.0),data/raw/ocm/OCM-190296.json,https://openchargemap.org/site/poi/details/190296,False
190298,1.0,(unknown operator),The Old Convent,34 Dalwallinu-Kalannie Road,Dalwallinu,6609,-30.28724891743107,116.66646540542087,,,Public,Operational,2021-11-27T17:18:00Z,2021-11-27 17:18:00+00:00,1.0,Open Charge Map Contributors,Licensed under Creative Commons Attribution 4.0 International (CC BY 4.0),data/raw/ocm/OCM-190298.json,https://openchargemap.org/site/poi/details/190298,False
190302,1.0,(unknown operator),Rockingham Nissan,83 Dixon Road,Rockingham,6168,-32.27602954766279,115.76426627808104,,Available during business hours,Private - Restricted Access,Operational,2022-01-31T15:34:00Z,2022-01-31 15:34:00+00:00,1.0,Open Charge Map Contributors,Licensed under Creative Commons Attribution 4.0 International (CC BY 4.0),data/raw/ocm/OCM-190302.json,https://openchargemap.org/site/poi/details/190302,False
190317,1.0,(unknown operator),Dowerin Field Days Oval,Memorial Avenue,Dowerin,6461,-31.19020425492358,117.03612798040007,,,Privately Owned - Notice Required,Operational,2024-01-06T04:52:00Z,2024-01-06 04:52:00+00:00,1.0,Open Charge Map Contributors,Licensed under Creative Commons Attribution 4.0 International (CC BY 4.0),data/raw/ocm/OCM-190317.json,https://openchargemap.org/site/poi/details/190317,False
190339,1.0,(unknown operator),Mercedes Perth,1093-1101 Albany Highway,Bentley,6102,-31.999110470936742,115.9157275187037,,,"Private - For Staff, Visitors or Customers",Operational,2022-12-23T22:09:00Z,2022-12-23 22:09:00+00:00,1.0,Open Charge Map Contributors,Licensed under Creative Commons Attribution 4.0 International (CC BY 4.0),data/raw/ocm/OCM-190339.json,https://openchargemap.org/site/poi/details/190339,True
190350,3398.0,Evie,Coles Express Coomera,487 Old Pacific Hwy,Coomera,,-27.855202514974366,153.31010291274197,$0.60 per kWh,,Public - Membership Required,Operational,2023-07-15T13:32:00Z,2023-07-15 13:32:00+00:00,2.0,Open Charge Map Contributors,Licensed under Creative Commons Attribution 4.0 International (CC BY 4.0),data/raw/ocm/OCM-190350.json,https://openchargemap.org/site/poi/details/190350,True
190351,3398.0,Evie,Tarcutta Roadhouse [Evie],32 Sydney Street,Tarcutta,,-35.27711511746652,147.73611268003378,65c per kwH energy consumed.,,Public - Membership Required,Operational,2023-07-12T22:53:00Z,2023-07-12 22:53:00+00:00,2.0,Open Charge Map Contributors,Licensed under Creative Commons Attribution 4.0 International (CC BY 4.0),data/raw/ocm/OCM-190351.json,https://openchargemap.org/site/poi/details/190351,True
190352,3339.0,Chargefox,"Department of Biodiversity, Conservation and Attractions FWF","Technology Park, Dick Perry Avenue",Kensington,6151,-31.995737047605445,115.88564872339822,,Behind locked fence,Private - Restricted Access,Operational,2022-12-23T21:57:00Z,2022-12-23 21:57:00+00:00,1.0,Open Charge Map Contributors,Licensed under Creative Commons Attribution 4.0 International (CC BY 4.0),data/raw/ocm/OCM-190352.json,https://openchargemap.org/site/poi/details/190352,False
190354,3339.0,Chargefox,Silk Thai Restaurant,52 Mandurah Terrace,Mandurah,6210,-32.53111567064465,115.72030282929558,"Free for diners, 30c/kWh for public",,Public,Operational,2023-07-13T11:00:00Z,2023-07-13 11:00:00+00:00,1.0,Open Charge Map Contributors,Licensed under Creative Commons Attribution 4.0 International (CC BY 4.0),data/raw/ocm/OCM-190354.json,https://openchargemap.org/site/poi/details/190354,False
190356,1.0,(unknown operator),"Department of Biodiversity, Conservation and Attractions",17 Dick Perry Avenue,Kensington,6151,-31.995655950694704,115.88329363905393,,Padlocked,Private - Restricted Access,Operational,2021-12-01T06:41:00Z,2021-12-01 06:41:00+00:00,1.0,Open Charge Map Contributors,Licensed under Creative Commons Attribution 4.0 International (CC BY 4.0),data/raw/ocm/OCM-190356.json,https://openchargemap.org/site/poi/details/190356,False
190358,3388.0,NRMA,Jugiong [NRMA],319 Riverside Drive,Jugiong,,-34.82341194348058,148.32537254091335,FREE,,Public,Operational,2021-12-19T02:16:00Z,2021-12-19 02:16:00+00:00,1.0,Open Charge Map Contributors,Licensed under Creative Commons Attribution 4.0 International (CC BY 4.0),data/raw/ocm/OCM-190358.json,https://openchargemap.org/site/poi/details/190358,True
190359,3388.0,NRMA,Holbrook [NRMA],Submarine Park,Holbrook,,-35.71746030083052,147.31775237395414,,,Public,Operational,2021-12-19T02:24:00Z,2021-12-19 02:24:00+00:00,1.0,Open Charge Map Contributors,Licensed under Creative Commons Attribution 4.0 International (CC BY 4.0),data/raw/ocm/OCM-190359.json,https://openchargemap.org/site/poi/details/190359,True
190360,3398.0,Evie,Port of Sale,Canal Road,Sale,3850,-38.112024318575045,147.06310643876884,$0.40,,Public - Membership Required,Operational,2023-07-06T20:52:00Z,2023-07-06 20:52:00+00:00,2.0,Open Charge Map Contributors,Licensed under Creative Commons Attribution 4.0 International (CC BY 4.0),data/raw/ocm/OCM-190360.json,https://openchargemap.org/site/poi/details/190360,True
190361,3339.0,Chargefox,Gippsland Solar,35 Payne Street,Bairnsdale,,-37.83372548471041,147.60661599037178,$0.25 per kWh,,Public - Membership Required,Operational,2023-07-13T10:58:00Z,2023-07-13 10:58:00+00:00,1.0,Open Charge Map Contributors,Licensed under Creative Commons Attribution 4.0 International (CC BY 4.0),data/raw/ocm/OCM-190361.json,https://openchargemap.org/site/poi/details/190361,False
190362,3339.0,Chargefox,ChargeFox Cooma,Snowy Hydro Discovery Centre,Cooma ,,-36.21868817620539,149.13363161099028,AUD 0.65 per kWh,,Public - Membership Required,Operational,2023-07-05T13:14:00Z,2023-07-05 13:14:00+00:00,3.0,Open Charge Map Contributors,Licensed under Creative Commons Attribution 4.0 International (CC BY 4.0),data/raw/ocm/OCM-190362.json,https://openchargemap.org/site/poi/details/190362,True
190363,1.0,(unknown operator),Mundaring Weir Hotel,1037 Hall Road,Mundaring,6073,-31.952209900740648,116.16705526729766,,Open 8:30 AM to 6:00 PM daily,Public,Operational,2022-01-14T03:44:00Z,2022-01-14 03:44:00+00:00,1.0,Open Charge Map Contributors,Licensed under Creative Commons Attribution 4.0 International (CC BY 4.0),data/raw/ocm/OCM-190363.json,https://openchargemap.org/site/poi/details/190363,False
190373,1.0,(unknown operator),Rockingham Volkswagen ,20 Smeaton Way,Rockingham,,-32.27045412024325,115.75561955622425,,Located behind gate,Private - Restricted Access,Operational,2021-12-02T08:09:00Z,2021-12-02 08:09:00+00:00,1.0,Open Charge Map Contributors,Licensed under Creative Commons Attribution 4.0 International (CC BY 4.0),data/raw/ocm/OCM-190373.json,https://openchargemap.org/site/poi/details/190373,False
190389,1.0,(unknown operator),Anniversary Park,Hefron Street,Rockingham,6169,-32.292626788449596,115.74664476860039,,,Public,Operational,2021-12-03T04:58:00Z,2021-12-03 04:58:00+00:00,1.0,Open Charge Map Contributors,Licensed under Creative Commons Attribution 4.0 International (CC BY 4.0),data/raw/ocm/OCM-190389.json,https://openchargemap.org/site/poi/details/190389,False
190392,3398.0,Evie,Evie Macksville,24 Cooper St,Macksville,2447,-30.709970892832544,152.91982301754945,$0.60 per kWh,https://goevie.com.au/our-network/,Public - Membership Required,Operational,2023-07-16T12:45:00Z,2023-07-16 12:45:00+00:00,2.0,Open Charge Map Contributors,Licensed under Creative Commons Attribution 4.0 International (CC BY 4.0),data/raw/ocm/OCM-190392.json,https://openchargemap.org/site/poi/details/190392,True
190393,3388.0,NRMA,Grafton Public Library,Pound Street,Grafton,,-29.688073199234324,152.93353803987213,,,Public,Operational,2021-12-06T13:23:00Z,2021-12-06 13:23:00+00:00,1.0,Open Charge Map Contributors,Licensed under Creative Commons Attribution 4.0 International (CC BY 4.0),data/raw/ocm/OCM-190393.json,https://openchargemap.org/site/poi/details/190393,True
190394,3388.0,NRMA,The Farm Byron Bay [NRMA],Ewingsdale Road,Ewingsdale,,-28.63571944020704,153.55330117184485,,,Public,Operational,2025-10-06T09:29:00Z,2025-10-06 09:29:00+00:00,1.0,Open Charge Map Contributors,Licensed under Creative Commons Attribution 4.0 International (CC BY 4.0),data/raw/ocm/OCM-190394.json,https://openchargemap.org/site/poi/details/190394,True
190395,3339.0,Chargefox,Coolangatta Surf Club,Marine Parade,Coolangatta,4225,-28.166937408855013,153.53634874918976,$0.30 per kWh,,Public - Membership Required,Operational,2023-07-13T10:57:00Z,2023-07-13 10:57:00+00:00,1.0,Open Charge Map Contributors,Licensed under Creative Commons Attribution 4.0 International (CC BY 4.0),data/raw/ocm/OCM-190395.json,https://openchargemap.org/site/poi/details/190395,True
190396,3317.0,queensland electric super highway,Bilinga QESH (Coolangatte Airport),1 Eastern Avenue,Bilinga,4225,-28.16382522506754,153.514927307191,$0.30 per kWh,eastern side of shopping centre carpark,Public - Membership Required,Operational,2023-07-17T13:47:00Z,2023-07-17 13:47:00+00:00,1.0,Open Charge Map Contributors,Licensed under Creative Commons Attribution 4.0 International (CC BY 4.0),data/raw/ocm/OCM-190396.json,https://openchargemap.org/site/poi/details/190396,True
190397,3398.0,Evie,Brisbane Airport,"Skygate Shopping Centre, Brisbane Airport QLD 4000, Australia",Brisbane,4011,-27.415112352398268,153.07724242473,"$0.40 per kWh Full (RFID, QR, Plug&Charge, app)",,Public - Membership Required,Operational,2023-07-15T13:37:00Z,2023-07-15 13:37:00+00:00,4.0,Open Charge Map Contributors,Licensed under Creative Commons Attribution 4.0 International (CC BY 4.0),data/raw/ocm/OCM-190397.json,https://openchargemap.org/site/poi/details/190397,True
190398,3317.0,queensland electric super highway,Gympie [QESH],1 McLeod Street,Gympie,4570,-26.18854334315202,152.66574226908438,$0.30/kWh,,Public - Membership Required,Operational,2023-07-17T11:24:00Z,2023-07-17 11:24:00+00:00,1.0,Open Charge Map Contributors,Licensed under Creative Commons Attribution 4.0 International (CC BY 4.0),data/raw/ocm/OCM-190398.json,https://openchargemap.org/site/poi/details/190398,True
190399,3317.0,queensland electric super highway,Gunalda QESH,Queen Street,Gunalda,4570,-25.994198141547088,152.56269417739531,$0.30 per kWh,,Public - Membership Required,Operational,2023-07-17T11:19:00Z,2023-07-17 11:19:00+00:00,1.0,Open Charge Map Contributors,Licensed under Creative Commons Attribution 4.0 International (CC BY 4.0),data/raw/ocm/OCM-190399.json,https://openchargemap.org/site/poi/details/190399,True
190400,3317.0,queensland electric super highway,Gin Gin QESH,Dear Street,Gin Gin,,-24.989529996084883,151.95310955075183,$0.39 per kWh,,Public - Membership Required,Operational,2024-09-30T03:57:00Z,2024-09-30 03:57:00+00:00,1.0,Open Charge Map Contributors,Licensed under Creative Commons Attribution 4.0 International (CC BY 4.0),data/raw/ocm/OCM-190400.json,https://openchargemap.org/site/poi/details/190400,True
190401,3317.0,queensland electric super highway,Rockhampton QESH,Alma Street,Rockhampton,4700,-23.382146860599264,150.51355170231477,$0.30,Council carpark behind City Hall,Public - Membership Required,Operational,2023-07-17T13:33:00Z,2023-07-17 13:33:00+00:00,1.0,Open Charge Map Contributors,Licensed under Creative Commons Attribution 4.0 International (CC BY 4.0),data/raw/ocm/OCM-190401.json,https://openchargemap.org/site/poi/details/190401,True
190406,1.0,(unknown operator),Supercheap auto,2227 Wolseley Street,Jamisontown‎ ,2750,-33.76965243504467,150.67186991611658,,,Public - Membership Required,Operational,2021-12-06T13:08:00Z,2021-12-06 13:08:00+00:00,2.0,Open Charge Map Contributors,Licensed under Creative Commons Attribution 4.0 International (CC BY 4.0),data/raw/ocm/OCM-190406.json,https://openchargemap.org/site/poi/details/190406,False
190407,23.0,Tesla,Scenic World Carpark,1 Violet Street,Katoomba,2780,-33.728024559118296,150.300728600681,,Tesla 3 phase AC 22kW by the fire stairs near exit. Appear to be set to Legacy and should work with any Type 2 car. Wall outlets on corner near fire stairs on most levels of multi storey car park.,Public,Operational,2021-12-06T09:52:00Z,2021-12-06 09:52:00+00:00,2.0,Open Charge Map Contributors,Licensed under Creative Commons Attribution 4.0 International (CC BY 4.0),data/raw/ocm/OCM-190407.json,https://openchargemap.org/site/poi/details/190407,False
190408,1.0,(unknown operator),Hydro Majestic Hotel,52-88 Great Western Highway,Medlow Bath,2780,-33.67697329948779,150.281626751796,,,Public,Operational,2021-12-06T09:48:00Z,2021-12-06 09:48:00+00:00,2.0,Open Charge Map Contributors,Licensed under Creative Commons Attribution 4.0 International (CC BY 4.0),data/raw/ocm/OCM-190408.json,https://openchargemap.org/site/poi/details/190408,False
190409,1.0,(unknown operator),Bathurst Rail Museum,126 Havannah Street ,Bathurst,2795,-33.425767907528055,149.58141991356138,,,Public,Operational,2021-12-06T09:44:00Z,2021-12-06 09:44:00+00:00,1.0,Open Charge Map Contributors,Licensed under Creative Commons Attribution 4.0 International (CC BY 4.0),data/raw/ocm/OCM-190409.json,https://openchargemap.org/site/poi/details/190409,False
190410,1.0,(unknown operator),Yass Soldiers Club,86 Meehan St,Yass,2582,-34.84180413059654,148.9128633229027,FREE,,"Private - For Staff, Visitors or Customers",Operational,2022-02-09T13:09:00Z,2022-02-09 13:09:00+00:00,1.0,Open Charge Map Contributors,Licensed under Creative Commons Attribution 4.0 International (CC BY 4.0),data/raw/ocm/OCM-190410.json,https://openchargemap.org/site/poi/details/190410,False
190417,1.0,(unknown operator),Richmond Tavistock No. 3 [Jolt],19 Richmond Road,Sydney,2135,-33.86602668667314,151.06443969723887,"Free up to 7kWh, charges thereafter",,Public,Operational,2022-01-25T14:22:00Z,2022-01-25 14:22:00+00:00,1.0,Open Charge Map Contributors,Licensed under Creative Commons Attribution 4.0 International (CC BY 4.0),data/raw/ocm/OCM-190417.json,https://openchargemap.org/site/poi/details/190417,True
190442,3317.0,queensland electric super highway,Ikea North Lakes,Westfield North Lakes Drive,North Lakes,4509,-27.242998014121355,153.01465696410696,$0.30/kWh,,Public - Membership Required,Operational,2023-07-17T13:11:00Z,2023-07-17 13:11:00+00:00,3.0,Open Charge Map Contributors,Licensed under Creative Commons Attribution 4.0 International (CC BY 4.0),data/raw/ocm/OCM-190442.json,https://openchargemap.org/site/poi/details/190442,True
190443,3398.0,Evie,Project Ave Parking,Venture Drive,Tewantin,4566,-26.4086797421553,153.0461333645826,,,Public - Membership Required,Operational,2023-07-17T06:49:00Z,2023-07-17 06:49:00+00:00,1.0,Open Charge Map Contributors,Licensed under Creative Commons Attribution 4.0 International (CC BY 4.0),data/raw/ocm/OCM-190443.json,https://openchargemap.org/site/poi/details/190443,True
190444,3317.0,queensland electric super highway,Marlborough QESH,Puma Marlborough,Marlborough,4705,-22.82792884592763,149.9324998642801,$0.30 per kWh,,Public - Membership Required,Operational,2023-07-17T13:33:00Z,2023-07-17 13:33:00+00:00,3.0,Open Charge Map Contributors,Licensed under Creative Commons Attribution 4.0 International (CC BY 4.0),data/raw/ocm/OCM-190444.json,https://openchargemap.org/site/poi/details/190444,True
190445,3317.0,queensland electric super highway,Carmila QESH,8 Music Street,Carmila,4739,-21.908502802871126,149.41051205419296,$0.30 per kWh,,Public - Membership Required,Operational,2023-07-17T13:32:00Z,2023-07-17 13:32:00+00:00,2.0,Open Charge Map Contributors,Licensed under Creative Commons Attribution 4.0 International (CC BY 4.0),data/raw/ocm/OCM-190445.json,https://openchargemap.org/site/poi/details/190445,True
190446,3317.0,queensland electric super highway,Mackay QESH,1 Gregory Street,Mackay,4740,-21.139355499964623,149.18503710905475,$0.30,,Public - Membership Required,Operational,2023-07-17T13:31:00Z,2023-07-17 13:31:00+00:00,3.0,Open Charge Map Contributors,Licensed under Creative Commons Attribution 4.0 International (CC BY 4.0),data/raw/ocm/OCM-190446.json,https://openchargemap.org/site/poi/details/190446,True
190447,3317.0,queensland electric super highway,Proserpine QESH,Dobbins Lane,Proserpine,4800,-20.402473679690317,148.58154883254292,$0.30,,Public - Membership Required,Operational,2023-07-17T13:30:00Z,2023-07-17 13:30:00+00:00,1.0,Open Charge Map Contributors,Licensed under Creative Commons Attribution 4.0 International (CC BY 4.0),data/raw/ocm/OCM-190447.json,https://openchargemap.org/site/poi/details/190447,True
190448,3317.0,queensland electric super highway,Bowen QESH,80 Santa Barbara Parade,Bowen,4805,-20.016753107666602,148.24891308162455,$0.30,,Public - Membership Required,Operational,2023-07-17T13:27:00Z,2023-07-17 13:27:00+00:00,3.0,Open Charge Map Contributors,Licensed under Creative Commons Attribution 4.0 International (CC BY 4.0),data/raw/ocm/OCM-190448.json,https://openchargemap.org/site/poi/details/190448,True
190449,3317.0,queensland electric super highway,Ayr QESH,Graham Street,Ayr,4807,-19.573864927671323,147.40556577868756,$0.30,,Public - Membership Required,Operational,2023-07-17T13:26:00Z,2023-07-17 13:26:00+00:00,2.0,Open Charge Map Contributors,Licensed under Creative Commons Attribution 4.0 International (CC BY 4.0),data/raw/ocm/OCM-190449.json,https://openchargemap.org/site/poi/details/190449,True
190450,3317.0,queensland electric super highway,Townsville QESH,JCU Visitor Parking (Short Term),Townsville,4811,-19.323358513085054,146.7583755416913,$0.30 per kWh,,Public - Membership Required,Operational,2023-07-17T12:42:00Z,2023-07-17 12:42:00+00:00,2.0,Open Charge Map Contributors,Licensed under Creative Commons Attribution 4.0 International (CC BY 4.0),data/raw/ocm/OCM-190450.json,https://openchargemap.org/site/poi/details/190450,True
190451,3398.0,Evie,PUMA /Evie,Edith Street,Townsville,,-19.319350027741095,146.8284609718744,,,Public - Membership Required,Operational,2023-07-15T13:33:00Z,2023-07-15 13:33:00+00:00,2.0,Open Charge Map Contributors,Licensed under Creative Commons Attribution 4.0 International (CC BY 4.0),data/raw/ocm/OCM-190451.json,https://openchargemap.org/site/poi/details/190451,True
190452,3317.0,queensland electric super highway,Cardwell QESH,Liverpool Street,Cardwell,4849,-18.262614406268767,146.02462137635962,$0.30 per kWh,,Public - Membership Required,Operational,2023-07-17T13:24:00Z,2023-07-17 13:24:00+00:00,2.0,Open Charge Map Contributors,Licensed under Creative Commons Attribution 4.0 International (CC BY 4.0),data/raw/ocm/OCM-190452.json,https://openchargemap.org/site/poi/details/190452,True
190453,3317.0,queensland electric super highway,Tully QESH,Morris Street,Tully,4850,-17.9348995446898,145.92405904782356,$0.30,,Public - Membership Required,Operational,2023-07-17T13:23:00Z,2023-07-17 13:23:00+00:00,1.0,Open Charge Map Contributors,Licensed under Creative Commons Attribution 4.0 International (CC BY 4.0),data/raw/ocm/OCM-190453.json,https://openchargemap.org/site/poi/details/190453,True
190454,3317.0,queensland electric super highway,Innisfail QESH,32 Glady Street,Innisfail,4860,-17.523530736436754,146.02679729814793,$0.30,,Public - Membership Required,Operational,2023-07-17T13:21:00Z,2023-07-17 13:21:00+00:00,2.0,Open Charge Map Contributors,Licensed under Creative Commons Attribution 4.0 International (CC BY 4.0),data/raw/ocm/OCM-190454.json,https://openchargemap.org/site/poi/details/190454,True
190455,3317.0,queensland electric super highway,Cairns QESH,Aqua Lagoon Carpark ,Cairns,4870,-16.920519243236583,145.77903299687227,$0.30,,Public - Membership Required,Operational,2023-07-17T13:50:00Z,2023-07-17 13:50:00+00:00,2.0,Open Charge Map Contributors,Licensed under Creative Commons Attribution 4.0 International (CC BY 4.0),data/raw/ocm/OCM-190455.json,https://openchargemap.org/site/poi/details/190455,True
190456,3317.0,queensland electric super highway,Port Douglas QESH,Wildlife Habitat Sanctuary,Port Douglas,4877,-16.5267622520372,145.46290164900427,$0.30,,Public - Membership Required,Operational,2023-07-17T13:42:00Z,2023-07-17 13:42:00+00:00,2.0,Open Charge Map Contributors,Licensed under Creative Commons Attribution 4.0 International (CC BY 4.0),data/raw/ocm/OCM-190456.json,https://openchargemap.org/site/poi/details/190456,True
190457,1.0,(unknown operator),Mossman Gorge Centre,Mossman Gorge Centre,Mossman Gorge Aboriginal Community,,-16.47409220742763,145.34900965034046,,,Public - Membership Required,Operational,2021-12-10T21:11:00Z,2021-12-10 21:11:00+00:00,2.0,Open Charge Map Contributors,Licensed under Creative Commons Attribution 4.0 International (CC BY 4.0),data/raw/ocm/OCM-190457.json,https://openchargemap.org/site/poi/details/190457,False
190462,1.0,(unknown operator),City of Perth Council-House,27-29 St Georges Terrace,Perth,6000,-31.956912110143783,115.86065464317664,http://cityofperthparking.com.au/council-house,Monday to Saturday: 6.00am - 1.00am Sunday: 7.30am - 1.00am Public Holidays: Closed (except for special events),Public,Operational,2021-12-09T02:37:00Z,2021-12-09 02:37:00+00:00,1.0,Open Charge Map Contributors,Licensed under Creative Commons Attribution 4.0 International (CC BY 4.0),data/raw/ocm/OCM-190462.json,https://openchargemap.org/site/poi/details/190462,False
190463,1.0,(unknown operator),Perth Convention and Exhibition Centre,21 Mounts Bay Road,Perth,6000,-31.95535657614961,115.8529214449357,http://www.cityofperthparking.com.au/convention-centre,"The City of Perth Convention Centre Car Park is located directly under the Centre and is accessible via Mill Street, Mounts Bay Road and the Riverside Drive off ramp of the Mitchell Freeway. Bay 200 and 201 (turn left if entering from Mounts Bay Road/Mill St, bays are next to attendant office/pay station) Need 32 amp to 15 amp cable for use with 15 amp EVSEs",Public,Operational,2021-12-09T02:55:00Z,2021-12-09 02:55:00+00:00,1.0,Open Charge Map Contributors,Licensed under Creative Commons Attribution 4.0 International (CC BY 4.0),data/raw/ocm/OCM-190463.json,https://openchargemap.org/site/poi/details/190463,False
190464,1.0,(unknown operator),Perth Cultural Centre,2 Roe Street,Perth,6000,-31.95054936969006,115.8601032721649,http://www.cityofperthparking.com.au/cultural-centre,Monday to Sunday: 6.30am - midnight Public Holidays: Closed (except for special events),Public - Pay At Location,Operational,2021-12-09T03:03:00Z,2021-12-09 03:03:00+00:00,1.0,Open Charge Map Contributors,Licensed under Creative Commons Attribution 4.0 International (CC BY 4.0),data/raw/ocm/OCM-190464.json,https://openchargemap.org/site/poi/details/190464,False
190465,1.0,(unknown operator),State Library of Western Australia,Alexander Library Building,Northbridge,6003,-31.949165795484845,115.86050694534993,http://www.cityofperthparking.com.au/state-library,Monday to Thursday: 6.00am - midnight Friday to Sunday: 6.00am - midnight Sunday Public Holidays: Closed (except for special events). Bays on left immediately as you enter after boom gate. Need 32 amp to 15 amp cable for use with 15 amp EVSEs,Public - Pay At Location,Operational,2021-12-09T03:03:00Z,2021-12-09 03:03:00+00:00,1.0,Open Charge Map Contributors,Licensed under Creative Commons Attribution 4.0 International (CC BY 4.0),data/raw/ocm/OCM-190465.json,https://openchargemap.org/site/poi/details/190465,False
190466,1.0,(unknown operator),Myalup Beach Caravan Park,2 Myalup Beach Road,Myalup,6220,-33.10288926692897,115.68908721055715,$2 per hour,,Public - Pay At Location,Operational,2021-12-09T03:16:00Z,2021-12-09 03:16:00+00:00,1.0,Open Charge Map Contributors,Licensed under Creative Commons Attribution 4.0 International (CC BY 4.0),data/raw/ocm/OCM-190466.json,https://openchargemap.org/site/poi/details/190466,False
190467,1.0,(unknown operator),Stay Margaret River,78 Walcliffe Road,Margaret River,6285,-33.953751896279094,115.06007358112566,$25 flat rate,,Public - Pay At Location,Operational,2021-12-09T03:26:00Z,2021-12-09 03:26:00+00:00,1.0,Open Charge Map Contributors,Licensed under Creative Commons Attribution 4.0 International (CC BY 4.0),data/raw/ocm/OCM-190467.json,https://openchargemap.org/site/poi/details/190467,False
190468,1.0,(unknown operator),Best Western Pemberton,Best Western Pemberton,Pemberton,6260,-34.44411440805307,116.03653827573595,$20,,Public - Pay At Location,Operational,2021-12-09T04:03:00Z,2021-12-09 04:03:00+00:00,1.0,Open Charge Map Contributors,Licensed under Creative Commons Attribution 4.0 International (CC BY 4.0),data/raw/ocm/OCM-190468.json,https://openchargemap.org/site/poi/details/190468,False
190469,1.0,(unknown operator),Northcliffe Hotel Motel,Northcliffe Hotel Motel,Northcliffe,6262,-34.63065447771885,116.12378507568116,,,"Private - For Staff, Visitors or Customers",Operational,2021-12-09T04:12:00Z,2021-12-09 04:12:00+00:00,1.0,Open Charge Map Contributors,Licensed under Creative Commons Attribution 4.0 International (CC BY 4.0),data/raw/ocm/OCM-190469.json,https://openchargemap.org/site/poi/details/190469,False
190470,1.0,(unknown operator),Treetop Walk Motel,40-50 Nockolds Street,Walpole,6398,-34.9755934090466,116.73493267275126,$20,20A 3ph socket in the laundry,Public - Pay At Location,Operational,2021-12-09T04:16:00Z,2021-12-09 04:16:00+00:00,1.0,Open Charge Map Contributors,Licensed under Creative Commons Attribution 4.0 International (CC BY 4.0),data/raw/ocm/OCM-190470.json,https://openchargemap.org/site/poi/details/190470,False
190471,1.0,(unknown operator),The Lily Dutch Windmill - Stirling Range,9793 Chester Pass Road,Amelup,6338,-34.223273068915724,118.21594999488394,Hourly rate,,"Private - For Staff, Visitors or Customers",Operational,2023-07-28T03:22:00Z,2023-07-28 03:22:00+00:00,1.0,Open Charge Map Contributors,Licensed under Creative Commons Attribution 4.0 International (CC BY 4.0),data/raw/ocm/OCM-190471.json,https://openchargemap.org/site/poi/details/190471,False
190472,1.0,(unknown operator),Wagin Motel,51 Tudhoe Street,Wagin,6315,-33.30772086650226,117.34616189953726,Free,,"Private - For Staff, Visitors or Customers",Operational,2022-12-23T21:48:00Z,2022-12-23 21:48:00+00:00,1.0,Open Charge Map Contributors,Licensed under Creative Commons Attribution 4.0 International (CC BY 4.0),data/raw/ocm/OCM-190472.json,https://openchargemap.org/site/poi/details/190472,False
190473,1.0,(unknown operator),Narrogin Hotel,Narrogin Hotel,Narrogin,6312,-32.93603653516006,117.16741450537256,,,"Private - For Staff, Visitors or Customers",Operational,2021-12-09T04:41:00Z,2021-12-09 04:41:00+00:00,1.0,Open Charge Map Contributors,Licensed under Creative Commons Attribution 4.0 International (CC BY 4.0),data/raw/ocm/OCM-190473.json,https://openchargemap.org/site/poi/details/190473,False
190474,1.0,(unknown operator),Millbrook Winery,Millbrook Winery,Jarrahdale,6124,-32.349268426066345,116.04988295662383,,You need to drive past the main visitor's carpark up to the smaller carpark near the main building E of the lake.,"Private - For Staff, Visitors or Customers",Operational,2021-12-09T05:04:00Z,2021-12-09 05:04:00+00:00,1.0,Open Charge Map Contributors,Licensed under Creative Commons Attribution 4.0 International (CC BY 4.0),data/raw/ocm/OCM-190474.json,https://openchargemap.org/site/poi/details/190474,False
190487,3339.0,Chargefox,BP Truckstop Merredin,49 Great Eastern Highway,Merredin,6415,-31.482755542949874,118.26874281054063,0.44,,Public - Membership Required,Not Operational,2022-09-29T03:22:00Z,2022-09-29 03:22:00+00:00,1.0,Open Charge Map Contributors,Licensed under Creative Commons Attribution 4.0 International (CC BY 4.0),data/raw/ocm/OCM-190487.json,https://openchargemap.org/site/poi/details/190487,True
190492,1.0,(unknown operator),The lodge at Little Rock,,Merredin,6415,-31.48695074092305,118.25987173215276,,,"Private - For Staff, Visitors or Customers",Operational,2021-12-10T18:30:00Z,2021-12-10 18:30:00+00:00,1.0,Open Charge Map Contributors,Licensed under Creative Commons Attribution 4.0 International (CC BY 4.0),data/raw/ocm/OCM-190492.json,https://openchargemap.org/site/poi/details/190492,False
190498,1.0,(unknown operator),Bailey's Garage,86-88 Yass Street,Gunning,2581,-34.78231983827835,149.26678626597408,Free,,Public,Operational,2021-12-11T10:09:00Z,2021-12-11 10:09:00+00:00,1.0,Open Charge Map Contributors,Licensed under Creative Commons Attribution 4.0 International (CC BY 4.0),data/raw/ocm/OCM-190498.json,https://openchargemap.org/site/poi/details/190498,False
190500,3388.0,NRMA,Cross Street Carpark [NRMA],8 Cross Street,Wagga Wagga,NSW,-35.10849079265241,147.37380421671998,$0.66/KWh,,Public - Membership Required,Operational,2024-11-12T12:09:00Z,2024-11-12 12:09:00+00:00,1.0,Open Charge Map Contributors,Licensed under Creative Commons Attribution 4.0 International (CC BY 4.0),data/raw/ocm/OCM-190500.json,https://openchargemap.org/site/poi/details/190500,True
190502,1.0,(unknown operator),Silos estate,Princes Highway,Jaspers Brush,2535,-34.80770297678462,150.63696170662024,,,Public,Operational,2021-12-11T10:09:00Z,2021-12-11 10:09:00+00:00,2.0,Open Charge Map Contributors,Licensed under Creative Commons Attribution 4.0 International (CC BY 4.0),data/raw/ocm/OCM-190502.json,https://openchargemap.org/site/poi/details/190502,False
190620,3339.0,Chargefox,RAC Esperance Holiday Park,Goldfields Road ,Esperance ,6450,-33.846123629542156,121.901810358881,$0.45,,Public - Membership Required,Operational,2022-09-08T12:31:00Z,2022-09-08 12:31:00+00:00,2.0,Open Charge Map Contributors,Licensed under Creative Commons Attribution 4.0 International (CC BY 4.0),data/raw/ocm/OCM-190620.json,https://openchargemap.org/site/poi/details/190620,False
190668,3388.0,NRMA,Temora Council Chambers,Little Hoskins Street,Temora,2666,-34.44602848720433,147.534391219815,$0.66/kWh,,Public - Membership Required,Operational,2024-11-12T12:09:00Z,2024-11-12 12:09:00+00:00,1.0,Open Charge Map Contributors,Licensed under Creative Commons Attribution 4.0 International (CC BY 4.0),data/raw/ocm/OCM-190668.json,https://openchargemap.org/site/poi/details/190668,True
190669,3388.0,NRMA,West Wyalong [NRMA],"13-15 Shire St, West Wyalong NSW 2671",West Wyalong,2671,-33.92362578966908,147.2036629768271,"Free currently, join NRMA as a thank you.",,Public,Operational,2021-12-16T17:07:00Z,2021-12-16 17:07:00+00:00,1.0,Open Charge Map Contributors,Licensed under Creative Commons Attribution 4.0 International (CC BY 4.0),data/raw/ocm/OCM-190669.json,https://openchargemap.org/site/poi/details/190669,True
190670,3388.0,NRMA,Hay [NRMA],134 Lachlan St,Hay,2711,-34.50867857950999,144.84290661775623,Currently free but will be fee at some point.,,Public,Operational,2021-12-17T02:59:00Z,2021-12-17 02:59:00+00:00,1.0,Open Charge Map Contributors,Licensed under Creative Commons Attribution 4.0 International (CC BY 4.0),data/raw/ocm/OCM-190670.json,https://openchargemap.org/site/poi/details/190670,True
190671,3388.0,NRMA,Balranald [NRMA],89 Market Street,Balranald,2715,-34.639493379894546,143.56448828860727,FREE,,Public - Membership Required,Operational,2021-12-17T02:52:00Z,2021-12-17 02:52:00+00:00,1.0,Open Charge Map Contributors,Licensed under Creative Commons Attribution 4.0 International (CC BY 4.0),data/raw/ocm/OCM-190671.json,https://openchargemap.org/site/poi/details/190671,True
190674,3388.0,NRMA,Tanunda [NRMA],3 John Street,Tanunda,SA 5352,-34.5246854548199,138.95804140891113,FREE,,Public - Membership Required,Operational,2022-05-14T04:57:00Z,2022-05-14 04:57:00+00:00,1.0,Open Charge Map Contributors,Licensed under Creative Commons Attribution 4.0 International (CC BY 4.0),data/raw/ocm/OCM-190674.json,https://openchargemap.org/site/poi/details/190674,True
190675,3388.0,NRMA,Berri [NRMA],Gilbert Street,Berri,5343,-34.285689864254955,140.60355285882747,FREE,,Public,Operational,2022-04-18T10:14:00Z,2022-04-18 10:14:00+00:00,1.0,Open Charge Map Contributors,Licensed under Creative Commons Attribution 4.0 International (CC BY 4.0),data/raw/ocm/OCM-190675.json,https://openchargemap.org/site/poi/details/190675,True
190676,3388.0,NRMA,Mildura [NRMA],100 Orange Avenue,Mildura,2739,-34.188998,142.162212,,,Public,Operational,2024-11-12T00:54:00Z,2024-11-12 00:54:00+00:00,4.0,Open Charge Map Contributors,Licensed under Creative Commons Attribution 4.0 International (CC BY 4.0),data/raw/ocm/OCM-190676.json,https://openchargemap.org/site/poi/details/190676,True
190677,3388.0,NRMA,Broken Hill [NRMA],51 Bromide St,Broken Hill,2880,-31.959754641960238,141.45961530379066,,,Public,Operational,2021-12-17T03:14:00Z,2021-12-17 03:14:00+00:00,1.0,Open Charge Map Contributors,Licensed under Creative Commons Attribution 4.0 International (CC BY 4.0),data/raw/ocm/OCM-190677.json,https://openchargemap.org/site/poi/details/190677,True
190678,3388.0,NRMA,Wilcannia [NRMA],1-7 Ross St,Wilcannia,2836,-31.55748024734784,143.38590809166777,,,Public,Operational,2022-05-04T03:08:00Z,2022-05-04 03:08:00+00:00,1.0,Open Charge Map Contributors,Licensed under Creative Commons Attribution 4.0 International (CC BY 4.0),data/raw/ocm/OCM-190678.json,https://openchargemap.org/site/poi/details/190678,True
190679,3388.0,NRMA,Cobar [NRMA],3 Broomfield Street,Cobar,2835,-31.49883300000129,145.83757000000242,FREE,,Public - Membership Required,Operational,2022-01-08T10:59:00Z,2022-01-08 10:59:00+00:00,1.0,Open Charge Map Contributors,Licensed under Creative Commons Attribution 4.0 International (CC BY 4.0),data/raw/ocm/OCM-190679.json,https://openchargemap.org/site/poi/details/190679,True
190680,3388.0,NRMA,Nyngan [NRMA],18 Cobar Street,Nyngan,2825,-31.564631000004198,147.1969360000096,Currently free but will be fee at some point for non NRMA Members,,Public,Operational,2022-12-23T23:20:00Z,2022-12-23 23:20:00+00:00,1.0,Open Charge Map Contributors,Licensed under Creative Commons Attribution 4.0 International (CC BY 4.0),data/raw/ocm/OCM-190680.json,https://openchargemap.org/site/poi/details/190680,True
190681,3388.0,NRMA,Bourke [NRMA],15 Mitchell St,Bourke,2840,-30.088249,145.93511,"Free currently, join NRMA as a thank you.",,Public,Planned For Future Date,2021-12-17T03:45:00Z,2021-12-17 03:45:00+00:00,1.0,Open Charge Map Contributors,Licensed under Creative Commons Attribution 4.0 International (CC BY 4.0),data/raw/ocm/OCM-190681.json,https://openchargemap.org/site/poi/details/190681,True
190682,3388.0,NRMA,Brewarrina [NRMA],50 Bathurst Street,Brewarrina,2839,-29.960445999997674,146.85742999998627,Currently free but will be fee at some point.,,Public,Planned For Future Date,2021-12-17T04:02:00Z,2021-12-17 04:02:00+00:00,1.0,Open Charge Map Contributors,Licensed under Creative Commons Attribution 4.0 International (CC BY 4.0),data/raw/ocm/OCM-190682.json,https://openchargemap.org/site/poi/details/190682,True
190683,3388.0,NRMA,Walgett [NRMA],26 Neilly Street,Walgett,2832,-30.02045011043731,148.11600190575848,FREE,,Public - Membership Required,Operational,2021-12-17T04:13:00Z,2021-12-17 04:13:00+00:00,1.0,Open Charge Map Contributors,Licensed under Creative Commons Attribution 4.0 International (CC BY 4.0),data/raw/ocm/OCM-190683.json,https://openchargemap.org/site/poi/details/190683,True
190706,3398.0,Evie,Dan Murphy's,51 Orient Street,Batemans Bay,2536,-35.709931,150.17774,50c per kWh energy consumed.,,Public - Membership Required,Operational,2023-07-12T22:38:00Z,2023-07-12 22:38:00+00:00,1.0,Open Charge Map Contributors,Licensed under Creative Commons Attribution 4.0 International (CC BY 4.0),data/raw/ocm/OCM-190706.json,https://openchargemap.org/site/poi/details/190706,True
190757,3529.0,JOLT,Mona Vale [JOLT],2 Bungan St,Mona Vale,2103,-33.67606087720165,151.30325795651265,$0.00/kWh up to 7 kWh then $0.46/kWh,"Street parking, one marked parking spot",Public - Membership Required,Operational,2023-02-11T08:43:00Z,2023-02-11 08:43:00+00:00,1.0,Open Charge Map Contributors,Licensed under Creative Commons Attribution 4.0 International (CC BY 4.0),data/raw/ocm/OCM-190757.json,https://openchargemap.org/site/poi/details/190757,True
190790,1.0,(unknown operator),Bru4U Geelong ,4/100 Barwon Terrace,Geelong,3220,-38.1722195376013,144.36787923669385,free,business hours Tuesday to Saturday,"Private - For Staff, Visitors or Customers",Operational,2022-09-04T10:26:00Z,2022-09-04 10:26:00+00:00,1.0,Open Charge Map Contributors,Licensed under Creative Commons Attribution 4.0 International (CC BY 4.0),data/raw/ocm/OCM-190790.json,https://openchargemap.org/site/poi/details/190790,False
190809,3534.0,Tesla,Tailem Bend Supercharger,543 Dukes Hwy,Tailem Bend,5260,-35.304008524281684,139.5011617693483,$0.52/kWh,,Public - Membership Required,Operational,2023-08-30T06:13:00Z,2023-08-30 06:13:00+00:00,6.0,Open Charge Map Contributors,Licensed under Creative Commons Attribution 4.0 International (CC BY 4.0),data/raw/ocm/OCM-190809.json,https://openchargemap.org/site/poi/details/190809,True
190845,23.0,Tesla,Karringup Center,,Karringup,,-31.877115379032254,115.77668949000957,Free,Near the Tesla supper chargers,Public,Operational,2021-12-28T03:50:00Z,2021-12-28 03:50:00+00:00,2.0,Open Charge Map Contributors,Licensed under Creative Commons Attribution 4.0 International (CC BY 4.0),data/raw/ocm/OCM-190845.json,https://openchargemap.org/site/poi/details/190845,False
190861,3388.0,NRMA,Snowy River Ave Car Park,3 Snowy River Ave,Jindabyne,2627,-36.41589877494651,148.61978170531108,Chargers free of charge for now but will require you to be a member in the future or you will need to pay per charge.,"NRMA EV Fast Charging Network. Two charging stations, each are 50kW CHAdeMO and CCS2.",Public,Operational,2021-12-28T21:26:00Z,2021-12-28 21:26:00+00:00,2.0,Open Charge Map Contributors,Licensed under Creative Commons Attribution 4.0 International (CC BY 4.0),data/raw/ocm/OCM-190861.json,https://openchargemap.org/site/poi/details/190861,True
190875,3529.0,JOLT,Kensington [Jolt],110 Anzac Pde,Kensington,2033,-33.907070570863254,151.22409119211284,$0.00/kWh up to 7 kWh then $0.40/kWh,,Public - Membership Required,Operational,2023-07-13T10:53:00Z,2023-07-13 10:53:00+00:00,1.0,Open Charge Map Contributors,Licensed under Creative Commons Attribution 4.0 International (CC BY 4.0),data/raw/ocm/OCM-190875.json,https://openchargemap.org/site/poi/details/190875,True
190893,3398.0,Evie,Cann River [Evie],Monaro Highway,Cann River,3890,-37.565838504942874,149.15095912208483,$0.40,,Public - Membership Required,Planned For Future Date,2022-01-01T11:01:00Z,2022-01-01 11:01:00+00:00,1.0,Open Charge Map Contributors,Licensed under Creative Commons Attribution 4.0 International (CC BY 4.0),data/raw/ocm/OCM-190893.json,https://openchargemap.org/site/poi/details/190893,True
190904,3398.0,Evie,CTR Echuca [Evie],438 High Street,Echuca,3564,-36.127317,144.748147,$0.40,,Public - Membership Required,Operational,2023-07-06T20:52:00Z,2023-07-06 20:52:00+00:00,1.0,Open Charge Map Contributors,Licensed under Creative Commons Attribution 4.0 International (CC BY 4.0),data/raw/ocm/OCM-190904.json,https://openchargemap.org/site/poi/details/190904,True
190915,3388.0,NRMA,NRMA Jerilderie,Powell Street,Jerilderie,2716,-35.3544948219656,145.72500535480856,FREE,,Public,Operational,2022-01-04T11:52:00Z,2022-01-04 11:52:00+00:00,1.0,Open Charge Map Contributors,Licensed under Creative Commons Attribution 4.0 International (CC BY 4.0),data/raw/ocm/OCM-190915.json,https://openchargemap.org/site/poi/details/190915,True
191051,3339.0,Chargefox,McDonalds Southern River ,Southern River Road ,Southern River ,6110,-32.10072552959724,115.96427117228632,$0.20 per kWh,,Public - Membership Required,Operational,2022-08-12T12:36:00Z,2022-08-12 12:36:00+00:00,1.0,Open Charge Map Contributors,Licensed under Creative Commons Attribution 4.0 International (CC BY 4.0),data/raw/ocm/OCM-191051.json,https://openchargemap.org/site/poi/details/191051,True
191052,3339.0,Chargefox,Woolworths Kireawee,28-34 Flora Street,Kirrawee,2232,-34.03429800987962,151.0734299224497,FREE,,Public - Membership Required,Operational,2023-07-13T10:55:00Z,2023-07-13 10:55:00+00:00,4.0,Open Charge Map Contributors,Licensed under Creative Commons Attribution 4.0 International (CC BY 4.0),data/raw/ocm/OCM-191052.json,https://openchargemap.org/site/poi/details/191052,False
191055,3398.0,Evie,Collingwood Library,13 Stanton St,Abbotsford,3067,-37.80446562888998,144.99324369474311,$0.40/kWh,,Public - Membership Required,Operational,2023-07-10T02:38:00Z,2023-07-10 02:38:00+00:00,2.0,Open Charge Map Contributors,Licensed under Creative Commons Attribution 4.0 International (CC BY 4.0),data/raw/ocm/OCM-191055.json,https://openchargemap.org/site/poi/details/191055,True
191062,3339.0,Chargefox,Audi Centre Sydney ,895 South Dowling Street,Zetland,2017,-33.906943843362484,151.2131655272031,$0.70/kWh,,Public - Membership Required,Operational,2023-07-13T10:51:00Z,2023-07-13 10:51:00+00:00,1.0,Open Charge Map Contributors,Licensed under Creative Commons Attribution 4.0 International (CC BY 4.0),data/raw/ocm/OCM-191062.json,https://openchargemap.org/site/poi/details/191062,True
191063,45.0,(business owner at location),Caiguna - WA EV Network,Highway 1,Caiguna,6443,-32.270905524317335,125.48817309652998,,Road house staff intervention is required to start the generator.,Public - Membership Required,Operational,2026-01-01T05:24:00Z,2026-01-01 05:24:00+00:00,1.0,Open Charge Map Contributors,Licensed under Creative Commons Attribution 4.0 International (CC BY 4.0),data/raw/ocm/OCM-191063.json,https://openchargemap.org/site/poi/details/191063,True
191127,3398.0,Evie,Evie Networks - Westbury,37 Meander Valley Rd,Westbury,7303,-41.52579826718715,146.845108555965,60c/kWh,,Public - Membership Required,Operational,2023-07-10T02:38:00Z,2023-07-10 02:38:00+00:00,2.0,Open Charge Map Contributors,Licensed under Creative Commons Attribution 4.0 International (CC BY 4.0),data/raw/ocm/OCM-191127.json,https://openchargemap.org/site/poi/details/191127,True
191128,23.0,Tesla,Devonport Supercharger,11A Esplanade,Devonport,7301,-41.17996296543798,146.36733778871076,$0.52/kWh,,Public - Membership Required,Operational,2022-01-19T23:15:00Z,2022-01-19 23:15:00+00:00,3.0,Open Charge Map Contributors,Licensed under Creative Commons Attribution 4.0 International (CC BY 4.0),data/raw/ocm/OCM-191128.json,https://openchargemap.org/site/poi/details/191128,True
191160,3398.0,Evie,Bankstown [Evie],9-49 Chapel Road,Bankstown,,-33.93201456375411,151.03015532131081,$0.40/kWh,,Public - Membership Required,Operational,2023-07-16T12:30:00Z,2023-07-16 12:30:00+00:00,2.0,Open Charge Map Contributors,Licensed under Creative Commons Attribution 4.0 International (CC BY 4.0),data/raw/ocm/OCM-191160.json,https://openchargemap.org/site/poi/details/191160,True
191161,3398.0,Evie,Evie Cabramatta,Hungry Jacks,Cabramatta,,-33.89880022738458,150.91994378105392,$0.40/kWh,,Public - Membership Required,Operational,2023-07-15T14:01:00Z,2023-07-15 14:01:00+00:00,2.0,Open Charge Map Contributors,Licensed under Creative Commons Attribution 4.0 International (CC BY 4.0),data/raw/ocm/OCM-191161.json,https://openchargemap.org/site/poi/details/191161,True
191162,3398.0,Evie,Coles Schofields,227 Railway Rerrace,Schofields,,-33.706161447313946,150.87557080542024,$0.40/kWh,"Located in the Coles underground car park - opening hours: Mon - Sat 6am - 12am | Sun 7am - 10pm - outside of these hours the chargers are not accessible. Mobile signal isnt great in this car park, I recommend having Evie's RFID, or if you move around the car park you can get enough signal to start the session.",Public - Membership Required,Operational,2023-07-15T11:54:00Z,2023-07-15 11:54:00+00:00,2.0,Open Charge Map Contributors,Licensed under Creative Commons Attribution 4.0 International (CC BY 4.0),data/raw/ocm/OCM-191162.json,https://openchargemap.org/site/poi/details/191162,True
191163,3398.0,Evie,"Evie Caddens Corner, Kingswood. ",82a O’Connell Street,Kinswoid,,-33.76884540471722,150.73565759781445,DC $0.40/kWh AC $0.35/kWh,,Public - Membership Required,Operational,2023-07-15T13:55:00Z,2023-07-15 13:55:00+00:00,2.0,Open Charge Map Contributors,Licensed under Creative Commons Attribution 4.0 International (CC BY 4.0),data/raw/ocm/OCM-191163.json,https://openchargemap.org/site/poi/details/191163,True
191164,3398.0,Evie,Evie Mosman,6 Myahgah Road,Mosman,,-33.82544433087931,151.24146564876457,$0.40/kWh,,Public - Membership Required,Operational,2023-07-16T22:01:00Z,2023-07-16 22:01:00+00:00,1.0,Open Charge Map Contributors,Licensed under Creative Commons Attribution 4.0 International (CC BY 4.0),data/raw/ocm/OCM-191164.json,https://openchargemap.org/site/poi/details/191164,True
191165,3398.0,Evie,Evie Lane Cove,2 Rosenthal Ave,Lane Cove,,-33.81396420883535,151.16927647670855,$0.40/kWh,,Public - Membership Required,Operational,2023-07-15T12:03:00Z,2023-07-15 12:03:00+00:00,2.0,Open Charge Map Contributors,Licensed under Creative Commons Attribution 4.0 International (CC BY 4.0),data/raw/ocm/OCM-191165.json,https://openchargemap.org/site/poi/details/191165,True
191177,3388.0,NRMA,Stewart Street Carpark [NRMA],17 Stewart Street,Wollongong,2500,-34.42839437417402,150.9002218527666,FREE,,Public,Operational,2023-02-20T17:51:00Z,2023-02-20 17:51:00+00:00,2.0,Open Charge Map Contributors,Licensed under Creative Commons Attribution 4.0 International (CC BY 4.0),data/raw/ocm/OCM-191177.json,https://openchargemap.org/site/poi/details/191177,True
191183,3388.0,NRMA,NRMA Bega,Church Street Carpark,Bega,,-36.672816817377345,149.843298364681,FREE,,Public - Membership Required,Temporarily Unavailable,2023-03-05T21:45:00Z,2023-03-05 21:45:00+00:00,1.0,Open Charge Map Contributors,Licensed under Creative Commons Attribution 4.0 International (CC BY 4.0),data/raw/ocm/OCM-191183.json,https://openchargemap.org/site/poi/details/191183,True
191204,1.0,(unknown operator),Kay Brothers Winery,57 Kays Road,McLaren Vale,5171,-35.183475,138.562114,,"Two parking spaces adjacent to cellar door with a range of plugs available (BYO cables): 1 x 22kW Type 2, 2 x 15A single phase; 1 x 20A 3-phase.",Public,Operational,2022-02-05T11:40:00Z,2022-02-05 11:40:00+00:00,1.0,Open Charge Map Contributors,Licensed under Creative Commons Attribution 4.0 International (CC BY 4.0),data/raw/ocm/OCM-191204.json,https://openchargemap.org/site/poi/details/191204,False
191280,23.0,Tesla,Tesla Supercharger South Village,Princes Highway,Kirrawee,2232,-34.033063649505685,151.07388271966875,$0.52/kWh,,Public - Membership Required,Operational,2022-02-02T13:08:00Z,2022-02-02 13:08:00+00:00,6.0,Open Charge Map Contributors,Licensed under Creative Commons Attribution 4.0 International (CC BY 4.0),data/raw/ocm/OCM-191280.json,https://openchargemap.org/site/poi/details/191280,True
191289,3339.0,Chargefox,Alford Street Carkpark,8-10 Alford Street,Kingaroy,,-26.539845251946076,151.8401208694786,,,Public - Membership Required,Operational,2023-07-29T10:23:00Z,2023-07-29 10:23:00+00:00,1.0,Open Charge Map Contributors,Licensed under Creative Commons Attribution 4.0 International (CC BY 4.0),data/raw/ocm/OCM-191289.json,https://openchargemap.org/site/poi/details/191289,True
191394,3388.0,NRMA,NRMA Olympic Park,9 Murray Rose Ave,Sydney Olympic Park,2127,-33.84605079570373,151.06985459321334,Free,,Public,Operational,2022-02-09T13:05:00Z,2022-02-09 13:05:00+00:00,1.0,Open Charge Map Contributors,Licensed under Creative Commons Attribution 4.0 International (CC BY 4.0),data/raw/ocm/OCM-191394.json,https://openchargemap.org/site/poi/details/191394,True
191467,3339.0,Chargefox,Woolworths Bomaderry,160 Cambewarra Road,Bomaderry,2541,-34.84424980817623,150.5957047714145,FREE,,Public - Membership Required,Operational,2023-07-13T10:45:00Z,2023-07-13 10:45:00+00:00,4.0,Open Charge Map Contributors,Licensed under Creative Commons Attribution 4.0 International (CC BY 4.0),data/raw/ocm/OCM-191467.json,https://openchargemap.org/site/poi/details/191467,False
191620,1.0,(unknown operator),Muja Power Station,Power Station Road,Muja,6225,-33.445938982545556,116.30230838389622,Free,,Public,Operational,2022-02-15T03:12:00Z,2022-02-15 03:12:00+00:00,2.0,Open Charge Map Contributors,Licensed under Creative Commons Attribution 4.0 International (CC BY 4.0),data/raw/ocm/OCM-191620.json,https://openchargemap.org/site/poi/details/191620,False
191761,3534.0,Tesla,Margaret River Tesla Supercharger,Townview Terrace,Margaret River,6285,-33.950608094573674,115.07535449708394,Supercharger rates,,Public - Membership Required,Temporarily Unavailable,2023-10-09T01:48:00Z,2023-10-09 01:48:00+00:00,3.0,Open Charge Map Contributors,Licensed under Creative Commons Attribution 4.0 International (CC BY 4.0),data/raw/ocm/OCM-191761.json,https://openchargemap.org/site/poi/details/191761,True
191762,23.0,Tesla,Tesla HPWC Destination Stations,Townview Terrace,Margaret River,6285,-33.95063253619356,115.0753751366716,Free,,Public,Operational,2022-02-27T13:03:00Z,2022-02-27 13:03:00+00:00,3.0,Open Charge Map Contributors,Licensed under Creative Commons Attribution 4.0 International (CC BY 4.0),data/raw/ocm/OCM-191762.json,https://openchargemap.org/site/poi/details/191762,False
191891,1.0,(unknown operator),Nelson St Parking/Charging,111 Nelson St,Nhill,3418,-36.332766383204394,141.64971116860374,Free,,Public,Operational,2022-03-06T12:42:00Z,2022-03-06 12:42:00+00:00,2.0,Open Charge Map Contributors,Licensed under Creative Commons Attribution 4.0 International (CC BY 4.0),data/raw/ocm/OCM-191891.json,https://openchargemap.org/site/poi/details/191891,False
191892,3339.0,Chargefox,Murray Bridge Marketplace,23 Mary Terrace,Murray Bridge,5253,-35.120564441564056,139.27705518334403,$0.40/kWh (at all times),,Public - Membership Required,Operational,2023-07-13T06:21:00Z,2023-07-13 06:21:00+00:00,2.0,Open Charge Map Contributors,Licensed under Creative Commons Attribution 4.0 International (CC BY 4.0),data/raw/ocm/OCM-191892.json,https://openchargemap.org/site/poi/details/191892,True
191893,3398.0,Evie,Tasco Caltex Tailem Bend Roadhouse,8786 Princes Hwy,Tailem Bend,5260,-35.24011,139.44043,65c per kWh energy consumed.,,Public - Membership Required,Operational,2023-07-12T22:46:00Z,2023-07-12 22:46:00+00:00,2.0,Open Charge Map Contributors,Licensed under Creative Commons Attribution 4.0 International (CC BY 4.0),data/raw/ocm/OCM-191893.json,https://openchargemap.org/site/poi/details/191893,True
191894,3529.0,JOLT,Montacute Rd Parking Lot,278-270 Montacute Rd,Rostrevor ,5073,-34.88767562172659,138.68894627441523,Payment Required Free 7kW every 24 hrs - pay $0.44 per kWh after 7kW. Need the JOLT app,,Public - Membership Required,Operational,2022-12-17T23:44:00Z,2022-12-17 23:44:00+00:00,1.0,Open Charge Map Contributors,Licensed under Creative Commons Attribution 4.0 International (CC BY 4.0),data/raw/ocm/OCM-191894.json,https://openchargemap.org/site/poi/details/191894,True
191895,3529.0,JOLT,JOLT Charge Charging Station,139 Montacute Rd,Campbelltown ,5074,-34.88844859,138.6729899,"0.00/kWh for 0.0-7.0 kWhs + 0.42/kWh after 7.0 kWhs + While parked, not charging: 5.00/hr after 15 mins",,Public - Membership Required,Operational,2022-12-17T23:08:00Z,2022-12-17 23:08:00+00:00,1.0,Open Charge Map Contributors,Licensed under Creative Commons Attribution 4.0 International (CC BY 4.0),data/raw/ocm/OCM-191895.json,https://openchargemap.org/site/poi/details/191895,True
191896,3529.0,JOLT,ARC Campbelltown,531 Lower North East Rd,Campbelltown,5074,-34.88522639,138.6589639,Payment Required Free 7kW every 24 hrs - pay $0.42 per kWh after 7kW. Need the JOLT app,,Public - Membership Required,Operational,2022-12-17T23:07:00Z,2022-12-17 23:07:00+00:00,1.0,Open Charge Map Contributors,Licensed under Creative Commons Attribution 4.0 International (CC BY 4.0),data/raw/ocm/OCM-191896.json,https://openchargemap.org/site/poi/details/191896,True
191897,3529.0,JOLT,Newton Road & Hambledon Road Parking Lot,Newton Road & Hambledon Rd,Newton,5074,-34.87927540158708,138.67345957548423,,,Public - Membership Required,Operational,2022-12-17T23:08:00Z,2022-12-17 23:08:00+00:00,1.0,Open Charge Map Contributors,Licensed under Creative Commons Attribution 4.0 International (CC BY 4.0),data/raw/ocm/OCM-191897.json,https://openchargemap.org/site/poi/details/191897,True
191898,3529.0,JOLT,North East Rd & Fosters Rd Parking Lot,North East Rd & Fosters Rd,Greenacres,5086,-34.871001175731514,138.63722023174773,"Payment Required First 7kWh free, then $0.40 per kWh thereafter. $5/hr idle time",,Public - Membership Required,Operational,2023-01-11T16:03:00Z,2023-01-11 16:03:00+00:00,1.0,Open Charge Map Contributors,Licensed under Creative Commons Attribution 4.0 International (CC BY 4.0),data/raw/ocm/OCM-191898.json,https://openchargemap.org/site/poi/details/191898,True
191899,,,Klemzig Community Hall,Kirby Avenue,Klemzig,5086,-34.87572488834278,138.63146894360875,"Payment Required First 7kWh free, then $0.42 per kWh thereafter. One free 7kWh allowance per 24 hours. Jolt Electric Vehicle Charging app required to activate.",Enter the Klemzig Community Hall Carpark to access the charger.,Public - Membership Required,Operational,2022-03-09T01:10:00Z,2022-03-09 01:10:00+00:00,1.0,Open Charge Map Contributors,Licensed under Creative Commons Attribution 4.0 International (CC BY 4.0),data/raw/ocm/OCM-191899.json,https://openchargemap.org/site/poi/details/191899,True
191900,3398.0,Evie,CTR Whittlesea,74A Church St,Whittlesea,3757,-37.51050054135484,145.11840794982265,"0.40/kWh + While parked, not charging: 4.00/hr after 60 mins",,Public - Membership Required,Operational,2023-07-06T20:52:00Z,2023-07-06 20:52:00+00:00,1.0,Open Charge Map Contributors,Licensed under Creative Commons Attribution 4.0 International (CC BY 4.0),data/raw/ocm/OCM-191900.json,https://openchargemap.org/site/poi/details/191900,True
191901,3398.0,Evie,CTR Mooroopna,"77 Midland Hwy,", Mooroopna ,3629,-36.394569210184976,145.35971328556263,$0.40 per kWh. Parking overstay charges may apply,,Public - Membership Required,Operational,2023-07-06T20:52:00Z,2023-07-06 20:52:00+00:00,2.0,Open Charge Map Contributors,Licensed under Creative Commons Attribution 4.0 International (CC BY 4.0),data/raw/ocm/OCM-191901.json,https://openchargemap.org/site/poi/details/191901,True
191902,3398.0,Evie,Shepparton Observation Tower,"8 Fraser St, ",Shepparton ,3630,-36.38020636184123,145.40022900912237,$0.40 per kWh. Parking overstay charges may apply,,Public - Membership Required,Operational,2023-07-06T20:52:00Z,2023-07-06 20:52:00+00:00,2.0,Open Charge Map Contributors,Licensed under Creative Commons Attribution 4.0 International (CC BY 4.0),data/raw/ocm/OCM-191902.json,https://openchargemap.org/site/poi/details/191902,True
191903,1.0,(unknown operator),"JOLT Charge Charging Station, Diagonal Rd & Finniss St Parking Lot",Diagonal Rd & 310 Finniss St,Marion,5043,-35.01730838,138.5496564,"0.00/kWh for 0.0-7.0 kWhs + 0.42/kWh after 7.0 kWhs + While parked, not charging: 5.00/hr after 15 mins",,Public - Membership Required,Operational,2022-03-06T12:40:00Z,2022-03-06 12:40:00+00:00,1.0,Open Charge Map Contributors,Licensed under Creative Commons Attribution 4.0 International (CC BY 4.0),data/raw/ocm/OCM-191903.json,https://openchargemap.org/site/poi/details/191903,True
191904,1.0,(unknown operator),JOLT Charge Charging Station,672 Marion Rd,,5043,-34.993301100409724,138.55605097847615,Free 7kWh every 24 hrs - pay $0.42 per kWh after 7kWh. Need the Jolt app.,Enter off O'Halloran Terrace,Public - Membership Required,Operational,2022-04-11T07:02:00Z,2022-04-11 07:02:00+00:00,1.0,Open Charge Map Contributors,Licensed under Creative Commons Attribution 4.0 International (CC BY 4.0),data/raw/ocm/OCM-191904.json,https://openchargemap.org/site/poi/details/191904,True
191905,1.0,(unknown operator),JOLT Charge Charging Station Port Road & Mary St,Port Road & Mary St,Hindmarsh,5007,-34.906046821499956,138.57331633553872,"First 7kWh free, then $0.40 per kWh thereafter. $5/hr idle time",Access available both Southbound and Northbound (one each side),Public - Membership Required,Operational,2022-12-17T23:10:00Z,2022-12-17 23:10:00+00:00,2.0,Open Charge Map Contributors,Licensed under Creative Commons Attribution 4.0 International (CC BY 4.0),data/raw/ocm/OCM-191905.json,https://openchargemap.org/site/poi/details/191905,True
191906,3529.0,JOLT,"JOLT Charge Charging Station, Port Road and South Road",Port Road and South Road,West Hindmarsh,5007,-34.90257639905725,138.56808664880919,"First 7kWh free, then $0.40 per kWh thereafter. $5/hr idle time",,Public - Membership Required,Operational,2022-12-17T23:10:00Z,2022-12-17 23:10:00+00:00,2.0,Open Charge Map Contributors,Licensed under Creative Commons Attribution 4.0 International (CC BY 4.0),data/raw/ocm/OCM-191906.json,https://openchargemap.org/site/poi/details/191906,True
191907,1.0,(unknown operator),"JOLT Charge Charging Station, Port Rd and Oval Ave Parking Lot",809-811 Port Rd,Woodville South ,5011,-34.88273635973035,138.5382560926223,"First 7kWh free, then $0.40 per kWh thereafter. $5/hr idle time",,Public - Membership Required,Operational,2022-03-06T12:40:00Z,2022-03-06 12:40:00+00:00,2.0,Open Charge Map Contributors,Licensed under Creative Commons Attribution 4.0 International (CC BY 4.0),data/raw/ocm/OCM-191907.json,https://openchargemap.org/site/poi/details/191907,True
191908,1.0,(unknown operator),"JOLT Charge Charging Station, Port Rd & Sussex St Parking",Port Rd & Sussex St,Queenstown,5014,-34.86088589620734,138.51357488992744,"First 7kWh free, then $0.40 per kWh thereafter. $5/hr idle time",,Public - Membership Required,Operational,2022-03-06T12:40:00Z,2022-03-06 12:40:00+00:00,2.0,Open Charge Map Contributors,Licensed under Creative Commons Attribution 4.0 International (CC BY 4.0),data/raw/ocm/OCM-191908.json,https://openchargemap.org/site/poi/details/191908,True
191909,1.0,(unknown operator),"JOLT Charge Charging Station, Port Rd & Cross St",Port Rd & Cross St,Queenstown,5014,-34.85975657562122,138.51286930207573,"First 7kWh free, then $0.40 per kWh thereafter. $5/hr idle time",,Public - Membership Required,Operational,2022-03-06T12:40:00Z,2022-03-06 12:40:00+00:00,2.0,Open Charge Map Contributors,Licensed under Creative Commons Attribution 4.0 International (CC BY 4.0),data/raw/ocm/OCM-191909.json,https://openchargemap.org/site/poi/details/191909,True
191910,1.0,(unknown operator),"JOLT Charge Charging Station, Port Rd & Webber St",Port Rd & Webber St,Queenstown,5014,-34.85632286641643,138.5108515299687,"First 7kWh free, then $0.40 per kWh thereafter. $5/hr idle time","Carpark in the centre of the road, Corner of Port Rd and Webber St.",Public - Membership Required,Operational,2022-03-07T00:53:00Z,2022-03-07 00:53:00+00:00,2.0,Open Charge Map Contributors,Licensed under Creative Commons Attribution 4.0 International (CC BY 4.0),data/raw/ocm/OCM-191910.json,https://openchargemap.org/site/poi/details/191910,True
191911,3339.0,Chargefox,Largs Bay Kiosk  ,1 Esplanade,Largs Bay SA,5016,-34.82513183698616,138.48644726116333,$0.25 per kWh,,Public - Membership Required,Operational,2023-07-13T09:50:00Z,2023-07-13 09:50:00+00:00,2.0,Open Charge Map Contributors,Licensed under Creative Commons Attribution 4.0 International (CC BY 4.0),data/raw/ocm/OCM-191911.json,https://openchargemap.org/site/poi/details/191911,False
191937,1.0,(unknown operator),Elizabeth City Centre,50 Elizabeth Way,Elizabeth,5112,-34.71700199965215,138.67008809690134,Free,"Located in Car park.Two bays, Active as at 20/02/2020. Bays located at area marked as E1.",Public,Operational,2022-12-18T02:23:00Z,2022-12-18 02:23:00+00:00,2.0,Open Charge Map Contributors,Licensed under Creative Commons Attribution 4.0 International (CC BY 4.0),data/raw/ocm/OCM-191937.json,https://openchargemap.org/site/poi/details/191937,False
191953,3388.0,NRMA,Bathurst Visitor Information Centre,1 Kendall Avenue,Bathurst,,-33.41885926313673,149.58885077913237,60c / 54c for NRMA Members,,Public - Membership Required,Operational,2024-06-14T12:05:00Z,2024-06-14 12:05:00+00:00,1.0,Open Charge Map Contributors,Licensed under Creative Commons Attribution 4.0 International (CC BY 4.0),data/raw/ocm/OCM-191953.json,https://openchargemap.org/site/poi/details/191953,True
191954,3388.0,NRMA,Orange Civic Theatre,Orange Civic Theatre,Orange,2800,-33.28140950021562,149.10278676941653,FREE,,Public - Membership Required,Operational,2022-03-10T22:21:00Z,2022-03-10 22:21:00+00:00,1.0,Open Charge Map Contributors,Licensed under Creative Commons Attribution 4.0 International (CC BY 4.0),data/raw/ocm/OCM-191954.json,https://openchargemap.org/site/poi/details/191954,True
191955,3388.0,NRMA,NRMA Dubbo,Wingewarra Street,Dubbo,,-32.24930688696245,148.60934084946052,FREE,,Public - Membership Required,Operational,2022-03-10T22:21:00Z,2022-03-10 22:21:00+00:00,1.0,Open Charge Map Contributors,Licensed under Creative Commons Attribution 4.0 International (CC BY 4.0),data/raw/ocm/OCM-191955.json,https://openchargemap.org/site/poi/details/191955,True
191956,3388.0,NRMA,NRMA Parkes,Bogan Street,Parkes,2870,-33.13740733634146,148.1726837200183,FREE,,Public - Membership Required,Operational,2022-03-10T22:21:00Z,2022-03-10 22:21:00+00:00,1.0,Open Charge Map Contributors,Licensed under Creative Commons Attribution 4.0 International (CC BY 4.0),data/raw/ocm/OCM-191956.json,https://openchargemap.org/site/poi/details/191956,True
191957,3388.0,NRMA,NRMA Mudgee,Perry Street,Mudgee,2850,-32.59363440480615,149.58620557294023,60c / 54c for NRMA Members,,Public,Operational,2024-06-14T12:05:00Z,2024-06-14 12:05:00+00:00,1.0,Open Charge Map Contributors,Licensed under Creative Commons Attribution 4.0 International (CC BY 4.0),data/raw/ocm/OCM-191957.json,https://openchargemap.org/site/poi/details/191957,True
191958,3388.0,NRMA,NRMA Young,88 Lovell Street,Young,,-34.31187081704267,148.29509758416702,60c / 54c for members,,Public,Operational,2024-06-14T12:05:00Z,2024-06-14 12:05:00+00:00,1.0,Open Charge Map Contributors,Licensed under Creative Commons Attribution 4.0 International (CC BY 4.0),data/raw/ocm/OCM-191958.json,https://openchargemap.org/site/poi/details/191958,True
191959,3388.0,NRMA,NRMA Coonabarabran,Newell Highway,Coonabarabran,,-31.27869905611398,149.27917607446443,FREE,,Public - Membership Required,Operational,2022-03-10T22:20:00Z,2022-03-10 22:20:00+00:00,1.0,Open Charge Map Contributors,Licensed under Creative Commons Attribution 4.0 International (CC BY 4.0),data/raw/ocm/OCM-191959.json,https://openchargemap.org/site/poi/details/191959,True
191986,1.0,(unknown operator),Fremantle City Destination Charger,Marine Terrace,Fremantle,6160,-32.05874355340625,115.74682186589132,,,Public,Operational,2024-12-13T12:34:00Z,2024-12-13 12:34:00+00:00,4.0,Open Charge Map Contributors,Licensed under Creative Commons Attribution 4.0 International (CC BY 4.0),data/raw/ocm/OCM-191986.json,https://openchargemap.org/site/poi/details/191986,False
192376,45.0,(business owner at location),Milton's Kimba,27 High Street,Kimba,5641,-33.13983180286926,136.41923144109342,,,Privately Owned - Notice Required,Operational,2023-11-30T09:55:00Z,2023-11-30 09:55:00+00:00,1.0,Open Charge Map Contributors,Licensed under Creative Commons Attribution 4.0 International (CC BY 4.0),data/raw/ocm/OCM-192376.json,https://openchargemap.org/site/poi/details/192376,False
192687,3529.0,JOLT,Stanley St Peakhurst NSW,17-25 Stanley St, Peakhurst ,2210,-33.961219,151.065897,0.40,,Public - Pay At Location,Operational,2023-06-06T12:14:00Z,2023-06-06 12:14:00+00:00,2.0,Open Charge Map Contributors,Licensed under Creative Commons Attribution 4.0 International (CC BY 4.0),data/raw/ocm/OCM-192687.json,https://openchargemap.org/site/poi/details/192687,True
192769,3625.0,Ampol AmpCharge,Ampol Belmont,303 Great Eastern Highway,Belmont,6104,-31.937804124448533,115.93314661815691,$0.60 per kWh,,Public - Membership Required,Operational,2023-06-21T07:29:00Z,2023-06-21 07:29:00+00:00,2.0,Open Charge Map Contributors,Licensed under Creative Commons Attribution 4.0 International (CC BY 4.0),data/raw/ocm/OCM-192769.json,https://openchargemap.org/site/poi/details/192769,True
192929,3529.0,JOLT,Mona Vale library carpark [JOLT],1 Park St,Mona Vale,2103,-33.67610252225354,151.3038961163004,"First 7kWh free, then $0.46 per kWh thereafter. $5/hr idle time","In off-street carpark, enter from Park St",Public - Membership Required,Operational,2023-02-11T08:43:00Z,2023-02-11 08:43:00+00:00,1.0,Open Charge Map Contributors,Licensed under Creative Commons Attribution 4.0 International (CC BY 4.0),data/raw/ocm/OCM-192929.json,https://openchargemap.org/site/poi/details/192929,True
192930,3339.0,Chargefox,RAC Monkey Mia Dolphin Resort,1 Monkey Mia Rd,Monkey Mia,,-25.79404118331594,113.7174661005642,$0.45 per kWh,,Public - Membership Required,Operational,2022-05-05T06:56:00Z,2022-05-05 06:56:00+00:00,2.0,Open Charge Map Contributors,Licensed under Creative Commons Attribution 4.0 International (CC BY 4.0),data/raw/ocm/OCM-192930.json,https://openchargemap.org/site/poi/details/192930,False
192943,,,The Esplanade Hotel,The Esplanade Hotel,Fremantle,6162,-32.0575550674627,115.74617563567773,Free,,Public,Operational,2023-07-13T22:25:00Z,2023-07-13 22:25:00+00:00,2.0,Open Charge Map Contributors,Licensed under Creative Commons Attribution 4.0 International (CC BY 4.0),data/raw/ocm/OCM-192943.json,https://openchargemap.org/site/poi/details/192943,False
193048,3398.0,Evie,Marrickville Metro,Smidmore Street,Sydney,2044,-33.90782667980605,151.17114538375472,,,Public - Membership Required,Operational,2023-07-16T13:40:00Z,2023-07-16 13:40:00+00:00,2.0,Open Charge Map Contributors,Licensed under Creative Commons Attribution 4.0 International (CC BY 4.0),data/raw/ocm/OCM-193048.json,https://openchargemap.org/site/poi/details/193048,True
193377,3339.0,Chargefox,Bayside Council,76 Royal Ave,Sandringham,3191,-37.95937215569076,145.01794753966965,0.30c/kWh,,Public - Membership Required,Operational,2023-07-05T13:15:00Z,2023-07-05 13:15:00+00:00,1.0,Open Charge Map Contributors,Licensed under Creative Commons Attribution 4.0 International (CC BY 4.0),data/raw/ocm/OCM-193377.json,https://openchargemap.org/site/poi/details/193377,True
193388,3317.0,queensland electric super highway,Charlton QESH,Travel Centre ,Charlton,4350,-27.520004970190683,151.84936614835385,$0.30 per kWh,,Public,Operational,2023-07-17T13:48:00Z,2023-07-17 13:48:00+00:00,1.0,Open Charge Map Contributors,Licensed under Creative Commons Attribution 4.0 International (CC BY 4.0),data/raw/ocm/OCM-193388.json,https://openchargemap.org/site/poi/details/193388,True
193389,3317.0,queensland electric super highway,QESH Lawes (Gatton),Carpark of UQ Vetinary Hospital,Lawes,4343,-27.551262926011873,152.33494320232535,$0.30 per kWh,,Public - Membership Required,Operational,2023-07-29T09:49:00Z,2023-07-29 09:49:00+00:00,1.0,Open Charge Map Contributors,Licensed under Creative Commons Attribution 4.0 International (CC BY 4.0),data/raw/ocm/OCM-193389.json,https://openchargemap.org/site/poi/details/193389,True
193390,3317.0,queensland electric super highway,Springfield QESH,4 David Henry Way,Springfield Central,4300,-27.68211786380263,152.8997425219154,$0.30 per kWh,,Public - Membership Required,Operational,2023-07-17T13:20:00Z,2023-07-17 13:20:00+00:00,1.0,Open Charge Map Contributors,Licensed under Creative Commons Attribution 4.0 International (CC BY 4.0),data/raw/ocm/OCM-193390.json,https://openchargemap.org/site/poi/details/193390,True
193630,3398.0,Evie,Beaufort Street Center,Chelmsford Road,Perth,6050,-31.935506742564613,115.87076797296731,,,Public - Membership Required,Operational,2024-01-25T13:37:00Z,2024-01-25 13:37:00+00:00,2.0,Open Charge Map Contributors,Licensed under Creative Commons Attribution 4.0 International (CC BY 4.0),data/raw/ocm/OCM-193630.json,https://openchargemap.org/site/poi/details/193630,True
193706,3339.0,Chargefox,Pimpama Sports Hub [Chargefox],139 Rifle Range Rd,Pimpama,4209,-27.82474804589667,153.29197672212968,$0.30/kWh,,Public - Membership Required,Partly Operational (Mixed),2023-07-17T13:17:00Z,2023-07-17 13:17:00+00:00,6.0,Open Charge Map Contributors,Licensed under Creative Commons Attribution 4.0 International (CC BY 4.0),data/raw/ocm/OCM-193706.json,https://openchargemap.org/site/poi/details/193706,True
193787,3575.0,chargebay (au),Mundaring Mall,Hartung Lane,Mundaring,6073,-31.901205462212232,116.16524447173379,,,Public,Operational,2024-09-09T07:08:00Z,2024-09-09 07:08:00+00:00,2.0,Open Charge Map Contributors,Licensed under Creative Commons Attribution 4.0 International (CC BY 4.0),data/raw/ocm/OCM-193787.json,https://openchargemap.org/site/poi/details/193787,False
193903,3339.0,Chargefox,University of Newcastle P6 [Chargefox],Ring Road,Callaghan,2308,-32.89552323686248,151.7041509780654,Free,Chargers are located in the Staff Car Park. Be Courteous :),Public - Membership Required,Operational,2022-07-06T18:32:00Z,2022-07-06 18:32:00+00:00,4.0,Open Charge Map Contributors,Licensed under Creative Commons Attribution 4.0 International (CC BY 4.0),data/raw/ocm/OCM-193903.json,https://openchargemap.org/site/poi/details/193903,False
193904,3339.0,Chargefox,University of Newcastle P4 [Chargefox],Ring Road,Callaghan,2308,-32.891834966143726,151.70194995124893,Free,,Public - Membership Required,Operational,2022-07-06T18:32:00Z,2022-07-06 18:32:00+00:00,4.0,Open Charge Map Contributors,Licensed under Creative Commons Attribution 4.0 International (CC BY 4.0),data/raw/ocm/OCM-193904.json,https://openchargemap.org/site/poi/details/193904,False
193937,3339.0,Chargefox,Sportsground No.2 [Chargefox],Smith Street,Newcastle,2300,-32.93024368595305,151.76074272098833,Free,,Public - Membership Required,Partly Operational (Mixed),2023-07-29T09:40:00Z,2023-07-29 09:40:00+00:00,5.0,Open Charge Map Contributors,Licensed under Creative Commons Attribution 4.0 International (CC BY 4.0),data/raw/ocm/OCM-193937.json,https://openchargemap.org/site/poi/details/193937,True
194076,3339.0,Chargefox,Sodexo,Balcatta Road,Stirling,6021,-31.863212794659802,115.8219952419322,"$0.00 from 10:00 to 14:00, $0.20 all other times.",,Public - Membership Required,Operational,2023-07-13T09:45:00Z,2023-07-13 09:45:00+00:00,1.0,Open Charge Map Contributors,Licensed under Creative Commons Attribution 4.0 International (CC BY 4.0),data/raw/ocm/OCM-194076.json,https://openchargemap.org/site/poi/details/194076,False
194383,3339.0,Chargefox,Mineral Resources Park,42 Bishopsgate Street,Lathlain,6100,-31.973892958483617,115.90811556642495,$0.50 per kWh,,Public - Membership Required,Operational,2023-06-21T07:39:00Z,2023-06-21 07:39:00+00:00,2.0,Open Charge Map Contributors,Licensed under Creative Commons Attribution 4.0 International (CC BY 4.0),data/raw/ocm/OCM-194383.json,https://openchargemap.org/site/poi/details/194383,True
194566,3398.0,Evie,Karrinup Shopping Mall,Francis Street,Stirling,6018,-31.876137033718443,115.7797782854434,$0.40,Head for yellow zone A B1.,Public - Membership Required,Operational,2022-08-06T09:24:00Z,2022-08-06 09:24:00+00:00,2.0,Open Charge Map Contributors,Licensed under Creative Commons Attribution 4.0 International (CC BY 4.0),data/raw/ocm/OCM-194566.json,https://openchargemap.org/site/poi/details/194566,True
194567,1.0,(unknown operator),Karrinyup Shopping Mall,Francis Ave,Stirling,6018,-31.876481125533687,115.77953901268904,,Head for yellow zone A B1.,Public,Operational,2022-08-05T19:24:00Z,2022-08-05 19:24:00+00:00,2.0,Open Charge Map Contributors,Licensed under Creative Commons Attribution 4.0 International (CC BY 4.0),data/raw/ocm/OCM-194567.json,https://openchargemap.org/site/poi/details/194567,False
195290,3339.0,Chargefox,Coles Rochedale,329 Gardner Road,Rochedale,4123,-27.577966461570426,153.11287183851232,Recently changed from free to AU$0.40 / kWh,,Public - Membership Required,Operational,2023-07-13T09:38:00Z,2023-07-13 09:38:00+00:00,2.0,Open Charge Map Contributors,Licensed under Creative Commons Attribution 4.0 International (CC BY 4.0),data/raw/ocm/OCM-195290.json,https://openchargemap.org/site/poi/details/195290,False
201487,1.0,(unknown operator),Penong Caravan Park,4 Stiggants Rd,Penong,5690,-31.924999368627006,133.01048351419365,$0.60 per kWh plus $10 service fee if not overnighting.,8:00 AM - 8:00 PM,Public,Operational,2023-11-30T09:55:00Z,2023-11-30 09:55:00+00:00,1.0,Open Charge Map Contributors,Licensed under Creative Commons Attribution 4.0 International (CC BY 4.0),data/raw/ocm/OCM-201487.json,https://openchargemap.org/site/poi/details/201487,False
201488,1.0,(unknown operator),Ceduna East West Motel,66-76 McKenzie Street,Cedune,5690,-32.1229317030085,133.68472803849068,"$25.00 per fill, $12.50 if staying overnight.",8:00 AM - 9:00 PM,Public,Operational,2022-12-22T21:51:00Z,2022-12-22 21:51:00+00:00,2.0,Open Charge Map Contributors,Licensed under Creative Commons Attribution 4.0 International (CC BY 4.0),data/raw/ocm/OCM-201488.json,https://openchargemap.org/site/poi/details/201488,False
201489,1.0,(unknown operator),Hein Engineering and Auto Repairs,10 Redding Road,Streaky Bay,5680,-32.800432285415354,134.22070659032465,,,Public - Membership Required,Operational,2022-09-02T08:30:00Z,2022-09-02 08:30:00+00:00,1.0,Open Charge Map Contributors,Licensed under Creative Commons Attribution 4.0 International (CC BY 4.0),data/raw/ocm/OCM-201489.json,https://openchargemap.org/site/poi/details/201489,False
201490,1.0,(unknown operator),Poochera Hotel,6-8 Barnes Street,Poochera,5655,-32.71933272913009,134.8371008807062,Variable,,Public,Operational,2022-09-02T08:35:00Z,2022-09-02 08:35:00+00:00,1.0,Open Charge Map Contributors,Licensed under Creative Commons Attribution 4.0 International (CC BY 4.0),data/raw/ocm/OCM-201490.json,https://openchargemap.org/site/poi/details/201490,False
201491,1.0,(unknown operator),Alexander Motel,99 Playford Avenue,Whyalla,5600,-33.034535660079776,137.56252926357524,$25 if not booking a room,,Public - Pay At Location,Operational,2022-12-23T21:40:00Z,2022-12-23 21:40:00+00:00,1.0,Open Charge Map Contributors,Licensed under Creative Commons Attribution 4.0 International (CC BY 4.0),data/raw/ocm/OCM-201491.json,https://openchargemap.org/site/poi/details/201491,False
201719,45.0,(business owner at location),Genr8,52c Gilbert Street,Latrobe ,7307,-41.23530922492269,146.40838662467104,Free,,Privately Owned - Notice Required,Operational,2022-09-04T12:20:00Z,2022-09-04 12:20:00+00:00,1.0,Open Charge Map Contributors,Licensed under Creative Commons Attribution 4.0 International (CC BY 4.0),data/raw/ocm/OCM-201719.json,https://openchargemap.org/site/poi/details/201719,False
202087,3554.0,ev highway (horizon power),Southern Cross (WA EV Network),1 Altair Street,Southern Cross,6426,-31.23361756851189,119.3286940112805,"Fast DC charging $0.60 per kWh, slow AC charging $0.35 per kWh (at all times).",,Public - Membership Required,Operational,2023-10-24T22:24:00Z,2023-10-24 22:24:00+00:00,2.0,Open Charge Map Contributors,Licensed under Creative Commons Attribution 4.0 International (CC BY 4.0),data/raw/ocm/OCM-202087.json,https://openchargemap.org/site/poi/details/202087,True
202088,3554.0,ev highway (horizon power),Geraldton (WA EV Network),284 Marine Terrace,Geraldton,,-28.776305200123794,114.60373018998598,DC Charging $0.60 per kWh at all times.,,Public,Operational,2023-06-11T23:40:00Z,2023-06-11 23:40:00+00:00,2.0,Open Charge Map Contributors,Licensed under Creative Commons Attribution 4.0 International (CC BY 4.0),data/raw/ocm/OCM-202088.json,https://openchargemap.org/site/poi/details/202088,True
202089,3554.0,ev highway (horizon power),Esperance (WA EV Network),Lot 309 James Street,Esperance,6450,-33.859972746355844,121.89351465054966,,,Public - Membership Required,Operational,2023-10-27T08:07:00Z,2023-10-27 08:07:00+00:00,4.0,Open Charge Map Contributors,Licensed under Creative Commons Attribution 4.0 International (CC BY 4.0),data/raw/ocm/OCM-202089.json,https://openchargemap.org/site/poi/details/202089,True
202090,3339.0,Chargefox,Lancelin (WA EV Network),Rock Way,Lancelin,6044,-31.020608259818943,115.33250387085991,,,Public,Operational,2023-08-20T13:26:00Z,2023-08-20 13:26:00+00:00,3.0,Open Charge Map Contributors,Licensed under Creative Commons Attribution 4.0 International (CC BY 4.0),data/raw/ocm/OCM-202090.json,https://openchargemap.org/site/poi/details/202090,True
202092,3339.0,Chargefox,Jurien Bay (WA EV Network),Murray Street,Jurien Bay,6516,-30.303031445596318,115.04164759294963,"$0.60 per kWh for fast DC charging, $0.35 per kWh for slow AC charging.",,Public - Membership Required,Operational,2025-12-25T14:16:00Z,2025-12-25 14:16:00+00:00,3.0,Open Charge Map Contributors,Licensed under Creative Commons Attribution 4.0 International (CC BY 4.0),data/raw/ocm/OCM-202092.json,https://openchargemap.org/site/poi/details/202092,True
202096,3554.0,ev highway (horizon power),Kalbarri (WA EV Network),Grey Street,Kalbarri,6536,-27.709188634154067,114.16688703445095,"$0.60 per Kwh for DC, $0.35 per Kwh for AC",,Public - Membership Required,Operational,2024-06-12T21:39:00Z,2024-06-12 21:39:00+00:00,3.0,Open Charge Map Contributors,Licensed under Creative Commons Attribution 4.0 International (CC BY 4.0),data/raw/ocm/OCM-202096.json,https://openchargemap.org/site/poi/details/202096,True
202097,3554.0,ev highway (horizon power),Northampton (WA EV Network),Stephen Street,Northampton,,-28.351800700760847,114.63081886035513,DC Charging - $0.60 per kWh at all times,,Public,Operational,2023-09-16T04:56:00Z,2023-09-16 04:56:00+00:00,2.0,Open Charge Map Contributors,Licensed under Creative Commons Attribution 4.0 International (CC BY 4.0),data/raw/ocm/OCM-202097.json,https://openchargemap.org/site/poi/details/202097,True
202098,3554.0,ev highway (horizon power),Derby (WA EV Network),55 Clarendon Street,Derby,6728,-17.305233762820208,123.6307580058915,,,Public - Membership Required,Operational,2023-12-15T06:34:00Z,2023-12-15 06:34:00+00:00,2.0,Open Charge Map Contributors,Licensed under Creative Commons Attribution 4.0 International (CC BY 4.0),data/raw/ocm/OCM-202098.json,https://openchargemap.org/site/poi/details/202098,True
202099,3554.0,ev highway (horizon power),Fitzroy Crossing (WA EV Network),Lot 302 Forrest Road,Fitzroy Crossing,,-18.17857664420802,125.5681911723807,,,Public - Membership Required,Operational,2024-09-10T09:48:00Z,2024-09-10 09:48:00+00:00,2.0,Open Charge Map Contributors,Licensed under Creative Commons Attribution 4.0 International (CC BY 4.0),data/raw/ocm/OCM-202099.json,https://openchargemap.org/site/poi/details/202099,True
202101,3554.0,ev highway (horizon power),Halls Creek (WA EV Network),Hall Street,Halls Creek,,-18.224880864839363,127.66769723564244,"$0.60 per kWh high power DC, $0.35 per kWh low power AC.",,Public - Membership Required,Operational,2023-10-19T16:37:00Z,2023-10-19 16:37:00+00:00,2.0,Open Charge Map Contributors,Licensed under Creative Commons Attribution 4.0 International (CC BY 4.0),data/raw/ocm/OCM-202101.json,https://openchargemap.org/site/poi/details/202101,True
202103,3554.0,ev highway (horizon power),Northam (WA EV Network),Grey Street,Northam,6401,-31.652188287787432,116.67192230862833,"$0.60 per kWh for fast DC charger, $0.35 per kWh for slow AC charger.",,Public - Membership Required,Operational,2024-10-23T09:40:00Z,2024-10-23 09:40:00+00:00,2.0,Open Charge Map Contributors,Licensed under Creative Commons Attribution 4.0 International (CC BY 4.0),data/raw/ocm/OCM-202103.json,https://openchargemap.org/site/poi/details/202103,True
202104,3554.0,ev highway (horizon power),Coolgardie (WA EV Network),90 Bayley Street,Coolgardie,6429,-30.9542773451427,121.16115158011917,$0.35-$0.60c/kWh,,Public - Membership Required,Operational,2024-06-14T12:05:00Z,2024-06-14 12:05:00+00:00,3.0,Open Charge Map Contributors,Licensed under Creative Commons Attribution 4.0 International (CC BY 4.0),data/raw/ocm/OCM-202104.json,https://openchargemap.org/site/poi/details/202104,True
202105,3554.0,ev highway (horizon power),Norseman (WA EV Network),Norseman Rest Area,Norseman,6443,-32.19598191392299,121.78059471864492,"$0.60 per kWh fast DC, $0.35 per kWh slow AC.",,Public - Membership Required,Operational,2023-12-06T11:45:00Z,2023-12-06 11:45:00+00:00,2.0,Open Charge Map Contributors,Licensed under Creative Commons Attribution 4.0 International (CC BY 4.0),data/raw/ocm/OCM-202105.json,https://openchargemap.org/site/poi/details/202105,True
202106,3554.0,ev highway (horizon power),Kojonup (WA EV Network),143 Albany Highway,Kojonup,6395,-33.837605443751286,117.15774179333812,"$0.60 per kWh DC, $0.35 per kWh AC",,Public,Operational,2024-03-28T12:20:00Z,2024-03-28 12:20:00+00:00,3.0,Open Charge Map Contributors,Licensed under Creative Commons Attribution 4.0 International (CC BY 4.0),data/raw/ocm/OCM-202106.json,https://openchargemap.org/site/poi/details/202106,True
202113,23.0,Tesla,Mandurah Tesla Supercharger,Pinjarra Road,Mandurah,,-32.55756151687578,115.78712758765778,$0.68 per kWh,,Public - Membership Required,Planned For Future Date,2023-06-21T14:28:00Z,2023-06-21 14:28:00+00:00,3.0,Open Charge Map Contributors,Licensed under Creative Commons Attribution 4.0 International (CC BY 4.0),data/raw/ocm/OCM-202113.json,https://openchargemap.org/site/poi/details/202113,True
202117,23.0,Tesla,Comfort Inn (1),The Esplanade,Esperance,,-33.85897265526918,121.89565269882087,See reception for details,,Public,Operational,2022-09-07T08:15:00Z,2022-09-07 08:15:00+00:00,1.0,Open Charge Map Contributors,Licensed under Creative Commons Attribution 4.0 International (CC BY 4.0),data/raw/ocm/OCM-202117.json,https://openchargemap.org/site/poi/details/202117,False
202118,23.0,Tesla,Comfort Inn (2),The Esplanade,Esperance,,-33.85818474495122,121.89569874021731,See reception for details,,Public,Operational,2022-09-07T08:16:00Z,2022-09-07 08:16:00+00:00,1.0,Open Charge Map Contributors,Licensed under Creative Commons Attribution 4.0 International (CC BY 4.0),data/raw/ocm/OCM-202118.json,https://openchargemap.org/site/poi/details/202118,False
202119,1.0,(unknown operator),James Street,James Street,Esperance,,-33.860051334649285,121.8935609361323,,,Public,Operational,2022-09-07T08:18:00Z,2022-09-07 08:18:00+00:00,1.0,Open Charge Map Contributors,Licensed under Creative Commons Attribution 4.0 International (CC BY 4.0),data/raw/ocm/OCM-202119.json,https://openchargemap.org/site/poi/details/202119,False
202146,3560.0,get electric (au),GET Electric Head Office,327 Plummer Street,Port Melbourne,3207,-37.83334808033666,144.92004965602666,$0.24/kWh,,Public - Membership Required,Operational,2022-09-13T09:19:00Z,2022-09-13 09:19:00+00:00,6.0,Open Charge Map Contributors,Licensed under Creative Commons Attribution 4.0 International (CC BY 4.0),data/raw/ocm/OCM-202146.json,https://openchargemap.org/site/poi/details/202146,False
202147,3560.0,get electric (au),Lorbek Luxury Cars,30 Prohasky Street,Port Melbourne,3207,-37.821362270898675,144.95148061129817,$0.31/kWh,,Public - Membership Required,Operational,2022-09-13T09:18:00Z,2022-09-13 09:18:00+00:00,8.0,Open Charge Map Contributors,Licensed under Creative Commons Attribution 4.0 International (CC BY 4.0),data/raw/ocm/OCM-202147.json,https://openchargemap.org/site/poi/details/202147,False
202148,1.0,(unknown operator),St Huberts Winery,1/3 St Huberts Road,Coldstream,3770,-37.69718697137555,145.40782508992731,$0.31/kWh,,Public - Membership Required,Operational,2022-09-07T12:25:00Z,2022-09-07 12:25:00+00:00,6.0,Open Charge Map Contributors,Licensed under Creative Commons Attribution 4.0 International (CC BY 4.0),data/raw/ocm/OCM-202148.json,https://openchargemap.org/site/poi/details/202148,False
202149,3560.0,get electric (au),Foodworks Baranduda,34 Verbena Street,Baranduda,3691,-36.17927,146.947538,$0.23/kWh,,Public - Membership Required,Operational,2022-09-13T09:21:00Z,2022-09-13 09:21:00+00:00,4.0,Open Charge Map Contributors,Licensed under Creative Commons Attribution 4.0 International (CC BY 4.0),data/raw/ocm/OCM-202149.json,https://openchargemap.org/site/poi/details/202149,False
203222,1.0,(unknown operator),East Fremantle Town Hall,135 Canning Highway,East Fremantle,,-32.04133321797954,115.76269085240256,$0.00,,Public - Membership Required,Operational,2022-09-18T07:13:00Z,2022-09-18 07:13:00+00:00,2.0,Open Charge Map Contributors,Licensed under Creative Commons Attribution 4.0 International (CC BY 4.0),data/raw/ocm/OCM-203222.json,https://openchargemap.org/site/poi/details/203222,False
204317,1.0,(unknown operator),ECQ XL,Easter Creek Quarter XL,Eastern Creek ,2766,-33.78758418286377,150.854268328623,Free,"4x Type 2 AC charge points, BYO cable",Public,Operational,2022-09-27T09:00:00Z,2022-09-27 09:00:00+00:00,4.0,Open Charge Map Contributors,Licensed under Creative Commons Attribution 4.0 International (CC BY 4.0),data/raw/ocm/OCM-204317.json,https://openchargemap.org/site/poi/details/204317,False
204367,23.0,Tesla,Albany Tesla Supercharger,267 Stirling Terrace,Albany,6330,-35.02798743189805,117.88063967238838,69c / KwH,,Public - Membership Required,Operational,2024-03-22T08:57:00Z,2024-03-22 08:57:00+00:00,6.0,Open Charge Map Contributors,Licensed under Creative Commons Attribution 4.0 International (CC BY 4.0),data/raw/ocm/OCM-204367.json,https://openchargemap.org/site/poi/details/204367,True
204438,3626.0,wa ev network (au),Albany (WA EV Network),Residency Road,Albany City,6330,-35.02817640967042,117.88077174091336,DC Charging $0.60 per kWh at all times.,,Public,Operational,2023-06-29T11:34:00Z,2023-06-29 11:34:00+00:00,2.0,Open Charge Map Contributors,Licensed under Creative Commons Attribution 4.0 International (CC BY 4.0),data/raw/ocm/OCM-204438.json,https://openchargemap.org/site/poi/details/204438,True
207833,3398.0,Evie,Vibe Hotel,1 Rogan St,Canberra,2609,-35.309243894976746,149.1877257460651,$0.50/kWh Parking is $10.40 per night for Vibe Hotel guests,,Public - Membership Required,Operational,2023-07-12T22:51:00Z,2023-07-12 22:51:00+00:00,2.0,Open Charge Map Contributors,Licensed under Creative Commons Attribution 4.0 International (CC BY 4.0),data/raw/ocm/OCM-207833.json,https://openchargemap.org/site/poi/details/207833,True
209732,1.0,(unknown operator),Equinox 4 Public Parking Garage,70 Kent Street,Deakin,2600,-35.3207206891817,149.0970239200201,pay parking,,Public,Operational,2022-11-02T10:20:00Z,2022-11-02 10:20:00+00:00,1.0,Open Charge Map Contributors,Licensed under Creative Commons Attribution 4.0 International (CC BY 4.0),data/raw/ocm/OCM-209732.json,https://openchargemap.org/site/poi/details/209732,False
209950,3388.0,NRMA,Batemans Bay Regional Arts Aquatic & Leisure Centre [NRMA],12 Vesper Street,Batemans Bay,2536,-35.70905218176475,150.17306021349532,FREE,,Public - Membership Required,Operational,2022-11-16T10:13:00Z,2022-11-16 10:13:00+00:00,2.0,Open Charge Map Contributors,Licensed under Creative Commons Attribution 4.0 International (CC BY 4.0),data/raw/ocm/OCM-209950.json,https://openchargemap.org/site/poi/details/209950,True
209951,3339.0,Chargefox,Butler McDonalds,2 Altrincham Grove,Butler,6036,-31.638378110627542,115.6942988669141,$0.60 per kWh,,Public,Operational,2024-07-17T15:39:00Z,2024-07-17 15:39:00+00:00,1.0,Open Charge Map Contributors,Licensed under Creative Commons Attribution 4.0 International (CC BY 4.0),data/raw/ocm/OCM-209951.json,https://openchargemap.org/site/poi/details/209951,True
210012,3317.0,queensland electric super highway,Electric Highway - Charters Towers,Gordon Street,Richmond Hill,4820,-20.065747289824046,146.26143583766293,$0.30/kWh,,Public - Membership Required,Operational,2023-07-17T11:23:00Z,2023-07-17 11:23:00+00:00,1.0,Open Charge Map Contributors,Licensed under Creative Commons Attribution 4.0 International (CC BY 4.0),data/raw/ocm/OCM-210012.json,https://openchargemap.org/site/poi/details/210012,True
210013,3317.0,queensland electric super highway,Electric Highway - Hughenden,Brodie Street,Hughenden,,-20.84258159434239,144.1999692028039,$0.30/kWh,,Public - Membership Required,Operational,2023-07-17T11:18:00Z,2023-07-17 11:18:00+00:00,1.0,Open Charge Map Contributors,Licensed under Creative Commons Attribution 4.0 International (CC BY 4.0),data/raw/ocm/OCM-210013.json,https://openchargemap.org/site/poi/details/210013,True
210014,3317.0,queensland electric super highway,Emu Street,Emu Street,Longreach,,-23.441757141064727,144.2476667046176,$0.30/kWh,,Public - Membership Required,Operational,2023-07-17T10:30:00Z,2023-07-17 10:30:00+00:00,1.0,Open Charge Map Contributors,Licensed under Creative Commons Attribution 4.0 International (CC BY 4.0),data/raw/ocm/OCM-210014.json,https://openchargemap.org/site/poi/details/210014,True
210015,3317.0,queensland electric super highway,King Street,King Street,Cloncurry,,-20.704760286341156,140.50816104083208,$0.30/kWh,,Public - Membership Required,Operational,2022-11-21T09:42:00Z,2022-11-21 09:42:00+00:00,1.0,Open Charge Map Contributors,Licensed under Creative Commons Attribution 4.0 International (CC BY 4.0),data/raw/ocm/OCM-210015.json,https://openchargemap.org/site/poi/details/210015,True
210160,3554.0,ev highway (horizon power),Walpole (WA EV Network),South Western Highway,Walpole,6398,-34.975686344871654,116.73200117323995,,,Public - Membership Required,Operational,2023-07-28T02:50:00Z,2023-07-28 02:50:00+00:00,2.0,Open Charge Map Contributors,Licensed under Creative Commons Attribution 4.0 International (CC BY 4.0),data/raw/ocm/OCM-210160.json,https://openchargemap.org/site/poi/details/210160,True
210161,3339.0,Chargefox,Manjimup (WA EV Network),Johnson Crescent,Manjimup,6258,-34.241007903844505,116.14730165820424,DC - $0.60 per kWh (at all times) AC - $0.35 per kWh (at all times),,Public - Membership Required,Operational,2025-12-14T07:03:00Z,2025-12-14 07:03:00+00:00,4.0,Open Charge Map Contributors,Licensed under Creative Commons Attribution 4.0 International (CC BY 4.0),data/raw/ocm/OCM-210161.json,https://openchargemap.org/site/poi/details/210161,True
210162,45.0,(business owner at location),Denmark,953 South Coast Highway,Denmark,6333,-34.95943239021671,117.36526190064683,0,"1 x 15 amp public charger on Western side of building - Powered by the sun, available 24/7. 2 x 15 amp plugs and 1 x dedicated tesla charger (33kW) under carport on East side of building. Dedicated charger only available out of business hours weekdays and weekends. Plugs under carport are for Shire vehicles during business hours, Monday to Friday.",Public,Operational,2022-12-01T09:23:00Z,2022-12-01 09:23:00+00:00,1.0,Open Charge Map Contributors,Licensed under Creative Commons Attribution 4.0 International (CC BY 4.0),data/raw/ocm/OCM-210162.json,https://openchargemap.org/site/poi/details/210162,False
210163,45.0,(business owner at location),Shire of Denmark,953 South Coast Highway,Denmark,6333,-34.959490421958655,117.3662113269055,,,Public - Membership Required,Operational,2022-12-10T00:38:00Z,2022-12-10 00:38:00+00:00,2.0,Open Charge Map Contributors,Licensed under Creative Commons Attribution 4.0 International (CC BY 4.0),data/raw/ocm/OCM-210163.json,https://openchargemap.org/site/poi/details/210163,False
210173,3317.0,queensland electric super highway,Electric Highway - Winton,Vindex Street,Winton,4735,-22.38702912605558,143.03147244666752,$0.30/kWh,,Public - Membership Required,Operational,2023-07-17T11:17:00Z,2023-07-17 11:17:00+00:00,1.0,Open Charge Map Contributors,Licensed under Creative Commons Attribution 4.0 International (CC BY 4.0),data/raw/ocm/OCM-210173.json,https://openchargemap.org/site/poi/details/210173,True
210299,1.0,(unknown operator),"McGrath Ev, Kia",174 Melrose Drive,Phillip,2606,-35.34916691861491,149.0851370518916,$0.69/kWh,,Public,Operational,2022-12-12T20:46:00Z,2022-12-12 20:46:00+00:00,2.0,Open Charge Map Contributors,Licensed under Creative Commons Attribution 4.0 International (CC BY 4.0),data/raw/ocm/OCM-210299.json,https://openchargemap.org/site/poi/details/210299,True
210361,3339.0,Chargefox,Bembit Bagrook Community Centre,61 Polly Parade,Tarneit,3029,-37.82495081827982,144.6818834275545,Free,,Public,Operational,2022-12-22T22:58:00Z,2022-12-22 22:58:00+00:00,1.0,Open Charge Map Contributors,Licensed under Creative Commons Attribution 4.0 International (CC BY 4.0),data/raw/ocm/OCM-210361.json,https://openchargemap.org/site/poi/details/210361,True
210755,3398.0,Evie,Paralowie Village Shopping Centre,9 Liberator Drive,Paralowie,5108,-34.759095035307816,138.59552632382326,65c per kWh energy consumed.,,Public - Membership Required,Operational,2023-07-12T22:48:00Z,2023-07-12 22:48:00+00:00,2.0,Open Charge Map Contributors,Licensed under Creative Commons Attribution 4.0 International (CC BY 4.0),data/raw/ocm/OCM-210755.json,https://openchargemap.org/site/poi/details/210755,True
210757,3398.0,Evie,"EVIE, Madden Street North",Madden Street North,Kaniva,3419,-36.37766579345555,141.23821384253006,"0.45/kWh + While parked, not charging: 4.00/hr after 60 mins",,Public - Membership Required,Operational,2023-07-10T02:38:00Z,2023-07-10 02:38:00+00:00,1.0,Open Charge Map Contributors,Licensed under Creative Commons Attribution 4.0 International (CC BY 4.0),data/raw/ocm/OCM-210757.json,https://openchargemap.org/site/poi/details/210757,True
210760,3398.0,Evie,Payneham Road,487 Lower North East Rd,Felixstow,5070,-34.88922847586827,138.65557887274917,50c per kWh energy consumed.,,Public - Membership Required,Operational,2023-07-12T22:43:00Z,2023-07-12 22:43:00+00:00,2.0,Open Charge Map Contributors,Licensed under Creative Commons Attribution 4.0 International (CC BY 4.0),data/raw/ocm/OCM-210760.json,https://openchargemap.org/site/poi/details/210760,True
210762,3529.0,JOLT,Foodland Felixstow,471 Payneham Rd, Felixstow,5070,-34.890016663252645,138.65439370244155,,,Public - Membership Required,Operational,2022-12-25T06:59:00Z,2022-12-25 06:59:00+00:00,1.0,Open Charge Map Contributors,Licensed under Creative Commons Attribution 4.0 International (CC BY 4.0),data/raw/ocm/OCM-210762.json,https://openchargemap.org/site/poi/details/210762,True
210763,3398.0,Evie,Webbe St Carpark,56B Edward St,Norwood,5067,-34.92007383358501,138.63562438235135,50c per kWh energy consumed,,Public - Membership Required,Operational,2023-07-12T23:02:00Z,2023-07-12 23:02:00+00:00,2.0,Open Charge Map Contributors,Licensed under Creative Commons Attribution 4.0 International (CC BY 4.0),data/raw/ocm/OCM-210763.json,https://openchargemap.org/site/poi/details/210763,True
210764,3529.0,JOLT,Osmond Terrace (Magill Rd Reserve) Parking,7 Osmond Terrace,Norwood,5067,-34.91597917955596,138.63150307251476,Payment Required Free 7kW every 24 hrs - pay $0.42 per kWh after 7kW. Need the JOLT app,Not suited to front charging cars,Public - Membership Required,Operational,2022-12-17T23:28:00Z,2022-12-17 23:28:00+00:00,1.0,Open Charge Map Contributors,Licensed under Creative Commons Attribution 4.0 International (CC BY 4.0),data/raw/ocm/OCM-210764.json,https://openchargemap.org/site/poi/details/210764,True
210765,3529.0,JOLT,Dunstone Grove,62 Nelson St,Stepney,5069,-34.91105195616476,138.62884136182117,Payment Required Free 7kW every 24 hrs - pay $0.42 per kWh after 7kW. Need the JOLT app,,Public - Membership Required,Operational,2022-12-17T23:31:00Z,2022-12-17 23:31:00+00:00,1.0,Open Charge Map Contributors,Licensed under Creative Commons Attribution 4.0 International (CC BY 4.0),data/raw/ocm/OCM-210765.json,https://openchargemap.org/site/poi/details/210765,True
210766,3529.0,JOLT,JOLT Portrush Road Reserve,326a Payneham Rd,Marden,5070,-34.8971769233329,138.63857263884665,Payment Required Free 7kW every 24 hrs - pay $0.44 per kWh after 7kW. Need the JOLT app,,Public - Membership Required,Operational,2022-12-17T23:36:00Z,2022-12-17 23:36:00+00:00,1.0,Open Charge Map Contributors,Licensed under Creative Commons Attribution 4.0 International (CC BY 4.0),data/raw/ocm/OCM-210766.json,https://openchargemap.org/site/poi/details/210766,True
210767,3529.0,JOLT,Payneham Community Centre,366 Payneham Road,,5070,-34.895659138641385,138.641422,Payment Required Free 7kW every 24 hrs - pay $0.44 per kWh after 7kW. Need the JOLT app,,Public - Membership Required,Operational,2022-12-17T23:43:00Z,2022-12-17 23:43:00+00:00,1.0,Open Charge Map Contributors,Licensed under Creative Commons Attribution 4.0 International (CC BY 4.0),data/raw/ocm/OCM-210767.json,https://openchargemap.org/site/poi/details/210767,True
210768,1.0,(unknown operator),Foodland Pasadena Shopping Centre,20 Fiveash Dr,Pasadena,5042,-34.99987618391288,138.59160301217617,,,Public - Membership Required,Planned For Future Date,2022-12-21T06:10:00Z,2022-12-21 06:10:00+00:00,14.0,Open Charge Map Contributors,Licensed under Creative Commons Attribution 4.0 International (CC BY 4.0),data/raw/ocm/OCM-210768.json,https://openchargemap.org/site/poi/details/210768,True
210769,3339.0,Chargefox,Rocland Nuriootpa,7 Belvidere Road,Nuriootpa,5355,-34.460098,138.987775,,,Public - Membership Required,Operational,2023-07-16T06:25:00Z,2023-07-16 06:25:00+00:00,10.0,Open Charge Map Contributors,Licensed under Creative Commons Attribution 4.0 International (CC BY 4.0),data/raw/ocm/OCM-210769.json,https://openchargemap.org/site/poi/details/210769,True
210770,3398.0,Evie,Shell Coles Express Warrenheip,9395 Western Highway,Warrenheip ,3352,-37.564139,143.934273,$0.60 per kWh. Parking overstay charges may apply,,Public - Membership Required,Operational,2023-07-12T13:43:00Z,2023-07-12 13:43:00+00:00,2.0,Open Charge Map Contributors,Licensed under Creative Commons Attribution 4.0 International (CC BY 4.0),data/raw/ocm/OCM-210770.json,https://openchargemap.org/site/poi/details/210770,True
210771,3398.0,Evie,Anzac Ave Parking,12 Anzac Ave,Edenhope ,3318,-37.036818,141.296757,Payment Required $0.40/kWh,Pull through parking Trailer friendly Illuminated,Public - Membership Required,Operational,2023-07-06T20:53:00Z,2023-07-06 20:53:00+00:00,1.0,Open Charge Map Contributors,Licensed under Creative Commons Attribution 4.0 International (CC BY 4.0),data/raw/ocm/OCM-210771.json,https://openchargemap.org/site/poi/details/210771,True
210772,3339.0,Chargefox,RACV Torquay Resort,1 Great Ocean Road,Jan Juc,3223,-38.34015291155737,144.31105080946827,"Payment Required, Discount for NRMA/RACV members",,Public - Membership Required,Operational,2023-07-05T13:16:00Z,2023-07-05 13:16:00+00:00,7.0,Open Charge Map Contributors,Licensed under Creative Commons Attribution 4.0 International (CC BY 4.0),data/raw/ocm/OCM-210772.json,https://openchargemap.org/site/poi/details/210772,True
210773,3339.0,Chargefox,Daylesford Town Hall,76 Vincent St,Daylesford,3460,-37.342963,144.142175,Payment Required $0.35 per kWh (at all times),,Public - Membership Required,Operational,2023-07-05T13:15:00Z,2023-07-05 13:15:00+00:00,1.0,Open Charge Map Contributors,Licensed under Creative Commons Attribution 4.0 International (CC BY 4.0),data/raw/ocm/OCM-210773.json,https://openchargemap.org/site/poi/details/210773,True
210774,3398.0,Evie,Kyneton,1 Hutton Street,Kyneton ,3444,-37.246931,144.452169,Payment Required $0.40 per kWh parking overstay charges may apply.,,Public - Membership Required,Operational,2023-07-06T20:52:00Z,2023-07-06 20:52:00+00:00,1.0,Open Charge Map Contributors,Licensed under Creative Commons Attribution 4.0 International (CC BY 4.0),data/raw/ocm/OCM-210774.json,https://openchargemap.org/site/poi/details/210774,True
210775,3398.0,Evie,CTR Maryborough,Station St,Maryborough ,3465,-37.050846849191586,143.7414888704459,Payment Required $0.40 per kWh parking overstay charges may apply.,,Public - Membership Required,Operational,2023-07-06T20:53:00Z,2023-07-06 20:53:00+00:00,2.0,Open Charge Map Contributors,Licensed under Creative Commons Attribution 4.0 International (CC BY 4.0),data/raw/ocm/OCM-210775.json,https://openchargemap.org/site/poi/details/210775,True
210776,3398.0,Evie,Newbridge Public Hall,Cnr Burke St & Wimmera Hwy,Newbridge,3551,-36.74044691742351,143.90011318487984,Payment Required $0.40 per kWh parking overstay charges may apply.,,Public - Membership Required,Operational,2023-07-06T20:53:00Z,2023-07-06 20:53:00+00:00,1.0,Open Charge Map Contributors,Licensed under Creative Commons Attribution 4.0 International (CC BY 4.0),data/raw/ocm/OCM-210776.json,https://openchargemap.org/site/poi/details/210776,True
210777,3339.0,Chargefox,Leisurelink Aquatic & Recreation Centre,240 Pioneer Rd,Waurn Ponds,3216,-38.19749674302702,144.3210373885172,$0.45 per kWh,,Public - Membership Required,Operational,2023-07-28T08:21:00Z,2023-07-28 08:21:00+00:00,2.0,Open Charge Map Contributors,Licensed under Creative Commons Attribution 4.0 International (CC BY 4.0),data/raw/ocm/OCM-210777.json,https://openchargemap.org/site/poi/details/210777,True
210778,3339.0,Chargefox,Kingston Village Square,Grubb Rd,Ocean Grove,3226,-38.24661134219002,144.54005635897056,Payment Required $0.25 per kWh (at all times),Pull in parking,Public - Membership Required,Operational,2023-07-05T13:16:00Z,2023-07-05 13:16:00+00:00,3.0,Open Charge Map Contributors,Licensed under Creative Commons Attribution 4.0 International (CC BY 4.0),data/raw/ocm/OCM-210778.json,https://openchargemap.org/site/poi/details/210778,True
210779,3398.0,Evie,Sorrento ,860 Melbourne Rd,,3943,-38.33874299773124,144.73713563519414,"0.40/kWh + While parked, not charging: 4.00/hr after 60 mins",,Public - Membership Required,Operational,2023-07-06T20:53:00Z,2023-07-06 20:53:00+00:00,2.0,Open Charge Map Contributors,Licensed under Creative Commons Attribution 4.0 International (CC BY 4.0),data/raw/ocm/OCM-210779.json,https://openchargemap.org/site/poi/details/210779,True
210780,1.0,(unknown operator),Rosebud RSL,2 Dunsmuir Drive,,3940,-38.368575,144.905885,,,Public,Planned For Future Date,2022-12-18T01:54:00Z,2022-12-18 01:54:00+00:00,2.0,Open Charge Map Contributors,Licensed under Creative Commons Attribution 4.0 International (CC BY 4.0),data/raw/ocm/OCM-210780.json,https://openchargemap.org/site/poi/details/210780,True
210781,3398.0,Evie,Hastings,34 King Street,Hastings,3915,-38.30823,145.191932,Payment Required $0.45 per kWh,,Public,Operational,2023-07-10T02:38:00Z,2023-07-10 02:38:00+00:00,1.0,Open Charge Map Contributors,Licensed under Creative Commons Attribution 4.0 International (CC BY 4.0),data/raw/ocm/OCM-210781.json,https://openchargemap.org/site/poi/details/210781,True
210782,3298.0,eo charging,Transmutation Pty Ltd,14 Flint Street,Robe,5276,-37.172487,139.75975,$0.32/kWh,,Public - Membership Required,Operational,2022-12-18T02:02:00Z,2022-12-18 02:02:00+00:00,1.0,Open Charge Map Contributors,Licensed under Creative Commons Attribution 4.0 International (CC BY 4.0),data/raw/ocm/OCM-210782.json,https://openchargemap.org/site/poi/details/210782,False
210783,1.0,(unknown operator),Ardrossan Town Hall,9 First Street,Ardrossan,5571,-34.422616,137.916796,,,Public,Operational,2022-12-18T02:27:00Z,2022-12-18 02:27:00+00:00,1.0,Open Charge Map Contributors,Licensed under Creative Commons Attribution 4.0 International (CC BY 4.0),data/raw/ocm/OCM-210783.json,https://openchargemap.org/site/poi/details/210783,False
210784,1.0,(unknown operator),Port Vincent Foreshore Caravan Park,12 Marine Parade,Port Vincent,5581,-34.778476,137.863902,,,"Private - For Staff, Visitors or Customers",Operational,2022-12-18T02:21:00Z,2022-12-18 02:21:00+00:00,1.0,Open Charge Map Contributors,Licensed under Creative Commons Attribution 4.0 International (CC BY 4.0),data/raw/ocm/OCM-210784.json,https://openchargemap.org/site/poi/details/210784,False
210785,1.0,(unknown operator),Harry Butler Red Devil Memorial,10 North Terrace,Minlaton,5575,-34.767943,137.597571,,,Public,Operational,2022-12-18T02:13:00Z,2022-12-18 02:13:00+00:00,2.0,Open Charge Map Contributors,Licensed under Creative Commons Attribution 4.0 International (CC BY 4.0),data/raw/ocm/OCM-210785.json,https://openchargemap.org/site/poi/details/210785,False
210786,1.0,(unknown operator),Marion Bay Caravan Park,22 Willyama Drive,Marion Bay,5575,-35.245411,136.977691,Payment Required,,"Private - For Staff, Visitors or Customers",Operational,2022-12-18T02:16:00Z,2022-12-18 02:16:00+00:00,1.0,Open Charge Map Contributors,Licensed under Creative Commons Attribution 4.0 International (CC BY 4.0),data/raw/ocm/OCM-210786.json,https://openchargemap.org/site/poi/details/210786,False
210787,1.0,(unknown operator),Young Street,Marryatt Street,Port Augusta,5700,-32.48888056535851,137.7628323665682,,,"Private - For Staff, Visitors or Customers",Operational,2022-12-18T02:20:00Z,2022-12-18 02:20:00+00:00,1.0,Open Charge Map Contributors,Licensed under Creative Commons Attribution 4.0 International (CC BY 4.0),data/raw/ocm/OCM-210787.json,https://openchargemap.org/site/poi/details/210787,False
210788,1.0,(unknown operator),Yorketown Playground,37 Stansbury Road,Yorketown,5576,-35.017566,137.609652,,,Public,Operational,2022-12-18T02:27:00Z,2022-12-18 02:27:00+00:00,1.0,Open Charge Map Contributors,Licensed under Creative Commons Attribution 4.0 International (CC BY 4.0),data/raw/ocm/OCM-210788.json,https://openchargemap.org/site/poi/details/210788,False
210789,1.0,(unknown operator),Kangaroo Island Airport ,Arranmore Road,Cygnet River,5223,-35.70877011906067,137.52325916672999,"Payment Required $2.80/hr, Min $4.20, Max $16.85",,Public - Membership Required,Operational,2022-12-18T02:32:00Z,2022-12-18 02:32:00+00:00,6.0,Open Charge Map Contributors,Licensed under Creative Commons Attribution 4.0 International (CC BY 4.0),data/raw/ocm/OCM-210789.json,https://openchargemap.org/site/poi/details/210789,False
210790,1.0,(unknown operator),American River Campground,LOT 357 Tangara Drive,American River,5221,-35.78733355242528,137.77135310423705,,,Public - Membership Required,Temporarily Unavailable,2022-12-18T02:35:00Z,2022-12-18 02:35:00+00:00,1.0,Open Charge Map Contributors,Licensed under Creative Commons Attribution 4.0 International (CC BY 4.0),data/raw/ocm/OCM-210790.json,https://openchargemap.org/site/poi/details/210790,False
210791,1.0,(unknown operator),Yankalilla Council Chambers,1 Charles St,Yankalilla,5203,-35.457039,138.35117,,,Public,Operational,2022-12-18T02:42:00Z,2022-12-18 02:42:00+00:00,3.0,Open Charge Map Contributors,Licensed under Creative Commons Attribution 4.0 International (CC BY 4.0),data/raw/ocm/OCM-210791.json,https://openchargemap.org/site/poi/details/210791,False
210792,1.0,(unknown operator),Standpipe Motel,Day Street,Port Augusta,5700,-32.48044078394962,137.74961482243953,Payment Required Charge to cover the cost of the electricity,,"Private - For Staff, Visitors or Customers",Operational,2022-12-18T02:55:00Z,2022-12-18 02:55:00+00:00,4.0,Open Charge Map Contributors,Licensed under Creative Commons Attribution 4.0 International (CC BY 4.0),data/raw/ocm/OCM-210792.json,https://openchargemap.org/site/poi/details/210792,False
210825,3317.0,queensland electric super highway,Cypress Street,Cypress Street,Charleville,,-26.41429531288886,146.24102042781533,$0.30/kWh,,Public - Membership Required,Operational,2023-07-17T11:14:00Z,2023-07-17 11:14:00+00:00,1.0,Open Charge Map Contributors,Licensed under Creative Commons Attribution 4.0 International (CC BY 4.0),data/raw/ocm/OCM-210825.json,https://openchargemap.org/site/poi/details/210825,True
210826,3317.0,queensland electric super highway,Electric Highway - Blackall,146A Shamrock Street,Blackall,,-24.423890075921904,145.46191669895347,$0.30/kWh,,Public - Membership Required,Operational,2023-07-17T11:16:00Z,2023-07-17 11:16:00+00:00,1.0,Open Charge Map Contributors,Licensed under Creative Commons Attribution 4.0 International (CC BY 4.0),data/raw/ocm/OCM-210826.json,https://openchargemap.org/site/poi/details/210826,True
210827,3317.0,queensland electric super highway,Electric Highway - Barcaldine,Elm Street,Barcaldine,,-23.55413031338604,145.287299548286,$0.30/kWh,,Public - Membership Required,Operational,2023-07-17T11:15:00Z,2023-07-17 11:15:00+00:00,1.0,Open Charge Map Contributors,Licensed under Creative Commons Attribution 4.0 International (CC BY 4.0),data/raw/ocm/OCM-210827.json,https://openchargemap.org/site/poi/details/210827,True
210836,3659.0,BP Pulse (AU),BP Caboolture North,158 Coach Rd West,Morayfield,4506,-27.123951870528913,152.97639020698597,55c/kWh,,Public - Membership Required,Operational,2023-08-09T12:47:00Z,2023-08-09 12:47:00+00:00,2.0,Open Charge Map Contributors,Licensed under Creative Commons Attribution 4.0 International (CC BY 4.0),data/raw/ocm/OCM-210836.json,https://openchargemap.org/site/poi/details/210836,True
210837,3659.0,BP Pulse (AU),BP Caboolture Southbound,176 Coach Rd East,Burpengary East,4506,-27.124085965644262,152.9780074043885,$0.55/kWh,,Public - Membership Required,Operational,2023-08-09T11:58:00Z,2023-08-09 11:58:00+00:00,2.0,Open Charge Map Contributors,Licensed under Creative Commons Attribution 4.0 International (CC BY 4.0),data/raw/ocm/OCM-210837.json,https://openchargemap.org/site/poi/details/210837,True
210838,1.0,(unknown operator),Gympie Road,1754 Gympie Rd,,4035,-27.34180168016121,153.0107294767173,$0.60/kWh,,Public - Membership Required,Operational,2022-12-21T07:40:00Z,2022-12-21 07:40:00+00:00,2.0,Open Charge Map Contributors,Licensed under Creative Commons Attribution 4.0 International (CC BY 4.0),data/raw/ocm/OCM-210838.json,https://openchargemap.org/site/poi/details/210838,True
210846,3317.0,queensland electric super highway,Dawson St Parking Lot,83 Dawson Street,Miles,,-26.6500726120083,150.1870827550789,$0.30/kWh,,Public - Membership Required,Operational,2023-07-17T13:49:00Z,2023-07-17 13:49:00+00:00,1.0,Open Charge Map Contributors,Licensed under Creative Commons Attribution 4.0 International (CC BY 4.0),data/raw/ocm/OCM-210846.json,https://openchargemap.org/site/poi/details/210846,True
210849,3339.0,Chargefox,Port Adelaide Plaza Shopping,200 Commercial Rd,,5015,-34.847827239879145,138.5066594793331,Payment Required $0.10 per kWh (12am - 6am) $1.00 per kWh (2pm - 8pm) $0.50 per kWh (at all other times),Charger 120 kW Behind KFC in shopping centre car park,Public - Membership Required,Operational,2023-07-13T06:24:00Z,2023-07-13 06:24:00+00:00,1.0,Open Charge Map Contributors,Licensed under Creative Commons Attribution 4.0 International (CC BY 4.0),data/raw/ocm/OCM-210849.json,https://openchargemap.org/site/poi/details/210849,True
210850,5.0,ChargePoint,Coles Supermarket Victor Harbor,"5 Adelaide Rd, McCracken SA 5211, Australia",,5211,-35.53437452488197,138.6368902187569,Free,,Public,Operational,2022-12-21T06:20:00Z,2022-12-21 06:20:00+00:00,2.0,Open Charge Map Contributors,Licensed under Creative Commons Attribution 4.0 International (CC BY 4.0),data/raw/ocm/OCM-210850.json,https://openchargemap.org/site/poi/details/210850,False
210851,3339.0,Chargefox,Cobblebank Stadium,Cnr Astley Dr and Bridge Rd,Cobblebank,3338,-37.71519007650546,144.5996762637954,Free,,Public,Operational,2023-08-16T10:58:00Z,2023-08-16 10:58:00+00:00,3.0,Open Charge Map Contributors,Licensed under Creative Commons Attribution 4.0 International (CC BY 4.0),data/raw/ocm/OCM-210851.json,https://openchargemap.org/site/poi/details/210851,True
210852,3398.0,Evie,High St Parking,124 High Street,Woodend,3442,-37.35582370879025,144.52881756976018,$0.40 per kWh. Parking overstay charges may apply,,Public - Membership Required,Operational,2023-07-06T20:52:00Z,2023-07-06 20:52:00+00:00,2.0,Open Charge Map Contributors,Licensed under Creative Commons Attribution 4.0 International (CC BY 4.0),data/raw/ocm/OCM-210852.json,https://openchargemap.org/site/poi/details/210852,True
210853,3398.0,Evie,Castlemaine Market Building Car Park,33 Forest St,Castlemaine,3450,-37.06657644547986,144.2177712521298,$0.40 per kWh parking overstay charges may apply.,,Public - Membership Required,Operational,2023-07-06T20:52:00Z,2023-07-06 20:52:00+00:00,2.0,Open Charge Map Contributors,Licensed under Creative Commons Attribution 4.0 International (CC BY 4.0),data/raw/ocm/OCM-210853.json,https://openchargemap.org/site/poi/details/210853,True
210854,3398.0,Evie,Bendigo Art Gallery,62 View Street,Bendigo,3550,-36.75767057398126,144.27715722222968,$0.40 per kWh. Parking overstay charges may apply,Access via the car park behind the gallery,Public - Membership Required,Operational,2025-10-12T01:19:00Z,2025-10-12 01:19:00+00:00,2.0,Open Charge Map Contributors,Licensed under Creative Commons Attribution 4.0 International (CC BY 4.0),data/raw/ocm/OCM-210854.json,https://openchargemap.org/site/poi/details/210854,True
210855,3398.0,Evie,Oke Street,11 Oke Street,Ouyen,3490,-35.071065,142.315244,$0.40 per kWh. Parking overstay charges may apply,,Public,Operational,2023-07-12T14:15:00Z,2023-07-12 14:15:00+00:00,2.0,Open Charge Map Contributors,Licensed under Creative Commons Attribution 4.0 International (CC BY 4.0),data/raw/ocm/OCM-210855.json,https://openchargemap.org/site/poi/details/210855,True
210856,3398.0,Evie,CTR Robinvale CV003,42 George Street,Robinvale,3549,-34.584523,142.774782,$0.40 per kWh. Parking overstay charges may apply,,Public,Operational,2023-07-10T02:38:00Z,2023-07-10 02:38:00+00:00,2.0,Open Charge Map Contributors,Licensed under Creative Commons Attribution 4.0 International (CC BY 4.0),data/raw/ocm/OCM-210856.json,https://openchargemap.org/site/poi/details/210856,True
210857,3398.0,Evie,CTR Swan Hill CV002,135 Curlewis Street,Swan Hill,3585,-35.337903,143.560657,Payment Required $0.40 per kWh parking overstay charges may apply.,,Public - Membership Required,Operational,2023-07-10T02:38:00Z,2023-07-10 02:38:00+00:00,2.0,Open Charge Map Contributors,Licensed under Creative Commons Attribution 4.0 International (CC BY 4.0),data/raw/ocm/OCM-210857.json,https://openchargemap.org/site/poi/details/210857,True
210874,3529.0,JOLT,Enfield Community Centre,Regency Road,Enfield,5085,-34.873034,138.609126,0.44 per kWh,,Public - Membership Required,Operational,2023-01-25T05:47:00Z,2023-01-25 05:47:00+00:00,1.0,Open Charge Map Contributors,Licensed under Creative Commons Attribution 4.0 International (CC BY 4.0),data/raw/ocm/OCM-210874.json,https://openchargemap.org/site/poi/details/210874,True
210887,3398.0,Evie,CTR Sea Lake,111 Best Street,Sea Lake,3533,-35.50402,142.851666,Payment Required $0.40 per kWh parking overstay charges may apply.,,Public - Membership Required,Operational,2023-07-10T02:38:00Z,2023-07-10 02:38:00+00:00,2.0,Open Charge Map Contributors,Licensed under Creative Commons Attribution 4.0 International (CC BY 4.0),data/raw/ocm/OCM-210887.json,https://openchargemap.org/site/poi/details/210887,True
210888,3398.0,Evie,Wycheproof,Fairview Street,Wycheproof,3527,-36.07890184338928,143.226557251102,$0.40 per kWh. Parking overstay charges may apply,,Public - Membership Required,Operational,2023-07-06T20:52:00Z,2023-07-06 20:52:00+00:00,2.0,Open Charge Map Contributors,Licensed under Creative Commons Attribution 4.0 International (CC BY 4.0),data/raw/ocm/OCM-210888.json,https://openchargemap.org/site/poi/details/210888,True
210889,3398.0,Evie,CTR Wedderburn CV008,67 High St,Wedderburn,3518,-36.41800912094073,143.61392370392582,"0.40/kWh + While parked, not charging: 4.00/hr after 60 mins",,Public - Membership Required,Operational,2023-07-06T20:52:00Z,2023-07-06 20:52:00+00:00,2.0,Open Charge Map Contributors,Licensed under Creative Commons Attribution 4.0 International (CC BY 4.0),data/raw/ocm/OCM-210889.json,https://openchargemap.org/site/poi/details/210889,True
210890,3398.0,Evie,Inglewood Town Hall,Storm Lane,Inglewood,3517,-36.57583541143875,143.867659190687,$0.40 per kWh. Parking overstay charges may apply,,Public - Membership Required,Operational,2023-07-06T20:53:00Z,2023-07-06 20:53:00+00:00,1.0,Open Charge Map Contributors,Licensed under Creative Commons Attribution 4.0 International (CC BY 4.0),data/raw/ocm/OCM-210890.json,https://openchargemap.org/site/poi/details/210890,True
210891,3398.0,Evie,High Street,7 High Street,Harcourt,3453,-36.9986012995013,144.26096330721458,$0.40 per kWh. Parking overstay charges may apply,,Public - Membership Required,Operational,2023-07-06T20:52:00Z,2023-07-06 20:52:00+00:00,1.0,Open Charge Map Contributors,Licensed under Creative Commons Attribution 4.0 International (CC BY 4.0),data/raw/ocm/OCM-210891.json,https://openchargemap.org/site/poi/details/210891,True
210892,3339.0,Chargefox,Tatura,104 Hogan St,Tatura,3616,-36.440274,145.226059,$0.40 per kWh (at all times),,Public - Membership Required,Operational,2023-07-13T06:19:00Z,2023-07-13 06:19:00+00:00,2.0,Open Charge Map Contributors,Licensed under Creative Commons Attribution 4.0 International (CC BY 4.0),data/raw/ocm/OCM-210892.json,https://openchargemap.org/site/poi/details/210892,True
210893,3339.0,Chargefox,The Sebel Silverwoods Yarrawong,40 Silverwoods Blvd,Yarrawonga,3730,-36.002205,146.038649,$0.30 per kWh (at all times),,Public,Operational,2023-07-05T13:15:00Z,2023-07-05 13:15:00+00:00,1.0,Open Charge Map Contributors,Licensed under Creative Commons Attribution 4.0 International (CC BY 4.0),data/raw/ocm/OCM-210893.json,https://openchargemap.org/site/poi/details/210893,True
210894,3339.0,Chargefox,Albury Waste Management Centre,565 Mudge St,Hamilton Valley,2641,-36.02883254187933,146.89667434814538,$0.15 per kWh (at all times) on the Chargefox network,Opening hours 7AM - 5PM weekdays 9AM - 4PM weekends,Public - Membership Required,Operational,2023-07-05T13:15:00Z,2023-07-05 13:15:00+00:00,1.0,Open Charge Map Contributors,Licensed under Creative Commons Attribution 4.0 International (CC BY 4.0),data/raw/ocm/OCM-210894.json,https://openchargemap.org/site/poi/details/210894,True
210896,3398.0,Evie,Keilor Central,80 Taylors Road,Keilor Downs,3038,-37.726166090249,144.80818393376683,$0.50 per kWh,"Enter site via Taylors Rd, past the roundabout, follow around to the back centre, chargers are located behind the Coles loading dock.",Public - Membership Required,Operational,2023-07-12T13:55:00Z,2023-07-12 13:55:00+00:00,2.0,Open Charge Map Contributors,Licensed under Creative Commons Attribution 4.0 International (CC BY 4.0),data/raw/ocm/OCM-210896.json,https://openchargemap.org/site/poi/details/210896,True
210897,3625.0,Ampol AmpCharge,Ampol Foodary Altona North,1 Horsburgh Drive,Altona North,3025,-37.846404,144.808531,$0.60/kWh for pay-as-you-go charging.,,Public - Membership Required,Operational,2023-04-10T14:05:00Z,2023-04-10 14:05:00+00:00,4.0,Open Charge Map Contributors,Licensed under Creative Commons Attribution 4.0 International (CC BY 4.0),data/raw/ocm/OCM-210897.json,https://openchargemap.org/site/poi/details/210897,True
210898,3339.0,Chargefox,Hobsons Bay Civic Centre,115 Civic Parade,Altona,3018,-37.864138,144.829593,Free,"Cannot be seen from the main road. Drive to the car park at the back of the council building, next to Altona Bowling Club.",Public,Operational,2023-07-05T13:15:00Z,2023-07-05 13:15:00+00:00,1.0,Open Charge Map Contributors,Licensed under Creative Commons Attribution 4.0 International (CC BY 4.0),data/raw/ocm/OCM-210898.json,https://openchargemap.org/site/poi/details/210898,True
210899,3339.0,Chargefox,Middy’s Port Melbourne,2 Thackray Road,Port Melbourne,3207,-37.82819,144.925654,$0.40 per kWh (at all times),Only available during store trading hours. Trading Hours Monday to Friday 6.00am - 5.00pm Saturdays 7.00am - 12.00pm Sundays Closed.,Private - Restricted Access,Operational,2023-07-05T13:16:00Z,2023-07-05 13:16:00+00:00,1.0,Open Charge Map Contributors,Licensed under Creative Commons Attribution 4.0 International (CC BY 4.0),data/raw/ocm/OCM-210899.json,https://openchargemap.org/site/poi/details/210899,True
210900,3398.0,Evie,The Parade Ascot Vale Car Park,66-68 The Parade,Ascot Vale,3032,-37.772547,144.915133,$0.40 per kWh parking overstay charges may apply.,,Public - Membership Required,Operational,2023-07-10T02:38:00Z,2023-07-10 02:38:00+00:00,2.0,Open Charge Map Contributors,Licensed under Creative Commons Attribution 4.0 International (CC BY 4.0),data/raw/ocm/OCM-210900.json,https://openchargemap.org/site/poi/details/210900,True
210901,3659.0,BP Pulse (AU),BP Northpoint,1 Scanlon Drive,Epping,3076,-37.64768,144.99461,,,Public - Membership Required,Operational,2025-01-22T10:44:00Z,2025-01-22 10:44:00+00:00,8.0,Open Charge Map Contributors,Licensed under Creative Commons Attribution 4.0 International (CC BY 4.0),data/raw/ocm/OCM-210901.json,https://openchargemap.org/site/poi/details/210901,True
210902,3659.0,BP Pulse (AU),Bayside Gateway,301-307 Nepean Hwy,Brighton East,3186,-37.900527,145.00702,55c/kWh,,Public - Membership Required,Operational,2024-06-25T11:09:00Z,2024-06-25 11:09:00+00:00,6.0,Open Charge Map Contributors,Licensed under Creative Commons Attribution 4.0 International (CC BY 4.0),data/raw/ocm/OCM-210902.json,https://openchargemap.org/site/poi/details/210902,True
210903,23.0,Tesla,Cherrybrook Village - Basement Carpark,41-47 Shepherds Drive,CHERRYBROOK,2126,-33.721132,151.04396,Free,,Public,Operational,2022-12-23T09:58:00Z,2022-12-23 09:58:00+00:00,2.0,Open Charge Map Contributors,Licensed under Creative Commons Attribution 4.0 International (CC BY 4.0),data/raw/ocm/OCM-210903.json,https://openchargemap.org/site/poi/details/210903,False
210904,3339.0,Chargefox,Cherrybrook Village,41-47 Shepherds Drive,CHERRYBROOK,2126,-33.721132,151.04396,Free,,Public,Operational,2023-07-13T09:31:00Z,2023-07-13 09:31:00+00:00,2.0,Open Charge Map Contributors,Licensed under Creative Commons Attribution 4.0 International (CC BY 4.0),data/raw/ocm/OCM-210904.json,https://openchargemap.org/site/poi/details/210904,False
210922,3398.0,Evie,Lynbrook Village,75S Lynbrook Boulevard,Lynbrook,3975,-38.051153,145.256504,$0.40 per kWh. Parking overstay charges may apply,,Public - Membership Required,Operational,2023-07-06T20:53:00Z,2023-07-06 20:53:00+00:00,2.0,Open Charge Map Contributors,Licensed under Creative Commons Attribution 4.0 International (CC BY 4.0),data/raw/ocm/OCM-210922.json,https://openchargemap.org/site/poi/details/210922,True
210923,3398.0,Evie,Stud Park Shopping Centre,cnr Fulham Road & Stud Road,Rowville,3178,-37.92131128415721,145.23754907301503,$0.40 per kWh. Parking overstay charges may apply,,Public,Operational,2023-07-06T20:53:00Z,2023-07-06 20:53:00+00:00,2.0,Open Charge Map Contributors,Licensed under Creative Commons Attribution 4.0 International (CC BY 4.0),data/raw/ocm/OCM-210923.json,https://openchargemap.org/site/poi/details/210923,True
210924,3398.0,Evie,Red Rooster Vermont,,Ringwood,3134,-37.831965,145.213612,Payment Required $0.40 per kWh parking overstay charges may apply.,,Public - Membership Required,Operational,2023-07-06T20:53:00Z,2023-07-06 20:53:00+00:00,4.0,Open Charge Map Contributors,Licensed under Creative Commons Attribution 4.0 International (CC BY 4.0),data/raw/ocm/OCM-210924.json,https://openchargemap.org/site/poi/details/210924,True
210925,3339.0,Chargefox,Yarra Ranges Council,45 Bell St,Yarra Glen,3775,-37.656879,145.374241,Payment Required $0.40 per kWh (at all times),,Public - Membership Required,Operational,2023-09-01T08:29:00Z,2023-09-01 08:29:00+00:00,1.0,Open Charge Map Contributors,Licensed under Creative Commons Attribution 4.0 International (CC BY 4.0),data/raw/ocm/OCM-210925.json,https://openchargemap.org/site/poi/details/210925,True
210926,3659.0,BP Pulse (AU),BP pulse Diamond Creek,274 Diamond Creek Road,Diamond Creek,3090,-37.680105,145.123078,55c/kWh,,Public - Membership Required,Operational,2023-07-14T22:26:00Z,2023-07-14 22:26:00+00:00,2.0,Open Charge Map Contributors,Licensed under Creative Commons Attribution 4.0 International (CC BY 4.0),data/raw/ocm/OCM-210926.json,https://openchargemap.org/site/poi/details/210926,True
210928,3339.0,Chargefox,Broadford Library,113 High Street,Broadford,3658,-37.20295,145.048954,$0.40 per kWh,,Public,Operational,2023-08-31T11:07:00Z,2023-08-31 11:07:00+00:00,1.0,Open Charge Map Contributors,Licensed under Creative Commons Attribution 4.0 International (CC BY 4.0),data/raw/ocm/OCM-210928.json,https://openchargemap.org/site/poi/details/210928,True
210929,3339.0,Chargefox,Kilmore Library,12 Sydney Street,Kilmore,3764,-37.294362,144.952084,$0.40 per kWh,,Public,Operational,2023-07-05T13:15:00Z,2023-07-05 13:15:00+00:00,1.0,Open Charge Map Contributors,Licensed under Creative Commons Attribution 4.0 International (CC BY 4.0),data/raw/ocm/OCM-210929.json,https://openchargemap.org/site/poi/details/210929,True
210937,3339.0,Chargefox,Coburg Town Hall / Moreland City,Bell Street,Melbourne,3058,-37.74066654517114,144.96967301950258,Free,,Public,Operational,2023-07-13T09:29:00Z,2023-07-13 09:29:00+00:00,2.0,Open Charge Map Contributors,Licensed under Creative Commons Attribution 4.0 International (CC BY 4.0),data/raw/ocm/OCM-210937.json,https://openchargemap.org/site/poi/details/210937,False
210952,5.0,ChargePoint,Swinburne University - TC Building,Falmouth Street,Hawthorn,3122,-37.820026,145.040303,Charging is free. Parking is free.,,Public - Membership Required,Operational,2022-12-24T21:04:00Z,2022-12-24 21:04:00+00:00,1.0,Open Charge Map Contributors,Licensed under Creative Commons Attribution 4.0 International (CC BY 4.0),data/raw/ocm/OCM-210952.json,https://openchargemap.org/site/poi/details/210952,True
210953,3398.0,Evie,Malvern Central,122 Wattletree Rd,Armadale,3144,-37.862429,145.027453,$0.40 per kWh. Parking overstay charges may apply,Parking Level: 2,Public - Membership Required,Operational,2023-07-06T20:53:00Z,2023-07-06 20:53:00+00:00,2.0,Open Charge Map Contributors,Licensed under Creative Commons Attribution 4.0 International (CC BY 4.0),data/raw/ocm/OCM-210953.json,https://openchargemap.org/site/poi/details/210953,True
210994,3339.0,Chargefox,Ellenbrook Home Co,151 The Promenade,Ellenbrook,6069,-31.7772699,115.9641624,$0.50 per kWh,,Public - Membership Required,Operational,2023-11-05T09:48:00Z,2023-11-05 09:48:00+00:00,2.0,Open Charge Map Contributors,Licensed under Creative Commons Attribution 4.0 International (CC BY 4.0),data/raw/ocm/OCM-210994.json,https://openchargemap.org/site/poi/details/210994,True
212646,3339.0,Chargefox,Eastern Creek Quarter,159 Rooty Hill Road South,Eastern Creek,2766,-33.78477823234724,150.8530576715741,Free,ECQ XL is gated and may be inaccessible at night,Public - Membership Required,Operational,2023-01-22T20:10:00Z,2023-01-22 20:10:00+00:00,4.0,Open Charge Map Contributors,Licensed under Creative Commons Attribution 4.0 International (CC BY 4.0),data/raw/ocm/OCM-212646.json,https://openchargemap.org/site/poi/details/212646,False
213182,3339.0,Chargefox,Stanthorpe Creek Street,33 Creek Street,Stanthorpe,4380,-28.657101387379626,151.93269360729965,$0.55/kWh,,Public - Membership Required,Operational,2024-11-18T10:56:00Z,2024-11-18 10:56:00+00:00,1.0,Open Charge Map Contributors,Licensed under Creative Commons Attribution 4.0 International (CC BY 4.0),data/raw/ocm/OCM-213182.json,https://openchargemap.org/site/poi/details/213182,True
213183,5.0,ChargePoint,Club Trillium,11/19 Trillium Boulevard,Mickleham,3064,-37.56509713731276,144.89381606273855,,,Public,Temporarily Unavailable,2023-04-26T10:46:00Z,2023-04-26 10:46:00+00:00,1.0,Open Charge Map Contributors,Licensed under Creative Commons Attribution 4.0 International (CC BY 4.0),data/raw/ocm/OCM-213183.json,https://openchargemap.org/site/poi/details/213183,False
213275,45.0,(business owner at location),Wellington Road,Wellington Road,Brisbane City,4169,-27.489725503697883,153.03922171614113,Free,,Public,Not Operational,2023-02-05T01:00:00Z,2023-02-05 01:00:00+00:00,2.0,Open Charge Map Contributors,Licensed under Creative Commons Attribution 4.0 International (CC BY 4.0),data/raw/ocm/OCM-213275.json,https://openchargemap.org/site/poi/details/213275,False
213653,1.0,(unknown operator),O'Conner eLumina,103 Garling Street,O'Connor,6163,-32.05769635660518,115.80085112663926,$0.85 per kWh,,Public,Temporarily Unavailable,2025-05-30T16:08:00Z,2025-05-30 16:08:00+00:00,2.0,Open Charge Map Contributors,Licensed under Creative Commons Attribution 4.0 International (CC BY 4.0),data/raw/ocm/OCM-213653.json,https://openchargemap.org/site/poi/details/213653,True
235054,45.0,(business owner at location),Pelican Motor Inn,18 Merimbula Drive,Merimbula,2548,-36.88808965360204,149.90858747152606,$0.60 per kWh,3 chargers for use at parks parrallel to the road. Available for motel guests and general public upon request.,Public - Pay At Location,Operational,2023-02-14T21:50:00Z,2023-02-14 21:50:00+00:00,3.0,Open Charge Map Contributors,Licensed under Creative Commons Attribution 4.0 International (CC BY 4.0),data/raw/ocm/OCM-235054.json,https://openchargemap.org/site/poi/details/235054,False
235340,3529.0,JOLT,JOLT Semaphore Rd,80 Semaphore Rd,Semaphore ,5019,-34.839415,138.485548,,,Public - Membership Required,Operational,2023-02-18T08:33:00Z,2023-02-18 08:33:00+00:00,1.0,Open Charge Map Contributors,Licensed under Creative Commons Attribution 4.0 International (CC BY 4.0),data/raw/ocm/OCM-235340.json,https://openchargemap.org/site/poi/details/235340,True
235457,3339.0,Chargefox,Cann River Chargefox,Ward Street,Cann River,3890,-37.56512884994517,149.15194482214702,$0.40/kWh,,Public - Membership Required,Operational,2023-07-05T13:15:00Z,2023-07-05 13:15:00+00:00,2.0,Open Charge Map Contributors,Licensed under Creative Commons Attribution 4.0 International (CC BY 4.0),data/raw/ocm/OCM-235457.json,https://openchargemap.org/site/poi/details/235457,True
235458,3534.0,Tesla,Cann River Tesla Supercharger,Ward Street,Cann River,3890,-37.56520566869879,149.15198469249782,$0.69/kWh,,Public - Membership Required,Operational,2023-08-30T06:15:00Z,2023-08-30 06:15:00+00:00,3.0,Open Charge Map Contributors,Licensed under Creative Commons Attribution 4.0 International (CC BY 4.0),data/raw/ocm/OCM-235458.json,https://openchargemap.org/site/poi/details/235458,True
235459,3398.0,Evie,Bairnsdale,9 Francis Street,Bairnsdale,3875,-37.823977,147.629556,$0.45 per kWh. Parking overstay charges may apply,,Public - Membership Required,Operational,2023-07-06T20:52:00Z,2023-07-06 20:52:00+00:00,1.0,Open Charge Map Contributors,Licensed under Creative Commons Attribution 4.0 International (CC BY 4.0),data/raw/ocm/OCM-235459.json,https://openchargemap.org/site/poi/details/235459,True
235460,3339.0,Chargefox,Chargefox Yarram,156 Grant Street,Yarram,3971,-38.564408,146.67454,Payment Required $0.40 per kWh (at all times),,Public - Membership Required,Operational,2023-07-05T13:15:00Z,2023-07-05 13:15:00+00:00,1.0,Open Charge Map Contributors,Licensed under Creative Commons Attribution 4.0 International (CC BY 4.0),data/raw/ocm/OCM-235460.json,https://openchargemap.org/site/poi/details/235460,True
235461,3398.0,Evie,Wollongong Central - Regent St Carpark,Regent Street,Wollongong,2500,-34.423975432207065,150.8913817469645,50c per kWh energy consumed.,,Public - Membership Required,Operational,2023-07-12T21:49:00Z,2023-07-12 21:49:00+00:00,1.0,Open Charge Map Contributors,Licensed under Creative Commons Attribution 4.0 International (CC BY 4.0),data/raw/ocm/OCM-235461.json,https://openchargemap.org/site/poi/details/235461,True
238124,3398.0,Evie,Sally’s Corner,Hume Hwy,Sutton Forest Service Centre,,-34.607284700423534,150.22517362271452,65c per kWh energy consumed.,,Public - Membership Required,Operational,2023-07-12T22:58:00Z,2023-07-12 22:58:00+00:00,4.0,Open Charge Map Contributors,Licensed under Creative Commons Attribution 4.0 International (CC BY 4.0),data/raw/ocm/OCM-238124.json,https://openchargemap.org/site/poi/details/238124,True
238125,3659.0,BP Pulse (AU),Marulan Roadhouse Southbound,15597 Hume Hwy,Marulan,,-34.71861069630692,150.0006732657858,$0.55/kWh,,Public - Membership Required,Operational,2023-08-09T12:16:00Z,2023-08-09 12:16:00+00:00,1.0,Open Charge Map Contributors,Licensed under Creative Commons Attribution 4.0 International (CC BY 4.0),data/raw/ocm/OCM-238125.json,https://openchargemap.org/site/poi/details/238125,True
238126,3659.0,BP Pulse (AU),Marulan Roadhouse Northbound,Hume Highway,Marulan,2579,-34.71913537033707,149.99575545222547,$0.55/kWh,,Public - Membership Required,Operational,2023-08-09T12:16:00Z,2023-08-09 12:16:00+00:00,1.0,Open Charge Map Contributors,Licensed under Creative Commons Attribution 4.0 International (CC BY 4.0),data/raw/ocm/OCM-238126.json,https://openchargemap.org/site/poi/details/238126,True
238412,3339.0,Chargefox,Orbost Chargefox,Wolseley Street,Orbost,,-37.70569202931135,148.45599196799412,AUD 0.40 per kWh,,Public - Membership Required,Operational,2023-07-05T13:15:00Z,2023-07-05 13:15:00+00:00,1.0,Open Charge Map Contributors,Licensed under Creative Commons Attribution 4.0 International (CC BY 4.0),data/raw/ocm/OCM-238412.json,https://openchargemap.org/site/poi/details/238412,True
24508,45.0,(business owner at location),Barbagallo Raceway,Wattle Avenue East,Joondalup,,-31.664336864323225,115.78576639030814,Pay for parking,,Public - Pay At Location,Operational,2023-07-28T03:24:00Z,2023-07-28 03:24:00+00:00,5.0,Open Charge Map Contributors,Licensed under Creative Commons Attribution 4.0 International (CC BY 4.0),data/raw/ocm/OCM-24508.json,https://openchargemap.org/site/poi/details/24508,False
257192,3339.0,Chargefox,Williams (WA EV Network),22 Albany Highway,Williams,6391,-33.030413391586315,116.87831212111337,DC - $0.60 per kWh AC - $0.35 per kWh at all times,,Public,Operational,2023-06-26T02:56:00Z,2023-06-26 02:56:00+00:00,4.0,Open Charge Map Contributors,Licensed under Creative Commons Attribution 4.0 International (CC BY 4.0),data/raw/ocm/OCM-257192.json,https://openchargemap.org/site/poi/details/257192,True
258482,3339.0,Chargefox,sgfleet,Building 2,Fyshwick,2609,-35.3227262052871,149.1655969874277,$0.30/kWh,6am to 10pm (gates to the area locked at night). Enter main gate and take second left into carpark. Charger is located in front of sgfleet offices.,Public - Membership Required,Operational,2023-07-13T09:22:00Z,2023-07-13 09:22:00+00:00,2.0,Open Charge Map Contributors,Licensed under Creative Commons Attribution 4.0 International (CC BY 4.0),data/raw/ocm/OCM-258482.json,https://openchargemap.org/site/poi/details/258482,True
258483,1.0,(unknown operator),Tom Price DC Charger,2 Stadium Road,Tom Price,,-22.69369679043048,117.7962538370137,Free,,Public,Operational,2023-06-12T00:28:00Z,2023-06-12 00:28:00+00:00,1.0,Open Charge Map Contributors,Licensed under Creative Commons Attribution 4.0 International (CC BY 4.0),data/raw/ocm/OCM-258483.json,https://openchargemap.org/site/poi/details/258483,True
259607,3398.0,Evie,Whitsunday Gold - Evie,Bruce Highway,,,-20.392030162735637,148.58120604948056,0.60c per kWh,,Public,Operational,2023-07-15T13:08:00Z,2023-07-15 13:08:00+00:00,2.0,Open Charge Map Contributors,Licensed under Creative Commons Attribution 4.0 International (CC BY 4.0),data/raw/ocm/OCM-259607.json,https://openchargemap.org/site/poi/details/259607,True
259690,3534.0,Tesla,Mornington Super Charger,Mornington-Tyabb Road,,3931,-38.23466432711377,145.05094693515247,,,Public - Membership Required,Operational,2024-06-25T11:04:00Z,2024-06-25 11:04:00+00:00,6.0,Open Charge Map Contributors,Licensed under Creative Commons Attribution 4.0 International (CC BY 4.0),data/raw/ocm/OCM-259690.json,https://openchargemap.org/site/poi/details/259690,True
259691,3339.0,Chargefox,Scorseby Engie,,,3179,-37.91344215822404,145.21852997218298,AUD 0.55 per kWh,,Public - Membership Required,Operational,2023-07-07T10:39:00Z,2023-07-07 10:39:00+00:00,2.0,Open Charge Map Contributors,Licensed under Creative Commons Attribution 4.0 International (CC BY 4.0),data/raw/ocm/OCM-259691.json,https://openchargemap.org/site/poi/details/259691,False
259692,3398.0,Evie,Evie Chelsea,1 Swansea Rd,Chelsea,3196,-38.054822504708284,145.11600913546908,$0.40 per kWh. Parking overstay charges may apply,,Public,Operational,2023-07-06T20:53:00Z,2023-07-06 20:53:00+00:00,1.0,Open Charge Map Contributors,Licensed under Creative Commons Attribution 4.0 International (CC BY 4.0),data/raw/ocm/OCM-259692.json,https://openchargemap.org/site/poi/details/259692,True
259710,3406.0,electric highway tasmania,Electric Highway Tasmania - Oatlands,70 High Street,Oatlands,,-42.29898,147.37111,0.25c/kWh + 0.25c/min (peak) [or 0.15c/min off-peak],Chargefox - 2130,Public - Membership Required,Operational,2023-07-15T07:07:00Z,2023-07-15 07:07:00+00:00,2.0,Open Charge Map Contributors,Licensed under Creative Commons Attribution 4.0 International (CC BY 4.0),data/raw/ocm/OCM-259710.json,https://openchargemap.org/site/poi/details/259710,True
259795,3339.0,Chargefox,Subiaco One Chargefox,24 Rockeby Road,Subiaco,6008,-31.946094566198234,115.82508951776464,$0.30/KW,,Public,Operational,2023-07-13T09:21:00Z,2023-07-13 09:21:00+00:00,1.0,Open Charge Map Contributors,Licensed under Creative Commons Attribution 4.0 International (CC BY 4.0),data/raw/ocm/OCM-259795.json,https://openchargemap.org/site/poi/details/259795,False
260085,3406.0,electric highway tasmania,EHT - Sandy Bay,410 Sandy Bay Road,,7005,-42.903116,147.336466,0.25c/kWh + 0.25c/min (peak) [or 0.15c/min off-peak],Uses Chargefox app or RFID,Public - Membership Required,Operational,2023-07-14T14:30:00Z,2023-07-14 14:30:00+00:00,2.0,Open Charge Map Contributors,Licensed under Creative Commons Attribution 4.0 International (CC BY 4.0),data/raw/ocm/OCM-260085.json,https://openchargemap.org/site/poi/details/260085,True
260185,1.0,(unknown operator),Technology Place,Technology Place,Williamtown,2318,-32.80989381760532,151.8440351156935,Free,,"Private - For Staff, Visitors or Customers",Not Operational,2023-04-18T15:28:00Z,2023-04-18 15:28:00+00:00,2.0,Open Charge Map Contributors,Licensed under Creative Commons Attribution 4.0 International (CC BY 4.0),data/raw/ocm/OCM-260185.json,https://openchargemap.org/site/poi/details/260185,False
260229,3339.0,Chargefox,Point Cook Town Centre,Dunnings Road,Point Cook,3030,-37.88439995231257,144.73403564973228,Free,,Public - Membership Required,Operational,2023-04-19T11:39:00Z,2023-04-19 11:39:00+00:00,1.0,Open Charge Map Contributors,Licensed under Creative Commons Attribution 4.0 International (CC BY 4.0),data/raw/ocm/OCM-260229.json,https://openchargemap.org/site/poi/details/260229,False
260392,3388.0,NRMA,Little Walker Street,Little Walker Street,,2470,-28.865746474795223,153.04878848507587,,,Public,Operational,2023-04-23T10:48:00Z,2023-04-23 10:48:00+00:00,2.0,Open Charge Map Contributors,Licensed under Creative Commons Attribution 4.0 International (CC BY 4.0),data/raw/ocm/OCM-260392.json,https://openchargemap.org/site/poi/details/260392,False
260420,3339.0,Chargefox,diamond creek community bank stadium,Main Hurstbridge Road,diamond creek,3089,-37.673614374174896,145.16604356699168,currently free,in carpark nearest to stadium entrance,Public - Membership Required,Operational,2023-07-13T09:19:00Z,2023-07-13 09:19:00+00:00,1.0,Open Charge Map Contributors,Licensed under Creative Commons Attribution 4.0 International (CC BY 4.0),data/raw/ocm/OCM-260420.json,https://openchargemap.org/site/poi/details/260420,False
260617,,,Marnong Estate,2335 Mickleham Road,Mickleham,3064,-37.53036061112412,144.88047325188313,,,Public,Operational,2023-07-13T22:24:00Z,2023-07-13 22:24:00+00:00,4.0,Open Charge Map Contributors,Licensed under Creative Commons Attribution 4.0 International (CC BY 4.0),data/raw/ocm/OCM-260617.json,https://openchargemap.org/site/poi/details/260617,False
260774,1.0,(unknown operator),Tooleybuc Sporting Club,Lot 1 Lockhart Road,Tooleybuc,,-34.729549625149865,143.19430431482874,,,Public - Membership Required,Operational,2023-05-04T09:14:00Z,2023-05-04 09:14:00+00:00,8.0,Open Charge Map Contributors,Licensed under Creative Commons Attribution 4.0 International (CC BY 4.0),data/raw/ocm/OCM-260774.json,https://openchargemap.org/site/poi/details/260774,False
265199,3339.0,Chargefox,Bairnsdale Chargefox,Nicholson Street Carpark,Bairnsdale,,-37.82556535406092,147.62768829827212,AUD 0.40 per kWh,,Public - Membership Required,Operational,2023-07-05T13:15:00Z,2023-07-05 13:15:00+00:00,1.0,Open Charge Map Contributors,Licensed under Creative Commons Attribution 4.0 International (CC BY 4.0),data/raw/ocm/OCM-265199.json,https://openchargemap.org/site/poi/details/265199,True
265390,3398.0,Evie,HomeCo Castle Hill,18 Victoria Avenue,Castle Hill,2154,-33.72778176586396,150.976245622693,$0.45 per kWh. Parking overstay charges may apply,,Public - Membership Required,Operational,2023-07-15T14:02:00Z,2023-07-15 14:02:00+00:00,2.0,Open Charge Map Contributors,Licensed under Creative Commons Attribution 4.0 International (CC BY 4.0),data/raw/ocm/OCM-265390.json,https://openchargemap.org/site/poi/details/265390,True
265655,1.0,(unknown operator),Westfield Carousel,Albany Highway,Cannington City,6107,-32.022177407350696,115.93916843857136,Free,,Public,Operational,2023-05-16T23:59:00Z,2023-05-16 23:59:00+00:00,10.0,Open Charge Map Contributors,Licensed under Creative Commons Attribution 4.0 International (CC BY 4.0),data/raw/ocm/OCM-265655.json,https://openchargemap.org/site/poi/details/265655,False
266022,3625.0,Ampol AmpCharge,Ampol Gosnells,158 Corfield Street,Gosnells,6110,-32.080050874907705,115.98798052330272,$0.60/kWh for pay-as-you-go charging.,,Public - Membership Required,Operational,2023-06-21T07:27:00Z,2023-06-21 07:27:00+00:00,1.0,Open Charge Map Contributors,Licensed under Creative Commons Attribution 4.0 International (CC BY 4.0),data/raw/ocm/OCM-266022.json,https://openchargemap.org/site/poi/details/266022,True
266253,3346.0,noodoe ev,Whyalla Veterinary Clinic,97 McDouall Stuart Avenue,,5608,-33.03010493946057,137.52930357434326,,,Public - Membership Required,Operational,2023-06-08T03:24:00Z,2023-06-08 03:24:00+00:00,1.0,Open Charge Map Contributors,Licensed under Creative Commons Attribution 4.0 International (CC BY 4.0),data/raw/ocm/OCM-266253.json,https://openchargemap.org/site/poi/details/266253,True
266384,1.0,(unknown operator),Coles South Perth,Angelo Street,,6151,-31.981184422636147,115.86248950002266,Free,,Public,Operational,2023-06-01T08:07:00Z,2023-06-01 08:07:00+00:00,4.0,Open Charge Map Contributors,Licensed under Creative Commons Attribution 4.0 International (CC BY 4.0),data/raw/ocm/OCM-266384.json,https://openchargemap.org/site/poi/details/266384,False
266480,3388.0,NRMA,NRMA Inverell,59 Evans Street,Inverell ,2360,-29.774658191367415,151.11461977623674,FREE,,Public - Membership Required,Operational,2023-06-06T12:14:00Z,2023-06-06 12:14:00+00:00,1.0,Open Charge Map Contributors,Licensed under Creative Commons Attribution 4.0 International (CC BY 4.0),data/raw/ocm/OCM-266480.json,https://openchargemap.org/site/poi/details/266480,True
266499,3388.0,NRMA,NRMA Glen Innes,Sommerlad Lane,Glen Innes,2370,-29.738464518791687,151.7363027621517,FREE,"Located at the back of Glen Innes Town Hall in the car park, enter via Bourke Street",Public - Membership Required,Operational,2023-06-08T03:24:00Z,2023-06-08 03:24:00+00:00,1.0,Open Charge Map Contributors,Licensed under Creative Commons Attribution 4.0 International (CC BY 4.0),data/raw/ocm/OCM-266499.json,https://openchargemap.org/site/poi/details/266499,True
266500,3388.0,NRMA,NRMA Scone,116 Liverpool Street,Scone,2337,-32.050443549876185,150.86657130895486,FREE,Located in the Kelly Street car park. Enter via Liverpool Street (just before the rail crossing) for closest access.,Public - Membership Required,Operational,2023-06-08T03:24:00Z,2023-06-08 03:24:00+00:00,1.0,Open Charge Map Contributors,Licensed under Creative Commons Attribution 4.0 International (CC BY 4.0),data/raw/ocm/OCM-266500.json,https://openchargemap.org/site/poi/details/266500,True
266501,23.0,Tesla,Campbelltown Supercharger,20-22 Camden Road,Campbelltown,2560,-34.07151792013103,150.80730085250025,$0.66/kWh,Located in the car park of Campbelltown Catholic Club,Public - Membership Required,Operational,2023-06-08T03:24:00Z,2023-06-08 03:24:00+00:00,12.0,Open Charge Map Contributors,Licensed under Creative Commons Attribution 4.0 International (CC BY 4.0),data/raw/ocm/OCM-266501.json,https://openchargemap.org/site/poi/details/266501,True
266538,23.0,Tesla,Blaxland Supercharger,126 Hope St,Blaxland,2774,-33.74525300296909,150.61025805036633,Supercharger rates,,Public - Membership Required,Operational,2023-06-08T12:45:00Z,2023-06-08 12:45:00+00:00,6.0,Open Charge Map Contributors,Licensed under Creative Commons Attribution 4.0 International (CC BY 4.0),data/raw/ocm/OCM-266538.json,https://openchargemap.org/site/poi/details/266538,True
266540,3398.0,Evie,Evie Lawson,4-6 New Street,Lawson,2783,-33.72070368975226,150.4297109802278,$0.45 per kWh.,,Public,Operational,2023-07-15T13:41:00Z,2023-07-15 13:41:00+00:00,2.0,Open Charge Map Contributors,Licensed under Creative Commons Attribution 4.0 International (CC BY 4.0),data/raw/ocm/OCM-266540.json,https://openchargemap.org/site/poi/details/266540,True
266586,3398.0,Evie,EVIE Cameron Park,119 Stenhouse Drive,Cameron Park,2285,-32.8964286163983,151.59758681049271,0.60c per kWh,"Enter via the Ampol on Stenhouse Drive, chargers located past/behind the car wash.",Public - Membership Required,Operational,2023-09-18T17:57:00Z,2023-09-18 17:57:00+00:00,2.0,Open Charge Map Contributors,Licensed under Creative Commons Attribution 4.0 International (CC BY 4.0),data/raw/ocm/OCM-266586.json,https://openchargemap.org/site/poi/details/266586,True
266620,23.0,Tesla,Exeter Supercharger,Sallys Corner Rd,Exeter,2579,-34.60933240617118,150.22984763276781,$0.66/kWh,Located in the parking lot of Heatherbrae's Pies.,Public - Membership Required,Operational,2023-06-08T12:43:00Z,2023-06-08 12:43:00+00:00,6.0,Open Charge Map Contributors,Licensed under Creative Commons Attribution 4.0 International (CC BY 4.0),data/raw/ocm/OCM-266620.json,https://openchargemap.org/site/poi/details/266620,True
266767,3659.0,BP Pulse (AU),BP Pulse,Cnr Mingara Dr & Wyong Rd,Tumbi Umbi,2261,-33.36290641211102,151.44446174596283,$0.55/kwh,,Public,Operational,2023-08-09T11:36:00Z,2023-08-09 11:36:00+00:00,2.0,Open Charge Map Contributors,Licensed under Creative Commons Attribution 4.0 International (CC BY 4.0),data/raw/ocm/OCM-266767.json,https://openchargemap.org/site/poi/details/266767,True
266872,3339.0,Chargefox,Chatswood Chase Chargefox,345 Victoria Avenue,Chatswood,2067,-33.79511781061279,151.18644036778977,$0.45/kWh,"Use the entrance on Victoria Avenue, using the left lane into the car park, follow this around to the left and then continue straight. The charger is located at Level B1, Pillar G13 (near the travelators going up to Kmart) Beware as this is in a shopping centre access isn't 24/7, hours are generally 6am - 10pm weekdays and 8am - 10pm weekends. First 3 hours parking free. https://www.wilsonparking.com.au/parking-locations/new-south-wales/chatswood/chatswood-chase-car-park/",Public - Membership Required,Operational,2023-07-13T08:44:00Z,2023-07-13 08:44:00+00:00,2.0,Open Charge Map Contributors,Licensed under Creative Commons Attribution 4.0 International (CC BY 4.0),data/raw/ocm/OCM-266872.json,https://openchargemap.org/site/poi/details/266872,True
267110,3626.0,wa ev network (au),Broome (WA EV Network),90 Robinson Street,Broome,6725,-17.970280524476166,122.23554864906441,DC Charging $0.35 - $0.60 per kWh at all times.,,Public,Operational,2023-07-16T03:56:00Z,2023-07-16 03:56:00+00:00,1.0,Open Charge Map Contributors,Licensed under Creative Commons Attribution 4.0 International (CC BY 4.0),data/raw/ocm/OCM-267110.json,https://openchargemap.org/site/poi/details/267110,True
267111,3625.0,Ampol AmpCharge,Ampol East Perth,157 Lord Street,East Perth,6000,-31.948662865419386,115.86948347276189,$0.60 per kWh,,Public - Membership Required,Operational,2023-06-21T07:34:00Z,2023-06-21 07:34:00+00:00,1.0,Open Charge Map Contributors,Licensed under Creative Commons Attribution 4.0 International (CC BY 4.0),data/raw/ocm/OCM-267111.json,https://openchargemap.org/site/poi/details/267111,True
267315,3625.0,Ampol AmpCharge,Ampol Derrimut,354a Robinsons Rd,Derrimut,3026,-37.80519464533884,144.75198926317552,$0.60/kWh for pay-as-you-go charging.,,Public - Membership Required,Operational,2023-07-04T03:26:00Z,2023-07-04 03:26:00+00:00,1.0,Open Charge Map Contributors,Licensed under Creative Commons Attribution 4.0 International (CC BY 4.0),data/raw/ocm/OCM-267315.json,https://openchargemap.org/site/poi/details/267315,True
267345,3339.0,Chargefox,Chargefox Teachers Mutual Bank,Teachers Mutual Bank,Rooty Hill,2766,-33.77239824531827,150.84348282464293,,Accessible only during office hours,Public - Membership Required,Operational,2023-07-13T08:39:00Z,2023-07-13 08:39:00+00:00,1.0,Open Charge Map Contributors,Licensed under Creative Commons Attribution 4.0 International (CC BY 4.0),data/raw/ocm/OCM-267345.json,https://openchargemap.org/site/poi/details/267345,False
267498,3398.0,Evie,Evie Beaufort,19 Willoby St,Beaufort,3373,-37.428865575035715,143.38285570096986,$0.45 per kWh. Parking overstay charges may apply,,Public - Membership Required,Operational,2023-07-10T02:38:00Z,2023-07-10 02:38:00+00:00,4.0,Open Charge Map Contributors,Licensed under Creative Commons Attribution 4.0 International (CC BY 4.0),data/raw/ocm/OCM-267498.json,https://openchargemap.org/site/poi/details/267498,True
267547,3339.0,Chargefox,Bunnings Tarneit,83 Leakes Rd,Tarneit,3029,-37.83430858506595,144.69884313714417,Free,BYO type 2 cable. Near the road entrance at the timber yard end of Bunnings,Public,Operational,2023-07-13T08:06:00Z,2023-07-13 08:06:00+00:00,2.0,Open Charge Map Contributors,Licensed under Creative Commons Attribution 4.0 International (CC BY 4.0),data/raw/ocm/OCM-267547.json,https://openchargemap.org/site/poi/details/267547,False
267563,3625.0,Ampol AmpCharge,Ampol Melville ,587 Highway 6,Melville,,-32.031412015833354,115.81520749424499,$0.60 per kWh,,Public - Membership Required,Operational,2023-07-28T09:03:00Z,2023-07-28 09:03:00+00:00,1.0,Open Charge Map Contributors,Licensed under Creative Commons Attribution 4.0 International (CC BY 4.0),data/raw/ocm/OCM-267563.json,https://openchargemap.org/site/poi/details/267563,True
267588,1.0,(unknown operator),Deni RSL,72 End St,Deniliquin,2710,-35.535453,144.967298,FREE,,Public,Operational,2023-06-30T17:31:00Z,2023-06-30 17:31:00+00:00,8.0,Open Charge Map Contributors,Licensed under Creative Commons Attribution 4.0 International (CC BY 4.0),data/raw/ocm/OCM-267588.json,https://openchargemap.org/site/poi/details/267588,False
270847,3398.0,Evie,Evie - Bright,24 Wills St,Bright,3741,-36.72909821085958,146.9621075161064,$0.45 per kWh,,Public,Operational,2023-07-09T10:10:00Z,2023-07-09 10:10:00+00:00,1.0,Open Charge Map Contributors,Licensed under Creative Commons Attribution 4.0 International (CC BY 4.0),data/raw/ocm/OCM-270847.json,https://openchargemap.org/site/poi/details/270847,True
270902,3339.0,Chargefox,Yackandandah Community Development Company,16 Windham Street,Yackandandah,3749,-36.31377673712394,146.838576031665,AUD 0.54 per kWh (3pm-10am) AUD 0.37 per kWh (10am - 3pm),,Public - Membership Required,Operational,2023-07-10T02:38:00Z,2023-07-10 02:38:00+00:00,2.0,Open Charge Map Contributors,Licensed under Creative Commons Attribution 4.0 International (CC BY 4.0),data/raw/ocm/OCM-270902.json,https://openchargemap.org/site/poi/details/270902,True
270903,3339.0,Chargefox,Monash Caufield,880 Dandenong Rd,Malvern East,3145,-37.87609755140018,145.0437890823424,Free,,Public - Membership Required,Operational,2023-07-10T02:38:00Z,2023-07-10 02:38:00+00:00,1.0,Open Charge Map Contributors,Licensed under Creative Commons Attribution 4.0 International (CC BY 4.0),data/raw/ocm/OCM-270903.json,https://openchargemap.org/site/poi/details/270903,True
270904,3339.0,Chargefox,Wine by Sam,69 Anzac Ave,Seymour,3660,-37.02797706541075,145.14294410402647,AUD 0.40 per kWh,,Public - Membership Required,Operational,2023-07-10T02:38:00Z,2023-07-10 02:38:00+00:00,1.0,Open Charge Map Contributors,Licensed under Creative Commons Attribution 4.0 International (CC BY 4.0),data/raw/ocm/OCM-270904.json,https://openchargemap.org/site/poi/details/270904,True
270905,3339.0,Chargefox,Omeo - Tongio Road,Tongio Road,Omeo,3898,-37.10120685500498,147.5913216311938,AUD 0.40 per kWh,,Public - Membership Required,Operational,2023-07-10T02:38:00Z,2023-07-10 02:38:00+00:00,2.0,Open Charge Map Contributors,Licensed under Creative Commons Attribution 4.0 International (CC BY 4.0),data/raw/ocm/OCM-270905.json,https://openchargemap.org/site/poi/details/270905,True
270908,3339.0,Chargefox,ENGIE - VIctoria Gardens,620 Victoria St,Richmond,3121,-37.81230000849669,145.01104431147348,AUD 0.54 per kWh (3pm-10am) AUD 0.37 per kWh (10am - 3pm),,Public - Membership Required,Operational,2023-07-10T02:38:00Z,2023-07-10 02:38:00+00:00,1.0,Open Charge Map Contributors,Licensed under Creative Commons Attribution 4.0 International (CC BY 4.0),data/raw/ocm/OCM-270908.json,https://openchargemap.org/site/poi/details/270908,True
270909,3339.0,Chargefox,Engie - The Glen,235 Springvale Rd,Glen Waverley ,3150,-37.87707026526765,145.16444504069057,AUD 0.45 per kWh,"In the B1 yellow carpark, at the Target/Woolworths/Aldi entrance",Public - Membership Required,Operational,2023-09-28T21:51:00Z,2023-09-28 21:51:00+00:00,1.0,Open Charge Map Contributors,Licensed under Creative Commons Attribution 4.0 International (CC BY 4.0),data/raw/ocm/OCM-270909.json,https://openchargemap.org/site/poi/details/270909,True
270910,3339.0,Chargefox,Penguin Parade Car Park,995 Ventor Rd,Summerlands,3922,-38.505470002342136,145.14849508723148,AUD 0.37 per kWh,Available betwween sunrise and 3 hours after sunset,Public - Membership Required,Operational,2023-07-10T02:38:00Z,2023-07-10 02:38:00+00:00,1.0,Open Charge Map Contributors,Licensed under Creative Commons Attribution 4.0 International (CC BY 4.0),data/raw/ocm/OCM-270910.json,https://openchargemap.org/site/poi/details/270910,True
270933,3339.0,Chargefox,Creswick Vicitors Information Centre,41-43 Albert Street,Creswick,3363,-37.42256775700739,143.89407103114934,AUD 0.45 per kWh,,Public - Membership Required,Operational,2023-07-10T02:38:00Z,2023-07-10 02:38:00+00:00,1.0,Open Charge Map Contributors,Licensed under Creative Commons Attribution 4.0 International (CC BY 4.0),data/raw/ocm/OCM-270933.json,https://openchargemap.org/site/poi/details/270933,True
270934,3339.0,Chargefox,ENGIE - Bayside Centre,15 Beach Street,Frankston,3199,-38.13983274747568,145.12422212753893,AUD 0.45 per kWh,,Public - Membership Required,Operational,2023-07-15T07:36:00Z,2023-07-15 07:36:00+00:00,1.0,Open Charge Map Contributors,Licensed under Creative Commons Attribution 4.0 International (CC BY 4.0),data/raw/ocm/OCM-270934.json,https://openchargemap.org/site/poi/details/270934,True
270935,3339.0,Chargefox,ClydeStone Square,Matterhorn Drive ,Clyde North,3978,-38.09340993256419,145.34171416795755,AUD 0.40 per kWh,,Public - Membership Required,Operational,2023-07-10T02:38:00Z,2023-07-10 02:38:00+00:00,1.0,Open Charge Map Contributors,Licensed under Creative Commons Attribution 4.0 International (CC BY 4.0),data/raw/ocm/OCM-270935.json,https://openchargemap.org/site/poi/details/270935,True
270936,3339.0,Chargefox,City of Stonnington,290 Glenferrie Road,Malvern,3144,-37.8558376330929,145.0295635713096,AUD 0.45 per kWh,,Public - Membership Required,Operational,2023-07-10T02:38:00Z,2023-07-10 02:38:00+00:00,1.0,Open Charge Map Contributors,Licensed under Creative Commons Attribution 4.0 International (CC BY 4.0),data/raw/ocm/OCM-270936.json,https://openchargemap.org/site/poi/details/270936,True
270947,3339.0,Chargefox,Hilton Coles,South Street,,6183,-32.06408827282525,115.78180730214649,$0.45 per kWh,,Public,Operational,2025-03-21T05:15:00Z,2025-03-21 05:15:00+00:00,2.0,Open Charge Map Contributors,Licensed under Creative Commons Attribution 4.0 International (CC BY 4.0),data/raw/ocm/OCM-270947.json,https://openchargemap.org/site/poi/details/270947,False
270949,3339.0,Chargefox,RMIT - City Campus,17-21 Cardigan Street,Carlton,3053,-37.80624795114712,144.96401596254236,AUD 0.30 per kWh,,Public - Membership Required,Operational,2023-07-10T02:38:00Z,2023-07-10 02:38:00+00:00,1.0,Open Charge Map Contributors,Licensed under Creative Commons Attribution 4.0 International (CC BY 4.0),data/raw/ocm/OCM-270949.json,https://openchargemap.org/site/poi/details/270949,True
270950,3339.0,Chargefox,JET Charge Office,350 Bridge Street,Port Melbourne,3207,-37.82858393063794,144.93443851602245,AUD 0.60 per kWh,,Public - Membership Required,Operational,2023-07-10T02:38:00Z,2023-07-10 02:38:00+00:00,1.0,Open Charge Map Contributors,Licensed under Creative Commons Attribution 4.0 International (CC BY 4.0),data/raw/ocm/OCM-270950.json,https://openchargemap.org/site/poi/details/270950,True
270994,3398.0,Evie,Bayside Willansby Ave,47 Willansby Ave,Brighton,3186,-37.90610169777272,145.00363488616335,$0.45 per kWh,,Public - Membership Required,Operational,2023-07-10T02:38:00Z,2023-07-10 02:38:00+00:00,2.0,Open Charge Map Contributors,Licensed under Creative Commons Attribution 4.0 International (CC BY 4.0),data/raw/ocm/OCM-270994.json,https://openchargemap.org/site/poi/details/270994,True
270996,3398.0,Evie,Local Village Carrum Downs,1066 Frankston - Dandenong Rd,Carrum Downs,3201,-38.088427053571266,145.1825268436774,$0.45 per kWh. Parking overstay charges may apply,,Public - Membership Required,Operational,2023-07-10T02:38:00Z,2023-07-10 02:38:00+00:00,2.0,Open Charge Map Contributors,Licensed under Creative Commons Attribution 4.0 International (CC BY 4.0),data/raw/ocm/OCM-270996.json,https://openchargemap.org/site/poi/details/270996,True
271003,3398.0,Evie,Evie Kerang,1 -3 Albert St,Kerang,3579,-35.734343178074404,143.92168541640507,$0.40 per kWh. Idle fee $4 per hour,,Public - Membership Required,Operational,2023-07-10T02:38:00Z,2023-07-10 02:38:00+00:00,1.0,Open Charge Map Contributors,Licensed under Creative Commons Attribution 4.0 International (CC BY 4.0),data/raw/ocm/OCM-271003.json,https://openchargemap.org/site/poi/details/271003,True
271006,3398.0,Evie,Evie Dartmoor,73 Greenham St,Dartmoor,3304,-37.92221290806473,141.27619651056017,$0.45 per kWh,,Public - Membership Required,Operational,2024-01-05T00:51:00Z,2024-01-05 00:51:00+00:00,1.0,Open Charge Map Contributors,Licensed under Creative Commons Attribution 4.0 International (CC BY 4.0),data/raw/ocm/OCM-271006.json,https://openchargemap.org/site/poi/details/271006,True
271011,3398.0,Evie,Kingston Town Shopping Centre,57 Maranoa Rd,Kingston,7050,-42.980209156103385,147.30374043545635,$0.45 per kWh,,Public - Membership Required,Operational,2023-07-10T02:38:00Z,2023-07-10 02:38:00+00:00,2.0,Open Charge Map Contributors,Licensed under Creative Commons Attribution 4.0 International (CC BY 4.0),data/raw/ocm/OCM-271011.json,https://openchargemap.org/site/poi/details/271011,True
271014,3398.0,Evie,Evie Flinders,33 Cook St,Flinders,3929,-38.474526184383976,145.01862334358879,$0.45 per kWh,,Public - Membership Required,Operational,2023-07-10T02:38:00Z,2023-07-10 02:38:00+00:00,1.0,Open Charge Map Contributors,Licensed under Creative Commons Attribution 4.0 International (CC BY 4.0),data/raw/ocm/OCM-271014.json,https://openchargemap.org/site/poi/details/271014,True
271017,3398.0,Evie,Evie Maffra,4 Purdy Ln,Maffra,3860,-37.96731873526982,146.97479206718913,$0.45 per kWh,,Public - Membership Required,Operational,2023-07-10T02:38:00Z,2023-07-10 02:38:00+00:00,1.0,Open Charge Map Contributors,Licensed under Creative Commons Attribution 4.0 International (CC BY 4.0),data/raw/ocm/OCM-271017.json,https://openchargemap.org/site/poi/details/271017,True
271022,3398.0,Evie,Evie Meredith,12 Wallace St,Meredith,3333,-37.84437816290739,144.0768346824019,$0.45 per kWh,,Public - Membership Required,Operational,2023-07-10T02:38:00Z,2023-07-10 02:38:00+00:00,1.0,Open Charge Map Contributors,Licensed under Creative Commons Attribution 4.0 International (CC BY 4.0),data/raw/ocm/OCM-271022.json,https://openchargemap.org/site/poi/details/271022,True
271024,3398.0,Evie,Evie Lakes Entrance,2 Marine Pde,Lakes Entrance,3909,-37.88192619723392,147.97348946515365,$0.45 per kWh. Parking overstay charges may apply,,Public - Membership Required,Operational,2023-07-10T02:38:00Z,2023-07-10 02:38:00+00:00,1.0,Open Charge Map Contributors,Licensed under Creative Commons Attribution 4.0 International (CC BY 4.0),data/raw/ocm/OCM-271024.json,https://openchargemap.org/site/poi/details/271024,True
271033,3398.0,Evie,Evie Cohuna,King George St,Cohuna,3568,-35.80838371437618,144.22123701963017,$0.40 per kWh,,Public - Membership Required,Operational,2023-07-10T02:38:00Z,2023-07-10 02:38:00+00:00,1.0,Open Charge Map Contributors,Licensed under Creative Commons Attribution 4.0 International (CC BY 4.0),data/raw/ocm/OCM-271033.json,https://openchargemap.org/site/poi/details/271033,True
271037,3398.0,Evie,Evie Warracknabeal,18 - 20 Woolcock Street,Warracknabeal,3393,-36.25068312709375,142.39379449793637,$0.45 per kWh,,Public - Membership Required,Operational,2023-07-10T02:38:00Z,2023-07-10 02:38:00+00:00,1.0,Open Charge Map Contributors,Licensed under Creative Commons Attribution 4.0 International (CC BY 4.0),data/raw/ocm/OCM-271037.json,https://openchargemap.org/site/poi/details/271037,True
271060,3398.0,Evie,Evie Yarrawonga,6 - 12 Hovell Street,Yarrawonga,3730,-36.010175172605514,146.00330137579863,$0.45 per kWh. Parking overstay charges may apply,,Public - Membership Required,Operational,2023-07-10T02:38:00Z,2023-07-10 02:38:00+00:00,1.0,Open Charge Map Contributors,Licensed under Creative Commons Attribution 4.0 International (CC BY 4.0),data/raw/ocm/OCM-271060.json,https://openchargemap.org/site/poi/details/271060,True
271062,3398.0,Evie,Victoria Street,Victoria Street,Macedon,3440,-37.42305178823792,144.562626054862,$0.45 per kWh,,Public - Membership Required,Operational,2023-07-10T02:38:00Z,2023-07-10 02:38:00+00:00,1.0,Open Charge Map Contributors,Licensed under Creative Commons Attribution 4.0 International (CC BY 4.0),data/raw/ocm/OCM-271062.json,https://openchargemap.org/site/poi/details/271062,True
271063,3398.0,Evie,Evie Camperdown,2 Bath Street,Camperdown,3260,-38.230321252822165,143.1458213510811,$0.45 per kWh,,Public - Membership Required,Operational,2023-07-10T02:38:00Z,2023-07-10 02:38:00+00:00,1.0,Open Charge Map Contributors,Licensed under Creative Commons Attribution 4.0 International (CC BY 4.0),data/raw/ocm/OCM-271063.json,https://openchargemap.org/site/poi/details/271063,True
271064,3398.0,Evie,Evie Dunkeld,83 Wills St,Dunkeld,3294,-37.65017530125832,142.34254760364854,$0.45 per kWh,,Public - Membership Required,Operational,2023-07-10T02:38:00Z,2023-07-10 02:38:00+00:00,1.0,Open Charge Map Contributors,Licensed under Creative Commons Attribution 4.0 International (CC BY 4.0),data/raw/ocm/OCM-271064.json,https://openchargemap.org/site/poi/details/271064,True
271065,3398.0,Evie,Evie Alexandra,8 - 10 Webster Street,Alexandra,3714,-37.19177622193456,145.71117802098246,$0.45 per kWh,,Public - Membership Required,Operational,2023-07-22T23:09:00Z,2023-07-22 23:09:00+00:00,1.0,Open Charge Map Contributors,Licensed under Creative Commons Attribution 4.0 International (CC BY 4.0),data/raw/ocm/OCM-271065.json,https://openchargemap.org/site/poi/details/271065,True
271066,3398.0,Evie,Charging the Regions Traralgon,49 Breed St,,3844,-38.19562583791989,146.5329076841424,$0.45 per kWh,,Public - Membership Required,Operational,2025-01-09T08:52:00Z,2025-01-09 08:52:00+00:00,1.0,Open Charge Map Contributors,Licensed under Creative Commons Attribution 4.0 International (CC BY 4.0),data/raw/ocm/OCM-271066.json,https://openchargemap.org/site/poi/details/271066,True
271067,3398.0,Evie,Evie Wangaratta,2 - 6 Docker St,Wangaratta,3676,-36.35361729522813,146.3252141757206,$0.45 per kWh,,Public - Membership Required,Operational,2023-07-10T02:38:00Z,2023-07-10 02:38:00+00:00,1.0,Open Charge Map Contributors,Licensed under Creative Commons Attribution 4.0 International (CC BY 4.0),data/raw/ocm/OCM-271067.json,https://openchargemap.org/site/poi/details/271067,True
272486,3398.0,Evie,Evie Mildura,Pine Avenue,Mildura,3500,-34.183567985291354,142.1585658445057,50c per kWh energy consumed.,,Public - Membership Required,Operational,2023-07-12T14:18:00Z,2023-07-12 14:18:00+00:00,1.0,Open Charge Map Contributors,Licensed under Creative Commons Attribution 4.0 International (CC BY 4.0),data/raw/ocm/OCM-272486.json,https://openchargemap.org/site/poi/details/272486,True
272496,3398.0,Evie,Evie Dapto Mall,Moombara Street,Dapto,2530,-34.49497612676224,150.79547723050382,50c per kWh energy consumed.,,Public - Membership Required,Operational,2023-07-12T21:47:00Z,2023-07-12 21:47:00+00:00,2.0,Open Charge Map Contributors,Licensed under Creative Commons Attribution 4.0 International (CC BY 4.0),data/raw/ocm/OCM-272496.json,https://openchargemap.org/site/poi/details/272496,True
272497,3398.0,Evie,Hotel REalm,6 Burbury Close,,2600,-35.312198318325976,149.1333088744247,50c per kWh energy consumed.,,Public - Membership Required,Operational,2023-07-12T21:55:00Z,2023-07-12 21:55:00+00:00,2.0,Open Charge Map Contributors,Licensed under Creative Commons Attribution 4.0 International (CC BY 4.0),data/raw/ocm/OCM-272497.json,https://openchargemap.org/site/poi/details/272497,True
272498,3398.0,Evie,Evie Woden,92 - 96 Corinna St,Phillip,2606,-35.348299676937806,149.08890913353355,Pricing set to 40c per kWh of charging.,,Public - Membership Required,Operational,2023-07-12T22:33:00Z,2023-07-12 22:33:00+00:00,4.0,Open Charge Map Contributors,Licensed under Creative Commons Attribution 4.0 International (CC BY 4.0),data/raw/ocm/OCM-272498.json,https://openchargemap.org/site/poi/details/272498,False
272499,3398.0,Evie,Evie Adelaide Hills,399 Mount Barker Road,Bridgewater,5245,-35.00971247867212,138.75901747075886,60c per kWh energy consumed.,,Public - Membership Required,Operational,2023-07-13T03:54:00Z,2023-07-13 03:54:00+00:00,1.0,Open Charge Map Contributors,Licensed under Creative Commons Attribution 4.0 International (CC BY 4.0),data/raw/ocm/OCM-272499.json,https://openchargemap.org/site/poi/details/272499,True
272500,3398.0,Evie,Murrumbateman Country Inn,2 Hercules Street,Murrumbateman,2582,-34.96941392055333,149.03001688933142,Pricing set to 50c per kWh of charging.,,Public - Membership Required,Operational,2023-09-18T05:45:00Z,2023-09-18 05:45:00+00:00,1.0,Open Charge Map Contributors,Licensed under Creative Commons Attribution 4.0 International (CC BY 4.0),data/raw/ocm/OCM-272500.json,https://openchargemap.org/site/poi/details/272500,True
272501,3398.0,Evie,Tuggeranong CSCC,Cnr Pitman & Holwell St,Greenway,2900,-35.41502698377792,149.06342879909937,Pricing set to 40c per kWh of charging.,,Public - Membership Required,Operational,2023-07-12T23:13:00Z,2023-07-12 23:13:00+00:00,2.0,Open Charge Map Contributors,Licensed under Creative Commons Attribution 4.0 International (CC BY 4.0),data/raw/ocm/OCM-272501.json,https://openchargemap.org/site/poi/details/272501,False
272504,3339.0,Chargefox,Hotel Bruny,3959 Bruny Island Main Road,Alonnah,7150,-43.321799726979194,147.2422590158638,"AUD 0.50 per kWh 7am - 10am/4pm-9pm, AUD 0.40 other times",,Public - Membership Required,Operational,2023-07-13T07:30:00Z,2023-07-13 07:30:00+00:00,1.0,Open Charge Map Contributors,Licensed under Creative Commons Attribution 4.0 International (CC BY 4.0),data/raw/ocm/OCM-272504.json,https://openchargemap.org/site/poi/details/272504,True
272506,3339.0,Chargefox,Tas Hydro Power Station Heritage Site,2693 Waddamana Road,Waddamana,7030,-42.12462669442656,146.74664613345436,Free,,Public - Membership Required,Operational,2023-07-13T07:35:00Z,2023-07-13 07:35:00+00:00,1.0,Open Charge Map Contributors,Licensed under Creative Commons Attribution 4.0 International (CC BY 4.0),data/raw/ocm/OCM-272506.json,https://openchargemap.org/site/poi/details/272506,True
272507,3339.0,Chargefox,Electric Highway Tasmania - Waratah,Bishoff Hotel,Waratah,,-41.4429562299098,145.52665769580165,"0.25 per kWh + 0.15 per minute 9am - 6pm, 0.10 per minute other times",,Public - Membership Required,Operational,2023-07-13T07:39:00Z,2023-07-13 07:39:00+00:00,1.0,Open Charge Map Contributors,Licensed under Creative Commons Attribution 4.0 International (CC BY 4.0),data/raw/ocm/OCM-272507.json,https://openchargemap.org/site/poi/details/272507,True
272508,3339.0,Chargefox,Audi Centre Hobart,152-170 Campbell Street,Hobart,7000,-42.87538883111667,147.32416098548657,AUD 0.50 per kWh,,Public - Membership Required,Operational,2023-07-13T07:43:00Z,2023-07-13 07:43:00+00:00,1.0,Open Charge Map Contributors,Licensed under Creative Commons Attribution 4.0 International (CC BY 4.0),data/raw/ocm/OCM-272508.json,https://openchargemap.org/site/poi/details/272508,True
272510,3339.0,Chargefox,Jackson Volkswagen,Galvin St,South Launceston,7249,-41.45022658817194,147.14154103560344,AUD 0.50 per kWh,,Public - Membership Required,Operational,2023-07-13T07:50:00Z,2023-07-13 07:50:00+00:00,1.0,Open Charge Map Contributors,Licensed under Creative Commons Attribution 4.0 International (CC BY 4.0),data/raw/ocm/OCM-272510.json,https://openchargemap.org/site/poi/details/272510,True
272511,3339.0,Chargefox,Cataract Gorge Basin Car Park,72 Basin Road,Launceston,7520,-41.44637646555024,147.12284889511938,AUD 0.30 per kWh,,Public - Membership Required,Operational,2023-07-13T07:59:00Z,2023-07-13 07:59:00+00:00,1.0,Open Charge Map Contributors,Licensed under Creative Commons Attribution 4.0 International (CC BY 4.0),data/raw/ocm/OCM-272511.json,https://openchargemap.org/site/poi/details/272511,False
272521,3659.0,BP Pulse (AU),BP Pulse Eastern Creek,BP Truckstop,Eastern Creek,2766,-33.811041669720204,150.85030018744214,$0.55/kWh,Pass by the car bowsers to the left of the store - charger is approximately just across the driveway at the rear corner of the store,Public - Membership Required,Operational,2023-08-09T12:21:00Z,2023-08-09 12:21:00+00:00,2.0,Open Charge Map Contributors,Licensed under Creative Commons Attribution 4.0 International (CC BY 4.0),data/raw/ocm/OCM-272521.json,https://openchargemap.org/site/poi/details/272521,True
272531,3339.0,Chargefox,Moonee Ponds Central,14 - 16 Hall St,Moonee Ponds,3039,-37.76583087874345,144.92352649174768,Free,,Public,Operational,2023-07-14T05:53:00Z,2023-07-14 05:53:00+00:00,1.0,Open Charge Map Contributors,Licensed under Creative Commons Attribution 4.0 International (CC BY 4.0),data/raw/ocm/OCM-272531.json,https://openchargemap.org/site/poi/details/272531,False
272532,3339.0,Chargefox,RMIT Brunswick,25 Dawson St,Brunswick,3056,-37.7716796666272,144.95818485880557,$0.30 per kWh,,Public - Membership Required,Operational,2023-07-14T05:55:00Z,2023-07-14 05:55:00+00:00,1.0,Open Charge Map Contributors,Licensed under Creative Commons Attribution 4.0 International (CC BY 4.0),data/raw/ocm/OCM-272532.json,https://openchargemap.org/site/poi/details/272532,False
272533,3339.0,Chargefox,David Street Car Park,1 David St,Brunswick,3056,-37.771645139851486,144.96173089792444,Free,,Public - Membership Required,Operational,2026-03-09T20:30:00Z,2026-03-09 20:30:00+00:00,2.0,Open Charge Map Contributors,Licensed under Creative Commons Attribution 4.0 International (CC BY 4.0),data/raw/ocm/OCM-272533.json,https://openchargemap.org/site/poi/details/272533,False
272534,3339.0,Chargefox,Fleming Park,4 -6 Cross St,Brunswick East,3057,-37.769132479580406,144.9747860386588,Free,,Public - Membership Required,Operational,2023-07-14T05:59:00Z,2023-07-14 05:59:00+00:00,2.0,Open Charge Map Contributors,Licensed under Creative Commons Attribution 4.0 International (CC BY 4.0),data/raw/ocm/OCM-272534.json,https://openchargemap.org/site/poi/details/272534,False
272535,3339.0,Chargefox,Brighton Council Chambers,1 Tivoli Road,Old Beach,7017,-42.75097184541446,147.27872555026147,Free,,Public - Membership Required,Operational,2023-07-14T06:03:00Z,2023-07-14 06:03:00+00:00,1.0,Open Charge Map Contributors,Licensed under Creative Commons Attribution 4.0 International (CC BY 4.0),data/raw/ocm/OCM-272535.json,https://openchargemap.org/site/poi/details/272535,False
272536,3339.0,Chargefox,Yarra Valley Nissan,460 - 462 Maroondah Highway,Lilydale,3140,-37.754997221186045,145.3637260206866,$0.31 per kWh,,Public - Membership Required,Operational,2023-07-14T06:05:00Z,2023-07-14 06:05:00+00:00,2.0,Open Charge Map Contributors,Licensed under Creative Commons Attribution 4.0 International (CC BY 4.0),data/raw/ocm/OCM-272536.json,https://openchargemap.org/site/poi/details/272536,False
272537,3339.0,Chargefox,Electric Highway Tasmania - Ouse,6955 Lyell Highway,Ouse,7140,-42.48504801756201,146.7100908639125,"0.25 per kWh + 0.15 per minute 9am - 6pm, 0.10 per minute other times",,Public - Membership Required,Operational,2023-07-14T06:08:00Z,2023-07-14 06:08:00+00:00,1.0,Open Charge Map Contributors,Licensed under Creative Commons Attribution 4.0 International (CC BY 4.0),data/raw/ocm/OCM-272537.json,https://openchargemap.org/site/poi/details/272537,True
272540,3339.0,Chargefox,Stewarts Bay Lodge,6955 Arthur Highway,Port Arthur,7182,-43.13907166604574,147.8548439357172,$0.55 per kWh,,Public - Membership Required,Operational,2023-07-14T07:25:00Z,2023-07-14 07:25:00+00:00,2.0,Open Charge Map Contributors,Licensed under Creative Commons Attribution 4.0 International (CC BY 4.0),data/raw/ocm/OCM-272540.json,https://openchargemap.org/site/poi/details/272540,False
272541,3339.0,Chargefox,Dindi Naturals,6572 Maroondah Highway,Yarck,3719,-37.10296645372912,145.61620856939197,Free,,Public - Membership Required,Operational,2023-07-14T07:26:00Z,2023-07-14 07:26:00+00:00,1.0,Open Charge Map Contributors,Licensed under Creative Commons Attribution 4.0 International (CC BY 4.0),data/raw/ocm/OCM-272541.json,https://openchargemap.org/site/poi/details/272541,False
272542,3339.0,Chargefox,Cobblebank Village,201 Ferris Road,,3338,-37.7144019574638,144.60143699904745,Free,,Public - Membership Required,Operational,2023-07-14T13:35:00Z,2023-07-14 13:35:00+00:00,1.0,Open Charge Map Contributors,Licensed under Creative Commons Attribution 4.0 International (CC BY 4.0),data/raw/ocm/OCM-272542.json,https://openchargemap.org/site/poi/details/272542,True
272561,3339.0,Chargefox,Austin Tower Carpark Level B1,145 Studley Road,Heidelberg,3084,-37.75745813437603,145.05918510936715,$0.25 per kWh,,Public - Membership Required,Operational,2023-07-14T13:41:00Z,2023-07-14 13:41:00+00:00,4.0,Open Charge Map Contributors,Licensed under Creative Commons Attribution 4.0 International (CC BY 4.0),data/raw/ocm/OCM-272561.json,https://openchargemap.org/site/poi/details/272561,False
272562,3339.0,Chargefox,Woolworths Heidelberg,451 Lower Heidelberg Road,Heidelberg,3084,-37.75910544295768,145.06876762326635,Free,,Public - Membership Required,Operational,2024-07-03T08:41:00Z,2024-07-03 08:41:00+00:00,16.0,Open Charge Map Contributors,Licensed under Creative Commons Attribution 4.0 International (CC BY 4.0),data/raw/ocm/OCM-272562.json,https://openchargemap.org/site/poi/details/272562,False
272563,3339.0,Chargefox,Deakin University Waurn Ponds,Carpark 1 Kings Way,,3216,-38.19671590570452,144.29935439201148,Free,,Public - Membership Required,Operational,2023-07-14T13:49:00Z,2023-07-14 13:49:00+00:00,4.0,Open Charge Map Contributors,Licensed under Creative Commons Attribution 4.0 International (CC BY 4.0),data/raw/ocm/OCM-272563.json,https://openchargemap.org/site/poi/details/272563,False
272564,3339.0,Chargefox,Midlands Golf Club,330 Heinz Lane,Invermay Park,3350,-37.52794764296954,143.85802750554984,$0.35 per kWh,,Public - Membership Required,Operational,2023-07-14T13:52:00Z,2023-07-14 13:52:00+00:00,6.0,Open Charge Map Contributors,Licensed under Creative Commons Attribution 4.0 International (CC BY 4.0),data/raw/ocm/OCM-272564.json,https://openchargemap.org/site/poi/details/272564,False
272565,3339.0,Chargefox,Callaghan Motors,1165 Raglan Parade,Warnambool,3280,-38.36320203022315,142.4561073425345,$0.50 per kWh,,Public - Membership Required,Operational,2023-07-14T13:54:00Z,2023-07-14 13:54:00+00:00,2.0,Open Charge Map Contributors,Licensed under Creative Commons Attribution 4.0 International (CC BY 4.0),data/raw/ocm/OCM-272565.json,https://openchargemap.org/site/poi/details/272565,False
272566,3339.0,Chargefox,Devon Street Car Park,4 - 16 Devon Street,Croydon,3136,-37.79675756180921,145.27982712620957,Free,,Public - Membership Required,Operational,2023-07-14T17:37:00Z,2023-07-14 17:37:00+00:00,4.0,Open Charge Map Contributors,Licensed under Creative Commons Attribution 4.0 International (CC BY 4.0),data/raw/ocm/OCM-272566.json,https://openchargemap.org/site/poi/details/272566,False
272567,3339.0,Chargefox,Eltham Leisure Centre,40 Brougham Street,Eltham,3095,-37.72302764419204,145.14217983897862,Free,,Public - Membership Required,Operational,2023-07-14T13:59:00Z,2023-07-14 13:59:00+00:00,4.0,Open Charge Map Contributors,Licensed under Creative Commons Attribution 4.0 International (CC BY 4.0),data/raw/ocm/OCM-272567.json,https://openchargemap.org/site/poi/details/272567,False
272568,3339.0,Chargefox,Chadstone Shopping Centre,1341 Dandenong Rd,,3148,-37.884974305769425,145.08243117285895,Free,,Public - Membership Required,Operational,2023-07-14T14:12:00Z,2023-07-14 14:12:00+00:00,6.0,Open Charge Map Contributors,Licensed under Creative Commons Attribution 4.0 International (CC BY 4.0),data/raw/ocm/OCM-272568.json,https://openchargemap.org/site/poi/details/272568,False
272569,3339.0,Chargefox,RACV Solar Grovedale,8 Lewalan Street,Grovedale,3216,-38.197594122360314,144.34487185372615,$0.25 per kWh,,Public - Membership Required,Operational,2023-07-14T14:14:00Z,2023-07-14 14:14:00+00:00,1.0,Open Charge Map Contributors,Licensed under Creative Commons Attribution 4.0 International (CC BY 4.0),data/raw/ocm/OCM-272569.json,https://openchargemap.org/site/poi/details/272569,False
272570,3339.0,Chargefox,Blue Tongue Industries,8 Lewalan St,Grovedale,3216,-38.197502248120415,144.34395122104382,$0.30 per kWh,,Public - Membership Required,Operational,2023-07-14T14:16:00Z,2023-07-14 14:16:00+00:00,1.0,Open Charge Map Contributors,Licensed under Creative Commons Attribution 4.0 International (CC BY 4.0),data/raw/ocm/OCM-272570.json,https://openchargemap.org/site/poi/details/272570,False
272571,3339.0,Chargefox,Wuality Resort Siesta,422 Wagga Road,Lavington,2641,-36.045905,146.943511,Free,,"Private - For Staff, Visitors or Customers",Operational,2023-07-14T14:20:00Z,2023-07-14 14:20:00+00:00,4.0,Open Charge Map Contributors,Licensed under Creative Commons Attribution 4.0 International (CC BY 4.0),data/raw/ocm/OCM-272571.json,https://openchargemap.org/site/poi/details/272571,False
272572,3339.0,Chargefox,Armstrong Creek East Community Hub,46 Central Boulevard,Armstrong Creek,3217,-38.231759419255376,144.36927996323692,Free,,Public - Membership Required,Operational,2023-07-14T14:24:00Z,2023-07-14 14:24:00+00:00,6.0,Open Charge Map Contributors,Licensed under Creative Commons Attribution 4.0 International (CC BY 4.0),data/raw/ocm/OCM-272572.json,https://openchargemap.org/site/poi/details/272572,False
272573,3339.0,Chargefox,50 Learmonth Street,50 Learmonth Street,Queenscliff,3225,-38.26770792670353,144.6589785355144,$0.45 per kWh,,Public - Membership Required,Operational,2023-07-14T14:26:00Z,2023-07-14 14:26:00+00:00,2.0,Open Charge Map Contributors,Licensed under Creative Commons Attribution 4.0 International (CC BY 4.0),data/raw/ocm/OCM-272573.json,https://openchargemap.org/site/poi/details/272573,True
272574,3339.0,Chargefox,Electric Highway Tasmania - Triabunna,3A Vicary Street,Triabunna,7190,-42.50810955517955,147.91002661194875,,,Public - Membership Required,Operational,2023-07-14T14:34:00Z,2023-07-14 14:34:00+00:00,2.0,Open Charge Map Contributors,Licensed under Creative Commons Attribution 4.0 International (CC BY 4.0),data/raw/ocm/OCM-272574.json,https://openchargemap.org/site/poi/details/272574,True
272592,3529.0,JOLT,Jolt Bayswster,Station Street,,3153,-37.84108696617519,145.2666187431746,"First 7kWh free, then $0.40 per kWh thereafter. $5/hr idle time",,Public - Membership Required,Operational,2023-07-15T02:32:00Z,2023-07-15 02:32:00+00:00,1.0,Open Charge Map Contributors,Licensed under Creative Commons Attribution 4.0 International (CC BY 4.0),data/raw/ocm/OCM-272592.json,https://openchargemap.org/site/poi/details/272592,True
272598,3339.0,Chargefox,George Town Council Chambers,16 - 18 Anne Street,George Town,7253,-41.105627281858055,146.82315392988272,$0.40 - $0.55/kWh,,Public - Membership Required,Operational,2024-09-27T12:46:00Z,2024-09-27 12:46:00+00:00,1.0,Open Charge Map Contributors,Licensed under Creative Commons Attribution 4.0 International (CC BY 4.0),data/raw/ocm/OCM-272598.json,https://openchargemap.org/site/poi/details/272598,True
272599,3339.0,Chargefox,Inveresk QVMAG Car Park,2 Invermay Road,Invermay,7250,-41.425875,147.139979,$0.30/kWh,,Public - Membership Required,Operational,2023-07-15T06:46:00Z,2023-07-15 06:46:00+00:00,1.0,Open Charge Map Contributors,Licensed under Creative Commons Attribution 4.0 International (CC BY 4.0),data/raw/ocm/OCM-272599.json,https://openchargemap.org/site/poi/details/272599,False
272600,3339.0,Chargefox,Electric Highway Tasmania - Cygnet,14 Mary Street,Cygnet,7112,-43.161979080863325,147.07772323414196,$0.27 - $0.40/kWh,,Public - Membership Required,Operational,2023-07-15T06:49:00Z,2023-07-15 06:49:00+00:00,1.0,Open Charge Map Contributors,Licensed under Creative Commons Attribution 4.0 International (CC BY 4.0),data/raw/ocm/OCM-272600.json,https://openchargemap.org/site/poi/details/272600,True
272601,3339.0,Chargefox,Mansi on Raymond,476 Raymond Street,Sale,3850,-38.101629,147.065543,$0.40/kWh,,Public - Membership Required,Operational,2023-07-15T06:53:00Z,2023-07-15 06:53:00+00:00,1.0,Open Charge Map Contributors,Licensed under Creative Commons Attribution 4.0 International (CC BY 4.0),data/raw/ocm/OCM-272601.json,https://openchargemap.org/site/poi/details/272601,False
272602,3339.0,Chargefox,Rocket @ The End Of The Road,8856 Huon Highway,Southport,7109,-43.43165,146.97408,$0.50/kWh,,Public - Membership Required,Operational,2023-07-15T06:55:00Z,2023-07-15 06:55:00+00:00,1.0,Open Charge Map Contributors,Licensed under Creative Commons Attribution 4.0 International (CC BY 4.0),data/raw/ocm/OCM-272602.json,https://openchargemap.org/site/poi/details/272602,False
272603,3339.0,Chargefox,The Isla,222 Beach Road,Batehaven,2536,-35.731097,150.197277,$0.60/kWh,,Public - Membership Required,Operational,2023-07-15T06:56:00Z,2023-07-15 06:56:00+00:00,1.0,Open Charge Map Contributors,Licensed under Creative Commons Attribution 4.0 International (CC BY 4.0),data/raw/ocm/OCM-272603.json,https://openchargemap.org/site/poi/details/272603,False
272604,3339.0,Chargefox,Electric Highway Tasmania - Fingal,17A Talbot Street,Fingal,7214,-41.638,147.9681,$0.27 - $0.40/kWh,,Public - Membership Required,Operational,2023-07-15T07:00:00Z,2023-07-15 07:00:00+00:00,1.0,Open Charge Map Contributors,Licensed under Creative Commons Attribution 4.0 International (CC BY 4.0),data/raw/ocm/OCM-272604.json,https://openchargemap.org/site/poi/details/272604,True
272605,3339.0,Chargefox,Electric Highway Tasmania - Derby,99 Main Street,Derby,7264,-41.149411,147.803691,$0.27 - $0.40/kWh,,Public - Membership Required,Operational,2023-07-15T07:03:00Z,2023-07-15 07:03:00+00:00,1.0,Open Charge Map Contributors,Licensed under Creative Commons Attribution 4.0 International (CC BY 4.0),data/raw/ocm/OCM-272605.json,https://openchargemap.org/site/poi/details/272605,True
272606,3339.0,Chargefox,Electric Highway Tasmania - Dunalley,Imlay Street,Dunalley,7127,-42.886808,147.81389,$0.40 - $0.50/kWh,,Public - Membership Required,Operational,2023-07-15T07:05:00Z,2023-07-15 07:05:00+00:00,1.0,Open Charge Map Contributors,Licensed under Creative Commons Attribution 4.0 International (CC BY 4.0),data/raw/ocm/OCM-272606.json,https://openchargemap.org/site/poi/details/272606,True
272607,3339.0,Chargefox,Electric Highway Tasmania - Maydena,38a Kallista Road,Maydena,7140,-42.754949,146.628993,$0.27 - $0.40/kWh,,Public - Membership Required,Operational,2023-07-15T07:12:00Z,2023-07-15 07:12:00+00:00,1.0,Open Charge Map Contributors,Licensed under Creative Commons Attribution 4.0 International (CC BY 4.0),data/raw/ocm/OCM-272607.json,https://openchargemap.org/site/poi/details/272607,True
272608,3339.0,Chargefox,Strata Equity – Hunter Werribee,22 Synnot Street,Werribee,3030,-37.901930594530896,144.6625784145474,Free,,Public - Membership Required,Operational,2023-07-15T07:15:00Z,2023-07-15 07:15:00+00:00,3.0,Open Charge Map Contributors,Licensed under Creative Commons Attribution 4.0 International (CC BY 4.0),data/raw/ocm/OCM-272608.json,https://openchargemap.org/site/poi/details/272608,False
272610,3339.0,Chargefox,10 Esplanade,The Esplanade,Strahan,7468,-42.155391,145.32604,$0.40 - $0.52/kWh,,Public - Membership Required,Operational,2023-07-15T07:25:00Z,2023-07-15 07:25:00+00:00,1.0,Open Charge Map Contributors,Licensed under Creative Commons Attribution 4.0 International (CC BY 4.0),data/raw/ocm/OCM-272610.json,https://openchargemap.org/site/poi/details/272610,True
272611,3339.0,Chargefox,Motors Devonport,1 Don Road,Devonport,7310,-41.179441,146.341294,$0.23/kWh,,Public - Membership Required,Operational,2023-07-15T07:29:00Z,2023-07-15 07:29:00+00:00,1.0,Open Charge Map Contributors,Licensed under Creative Commons Attribution 4.0 International (CC BY 4.0),data/raw/ocm/OCM-272611.json,https://openchargemap.org/site/poi/details/272611,True
272612,3339.0,Chargefox,Bendigo Kangan Institute,62-104 Charleston Road,East Bendigo,3550,-36.7527695,144.2940181,$0.40/kWh,,Public - Membership Required,Operational,2023-07-15T07:35:00Z,2023-07-15 07:35:00+00:00,2.0,Open Charge Map Contributors,Licensed under Creative Commons Attribution 4.0 International (CC BY 4.0),data/raw/ocm/OCM-272612.json,https://openchargemap.org/site/poi/details/272612,True
272613,3339.0,Chargefox,TLE Electrical Artarmon,65 Reserve Road,St Leonards,2065,-33.81845312500111,151.18932889926964,$0.30/kWh,,Public - Membership Required,Operational,2023-07-15T07:52:00Z,2023-07-15 07:52:00+00:00,1.0,Open Charge Map Contributors,Licensed under Creative Commons Attribution 4.0 International (CC BY 4.0),data/raw/ocm/OCM-272613.json,https://openchargemap.org/site/poi/details/272613,True
272614,3339.0,Chargefox,Mirvac South Eveleigh,2 Central Avenue,Eveleigh,2015,-33.8955812,151.1958121,Free,,Public - Membership Required,Operational,2023-07-15T07:56:00Z,2023-07-15 07:56:00+00:00,4.0,Open Charge Map Contributors,Licensed under Creative Commons Attribution 4.0 International (CC BY 4.0),data/raw/ocm/OCM-272614.json,https://openchargemap.org/site/poi/details/272614,True
272615,3339.0,Chargefox,ENGIE - Warriewood Square,12 Jacksons Road,Warriewood,2101,-33.695602,151.2962878,$0.45/kWh,,Public - Membership Required,Operational,2023-07-15T07:59:00Z,2023-07-15 07:59:00+00:00,2.0,Open Charge Map Contributors,Licensed under Creative Commons Attribution 4.0 International (CC BY 4.0),data/raw/ocm/OCM-272615.json,https://openchargemap.org/site/poi/details/272615,True
272616,3339.0,Chargefox,NRMA - Sydney,4 Defries Avenue,Zetland,2017,-33.9055215,151.2128,$0.45 - $0.60/kWh,,Public - Membership Required,Operational,2023-07-15T08:58:00Z,2023-07-15 08:58:00+00:00,4.0,Open Charge Map Contributors,Licensed under Creative Commons Attribution 4.0 International (CC BY 4.0),data/raw/ocm/OCM-272616.json,https://openchargemap.org/site/poi/details/272616,True
272617,3339.0,Chargefox,ENGIE - Roselands Shopping Centre,24 Roselands Drive,Roselands,2196,-33.935,151.069205,$0.45/kWh,,Public - Membership Required,Operational,2023-07-15T09:01:00Z,2023-07-15 09:01:00+00:00,2.0,Open Charge Map Contributors,Licensed under Creative Commons Attribution 4.0 International (CC BY 4.0),data/raw/ocm/OCM-272617.json,https://openchargemap.org/site/poi/details/272617,True
272618,3339.0,Chargefox,ENGIE - DFO Homebush,3 -5 Underwood Road,Homebush,2140,-33.855576,151.076681,$0.45/kWh,,Public - Membership Required,Operational,2023-07-16T13:41:00Z,2023-07-16 13:41:00+00:00,2.0,Open Charge Map Contributors,Licensed under Creative Commons Attribution 4.0 International (CC BY 4.0),data/raw/ocm/OCM-272618.json,https://openchargemap.org/site/poi/details/272618,True
272619,3339.0,Chargefox,The Heffron Centre,439 Bunnerong Road,Chifley,2036,-33.97374,151.236646,Free - $0.42/kWh,,Public - Membership Required,Operational,2023-07-15T09:08:00Z,2023-07-15 09:08:00+00:00,8.0,Open Charge Map Contributors,Licensed under Creative Commons Attribution 4.0 International (CC BY 4.0),data/raw/ocm/OCM-272619.json,https://openchargemap.org/site/poi/details/272619,True
272620,3339.0,Chargefox,Berowra Tennis Centre,6 Boundary Street,Berowra,2081,-33.621379,151.1494478,$0.60/kWh,,Public - Membership Required,Operational,2023-07-15T09:11:00Z,2023-07-15 09:11:00+00:00,2.0,Open Charge Map Contributors,Licensed under Creative Commons Attribution 4.0 International (CC BY 4.0),data/raw/ocm/OCM-272620.json,https://openchargemap.org/site/poi/details/272620,True
272622,3339.0,Chargefox,Pennant Hills Toyota,330 Pennant Hills Road,Pennant Hills,2120,-33.7366211,151.0743388,$0.60/kWh,,Public - Membership Required,Operational,2023-07-15T09:21:00Z,2023-07-15 09:21:00+00:00,2.0,Open Charge Map Contributors,Licensed under Creative Commons Attribution 4.0 International (CC BY 4.0),data/raw/ocm/OCM-272622.json,https://openchargemap.org/site/poi/details/272622,True
272624,3339.0,Chargefox,ENGIE - Greenway Wetherill Park,1183-1187 The Horsley Drive,Wetherill Park,2164,-33.850403,150.89840155,$0.55/kWh,,Public - Membership Required,Operational,2023-07-15T09:24:00Z,2023-07-15 09:24:00+00:00,2.0,Open Charge Map Contributors,Licensed under Creative Commons Attribution 4.0 International (CC BY 4.0),data/raw/ocm/OCM-272624.json,https://openchargemap.org/site/poi/details/272624,True
272627,3398.0,Evie,Macquarie Centre,Cnr Herring Rd & Waterloo Rd,North Ryde,2113,-33.777565954445315,151.12056384466786,,,Public - Membership Required,Operational,2026-03-05T06:26:00Z,2026-03-05 06:26:00+00:00,2.0,Open Charge Map Contributors,Licensed under Creative Commons Attribution 4.0 International (CC BY 4.0),data/raw/ocm/OCM-272627.json,https://openchargemap.org/site/poi/details/272627,True
272628,3398.0,Evie,Brickworks Ferry Road,107 Ferry Rd,Southport,4215,-27.980749,153.409711,,,Public - Membership Required,Operational,2023-07-15T12:01:00Z,2023-07-15 12:01:00+00:00,2.0,Open Charge Map Contributors,Licensed under Creative Commons Attribution 4.0 International (CC BY 4.0),data/raw/ocm/OCM-272628.json,https://openchargemap.org/site/poi/details/272628,True
272629,3398.0,Evie,Robina Central,8 Laver Dr,Robina,4226,-28.081588,153.381888,,,Public - Membership Required,Operational,2023-07-15T12:00:00Z,2023-07-15 12:00:00+00:00,4.0,Open Charge Map Contributors,Licensed under Creative Commons Attribution 4.0 International (CC BY 4.0),data/raw/ocm/OCM-272629.json,https://openchargemap.org/site/poi/details/272629,True
272630,3398.0,Evie,Royal Randwick,73 Belmore Road,Randwick,2031,-33.915187,151.240972,,,Public - Membership Required,Operational,2023-07-15T12:06:00Z,2023-07-15 12:06:00+00:00,2.0,Open Charge Map Contributors,Licensed under Creative Commons Attribution 4.0 International (CC BY 4.0),data/raw/ocm/OCM-272630.json,https://openchargemap.org/site/poi/details/272630,True
272631,3398.0,Evie,Evie Darwin,96 Mitchell Street NT,Darwin,0800,-12.459284,130.836153,,,Public - Membership Required,Operational,2023-07-15T12:09:00Z,2023-07-15 12:09:00+00:00,2.0,Open Charge Map Contributors,Licensed under Creative Commons Attribution 4.0 International (CC BY 4.0),data/raw/ocm/OCM-272631.json,https://openchargemap.org/site/poi/details/272631,True
272632,3398.0,Evie,Civic Plaza 88 Christie,88 Christie St,St Leonards,2065,-33.823861,151.195326,,,Public - Membership Required,Operational,2023-07-15T12:12:00Z,2023-07-15 12:12:00+00:00,2.0,Open Charge Map Contributors,Licensed under Creative Commons Attribution 4.0 International (CC BY 4.0),data/raw/ocm/OCM-272632.json,https://openchargemap.org/site/poi/details/272632,True
272633,3398.0,Evie,Belrose Home,4-6 Niangala Close,Belrose,2085,-33.703118,151.212917,,,Public - Membership Required,Operational,2023-07-15T12:14:00Z,2023-07-15 12:14:00+00:00,2.0,Open Charge Map Contributors,Licensed under Creative Commons Attribution 4.0 International (CC BY 4.0),data/raw/ocm/OCM-272633.json,https://openchargemap.org/site/poi/details/272633,True
272634,3398.0,Evie,Eastgate Bondi Junction,"91 Spring St , NSW 2022",Bondi Junction,2022,-33.892967,151.248028,,,Public - Membership Required,Operational,2023-07-15T12:17:00Z,2023-07-15 12:17:00+00:00,2.0,Open Charge Map Contributors,Licensed under Creative Commons Attribution 4.0 International (CC BY 4.0),data/raw/ocm/OCM-272634.json,https://openchargemap.org/site/poi/details/272634,True
272635,3398.0,Evie,BP Caringbah,54-76 Captain Cook Drive,Caringbah,2229,-34.03295211277035,151.12520883189632,,,Public - Membership Required,Operational,2023-07-15T12:20:00Z,2023-07-15 12:20:00+00:00,2.0,Open Charge Map Contributors,Licensed under Creative Commons Attribution 4.0 International (CC BY 4.0),data/raw/ocm/OCM-272635.json,https://openchargemap.org/site/poi/details/272635,True
272636,3398.0,Evie,Red Rooster ,3293 McMillians Road,Marrara,0812,-12.396092,130.8968483,,,Public - Membership Required,Operational,2023-07-15T12:24:00Z,2023-07-15 12:24:00+00:00,2.0,Open Charge Map Contributors,Licensed under Creative Commons Attribution 4.0 International (CC BY 4.0),data/raw/ocm/OCM-272636.json,https://openchargemap.org/site/poi/details/272636,True
272637,3398.0,Evie,Allambie Grove Business Park,25 Frenchs Forest Rd E,Frenchs Forest,2086,-33.751303,151.2433284,,,Public - Membership Required,Operational,2023-07-15T12:27:00Z,2023-07-15 12:27:00+00:00,4.0,Open Charge Map Contributors,Licensed under Creative Commons Attribution 4.0 International (CC BY 4.0),data/raw/ocm/OCM-272637.json,https://openchargemap.org/site/poi/details/272637,True
272638,3398.0,Evie,Gasworks Plaza,76 Skyring Terrace,Newstead,4006,-27.4504829,153.0443855,,,Public - Membership Required,Operational,2023-07-15T13:24:00Z,2023-07-15 13:24:00+00:00,2.0,Open Charge Map Contributors,Licensed under Creative Commons Attribution 4.0 International (CC BY 4.0),data/raw/ocm/OCM-272638.json,https://openchargemap.org/site/poi/details/272638,True
272639,3398.0,Evie,Bundamba,60 Hawkins Cres,Bundamba,4304,-27.588131,152.821959,,,Public - Membership Required,Operational,2023-07-15T13:31:00Z,2023-07-15 13:31:00+00:00,2.0,Open Charge Map Contributors,Licensed under Creative Commons Attribution 4.0 International (CC BY 4.0),data/raw/ocm/OCM-272639.json,https://openchargemap.org/site/poi/details/272639,True
272640,3398.0,Evie,Birkdale Fair,190 Birkdale Road,Birkdale,4159,-27.4915472,153.2179852,,,Public - Membership Required,Operational,2023-07-15T13:39:00Z,2023-07-15 13:39:00+00:00,2.0,Open Charge Map Contributors,Licensed under Creative Commons Attribution 4.0 International (CC BY 4.0),data/raw/ocm/OCM-272640.json,https://openchargemap.org/site/poi/details/272640,True
272641,3398.0,Evie,Ashfield Mall,260A Liverpool Rd,Ashfield,2131,-33.8895642,151.1235986,,,Public - Membership Required,Operational,2023-07-15T13:50:00Z,2023-07-15 13:50:00+00:00,2.0,Open Charge Map Contributors,Licensed under Creative Commons Attribution 4.0 International (CC BY 4.0),data/raw/ocm/OCM-272641.json,https://openchargemap.org/site/poi/details/272641,True
272642,3398.0,Evie,Montague Markets,405 Montague Rd,West End,4101,-27.4856857,153.00120821,,,Public - Membership Required,Operational,2023-07-15T13:52:00Z,2023-07-15 13:52:00+00:00,2.0,Open Charge Map Contributors,Licensed under Creative Commons Attribution 4.0 International (CC BY 4.0),data/raw/ocm/OCM-272642.json,https://openchargemap.org/site/poi/details/272642,True
272643,3398.0,Evie,Lutwyche Market Central,543 Lutwyche Road,Lutwyche,4030,-27.422167,153.034685,,,Public - Membership Required,Operational,2023-07-15T13:57:00Z,2023-07-15 13:57:00+00:00,2.0,Open Charge Map Contributors,Licensed under Creative Commons Attribution 4.0 International (CC BY 4.0),data/raw/ocm/OCM-272643.json,https://openchargemap.org/site/poi/details/272643,True
272644,3398.0,Evie,Northpoint Shopping Centre,103A North St,Harlaxton,4350,-27.541346,151.952256,,,Public - Membership Required,Operational,2023-07-15T14:00:00Z,2023-07-15 14:00:00+00:00,2.0,Open Charge Map Contributors,Licensed under Creative Commons Attribution 4.0 International (CC BY 4.0),data/raw/ocm/OCM-272644.json,https://openchargemap.org/site/poi/details/272644,True
272661,1.0,(unknown operator),Billabong Trailer Park,North West Coastal Highway,Billabong Hotel Motel,,-26.817509801079424,114.61472149842416,,,Public - Pay At Location,Operational,2024-11-15T08:43:00Z,2024-11-15 08:43:00+00:00,1.0,Open Charge Map Contributors,Licensed under Creative Commons Attribution 4.0 International (CC BY 4.0),data/raw/ocm/OCM-272661.json,https://openchargemap.org/site/poi/details/272661,False
272665,3339.0,Chargefox,"Elizabeth City Centre, ",Shop 95c/50 Elizabeth Way,Elizabeth ,5112,-34.7189959,138.6663354,$0.45 per kWh (at all times),,Public - Membership Required,Operational,2023-07-16T06:21:00Z,2023-07-16 06:21:00+00:00,1.0,Open Charge Map Contributors,Licensed under Creative Commons Attribution 4.0 International (CC BY 4.0),data/raw/ocm/OCM-272665.json,https://openchargemap.org/site/poi/details/272665,True
272666,3339.0,Chargefox,Barossa Central Shopping Centre,1 Murray Street,Nurioopta,5355,-34.4790652,138.9615012,Payment Required Evening peak 68c kWh (5:00pm to 10:00pm) Standard 59c kWh (all other times),,Public - Membership Required,Operational,2023-07-16T06:32:00Z,2023-07-16 06:32:00+00:00,,Open Charge Map Contributors,Licensed under Creative Commons Attribution 4.0 International (CC BY 4.0),data/raw/ocm/OCM-272666.json,https://openchargemap.org/site/poi/details/272666,True
272670,3398.0,Evie,Caloundra Shopping Centre,47 Bowman Road,Caloundra,4551,-26.803426,153.12491,,,Public - Membership Required,Operational,2025-10-13T23:15:00Z,2025-10-13 23:15:00+00:00,2.0,Open Charge Map Contributors,Licensed under Creative Commons Attribution 4.0 International (CC BY 4.0),data/raw/ocm/OCM-272670.json,https://openchargemap.org/site/poi/details/272670,True
272671,3398.0,Evie,Pacific Fair,"2726 Hooker Blvd , QLD 4218",Broadbeach,4218,-28.0353512,153.4274028,,,Public - Membership Required,Operational,2023-07-16T12:38:00Z,2023-07-16 12:38:00+00:00,2.0,Open Charge Map Contributors,Licensed under Creative Commons Attribution 4.0 International (CC BY 4.0),data/raw/ocm/OCM-272671.json,https://openchargemap.org/site/poi/details/272671,True
272672,3398.0,Evie,Victoria Point,349-369 Colburn Avenue,Victoria Point,4165,-27.5867871,153.283693717,,,Public - Membership Required,Operational,2023-07-16T12:41:00Z,2023-07-16 12:41:00+00:00,2.0,Open Charge Map Contributors,Licensed under Creative Commons Attribution 4.0 International (CC BY 4.0),data/raw/ocm/OCM-272672.json,https://openchargemap.org/site/poi/details/272672,True
272673,3398.0,Evie,Leichhardt Marketplace,128 Flood Street,Leichhardt,2040,-33.883514,151.150017,,,Public - Membership Required,Operational,2023-07-16T12:44:00Z,2023-07-16 12:44:00+00:00,2.0,Open Charge Map Contributors,Licensed under Creative Commons Attribution 4.0 International (CC BY 4.0),data/raw/ocm/OCM-272673.json,https://openchargemap.org/site/poi/details/272673,True
272674,3398.0,Evie,Noosa Village,27 Mary St,Noosaville,4566,-26.400474,153.064833,,,Public - Membership Required,Operational,2023-07-16T12:49:00Z,2023-07-16 12:49:00+00:00,2.0,Open Charge Map Contributors,Licensed under Creative Commons Attribution 4.0 International (CC BY 4.0),data/raw/ocm/OCM-272674.json,https://openchargemap.org/site/poi/details/272674,True
272675,3398.0,Evie,Swansea,152 Pacific Hwy,,2281,-33.0833,151.6333,,,Public - Membership Required,Operational,2023-07-16T12:52:00Z,2023-07-16 12:52:00+00:00,2.0,Open Charge Map Contributors,Licensed under Creative Commons Attribution 4.0 International (CC BY 4.0),data/raw/ocm/OCM-272675.json,https://openchargemap.org/site/poi/details/272675,True
272676,3398.0,Evie,Jindalee Home,168 Sinnamon Road,Jindalee,4073,-27.533780259789047,152.94849091743436,,,Public - Membership Required,Operational,2023-07-16T12:54:00Z,2023-07-16 12:54:00+00:00,2.0,Open Charge Map Contributors,Licensed under Creative Commons Attribution 4.0 International (CC BY 4.0),data/raw/ocm/OCM-272676.json,https://openchargemap.org/site/poi/details/272676,True
272684,3398.0,Evie,BP Ashfield,586A Parramatta Rd,Croydon,2132,-33.87421821418127,151.12682969039508,,,Public - Membership Required,Operational,2023-07-16T21:56:00Z,2023-07-16 21:56:00+00:00,2.0,Open Charge Map Contributors,Licensed under Creative Commons Attribution 4.0 International (CC BY 4.0),data/raw/ocm/OCM-272684.json,https://openchargemap.org/site/poi/details/272684,True
272685,3398.0,Evie,Springwood,17-27 Cinderella Drive,Springwood,4127,-27.612304,153.124421,,,Public - Membership Required,Operational,2023-07-16T21:58:00Z,2023-07-16 21:58:00+00:00,2.0,Open Charge Map Contributors,Licensed under Creative Commons Attribution 4.0 International (CC BY 4.0),data/raw/ocm/OCM-272685.json,https://openchargemap.org/site/poi/details/272685,True
272686,3398.0,Evie,Raglan Street West,188 Raglan St,Mosman,2088,-33.83121718107124,151.24368057896396,,,Public - Membership Required,Operational,2023-07-16T22:00:00Z,2023-07-16 22:00:00+00:00,1.0,Open Charge Map Contributors,Licensed under Creative Commons Attribution 4.0 International (CC BY 4.0),data/raw/ocm/OCM-272686.json,https://openchargemap.org/site/poi/details/272686,True
272687,3398.0,Evie,Brendale Service Centre,2 Linkfield Road,Brendale,4500,-27.328346265392916,152.98746683129355,,,Public - Membership Required,Operational,2023-07-17T06:54:00Z,2023-07-17 06:54:00+00:00,1.0,Open Charge Map Contributors,Licensed under Creative Commons Attribution 4.0 International (CC BY 4.0),data/raw/ocm/OCM-272687.json,https://openchargemap.org/site/poi/details/272687,True
272688,3398.0,Evie,Casula Mall,1 Ingham Dr,Casula,2170,-33.947906375047246,150.90105410921717,,,Public - Membership Required,Operational,2023-07-16T22:04:00Z,2023-07-16 22:04:00+00:00,2.0,Open Charge Map Contributors,Licensed under Creative Commons Attribution 4.0 International (CC BY 4.0),data/raw/ocm/OCM-272688.json,https://openchargemap.org/site/poi/details/272688,True
272689,3398.0,Evie,Dorhauer Lane,Dorhauer Lane,Woollahra,2025,-33.88847179022024,151.23760032945688,,,Public - Membership Required,Operational,2023-07-16T22:09:00Z,2023-07-16 22:09:00+00:00,1.0,Open Charge Map Contributors,Licensed under Creative Commons Attribution 4.0 International (CC BY 4.0),data/raw/ocm/OCM-272689.json,https://openchargemap.org/site/poi/details/272689,True
272693,3398.0,Evie,Jamisontown,221 Wolseley Street,Jamisontown,2750,-33.770379031934034,150.67371849780716,,,Public - Membership Required,Operational,2023-07-16T23:05:00Z,2023-07-16 23:05:00+00:00,2.0,Open Charge Map Contributors,Licensed under Creative Commons Attribution 4.0 International (CC BY 4.0),data/raw/ocm/OCM-272693.json,https://openchargemap.org/site/poi/details/272693,True
272694,3398.0,Evie,Northbridge Plaza,9 Eastern Valley Way,Northbridge,2063,-33.809374,151.208591,,,Public - Membership Required,Operational,2023-07-16T23:09:00Z,2023-07-16 23:09:00+00:00,1.0,Open Charge Map Contributors,Licensed under Creative Commons Attribution 4.0 International (CC BY 4.0),data/raw/ocm/OCM-272694.json,https://openchargemap.org/site/poi/details/272694,True
272695,1.0,(unknown operator),Best Western Ranges Hotel,1090 De Witt Road,Karratha,6714,-20.752161296542837,116.84864209690846,Per agreement with front desk.,,Public,Operational,2023-07-17T00:36:00Z,2023-07-17 00:36:00+00:00,2.0,Open Charge Map Contributors,Licensed under Creative Commons Attribution 4.0 International (CC BY 4.0),data/raw/ocm/OCM-272695.json,https://openchargemap.org/site/poi/details/272695,False
272700,3398.0,Evie,Red Rooster Guildford,322 Woodville Road,Guildford,2161,-33.85283452159095,150.99575854229482,,,Public - Membership Required,Operational,2023-07-17T06:55:00Z,2023-07-17 06:55:00+00:00,2.0,Open Charge Map Contributors,Licensed under Creative Commons Attribution 4.0 International (CC BY 4.0),data/raw/ocm/OCM-272700.json,https://openchargemap.org/site/poi/details/272700,True
272701,3398.0,Evie,Indooroopilly,34 Stamford Rd,Indooroopilly,4068,-27.49838316297592,152.97362245069473,,,Public - Membership Required,Operational,2023-07-17T06:52:00Z,2023-07-17 06:52:00+00:00,1.0,Open Charge Map Contributors,Licensed under Creative Commons Attribution 4.0 International (CC BY 4.0),data/raw/ocm/OCM-272701.json,https://openchargemap.org/site/poi/details/272701,True
272702,3398.0,Evie,The Station Oxley,72 Cook Street,Oxley,4075,-27.553059245373817,152.97525758314129,,,Public - Membership Required,Operational,2023-07-17T06:54:00Z,2023-07-17 06:54:00+00:00,1.0,Open Charge Map Contributors,Licensed under Creative Commons Attribution 4.0 International (CC BY 4.0),data/raw/ocm/OCM-272702.json,https://openchargemap.org/site/poi/details/272702,True
272707,3339.0,Chargefox,Miami Aquatic Centre,80 Pacific Avenue,Miami,4220,-28.061726469417813,153.4293860165546,,,Public - Membership Required,Operational,2023-07-17T11:22:00Z,2023-07-17 11:22:00+00:00,1.0,Open Charge Map Contributors,Licensed under Creative Commons Attribution 4.0 International (CC BY 4.0),data/raw/ocm/OCM-272707.json,https://openchargemap.org/site/poi/details/272707,True
272708,3339.0,Chargefox,ENGIE - Lake Haven Centre,Lake Haven Drive,Lake Haven,2263,-33.24078932377033,151.50325247968817,,,Public - Membership Required,Operational,2023-07-17T12:19:00Z,2023-07-17 12:19:00+00:00,2.0,Open Charge Map Contributors,Licensed under Creative Commons Attribution 4.0 International (CC BY 4.0),data/raw/ocm/OCM-272708.json,https://openchargemap.org/site/poi/details/272708,True
272709,3317.0,queensland electric super highway,Electric Highway - Esk,Pryde Street,Esk,,-27.239039102114774,152.42027885374284,$0.30/kWh,,Public - Membership Required,Operational,2023-07-17T12:37:00Z,2023-07-17 12:37:00+00:00,2.0,Open Charge Map Contributors,Licensed under Creative Commons Attribution 4.0 International (CC BY 4.0),data/raw/ocm/OCM-272709.json,https://openchargemap.org/site/poi/details/272709,True
272711,3339.0,Chargefox,Bus Stop Sales - Rocklea,1543 Ipswich Road,Rocklea,4106,-27.552386663917353,153.00880127325075,,,Public - Membership Required,Operational,2023-07-17T12:39:00Z,2023-07-17 12:39:00+00:00,1.0,Open Charge Map Contributors,Licensed under Creative Commons Attribution 4.0 International (CC BY 4.0),data/raw/ocm/OCM-272711.json,https://openchargemap.org/site/poi/details/272711,True
272712,3339.0,Chargefox,Gold Coast Sports & Leisure Centre,296 Nerang - Broadbeach Road,Carrara,4214,-28.004299394733387,153.36456618761417,,,Public - Membership Required,Operational,2023-07-17T12:45:00Z,2023-07-17 12:45:00+00:00,1.0,Open Charge Map Contributors,Licensed under Creative Commons Attribution 4.0 International (CC BY 4.0),data/raw/ocm/OCM-272712.json,https://openchargemap.org/site/poi/details/272712,True
272713,3339.0,Chargefox,Electric Highway - Ipswich,56 South Street,Ipswich,4305,-27.616321690924863,152.75861722481307,,,Public - Membership Required,Operational,2023-07-17T12:51:00Z,2023-07-17 12:51:00+00:00,2.0,Open Charge Map Contributors,Licensed under Creative Commons Attribution 4.0 International (CC BY 4.0),data/raw/ocm/OCM-272713.json,https://openchargemap.org/site/poi/details/272713,True
272714,3339.0,Chargefox,Electric Highway - Dingo,2 Palmer Street,Dingo,4702,-23.646873090081343,149.3325053332834,,,Public - Membership Required,Operational,2023-07-17T13:39:00Z,2023-07-17 13:39:00+00:00,1.0,Open Charge Map Contributors,Licensed under Creative Commons Attribution 4.0 International (CC BY 4.0),data/raw/ocm/OCM-272714.json,https://openchargemap.org/site/poi/details/272714,True
272784,3609.0,Everty,Lancaster Motor Group,1 waddells lane ,Singleton,2330,-32.576825359627556,151.18453691259265,.35,Monday - Friday 7:30am to 5pm,Public,Operational,2023-08-24T08:47:00Z,2023-08-24 08:47:00+00:00,2.0,Open Charge Map Contributors,Licensed under Creative Commons Attribution 4.0 International (CC BY 4.0),data/raw/ocm/OCM-272784.json,https://openchargemap.org/site/poi/details/272784,False
272905,3626.0,wa ev network (au),Billabong Homestead Hotel,,,,-26.81653584774535,114.6141092018064,DC Charging $0.60 per kWh at all times.,,Public,Operational,2024-09-06T12:00:00Z,2024-09-06 12:00:00+00:00,2.0,Open Charge Map Contributors,Licensed under Creative Commons Attribution 4.0 International (CC BY 4.0),data/raw/ocm/OCM-272905.json,https://openchargemap.org/site/poi/details/272905,True
273073,3626.0,wa ev network (au),Warmun Roadhouse (WA EV Network),"Lot 22, Great Northern Highway",Warmun,6743,-17.017056005797656,128.21775683357424,"High power DC $0.60 per kWh, low power AC $0.35 per kWh.",,Public,Operational,2023-10-20T03:16:00Z,2023-10-20 03:16:00+00:00,2.0,Open Charge Map Contributors,Licensed under Creative Commons Attribution 4.0 International (CC BY 4.0),data/raw/ocm/OCM-273073.json,https://openchargemap.org/site/poi/details/273073,True
273194,3339.0,Chargefox,Hepburn Springs Bathhouse,1 Mineral Springs Reserve Road,Hepburn Springs,3461,-37.31033013058219,144.14010887525797,$0.45 per kWh,,Public - Membership Required,Operational,2023-07-28T08:17:00Z,2023-07-28 08:17:00+00:00,2.0,Open Charge Map Contributors,Licensed under Creative Commons Attribution 4.0 International (CC BY 4.0),data/raw/ocm/OCM-273194.json,https://openchargemap.org/site/poi/details/273194,True
273195,3339.0,Chargefox,Byron Bay Library,Lawson Street,Byron Bay,2481,-28.643331391697856,153.61569695569148,$0.40 per kWh,,Public - Membership Required,Operational,2023-07-28T12:55:00Z,2023-07-28 12:55:00+00:00,1.0,Open Charge Map Contributors,Licensed under Creative Commons Attribution 4.0 International (CC BY 4.0),data/raw/ocm/OCM-273195.json,https://openchargemap.org/site/poi/details/273195,True
273206,1.0,(unknown operator),Rydges Port Macquarie,1 Hay Street,Port Macquarie,2444,-31.42838118857074,152.908821311353,0,In underground parking lot,"Private - For Staff, Visitors or Customers",Operational,2023-08-24T08:47:00Z,2023-08-24 08:47:00+00:00,3.0,Open Charge Map Contributors,Licensed under Creative Commons Attribution 4.0 International (CC BY 4.0),data/raw/ocm/OCM-273206.json,https://openchargemap.org/site/poi/details/273206,False
273219,3339.0,Chargefox,Bundall Chamers,135 Bundall Road,Surfers Paradise,4217,-28.001849617468316,153.41528386738196,$0.30 per kWh,,Public - Membership Required,Operational,2023-07-29T09:44:00Z,2023-07-29 09:44:00+00:00,1.0,Open Charge Map Contributors,Licensed under Creative Commons Attribution 4.0 International (CC BY 4.0),data/raw/ocm/OCM-273219.json,https://openchargemap.org/site/poi/details/273219,True
273220,3339.0,Chargefox,Lismore City Council,44 Molesworth St,Lismore,2480,-28.806512,153.278955,$0.50 per kWh,,Public - Membership Required,Operational,2025-09-05T00:49:00Z,2025-09-05 00:49:00+00:00,1.0,Open Charge Map Contributors,Licensed under Creative Commons Attribution 4.0 International (CC BY 4.0),data/raw/ocm/OCM-273220.json,https://openchargemap.org/site/poi/details/273220,True
273221,3339.0,Chargefox,27 - 49 Browns Plains Road,Browns Plains Road,Browns Plains,4118,-27.663992390175515,153.0411196361111,$0.45 per kWh,,Public - Membership Required,Operational,2023-07-29T09:57:00Z,2023-07-29 09:57:00+00:00,2.0,Open Charge Map Contributors,Licensed under Creative Commons Attribution 4.0 International (CC BY 4.0),data/raw/ocm/OCM-273221.json,https://openchargemap.org/site/poi/details/273221,True
273222,3339.0,Chargefox,Vicinity Centres - Grand Plaza,27 - 49 Browns Plains Road,Browns Plains,4118,-27.66241706105511,153.0403591131698,Free,,Public - Membership Required,Operational,2024-11-28T08:55:00Z,2024-11-28 08:55:00+00:00,2.0,Open Charge Map Contributors,Licensed under Creative Commons Attribution 4.0 International (CC BY 4.0),data/raw/ocm/OCM-273222.json,https://openchargemap.org/site/poi/details/273222,False
273223,3339.0,Chargefox,Kurrawa Surf Club,Old Burleigh Road,Broadbeach,4218,-28.029580796113862,153.43460209485096,$0.30,,Public - Membership Required,Operational,2023-07-29T10:02:00Z,2023-07-29 10:02:00+00:00,1.0,Open Charge Map Contributors,Licensed under Creative Commons Attribution 4.0 International (CC BY 4.0),data/raw/ocm/OCM-273223.json,https://openchargemap.org/site/poi/details/273223,True
273224,3339.0,Chargefox,New Broadwater Parklands,124 Marine Parade,Southport,4215,-27.960063068781317,153.41231494799337,$0.30 per kWh,,Public - Membership Required,Operational,2023-07-29T10:05:00Z,2023-07-29 10:05:00+00:00,1.0,Open Charge Map Contributors,Licensed under Creative Commons Attribution 4.0 International (CC BY 4.0),data/raw/ocm/OCM-273224.json,https://openchargemap.org/site/poi/details/273224,True
273225,3339.0,Chargefox,Soldiers Point Marina,Sunset Blvd,Soldiers Point,2317,-32.70132961987918,152.06273775785866,$0.45 per kWh,,Public - Membership Required,Operational,2023-07-29T10:08:00Z,2023-07-29 10:08:00+00:00,1.0,Open Charge Map Contributors,Licensed under Creative Commons Attribution 4.0 International (CC BY 4.0),data/raw/ocm/OCM-273225.json,https://openchargemap.org/site/poi/details/273225,True
273226,3339.0,Chargefox,Nerang Admin,833 Southport Nerang Rd,Nerang,4214,-27.98457931723788,153.33902087264016,$0.30 per kWh,,Public - Membership Required,Operational,2023-07-29T10:13:00Z,2023-07-29 10:13:00+00:00,1.0,Open Charge Map Contributors,Licensed under Creative Commons Attribution 4.0 International (CC BY 4.0),data/raw/ocm/OCM-273226.json,https://openchargemap.org/site/poi/details/273226,True
273227,3339.0,Chargefox,Electric Highway - Kingaroy,20 Glendon St,Kingaroy,4610,-26.540236121911178,151.83832086354795,$0.30 per kWh,,Public - Membership Required,Operational,2023-07-29T10:22:00Z,2023-07-29 10:22:00+00:00,4.0,Open Charge Map Contributors,Licensed under Creative Commons Attribution 4.0 International (CC BY 4.0),data/raw/ocm/OCM-273227.json,https://openchargemap.org/site/poi/details/273227,True
273235,3622.0,Exploren,Kwinana City Centro,Sulphur Road,,6167,-32.24065444817922,115.81355718837756,"$1.00 per kWh from 17:00 to 21:00, $0.45 other times.",,Public - Membership Required,Operational,2023-08-01T05:49:00Z,2023-08-01 05:49:00+00:00,1.0,Open Charge Map Contributors,Licensed under Creative Commons Attribution 4.0 International (CC BY 4.0),data/raw/ocm/OCM-273235.json,https://openchargemap.org/site/poi/details/273235,True
273238,3622.0,Exploren,Ampol Foodary Baldivis,Safety Bay Road,Baldivis,6171,-32.33110206204209,115.82079377764967,$0.60 per kWh,,Public - Membership Required,Operational,2023-08-01T07:22:00Z,2023-08-01 07:22:00+00:00,2.0,Open Charge Map Contributors,Licensed under Creative Commons Attribution 4.0 International (CC BY 4.0),data/raw/ocm/OCM-273238.json,https://openchargemap.org/site/poi/details/273238,True
273318,3529.0,JOLT,Newling Reserve,Newling Drive,,3240,-38.2451409999477,144.17299786561424,,Around left side of building,Public,Operational,2023-08-04T06:02:00Z,2023-08-04 06:02:00+00:00,1.0,Open Charge Map Contributors,Licensed under Creative Commons Attribution 4.0 International (CC BY 4.0),data/raw/ocm/OCM-273318.json,https://openchargemap.org/site/poi/details/273318,False
273341,3659.0,BP Pulse (AU),bp pulse Merrifield,470 Donnybrook Road,Mickleham,3064,-37.53426998045639,144.89828573356567,55c/kWh,,Public - Membership Required,Operational,2023-08-04T22:53:00Z,2023-08-04 22:53:00+00:00,4.0,Open Charge Map Contributors,Licensed under Creative Commons Attribution 4.0 International (CC BY 4.0),data/raw/ocm/OCM-273341.json,https://openchargemap.org/site/poi/details/273341,True
273356,3658.0,smart charge (au),Macquarie Regional Library Wellington,Cnr Percy & Maughan Streets,Wellington,2820,-32.555451644419065,148.94186794794365,FREE,,Public,Operational,2023-08-24T08:47:00Z,2023-08-24 08:47:00+00:00,2.0,Open Charge Map Contributors,Licensed under Creative Commons Attribution 4.0 International (CC BY 4.0),data/raw/ocm/OCM-273356.json,https://openchargemap.org/site/poi/details/273356,False
273393,3659.0,BP Pulse (AU),Glenrowan North [bp pulse],Hume Freeway,Glenrowan,3675,-36.43833642761878,146.2481571029768,$0.55/kWh,,Public - Membership Required,Operational,2023-08-08T00:02:00Z,2023-08-08 00:02:00+00:00,4.0,Open Charge Map Contributors,Licensed under Creative Commons Attribution 4.0 International (CC BY 4.0),data/raw/ocm/OCM-273393.json,https://openchargemap.org/site/poi/details/273393,True
273394,3659.0,BP Pulse (AU),Glenrowan South [bp pulse],Hume Freeway,Glenrowan,3675,-36.43943308112671,146.2499032852465,55c/kWh,,Public - Membership Required,Operational,2023-08-08T00:03:00Z,2023-08-08 00:03:00+00:00,2.0,Open Charge Map Contributors,Licensed under Creative Commons Attribution 4.0 International (CC BY 4.0),data/raw/ocm/OCM-273394.json,https://openchargemap.org/site/poi/details/273394,True
273425,3659.0,BP Pulse (AU),Fairy Meadow [bp pulse],224 Princes Hwy,Fairy Meadow,2519,-34.40299801963799,150.89157957672126,55c/kWh,,Public - Membership Required,Operational,2023-08-09T11:24:00Z,2023-08-09 11:24:00+00:00,2.0,Open Charge Map Contributors,Licensed under Creative Commons Attribution 4.0 International (CC BY 4.0),data/raw/ocm/OCM-273425.json,https://openchargemap.org/site/poi/details/273425,True
273426,3659.0,BP Pulse (AU),Maroochy Plaza [bp pulse],185 Maroochydore Rd,Maroochydore,4558,-26.65561596418697,153.07350136591492,55c/kWh,,Public - Membership Required,Operational,2023-08-09T11:32:00Z,2023-08-09 11:32:00+00:00,2.0,Open Charge Map Contributors,Licensed under Creative Commons Attribution 4.0 International (CC BY 4.0),data/raw/ocm/OCM-273426.json,https://openchargemap.org/site/poi/details/273426,True
273427,3659.0,BP Pulse (AU),bp pulse Sydenham,339 Princes Hwy,St Peters,2044,-33.916260575133784,151.17311326359567,55c/kWh,,Public - Membership Required,Operational,2023-08-09T11:35:00Z,2023-08-09 11:35:00+00:00,2.0,Open Charge Map Contributors,Licensed under Creative Commons Attribution 4.0 International (CC BY 4.0),data/raw/ocm/OCM-273427.json,https://openchargemap.org/site/poi/details/273427,True
273428,3659.0,BP Pulse (AU),bp pulse Rosehill,Hassall Street,Rosehill,2142,-33.818996055217895,151.02170364175703,55c/kWh,,Public - Membership Required,Operational,2023-08-09T12:02:00Z,2023-08-09 12:02:00+00:00,2.0,Open Charge Map Contributors,Licensed under Creative Commons Attribution 4.0 International (CC BY 4.0),data/raw/ocm/OCM-273428.json,https://openchargemap.org/site/poi/details/273428,True
273429,3659.0,BP Pulse (AU),bp pulse Albany Forrest,Old Northern Road,Albany Creek,4037,-27.357963044567576,152.96944606011124,$0.55/kWh,,Public - Membership Required,Operational,2023-08-09T12:08:00Z,2023-08-09 12:08:00+00:00,1.0,Open Charge Map Contributors,Licensed under Creative Commons Attribution 4.0 International (CC BY 4.0),data/raw/ocm/OCM-273429.json,https://openchargemap.org/site/poi/details/273429,True
273430,3659.0,BP Pulse (AU),bp pulse Rye,Cnr Weir St & Point Nepean Road,Rye,3941,-38.37130601612926,144.8277248633259,55c/kWh,,Public - Membership Required,Operational,2023-08-09T12:12:00Z,2023-08-09 12:12:00+00:00,2.0,Open Charge Map Contributors,Licensed under Creative Commons Attribution 4.0 International (CC BY 4.0),data/raw/ocm/OCM-273430.json,https://openchargemap.org/site/poi/details/273430,True
273431,3659.0,BP Pulse (AU),bp pulse Dandenong North,Heatherton Rd & Stud Rd,Dandenong North,3802,-37.970797096657705,145.22316104545723,55c/kWh,,Public - Membership Required,Operational,2023-08-09T12:14:00Z,2023-08-09 12:14:00+00:00,2.0,Open Charge Map Contributors,Licensed under Creative Commons Attribution 4.0 International (CC BY 4.0),data/raw/ocm/OCM-273431.json,https://openchargemap.org/site/poi/details/273431,True
273432,3659.0,BP Pulse (AU),bp pulse Loganholme,4080 Pacific Highway,Loganholme,4129,-27.684545775335394,153.18963641316446,55c/kWh,,Public - Membership Required,Operational,2023-08-09T12:27:00Z,2023-08-09 12:27:00+00:00,1.0,Open Charge Map Contributors,Licensed under Creative Commons Attribution 4.0 International (CC BY 4.0),data/raw/ocm/OCM-273432.json,https://openchargemap.org/site/poi/details/273432,True
273433,3659.0,BP Pulse (AU),Coffs Harbour [bp pulse],136 Pacific Highway,Coffs Harbour,2450,-30.291705053434413,153.1183335669906,$0.55/kWh,,Public - Membership Required,Operational,2023-08-09T12:33:00Z,2023-08-09 12:33:00+00:00,1.0,Open Charge Map Contributors,Licensed under Creative Commons Attribution 4.0 International (CC BY 4.0),data/raw/ocm/OCM-273433.json,https://openchargemap.org/site/poi/details/273433,True
273434,3659.0,BP Pulse (AU),Springwood [bp pulse],3388 Pacific Highway,Springwood,4127,-27.622308783587712,153.12819192141268,55c/kWh,,Public - Membership Required,Operational,2023-08-09T12:40:00Z,2023-08-09 12:40:00+00:00,1.0,Open Charge Map Contributors,Licensed under Creative Commons Attribution 4.0 International (CC BY 4.0),data/raw/ocm/OCM-273434.json,https://openchargemap.org/site/poi/details/273434,True
273435,3659.0,BP Pulse (AU),Logan Motorway [bp pulse],92 Radius Drive,Larapinta,4115,-27.640356550632916,153.0095965529904,$0.55/kWh,,Public - Membership Required,Operational,2023-08-09T12:45:00Z,2023-08-09 12:45:00+00:00,1.0,Open Charge Map Contributors,Licensed under Creative Commons Attribution 4.0 International (CC BY 4.0),data/raw/ocm/OCM-273435.json,https://openchargemap.org/site/poi/details/273435,True
273436,3659.0,BP Pulse (AU),Wiley Park [bp pulse],24-42 King Georges Road,Wiley Park,2195,-33.919392020719556,151.06669418522023,55c/kWh,,Public - Membership Required,Operational,2023-08-09T12:50:00Z,2023-08-09 12:50:00+00:00,1.0,Open Charge Map Contributors,Licensed under Creative Commons Attribution 4.0 International (CC BY 4.0),data/raw/ocm/OCM-273436.json,https://openchargemap.org/site/poi/details/273436,True
273437,3659.0,BP Pulse (AU),East Brisbane [bp pulse],74 Latrobe Street,East Brisbane,4169,-27.479742,153.043682,55c/kWh,,Public - Membership Required,Operational,2023-08-09T12:52:00Z,2023-08-09 12:52:00+00:00,2.0,Open Charge Map Contributors,Licensed under Creative Commons Attribution 4.0 International (CC BY 4.0),data/raw/ocm/OCM-273437.json,https://openchargemap.org/site/poi/details/273437,True
273458,3626.0,wa ev network (au),Carnarvon (WA EV Network),Camel Lane,Carnarvon,6701,-24.883472420392252,113.65628450455051,DC $0.60/kWh (at all times),,Public - Membership Required,Operational,2024-02-23T10:11:00Z,2024-02-23 10:11:00+00:00,2.0,Open Charge Map Contributors,Licensed under Creative Commons Attribution 4.0 International (CC BY 4.0),data/raw/ocm/OCM-273458.json,https://openchargemap.org/site/poi/details/273458,True
273474,3626.0,wa ev network (au),Merredin (WA EV Highway),45 Barrack Street,Merredin,6415,-31.482505370896668,118.2781852110237,"Fast DC Charging $0.60 per kWh, slow AC charging $0.35 per kWh (at all times).",,Public,Operational,2026-01-21T10:39:00Z,2026-01-21 10:39:00+00:00,4.0,Open Charge Map Contributors,Licensed under Creative Commons Attribution 4.0 International (CC BY 4.0),data/raw/ocm/OCM-273474.json,https://openchargemap.org/site/poi/details/273474,True
273534,3339.0,Chargefox,ENGIE - Chadstone,1341 Dandenong Rd,Chadstone,3148,-37.884370226319035,145.08316779641655,$0.45 per kWh,,Public - Membership Required,Operational,2023-08-16T11:02:00Z,2023-08-16 11:02:00+00:00,4.0,Open Charge Map Contributors,Licensed under Creative Commons Attribution 4.0 International (CC BY 4.0),data/raw/ocm/OCM-273534.json,https://openchargemap.org/site/poi/details/273534,True
273535,3339.0,Chargefox,EV Charging Australia,168 Brisbane St,Beaudesert,4285,-27.973719,152.994503,$0.60 per kWh,,Public - Membership Required,Operational,2025-12-27T11:24:00Z,2025-12-27 11:24:00+00:00,2.0,Open Charge Map Contributors,Licensed under Creative Commons Attribution 4.0 International (CC BY 4.0),data/raw/ocm/OCM-273535.json,https://openchargemap.org/site/poi/details/273535,True
273755,3339.0,Chargefox,Civic Centre,45 Princes Highway,Werribee,3030,-37.897374392712145,144.67054059560462,Free,,Public - Membership Required,Operational,2023-08-23T00:56:00Z,2023-08-23 00:56:00+00:00,4.0,Open Charge Map Contributors,Licensed under Creative Commons Attribution 4.0 International (CC BY 4.0),data/raw/ocm/OCM-273755.json,https://openchargemap.org/site/poi/details/273755,True
273867,3659.0,BP Pulse (AU),bp pulse Hamilton,126 Kingsford Smith Drive,Hamilton,4007,-27.437537,153.07008,55c/kWh,,Public - Membership Required,Operational,2023-08-23T12:16:00Z,2023-08-23 12:16:00+00:00,2.0,Open Charge Map Contributors,Licensed under Creative Commons Attribution 4.0 International (CC BY 4.0),data/raw/ocm/OCM-273867.json,https://openchargemap.org/site/poi/details/273867,True
273868,3659.0,BP Pulse (AU),bp pulse Nambour,Currie Street,Nambour,4560,-26.630979038266453,152.960453125286,,,Public - Membership Required,Operational,2023-08-23T12:20:00Z,2023-08-23 12:20:00+00:00,2.0,Open Charge Map Contributors,Licensed under Creative Commons Attribution 4.0 International (CC BY 4.0),data/raw/ocm/OCM-273868.json,https://openchargemap.org/site/poi/details/273868,True
273869,3659.0,BP Pulse (AU),bp pulse Blacksoil,1420 Warrego Highway,Blacksoil,4306,-27.579063,152.712931,55c/kWh,,Public - Membership Required,Operational,2023-08-23T12:21:00Z,2023-08-23 12:21:00+00:00,2.0,Open Charge Map Contributors,Licensed under Creative Commons Attribution 4.0 International (CC BY 4.0),data/raw/ocm/OCM-273869.json,https://openchargemap.org/site/poi/details/273869,True
273870,3659.0,BP Pulse (AU),bp pulse Seven Hills,26 Abbott Road,Seven Hills,2147,-33.76725,150.952041,55c/kWh,,Public - Membership Required,Operational,2023-08-23T12:22:00Z,2023-08-23 12:22:00+00:00,2.0,Open Charge Map Contributors,Licensed under Creative Commons Attribution 4.0 International (CC BY 4.0),data/raw/ocm/OCM-273870.json,https://openchargemap.org/site/poi/details/273870,True
273903,3624.0,elanga (au),Boorowa Ex-services and Citizens Club,55-59 Pudman Street,Boorowa,2586,-34.43723217352768,148.7237343048496,,,Public - Membership Required,Operational,2023-08-25T08:22:00Z,2023-08-25 08:22:00+00:00,4.0,Open Charge Map Contributors,Licensed under Creative Commons Attribution 4.0 International (CC BY 4.0),data/raw/ocm/OCM-273903.json,https://openchargemap.org/site/poi/details/273903,False
273904,3339.0,Chargefox,Leppington Village Shopping Centre,108 Ingleburn Rd,Leppington,2179,-33.961508128351525,150.80570305129015,Free,,Public - Membership Required,Operational,2023-09-06T03:31:00Z,2023-09-06 03:31:00+00:00,6.0,Open Charge Map Contributors,Licensed under Creative Commons Attribution 4.0 International (CC BY 4.0),data/raw/ocm/OCM-273904.json,https://openchargemap.org/site/poi/details/273904,False
273905,3534.0,Tesla,Cowra Driver Reviver Rest Area,2 Lachlan Valley Way,Cowra,2794,-33.8356251851398,148.68186745491857,,,Public,Operational,2023-08-25T08:22:00Z,2023-08-25 08:22:00+00:00,2.0,Open Charge Map Contributors,Licensed under Creative Commons Attribution 4.0 International (CC BY 4.0),data/raw/ocm/OCM-273905.json,https://openchargemap.org/site/poi/details/273905,False
273933,3339.0,Chargefox,Chargefox,Level 4,Rooty Hill,2766,-33.770837178135245,150.84515556849738,,,Public - Membership Required,Partly Operational (Mixed),2023-09-06T03:31:00Z,2023-09-06 03:31:00+00:00,10.0,Open Charge Map Contributors,Licensed under Creative Commons Attribution 4.0 International (CC BY 4.0),data/raw/ocm/OCM-273933.json,https://openchargemap.org/site/poi/details/273933,False
273935,3339.0,Chargefox,The Mount Druitt Hub,Ayres Grove Carpark,Mount Druitt,2770,-33.767499717192706,150.82239944831394,,Charge point is located in black lamp post,Public - Membership Required,Operational,2023-09-06T03:31:00Z,2023-09-06 03:31:00+00:00,1.0,Open Charge Map Contributors,Licensed under Creative Commons Attribution 4.0 International (CC BY 4.0),data/raw/ocm/OCM-273935.json,https://openchargemap.org/site/poi/details/273935,False
274000,3626.0,wa ev network (au),Kings Park (WA EV Network),50 May Drive,West Perth,,-31.966752218660034,115.8223778363822,DC Charging $0.35 - $0.60 per kWh at all times.,,Public,Operational,2023-09-07T10:26:00Z,2023-09-07 10:26:00+00:00,2.0,Open Charge Map Contributors,Licensed under Creative Commons Attribution 4.0 International (CC BY 4.0),data/raw/ocm/OCM-274000.json,https://openchargemap.org/site/poi/details/274000,True
274056,3625.0,Ampol AmpCharge,Ampol Foodary Penrith,153 Coreen Ave,Penrith,2750,-33.7430336465433,150.69296375875626,$0.69/kWh for pay-as-you-go charging.,,Public - Membership Required,Operational,2023-08-31T09:47:00Z,2023-08-31 09:47:00+00:00,1.0,Open Charge Map Contributors,Licensed under Creative Commons Attribution 4.0 International (CC BY 4.0),data/raw/ocm/OCM-274056.json,https://openchargemap.org/site/poi/details/274056,True
274072,3339.0,Chargefox,Electric Highway Tasmania - Kingston,15 Channel Highway,Kingston,7050,-42.975674,147.311542,$0.40 - $0.50/kWh,,Public - Membership Required,Operational,2023-08-31T11:09:00Z,2023-08-31 11:09:00+00:00,2.0,Open Charge Map Contributors,Licensed under Creative Commons Attribution 4.0 International (CC BY 4.0),data/raw/ocm/OCM-274072.json,https://openchargemap.org/site/poi/details/274072,True
274073,3339.0,Chargefox,ENGIE - Royal Australian Mint,62-114 Denison Street,Deakin,2600,-35.31872,149.093821,$0.60/kWh,,Public - Membership Required,Operational,2023-08-31T11:13:00Z,2023-08-31 11:13:00+00:00,6.0,Open Charge Map Contributors,Licensed under Creative Commons Attribution 4.0 International (CC BY 4.0),data/raw/ocm/OCM-274073.json,https://openchargemap.org/site/poi/details/274073,True
274074,3534.0,Tesla,Yea Supercharger,10 High St,Yea,3717,-37.21006161015167,145.4261473877039,$0.78/kWh,,Public - Membership Required,Operational,2023-08-31T22:11:00Z,2023-08-31 22:11:00+00:00,4.0,Open Charge Map Contributors,Licensed under Creative Commons Attribution 4.0 International (CC BY 4.0),data/raw/ocm/OCM-274074.json,https://openchargemap.org/site/poi/details/274074,True
274075,3534.0,Tesla,Corio Supercharger,470-510 Princes Highway,Corio,3214,-38.064796504586276,144.38238251338635,$0.78/kWh,,Public - Membership Required,Operational,2026-03-08T23:51:00Z,2026-03-08 23:51:00+00:00,6.0,Open Charge Map Contributors,Licensed under Creative Commons Attribution 4.0 International (CC BY 4.0),data/raw/ocm/OCM-274075.json,https://openchargemap.org/site/poi/details/274075,True
274077,3534.0,Tesla,Colac Supercharger,144-158 Bromfield Street,Colac,3250,-38.34137606647682,143.59297402313945,$0.78/kWh,,Public - Membership Required,Operational,2023-08-31T12:10:00Z,2023-08-31 12:10:00+00:00,3.0,Open Charge Map Contributors,Licensed under Creative Commons Attribution 4.0 International (CC BY 4.0),data/raw/ocm/OCM-274077.json,https://openchargemap.org/site/poi/details/274077,True
274078,3534.0,Tesla,Warnambool Supercharger,21-23 Gateway Road,Warnambool,3280,-38.380939,142.518958,$0.78/kWh,,Public - Membership Required,Operational,2023-08-31T12:12:00Z,2023-08-31 12:12:00+00:00,3.0,Open Charge Map Contributors,Licensed under Creative Commons Attribution 4.0 International (CC BY 4.0),data/raw/ocm/OCM-274078.json,https://openchargemap.org/site/poi/details/274078,True
274102,3622.0,Exploren,Morley Sport and Recreation Centre,Wellington Road,Morley,6062,-31.89248383322912,115.89594640150904,Free,,Public - Membership Required,Operational,2023-09-01T07:29:00Z,2023-09-01 07:29:00+00:00,2.0,Open Charge Map Contributors,Licensed under Creative Commons Attribution 4.0 International (CC BY 4.0),data/raw/ocm/OCM-274102.json,https://openchargemap.org/site/poi/details/274102,False
274108,1.0,(unknown operator),Wongan Hills Vistor Center,Wongan Road,Wongan Hills,6603,-30.89283905452806,116.71613902661392,Unknown,,Public,Operational,2023-09-01T11:09:00Z,2023-09-01 11:09:00+00:00,2.0,Open Charge Map Contributors,Licensed under Creative Commons Attribution 4.0 International (CC BY 4.0),data/raw/ocm/OCM-274108.json,https://openchargemap.org/site/poi/details/274108,False
274115,3626.0,wa ev network (au),Karratha (WA EV Network),Centro Car Park,Karratha,6714,-20.73538816872096,116.84749086556644,DC Charging $0.35 - $0.60 per kWh at all times.,,Public - Membership Required,Operational,2023-09-11T13:26:00Z,2023-09-11 13:26:00+00:00,2.0,Open Charge Map Contributors,Licensed under Creative Commons Attribution 4.0 International (CC BY 4.0),data/raw/ocm/OCM-274115.json,https://openchargemap.org/site/poi/details/274115,True
274144,3388.0,NRMA,NRMA Short Street Car Park,47 Short Street,Mudgee,2850,-32.58948930999341,149.58496449340686,60c / 54c for NRMA Members,NRMA dual 180kW DC fast chargers with four charging bays,Public,Operational,2024-06-14T12:05:00Z,2024-06-14 12:05:00+00:00,4.0,Open Charge Map Contributors,Licensed under Creative Commons Attribution 4.0 International (CC BY 4.0),data/raw/ocm/OCM-274144.json,https://openchargemap.org/site/poi/details/274144,True
274204,3626.0,wa ev network (au),Denham (WA EV Highway),Barnard Street,Denham,,-25.927965006899086,113.53579323666713,DC Charging $0.35 - $0.60 per kWh at all times.,,Public,Operational,2023-10-24T08:45:00Z,2023-10-24 08:45:00+00:00,1.0,Open Charge Map Contributors,Licensed under Creative Commons Attribution 4.0 International (CC BY 4.0),data/raw/ocm/OCM-274204.json,https://openchargemap.org/site/poi/details/274204,True
274299,3339.0,Chargefox,RAA Charge - Kimba Bowling Club,North Terrace,Kimba,5641,-33.135121425836196,136.41678887852186,Evening peak 32c/kWh (5pm - 10pm) Standard 25c/kWh (all other times),,Public,Operational,2023-11-30T09:55:00Z,2023-11-30 09:55:00+00:00,2.0,Open Charge Map Contributors,Licensed under Creative Commons Attribution 4.0 International (CC BY 4.0),data/raw/ocm/OCM-274299.json,https://openchargemap.org/site/poi/details/274299,False
274300,3626.0,wa ev network (au),Ravensthorpe (WA EV Network),28 Dunn Street,Ravensthorpe ,,-33.58080346048715,120.04577841886328,Fast DC charging $0.60 per kWh at all times. Slow AC charging $0.35 per kWh at all times.,,Public,Partly Operational (Mixed),2024-07-03T11:41:00Z,2024-07-03 11:41:00+00:00,1.0,Open Charge Map Contributors,Licensed under Creative Commons Attribution 4.0 International (CC BY 4.0),data/raw/ocm/OCM-274300.json,https://openchargemap.org/site/poi/details/274300,True
274302,3626.0,wa ev network (au),Jerramungup (WA EV Network),Tobruk Road,Jerramungup,6337,-33.93987597013291,118.92073932501205,DC Charging $0.60 per kWh at all times.,,Public,Operational,2023-12-14T09:38:00Z,2023-12-14 09:38:00+00:00,1.0,Open Charge Map Contributors,Licensed under Creative Commons Attribution 4.0 International (CC BY 4.0),data/raw/ocm/OCM-274302.json,https://openchargemap.org/site/poi/details/274302,True
274328,3339.0,Chargefox,North Bellarine Aquatic Centre,30 Peninsula Drive,Curlewis,3222,-38.188088367705056,144.55520001587047,$0.45/kWh,,Public - Membership Required,Operational,2023-09-08T03:19:00Z,2023-09-08 03:19:00+00:00,2.0,Open Charge Map Contributors,Licensed under Creative Commons Attribution 4.0 International (CC BY 4.0),data/raw/ocm/OCM-274328.json,https://openchargemap.org/site/poi/details/274328,True
274329,3339.0,Chargefox,Heyfield Apex Park,Davis St & George Street,Heyfield,3858,-37.98035192583418,146.7866369371215,$0.40/kWh,,Public - Membership Required,Operational,2023-09-08T03:22:00Z,2023-09-08 03:22:00+00:00,2.0,Open Charge Map Contributors,Licensed under Creative Commons Attribution 4.0 International (CC BY 4.0),data/raw/ocm/OCM-274329.json,https://openchargemap.org/site/poi/details/274329,True
274390,1.0,(unknown operator),Bicheno East Coast Holiday Park - EV charging station ,4 Champ Street,Bicheno,7215,-41.87508668420113,148.30190462959308,,08:00 - 18:00,"Private - For Staff, Visitors or Customers",Operational,2023-09-18T01:27:00Z,2023-09-18 01:27:00+00:00,2.0,Open Charge Map Contributors,Licensed under Creative Commons Attribution 4.0 International (CC BY 4.0),data/raw/ocm/OCM-274390.json,https://openchargemap.org/site/poi/details/274390,False
274395,3622.0,Exploren,Morowa Destination Charger,Jubilee Park,Morawa,6623,-29.210721611002967,116.00847792163336,Free,,Public - Membership Required,Operational,2023-09-10T10:40:00Z,2023-09-10 10:40:00+00:00,4.0,Open Charge Map Contributors,Licensed under Creative Commons Attribution 4.0 International (CC BY 4.0),data/raw/ocm/OCM-274395.json,https://openchargemap.org/site/poi/details/274395,False
274407,3626.0,wa ev network (au),Hyden (WA EV Network),Marshall Street,Hyden,6359,-32.44938187858875,118.86590392183905,"$0.60 per kWh DC, $0.35 per kWh AC",,Public - Membership Required,Operational,2026-01-27T10:00:00Z,2026-01-27 10:00:00+00:00,3.0,Open Charge Map Contributors,Licensed under Creative Commons Attribution 4.0 International (CC BY 4.0),data/raw/ocm/OCM-274407.json,https://openchargemap.org/site/poi/details/274407,True
274452,1.0,(unknown operator),NRMA Fast Charger Gunnedah,Kepreotes Carpark,Gunnedah,2380,-30.978295982227706,150.25129064038157,"$0, but payment will be required Oct-Dec 2023",,Public - Pay At Location,Operational,2023-09-18T01:27:00Z,2023-09-18 01:27:00+00:00,1.0,Open Charge Map Contributors,Licensed under Creative Commons Attribution 4.0 International (CC BY 4.0),data/raw/ocm/OCM-274452.json,https://openchargemap.org/site/poi/details/274452,True
274480,3626.0,wa ev network (au),Brookton (WA EV Network),Robinson Road,Brookton,6306,-32.36748025468421,117.00946148863972,DC Charging $0.35 - $0.60 per kWh at all times.,,Public,Operational,2026-01-21T06:50:00Z,2026-01-21 06:50:00+00:00,1.0,Open Charge Map Contributors,Licensed under Creative Commons Attribution 4.0 International (CC BY 4.0),data/raw/ocm/OCM-274480.json,https://openchargemap.org/site/poi/details/274480,True
274485,3623.0,evup (au),Hilton Garden Inn Albany,3 Toll Place ,Albany ,6330,-35.029504038354794,117.88711964420804,,,Public - Membership Required,Operational,2023-09-20T23:03:00Z,2023-09-20 23:03:00+00:00,3.0,Open Charge Map Contributors,Licensed under Creative Commons Attribution 4.0 International (CC BY 4.0),data/raw/ocm/OCM-274485.json,https://openchargemap.org/site/poi/details/274485,False
274586,3625.0,Ampol AmpCharge,Ampol Kilsyth,Canterbury & Gatwick Road,Kilsyth South,3153,-37.82365941817221,145.2959481777906,$0.69/kWh for pay-as-you-go charging.,,Public - Membership Required,Operational,2023-09-18T14:17:00Z,2023-09-18 14:17:00+00:00,1.0,Open Charge Map Contributors,Licensed under Creative Commons Attribution 4.0 International (CC BY 4.0),data/raw/ocm/OCM-274586.json,https://openchargemap.org/site/poi/details/274586,True
274592,45.0,(business owner at location),Cedar Lodge Motel,119 Barney Street,Armidale,2350,-30.5168745388638,151.66662986871611,$15 for guest who do not book direct. Free for guest who book direct.,,"Private - For Staff, Visitors or Customers",Operational,2023-10-09T02:47:00Z,2023-10-09 02:47:00+00:00,2.0,Open Charge Map Contributors,Licensed under Creative Commons Attribution 4.0 International (CC BY 4.0),data/raw/ocm/OCM-274592.json,https://openchargemap.org/site/poi/details/274592,False
274740,1.0,(unknown operator),Bicheno Town Centre,Opposite 39 Foster Street,Bicheno,7215,-41.87471231875492,148.3041358766775,See https://electrona.au/evc/bchno/bchno-001.html,Opposite IGA Everyday Bicheno supermarket,Public - Pay At Location,Operational,2025-06-22T07:09:00Z,2025-06-22 07:09:00+00:00,2.0,Open Charge Map Contributors,Licensed under Creative Commons Attribution 4.0 International (CC BY 4.0),data/raw/ocm/OCM-274740.json,https://openchargemap.org/site/poi/details/274740,True
278525,3625.0,Ampol AmpCharge,Ampol Waitara,"Corner Pacific Highway, Unwin Road",Waitara,2077,-33.71060645301792,151.1025062095589,,,Public - Membership Required,Planned For Future Date,2023-10-09T02:47:00Z,2023-10-09 02:47:00+00:00,1.0,Open Charge Map Contributors,Licensed under Creative Commons Attribution 4.0 International (CC BY 4.0),data/raw/ocm/OCM-278525.json,https://openchargemap.org/site/poi/details/278525,True
278541,3622.0,Exploren,HBF Arena - Joondalup,Kennedya Drive,Joondalup,6027,-31.73530856799269,115.76057078337675,Free,,Public,Operational,2023-10-09T02:47:00Z,2023-10-09 02:47:00+00:00,2.0,Open Charge Map Contributors,Licensed under Creative Commons Attribution 4.0 International (CC BY 4.0),data/raw/ocm/OCM-278541.json,https://openchargemap.org/site/poi/details/278541,False
278575,3626.0,wa ev network (au),Exmouth (WA EV Network),2 Truscott Crescent,Exmouth,6707,-21.937404564407117,114.13060539906303,,,Public - Membership Required,Operational,2023-10-02T13:05:00Z,2023-10-02 13:05:00+00:00,1.0,Open Charge Map Contributors,Licensed under Creative Commons Attribution 4.0 International (CC BY 4.0),data/raw/ocm/OCM-278575.json,https://openchargemap.org/site/poi/details/278575,True
278667,3339.0,Chargefox,Dalwallinu,49 Johnston Street,Dalwallinu,6609,-30.27621389393004,116.66182170267825,0.55 / kWh,,Public - Membership Required,Operational,2023-10-17T10:58:00Z,2023-10-17 10:58:00+00:00,2.0,Open Charge Map Contributors,Licensed under Creative Commons Attribution 4.0 International (CC BY 4.0),data/raw/ocm/OCM-278667.json,https://openchargemap.org/site/poi/details/278667,True
278691,3339.0,Chargefox,RAA Charge Cowell,9 Jetty Road,Cowell,,-33.68530286444153,136.92905700914315,59c-68c/kWh,,Public,Operational,2023-12-04T18:29:00Z,2023-12-04 18:29:00+00:00,2.0,Open Charge Map Contributors,Licensed under Creative Commons Attribution 4.0 International (CC BY 4.0),data/raw/ocm/OCM-278691.json,https://openchargemap.org/site/poi/details/278691,True
279051,1.0,(unknown operator),Seahorse Inn Hotel,Boydtown Park Road,,2551,-37.10326647778291,149.87937771549701,unsure,,"Private - For Staff, Visitors or Customers",Operational,2023-10-18T01:57:00Z,2023-10-18 01:57:00+00:00,2.0,Open Charge Map Contributors,Licensed under Creative Commons Attribution 4.0 International (CC BY 4.0),data/raw/ocm/OCM-279051.json,https://openchargemap.org/site/poi/details/279051,False
279052,1.0,(unknown operator),Blue Marlin Court,Blue Marlin Court,Eden,2551,-37.051215336112,149.90155657766792,?,,"Private - For Staff, Visitors or Customers",Operational,2023-10-18T01:57:00Z,2023-10-18 01:57:00+00:00,1.0,Open Charge Map Contributors,Licensed under Creative Commons Attribution 4.0 International (CC BY 4.0),data/raw/ocm/OCM-279052.json,https://openchargemap.org/site/poi/details/279052,False
279179,3625.0,Ampol AmpCharge,Ampol Foodary Pheasants Nest Northbound,Lots 1 & 2 Hume Hwy,Pheasants Nest,2574,-34.2829974272134,150.63679286992692,$0.69 per kWh,,Public - Membership Required,Operational,2023-10-18T01:57:00Z,2023-10-18 01:57:00+00:00,1.0,Open Charge Map Contributors,Licensed under Creative Commons Attribution 4.0 International (CC BY 4.0),data/raw/ocm/OCM-279179.json,https://openchargemap.org/site/poi/details/279179,True
279180,3625.0,Ampol AmpCharge,Ampol Foodary Pheasants Nest Southbound,Lot 12 Hume Hwy,Pheasants Nest ,2574,-34.2834466714301,150.63939668827243,AUD 0.69/kWh,,Public - Membership Required,Operational,2023-10-29T11:00:00Z,2023-10-29 11:00:00+00:00,6.0,Open Charge Map Contributors,Licensed under Creative Commons Attribution 4.0 International (CC BY 4.0),data/raw/ocm/OCM-279180.json,https://openchargemap.org/site/poi/details/279180,True
279191,3398.0,Evie,Wallan,85 High Street,Wallan,3756,-37.413967109460415,144.9791065326649,,,Public - Membership Required,Operational,2023-10-22T08:33:00Z,2023-10-22 08:33:00+00:00,1.0,Open Charge Map Contributors,Licensed under Creative Commons Attribution 4.0 International (CC BY 4.0),data/raw/ocm/OCM-279191.json,https://openchargemap.org/site/poi/details/279191,True
279192,3398.0,Evie,Heathcote Visitor Centre,126 High Street ,Heathcote,3523,-36.923705481847556,144.7100660165538,$0.50/kWh,,Public - Membership Required,Operational,2023-10-30T19:17:00Z,2023-10-30 19:17:00+00:00,1.0,Open Charge Map Contributors,Licensed under Creative Commons Attribution 4.0 International (CC BY 4.0),data/raw/ocm/OCM-279192.json,https://openchargemap.org/site/poi/details/279192,True
279252,3339.0,Chargefox,Kununarra (WA EV Network),Messmate Way,Kununurra,6743,-15.779058583778237,128.74043814383487,"$0.60 per kWh for high power DC, $0.35 per kWh for kow power AC.",,Public - Membership Required,Operational,2023-10-18T15:33:00Z,2023-10-18 15:33:00+00:00,2.0,Open Charge Map Contributors,Licensed under Creative Commons Attribution 4.0 International (CC BY 4.0),data/raw/ocm/OCM-279252.json,https://openchargemap.org/site/poi/details/279252,True
279254,23.0,Tesla,Coogee Supercharger,Calypso Parade,,6163,-32.102866290875234,115.76244884692244,,Parking lot closed at 23:30 every night.,Public - Membership Required,Operational,2024-01-15T10:46:00Z,2024-01-15 10:46:00+00:00,6.0,Open Charge Map Contributors,Licensed under Creative Commons Attribution 4.0 International (CC BY 4.0),data/raw/ocm/OCM-279254.json,https://openchargemap.org/site/poi/details/279254,True
280043,45.0,(business owner at location),Arkaroola Road,Arkaroola Road,Arkaroola Village,5701,-30.311578112924515,139.33620167274148,1,Speak with staff in reception,Public - Pay At Location,Operational,2023-11-20T08:49:00Z,2023-11-20 08:49:00+00:00,1.0,Open Charge Map Contributors,Licensed under Creative Commons Attribution 4.0 International (CC BY 4.0),data/raw/ocm/OCM-280043.json,https://openchargemap.org/site/poi/details/280043,False
280044,45.0,(business owner at location),Apex Energy Australia,Allan Street,,5039,-34.991588982756106,138.57595688588066,Free,,Public - Notice Required,Operational,2023-11-20T08:49:00Z,2023-11-20 08:49:00+00:00,1.0,Open Charge Map Contributors,Licensed under Creative Commons Attribution 4.0 International (CC BY 4.0),data/raw/ocm/OCM-280044.json,https://openchargemap.org/site/poi/details/280044,False
280045,3339.0,Chargefox,Kimba Roadhouse - Chargefox,15542 Eyre Highway,Kimba,5641,-33.14584,136.415203,59c-68c/kWh,,Public,Operational,2023-11-30T15:16:00Z,2023-11-30 15:16:00+00:00,1.0,Open Charge Map Contributors,Licensed under Creative Commons Attribution 4.0 International (CC BY 4.0),data/raw/ocm/OCM-280045.json,https://openchargemap.org/site/poi/details/280045,True
280046,3339.0,Chargefox,RRA Charge Wudinna Hall - Chargefox,44 Ballantyne Street,Wudinna,5652,-33.047159,135.461943,59c-68c/kWh,,Public,Operational,2023-11-30T09:57:00Z,2023-11-30 09:57:00+00:00,1.0,Open Charge Map Contributors,Licensed under Creative Commons Attribution 4.0 International (CC BY 4.0),data/raw/ocm/OCM-280046.json,https://openchargemap.org/site/poi/details/280046,True
280195,3659.0,BP Pulse (AU),BP Pulse Ferny Grove,1312 Samford Road,Brisbane,4055,-27.402355423317843,152.93697981150945,,,Public - Membership Required,Operational,2023-11-24T12:59:00Z,2023-11-24 12:59:00+00:00,2.0,Open Charge Map Contributors,Licensed under Creative Commons Attribution 4.0 International (CC BY 4.0),data/raw/ocm/OCM-280195.json,https://openchargemap.org/site/poi/details/280195,False
280205,3339.0,Chargefox,NRMA - Joondalup,Sundew Rise,Joondalup,6027,-31.75771714527498,115.77154643221121,$0.66 per kWh,,Public - Membership Required,Operational,2025-02-02T10:30:00Z,2025-02-02 10:30:00+00:00,2.0,Open Charge Map Contributors,Licensed under Creative Commons Attribution 4.0 International (CC BY 4.0),data/raw/ocm/OCM-280205.json,https://openchargemap.org/site/poi/details/280205,True
280226,3339.0,Chargefox,Rocland Nuriootpa,7 Belvidere Road,Nuriootpa ,5355,-34.4602252,138.9866954,,6 stations available Info from Plugshare.,Public,Operational,2023-11-25T00:49:00Z,2023-11-25 00:49:00+00:00,6.0,Open Charge Map Contributors,Licensed under Creative Commons Attribution 4.0 International (CC BY 4.0),data/raw/ocm/OCM-280226.json,https://openchargemap.org/site/poi/details/280226,True
280253,3716.0,wevolt (au),Beatty Park Leisure Centre,220 Vincent St ,North Perth,6006,-31.936258468207264,115.8497013709943,"Free, with idle time penalty.",,Public - Membership Required,Operational,2023-11-25T15:44:00Z,2023-11-25 15:44:00+00:00,2.0,Open Charge Map Contributors,Licensed under Creative Commons Attribution 4.0 International (CC BY 4.0),data/raw/ocm/OCM-280253.json,https://openchargemap.org/site/poi/details/280253,False
280371,3339.0,Chargefox,Wells Street,82 Wells Street,The District Council of Streaky Bay,5680,-32.79758493806768,134.19831799463498,0.59 - 0.68 AUD kWh,Car park attached to Wells Street,Public - Pay At Location,Operational,2023-11-28T10:24:00Z,2023-11-28 10:24:00+00:00,2.0,Open Charge Map Contributors,Licensed under Creative Commons Attribution 4.0 International (CC BY 4.0),data/raw/ocm/OCM-280371.json,https://openchargemap.org/site/poi/details/280371,True
280715,3398.0,Evie,Thornlie Square Mall,Spencer Road,Thornlie,6108,-32.05512902897771,115.96339054908071,,,Public - Membership Required,Operational,2023-11-29T11:17:00Z,2023-11-29 11:17:00+00:00,4.0,Open Charge Map Contributors,Licensed under Creative Commons Attribution 4.0 International (CC BY 4.0),data/raw/ocm/OCM-280715.json,https://openchargemap.org/site/poi/details/280715,True
280995,3339.0,Chargefox,Overlander Roadhouse (WA EV Network),North West Coastal Highway,,6532,-26.41184549747159,114.46404594375008,"$0.60 per kWh for high power DC, $0.35 per kWh for low power AC.",,Public - Membership Required,Temporarily Unavailable,2024-01-10T13:30:00Z,2024-01-10 13:30:00+00:00,2.0,Open Charge Map Contributors,Licensed under Creative Commons Attribution 4.0 International (CC BY 4.0),data/raw/ocm/OCM-280995.json,https://openchargemap.org/site/poi/details/280995,True
281065,3339.0,Chargefox,RAA Charge Wharflands,Lot 2 Warflands Esplanade,Port Augusta,,-32.48927,137.7612186,0.59-0.68,,Public - Membership Required,Operational,2023-12-04T23:49:00Z,2023-12-04 23:49:00+00:00,1.0,Open Charge Map Contributors,Licensed under Creative Commons Attribution 4.0 International (CC BY 4.0),data/raw/ocm/OCM-281065.json,https://openchargemap.org/site/poi/details/281065,True
281066,3339.0,Chargefox,RAA Charge Whyalla Westland Shopping Centre,10 Nicolson Avenue,Whyalla Norrie,5608,-33.02641308008939,137.53226864294578,59c-68c/kWh,,Public - Membership Required,Operational,2023-12-05T03:49:00Z,2023-12-05 03:49:00+00:00,1.0,Open Charge Map Contributors,Licensed under Creative Commons Attribution 4.0 International (CC BY 4.0),data/raw/ocm/OCM-281066.json,https://openchargemap.org/site/poi/details/281066,True
288441,1.0,(unknown operator),Roma Explorer Inn,44778 Warrego Hwy,Roma,4455,-26.575093433135848,148.80762514285902,,,Privately Owned - Notice Required,Operational,2023-12-24T05:29:00Z,2023-12-24 05:29:00+00:00,2.0,Open Charge Map Contributors,Licensed under Creative Commons Attribution 4.0 International (CC BY 4.0),data/raw/ocm/OCM-288441.json,https://openchargemap.org/site/poi/details/288441,False
288618,3626.0,wa ev network (au),WA EV Network - Bunbury,Cobblestone Street,,6230,-33.32517168635446,115.642665842138,$0.60 per kWh,Drive through site suitable for trailers,Public - Membership Required,Operational,2024-09-25T21:28:00Z,2024-09-25 21:28:00+00:00,4.0,Open Charge Map Contributors,Licensed under Creative Commons Attribution 4.0 International (CC BY 4.0),data/raw/ocm/OCM-288618.json,https://openchargemap.org/site/poi/details/288618,True
288939,23.0,Tesla,Bairnsdale Coles,35 Nicholson Street,Bairnsdale,3875,-37.82454530904592,147.6327352303539,$0.70 per kWh,,Public,Operational,2024-01-15T02:41:00Z,2024-01-15 02:41:00+00:00,3.0,Open Charge Map Contributors,Licensed under Creative Commons Attribution 4.0 International (CC BY 4.0),data/raw/ocm/OCM-288939.json,https://openchargemap.org/site/poi/details/288939,True
288968,23.0,Tesla,Coles Bairnsdale,35 Nicholson St,Bairnsdale,3875,-37.82480937950314,147.63246014953563,0.70c/kwh,,Public - Membership Required,Operational,2024-01-15T02:41:00Z,2024-01-15 02:41:00+00:00,3.0,Open Charge Map Contributors,Licensed under Creative Commons Attribution 4.0 International (CC BY 4.0),data/raw/ocm/OCM-288968.json,https://openchargemap.org/site/poi/details/288968,True
289009,3339.0,Chargefox,Warnambool Tourist Information Centre,91 Merri Street,Warnambool,2380,-38.389181,142.484993,payment may be required,,Public,Operational,2023-12-30T23:34:00Z,2023-12-30 23:34:00+00:00,1.0,Open Charge Map Contributors,Licensed under Creative Commons Attribution 4.0 International (CC BY 4.0),data/raw/ocm/OCM-289009.json,https://openchargemap.org/site/poi/details/289009,True
289309,3835.0,icharge (al),Car Park,Acacia Avenue ,Warwick,4370,-28.21735094177685,152.03086649397966,free,,Public,Operational,2025-12-29T06:02:00Z,2025-12-29 06:02:00+00:00,4.0,Open Charge Map Contributors,Licensed under Creative Commons Attribution 4.0 International (CC BY 4.0),data/raw/ocm/OCM-289309.json,https://openchargemap.org/site/poi/details/289309,True
289312,1.0,(unknown operator),Wyalkatchem Community Resource Center,5700 Railway Terrace,Wyalkatchem,6485,-31.179597642152913,117.37944093832061,$5.00 per hour.,,Public,Operational,2024-08-31T06:43:00Z,2024-08-31 06:43:00+00:00,1.0,Open Charge Map Contributors,Licensed under Creative Commons Attribution 4.0 International (CC BY 4.0),data/raw/ocm/OCM-289312.json,https://openchargemap.org/site/poi/details/289312,False
289970,3626.0,wa ev network (au),Old Courthouse Museum ,Harris Street,Narrogin,6312,-32.933670519982606,117.17677737808447,$0.45 per kWh,,Public - Membership Required,Operational,2026-02-14T08:27:00Z,2026-02-14 08:27:00+00:00,1.0,Open Charge Map Contributors,Licensed under Creative Commons Attribution 4.0 International (CC BY 4.0),data/raw/ocm/OCM-289970.json,https://openchargemap.org/site/poi/details/289970,False
289971,3339.0,Chargefox,Narrogin Memorial Park ,6312/9 Williams Narrogin Highway ,Narrogin ,6312,-32.934143432527556,117.17480124057863,$0.45 per kWh.,,Public - Membership Required,Operational,2024-02-05T04:19:00Z,2024-02-05 04:19:00+00:00,1.0,Open Charge Map Contributors,Licensed under Creative Commons Attribution 4.0 International (CC BY 4.0),data/raw/ocm/OCM-289971.json,https://openchargemap.org/site/poi/details/289971,False
289972,3339.0,Chargefox,Narrogin Trailer Park,80 Williams Road ,Narrogin ,6312,-32.937064398774,117.16399188426647,$0.45 per kWh,,Public - Membership Required,Operational,2024-02-05T05:41:00Z,2024-02-05 05:41:00+00:00,1.0,Open Charge Map Contributors,Licensed under Creative Commons Attribution 4.0 International (CC BY 4.0),data/raw/ocm/OCM-289972.json,https://openchargemap.org/site/poi/details/289972,False
289988,3534.0,Tesla,Kojonup Supercharger,Benn Parade,Kojonup,6395,-33.83754542029569,117.1578115341685,,,Public - Membership Required,Operational,2024-03-28T12:18:00Z,2024-03-28 12:18:00+00:00,4.0,Open Charge Map Contributors,Licensed under Creative Commons Attribution 4.0 International (CC BY 4.0),data/raw/ocm/OCM-289988.json,https://openchargemap.org/site/poi/details/289988,True
290685,3339.0,Chargefox,RAA Charge Marla Travellers Rest,Wattle Street,Marla,5724,-27.303895427172144,133.62317371162635,Evening Peak 32c per kWh (5:00PM to 10:00PM) 25c all other times,,Public - Membership Required,Operational,2025-01-20T16:05:00Z,2025-01-20 16:05:00+00:00,3.0,Open Charge Map Contributors,Licensed under Creative Commons Attribution 4.0 International (CC BY 4.0),data/raw/ocm/OCM-290685.json,https://openchargemap.org/site/poi/details/290685,False
295863,1.0,(unknown operator),Puma INGLEWOOD,Albert Street,Inglewood,4387,-28.41795526622294,151.07778635013676,,,Public - Membership Required,Operational,2024-02-28T02:54:00Z,2024-02-28 02:54:00+00:00,1.0,Open Charge Map Contributors,Licensed under Creative Commons Attribution 4.0 International (CC BY 4.0),data/raw/ocm/OCM-295863.json,https://openchargemap.org/site/poi/details/295863,False
295940,3626.0,wa ev network (au),Nanutarra (WA EV Network),North West Coastal Highway,,,-22.543198410447303,115.50141571783809,"$0.60 per kW for fast DC charger, $0.36 for slow AC charger,",,Public - Membership Required,Operational,2024-03-03T09:23:00Z,2024-03-03 09:23:00+00:00,2.0,Open Charge Map Contributors,Licensed under Creative Commons Attribution 4.0 International (CC BY 4.0),data/raw/ocm/OCM-295940.json,https://openchargemap.org/site/poi/details/295940,True
295979,3529.0,JOLT,Barrenjoey Road,Barrenjoey Road,,2108,-33.597285174014345,151.31997898476163,"First 7kWh free, then $0.49 per kWh thereafter. $5/hr idle time",,Public - Membership Required,Operational,2024-03-03T23:09:00Z,2024-03-03 23:09:00+00:00,1.0,Open Charge Map Contributors,Licensed under Creative Commons Attribution 4.0 International (CC BY 4.0),data/raw/ocm/OCM-295979.json,https://openchargemap.org/site/poi/details/295979,True
295989,3398.0,Evie,Evie Mornington,Cromwell Street,Mornington,3931,-38.22449869065465,145.03964281641652,,,Public - Membership Required,Operational,2024-06-25T11:04:00Z,2024-06-25 11:04:00+00:00,2.0,Open Charge Map Contributors,Licensed under Creative Commons Attribution 4.0 International (CC BY 4.0),data/raw/ocm/OCM-295989.json,https://openchargemap.org/site/poi/details/295989,True
295990,3398.0,Evie,Evie Benalla,Denny Street,Benalla,3672,-36.55114428189935,145.98425664687772,,,Public - Membership Required,Operational,2024-03-04T03:19:00Z,2024-03-04 03:19:00+00:00,1.0,Open Charge Map Contributors,Licensed under Creative Commons Attribution 4.0 International (CC BY 4.0),data/raw/ocm/OCM-295990.json,https://openchargemap.org/site/poi/details/295990,True
295991,3398.0,Evie,Evie Stawell,Skene Street,Stawell,3380,-37.05706536578791,142.78103976991747,,,Public - Membership Required,Operational,2024-03-04T03:24:00Z,2024-03-04 03:24:00+00:00,1.0,Open Charge Map Contributors,Licensed under Creative Commons Attribution 4.0 International (CC BY 4.0),data/raw/ocm/OCM-295991.json,https://openchargemap.org/site/poi/details/295991,True
295992,3534.0,Tesla,Tesla Superchargers Stawell,Church Street,Stawell,3380,-37.054694820216696,142.7814197610627,$0.66/kWh,,Public - Membership Required,Operational,2025-01-09T08:52:00Z,2025-01-09 08:52:00+00:00,12.0,Open Charge Map Contributors,Licensed under Creative Commons Attribution 4.0 International (CC BY 4.0),data/raw/ocm/OCM-295992.json,https://openchargemap.org/site/poi/details/295992,True
295993,3398.0,Evie,Evie Ararat,Western Highway,Ararat,3377,-37.282013366626494,142.9297245107835,,,Public - Membership Required,Operational,2024-03-04T03:24:00Z,2024-03-04 03:24:00+00:00,1.0,Open Charge Map Contributors,Licensed under Creative Commons Attribution 4.0 International (CC BY 4.0),data/raw/ocm/OCM-295993.json,https://openchargemap.org/site/poi/details/295993,True
295994,3388.0,NRMA,NRMA Cabarita Beach,45 Cabarita Road,Bogangar,2488,-28.33164512189506,153.56421838432203,$0.60/kWh,Chargers can be accessed via Cabarita Rd,Public - Membership Required,Operational,2024-03-06T17:53:00Z,2024-03-06 17:53:00+00:00,4.0,Open Charge Map Contributors,Licensed under Creative Commons Attribution 4.0 International (CC BY 4.0),data/raw/ocm/OCM-295994.json,https://openchargemap.org/site/poi/details/295994,True
295995,3339.0,Chargefox,RAA Ceduna,McKenzie Street,Ceduna,5690,-32.12627372979047,133.6729436190849,0.59 - 0.68 AUD kWh,,Public - Pay At Location,Operational,2024-03-01T08:45:00Z,2024-03-01 08:45:00+00:00,2.0,Open Charge Map Contributors,Licensed under Creative Commons Attribution 4.0 International (CC BY 4.0),data/raw/ocm/OCM-295995.json,https://openchargemap.org/site/poi/details/295995,True
296032,3595.0,Engie,Engie Monash University,McMahons Road,Melbourne,3199,-38.15200425352916,145.13493764315962,,,Public - Membership Required,Operational,2025-01-09T08:53:00Z,2025-01-09 08:53:00+00:00,3.0,Open Charge Map Contributors,Licensed under Creative Commons Attribution 4.0 International (CC BY 4.0),data/raw/ocm/OCM-296032.json,https://openchargemap.org/site/poi/details/296032,True
296033,3398.0,Evie,Evie Warrigul,Queen Street,Warragul,3820,-38.16759449972774,145.95340965722312,,,Public - Membership Required,Operational,2024-03-06T05:39:00Z,2024-03-06 05:39:00+00:00,1.0,Open Charge Map Contributors,Licensed under Creative Commons Attribution 4.0 International (CC BY 4.0),data/raw/ocm/OCM-296033.json,https://openchargemap.org/site/poi/details/296033,True
296034,3339.0,Chargefox,CTR Korumburra,Commercial Street,Korumburra,3950,-38.43293285267044,145.82559498595492,,,Public - Membership Required,Operational,2025-01-24T09:20:00Z,2025-01-24 09:20:00+00:00,1.0,Open Charge Map Contributors,Licensed under Creative Commons Attribution 4.0 International (CC BY 4.0),data/raw/ocm/OCM-296034.json,https://openchargemap.org/site/poi/details/296034,True
296035,3398.0,Evie,Evie Korumburra,Mine Road,Korumburra,3950,-38.43454681668418,145.82550050274392,,,Public - Membership Required,Operational,2025-01-23T11:01:00Z,2025-01-23 11:01:00+00:00,1.0,Open Charge Map Contributors,Licensed under Creative Commons Attribution 4.0 International (CC BY 4.0),data/raw/ocm/OCM-296035.json,https://openchargemap.org/site/poi/details/296035,True
296036,3339.0,Chargefox,CTR Leongatha,Pern Lane,Leongatha,3953,-38.47607406598741,145.9449660995017,,,Public - Membership Required,Operational,2025-01-24T09:21:00Z,2025-01-24 09:21:00+00:00,1.0,Open Charge Map Contributors,Licensed under Creative Commons Attribution 4.0 International (CC BY 4.0),data/raw/ocm/OCM-296036.json,https://openchargemap.org/site/poi/details/296036,True
296037,3398.0,Evie,Evie Leongatha,McCartin Street,Leongatha,3953,-38.47811653249701,145.94369632320195,,,Public - Membership Required,Operational,2025-01-24T09:21:00Z,2025-01-24 09:21:00+00:00,1.0,Open Charge Map Contributors,Licensed under Creative Commons Attribution 4.0 International (CC BY 4.0),data/raw/ocm/OCM-296037.json,https://openchargemap.org/site/poi/details/296037,True
296038,3339.0,Chargefox,KFC Goulburn,Lockyer Street,Goulburn,2580,-34.772316512568395,149.69267286725506,,,Public - Membership Required,Operational,2025-01-24T09:21:00Z,2025-01-24 09:21:00+00:00,2.0,Open Charge Map Contributors,Licensed under Creative Commons Attribution 4.0 International (CC BY 4.0),data/raw/ocm/OCM-296038.json,https://openchargemap.org/site/poi/details/296038,True
296044,23.0,Tesla,Tesla Supercharger Holbrook,Swift Street,Holbrook,2644,-35.7229067434558,147.3171930996939,$0.69 / kWh,,Public - Membership Required,Operational,2024-03-06T09:49:00Z,2024-03-06 09:49:00+00:00,1.0,Open Charge Map Contributors,Licensed under Creative Commons Attribution 4.0 International (CC BY 4.0),data/raw/ocm/OCM-296044.json,https://openchargemap.org/site/poi/details/296044,True
296045,3534.0,Tesla,Tesla Superchargers Yass,Lead Street,Yass,2582,-34.84380365342569,148.9141018891671,$0.52/kWh,,Public - Membership Required,Operational,2024-03-06T09:49:00Z,2024-03-06 09:49:00+00:00,1.0,Open Charge Map Contributors,Licensed under Creative Commons Attribution 4.0 International (CC BY 4.0),data/raw/ocm/OCM-296045.json,https://openchargemap.org/site/poi/details/296045,True
296536,3339.0,Chargefox,Kalgoorlie (WA EV Network),Cassidy Street,Kalgoorlie ,,-30.750111329876674,121.47511538931815,"$0.60 per kWh for high power DC, $0.35 per kWh for low power AC.",,Public - Membership Required,Operational,2024-03-16T01:57:00Z,2024-03-16 01:57:00+00:00,3.0,Open Charge Map Contributors,Licensed under Creative Commons Attribution 4.0 International (CC BY 4.0),data/raw/ocm/OCM-296536.json,https://openchargemap.org/site/poi/details/296536,True
296683,3339.0,Chargefox,Margaret River (WA EV Network),Wallcliffe Road,Margaret River,6285,-33.953590454066756,115.07079111266364,$0.60 per kWh at all times.,,Public - Membership Required,Operational,2024-03-16T01:49:00Z,2024-03-16 01:49:00+00:00,4.0,Open Charge Map Contributors,Licensed under Creative Commons Attribution 4.0 International (CC BY 4.0),data/raw/ocm/OCM-296683.json,https://openchargemap.org/site/poi/details/296683,True
297042,3625.0,Ampol AmpCharge,AmpCharge Charging Station,78 Great Western Highway,Glenbrook,2773,-33.765456662016454,150.62149884005026,,,Public - Membership Required,Operational,2024-03-30T04:59:00Z,2024-03-30 04:59:00+00:00,1.0,Open Charge Map Contributors,Licensed under Creative Commons Attribution 4.0 International (CC BY 4.0),data/raw/ocm/OCM-297042.json,https://openchargemap.org/site/poi/details/297042,True
297165,1.0,(unknown operator),Kulgera Roadhouse and Caravan Park,Kulgera Crescent,Kulgera,0872,-25.840736817666908,133.29974959294498,$10 per hour @22kw,AEVA TOCA 32A 3PHASE SITE Contact Chris -**updated 30/9/21** 32 amp 3 phase outlet on end of southern end of camp ground shower block. $10 per hour @22kw for now.,Public - Pay At Location,Operational,2024-04-02T11:29:00Z,2024-04-02 11:29:00+00:00,1.0,Open Charge Map Contributors,Licensed under Creative Commons Attribution 4.0 International (CC BY 4.0),data/raw/ocm/OCM-297165.json,https://openchargemap.org/site/poi/details/297165,False
297166,3339.0,Chargefox,Spud's Roadhouse Motel,Stuart Highway,Pimba,5720,-31.2557851,136.80266,,,Public - Membership Required,Operational,2024-04-02T11:44:00Z,2024-04-02 11:44:00+00:00,2.0,Open Charge Map Contributors,Licensed under Creative Commons Attribution 4.0 International (CC BY 4.0),data/raw/ocm/OCM-297166.json,https://openchargemap.org/site/poi/details/297166,True
297509,3775.0,ChargeHub,Bannister Road,20 Bannister Road,Boddington,6390,-32.80115991667573,116.47522932344805,"$0.45 per kWh, may vary. See chargehub app.",,Public,Operational,2024-04-12T09:56:00Z,2024-04-12 09:56:00+00:00,1.0,Open Charge Map Contributors,Licensed under Creative Commons Attribution 4.0 International (CC BY 4.0),data/raw/ocm/OCM-297509.json,https://openchargemap.org/site/poi/details/297509,False
297730,3622.0,Exploren,Ellendon Street,Ellendon Street,Bungendore,2621,-35.25805966511065,149.4398991158709,,,Public - Membership Required,Operational,2024-04-25T11:18:00Z,2024-04-25 11:18:00+00:00,8.0,Open Charge Map Contributors,Licensed under Creative Commons Attribution 4.0 International (CC BY 4.0),data/raw/ocm/OCM-297730.json,https://openchargemap.org/site/poi/details/297730,False
297859,3534.0,Tesla,Terrace Central [Tesla],Glenelg Street,Raymond Terrace,2324,-32.76374294675019,151.742101372786,$0.68/kWh,,Public - Membership Required,Operational,2026-03-05T09:39:00Z,2026-03-05 09:39:00+00:00,12.0,Open Charge Map Contributors,Licensed under Creative Commons Attribution 4.0 International (CC BY 4.0),data/raw/ocm/OCM-297859.json,https://openchargemap.org/site/poi/details/297859,True
298091,3339.0,Chargefox,Kirriemuir Motel and Cabins,108 Ian Oliver Drive,Waikerie,5330,-34.18605180138638,139.99661283387684,"Evening peak 32c kWh (5:00pm to 10:00pm), Standard 25c kWh (all other times)",,Public - Membership Required,Operational,2024-05-10T08:24:00Z,2024-05-10 08:24:00+00:00,3.0,Open Charge Map Contributors,Licensed under Creative Commons Attribution 4.0 International (CC BY 4.0),data/raw/ocm/OCM-298091.json,https://openchargemap.org/site/poi/details/298091,False
298092,3339.0,Chargefox,Waikerie Civic Centre,1A Strangman Road,Waikerie,5330,-34.18231041374674,139.98631021340225,"DC is Evening peak 68c kWh (5:00pm to 10:00pm), Standard 59c kWh (all other times), AC is Evening peak 32c kWh (5:00pm to 10:00pm), Standard 25c kWh (all other times)",,Public - Membership Required,Operational,2024-05-10T08:24:00Z,2024-05-10 08:24:00+00:00,7.0,Open Charge Map Contributors,Licensed under Creative Commons Attribution 4.0 International (CC BY 4.0),data/raw/ocm/OCM-298092.json,https://openchargemap.org/site/poi/details/298092,True
298207,1.0,(unknown operator),Opposite Malbara Crescent,Blackbutts Road,Frenchs Forest,2085,-33.741938777072164,151.21364536627425,,,Public - Membership Required,Operational,2024-05-10T08:24:00Z,2024-05-10 08:24:00+00:00,1.0,Open Charge Map Contributors,Licensed under Creative Commons Attribution 4.0 International (CC BY 4.0),data/raw/ocm/OCM-298207.json,https://openchargemap.org/site/poi/details/298207,False
298208,1.0,(unknown operator),Blackbutts Road,Blackbutts Road,Frenchs Forest,2085,-33.741938777072164,151.21364536627425,,,Public - Membership Required,Operational,2024-05-10T08:24:00Z,2024-05-10 08:24:00+00:00,1.0,Open Charge Map Contributors,Licensed under Creative Commons Attribution 4.0 International (CC BY 4.0),data/raw/ocm/OCM-298208.json,https://openchargemap.org/site/poi/details/298208,False
298483,3339.0,Chargefox,Pardoo Road House (WA EV Network),Highway 1,Pardoo,6721,-20.05385007735012,119.8271567468621,,,Public - Membership Required,Operational,2024-05-09T00:19:00Z,2024-05-09 00:19:00+00:00,3.0,Open Charge Map Contributors,Licensed under Creative Commons Attribution 4.0 International (CC BY 4.0),data/raw/ocm/OCM-298483.json,https://openchargemap.org/site/poi/details/298483,True
299804,3339.0,Chargefox,EPM,Baldwin Street,,6105,-31.97974757849547,115.97197588423592,$0.45 per kWh,Please adhere to entry and exit signs into driveway during working hours and days 5am-5pm Monday to Friday,Public - Membership Required,Operational,2024-06-05T16:09:00Z,2024-06-05 16:09:00+00:00,2.0,Open Charge Map Contributors,Licensed under Creative Commons Attribution 4.0 International (CC BY 4.0),data/raw/ocm/OCM-299804.json,https://openchargemap.org/site/poi/details/299804,True
299879,3339.0,Chargefox,Chargefox Charging Station,38 Camden Rd,Campbelltown,2560,-34.07085887727317,150.80665583075495,$0.60/kWh,,Public - Membership Required,Operational,2024-06-11T09:50:00Z,2024-06-11 09:50:00+00:00,1.0,Open Charge Map Contributors,Licensed under Creative Commons Attribution 4.0 International (CC BY 4.0),data/raw/ocm/OCM-299879.json,https://openchargemap.org/site/poi/details/299879,True
299904,3622.0,Exploren,Club Lithgow,"2c Lithgow St, ",Lithgow,2790,-33.485305997724765,150.1520457902966,See Exploren app.,,Public,Operational,2024-06-17T11:11:00Z,2024-06-17 11:11:00+00:00,4.0,Open Charge Map Contributors,Licensed under Creative Commons Attribution 4.0 International (CC BY 4.0),data/raw/ocm/OCM-299904.json,https://openchargemap.org/site/poi/details/299904,False
299958,3622.0,Exploren,Dongra Electrical,Point Leander Drive,Dongara,6525,-29.251767146809307,114.93533678947051,$0.35 per KwH,,Public - Membership Required,Operational,2024-06-13T15:43:00Z,2024-06-13 15:43:00+00:00,2.0,Open Charge Map Contributors,Licensed under Creative Commons Attribution 4.0 International (CC BY 4.0),data/raw/ocm/OCM-299958.json,https://openchargemap.org/site/poi/details/299958,False
300146,3398.0,Evie,Bay Trail,Bay Trail,Moordialloc,3195,-38.00841347461177,145.0848841496986,,,Public - Membership Required,Operational,2024-06-25T11:04:00Z,2024-06-25 11:04:00+00:00,1.0,Open Charge Map Contributors,Licensed under Creative Commons Attribution 4.0 International (CC BY 4.0),data/raw/ocm/OCM-300146.json,https://openchargemap.org/site/poi/details/300146,True
300147,3625.0,Ampol AmpCharge,Bridge Street,Bridge Street,Hampton,3191,-37.94495495500977,145.00192929573643,$0.60/kWh for pay-as-you-go charging.,,Public - Membership Required,Operational,2024-06-25T11:09:00Z,2024-06-25 11:09:00+00:00,1.0,Open Charge Map Contributors,Licensed under Creative Commons Attribution 4.0 International (CC BY 4.0),data/raw/ocm/OCM-300147.json,https://openchargemap.org/site/poi/details/300147,True
300148,3534.0,Tesla,Tesla Supercharger Brighton East,Hope Street,Brighton East,3186,-37.907528089556905,145.01117779850802,$0.69/kWh,,Public - Membership Required,Operational,2024-06-25T11:09:00Z,2024-06-25 11:09:00+00:00,3.0,Open Charge Map Contributors,Licensed under Creative Commons Attribution 4.0 International (CC BY 4.0),data/raw/ocm/OCM-300148.json,https://openchargemap.org/site/poi/details/300148,True
300149,3534.0,Tesla,Telsa Supercharger Box Hill,Ailsa Street,Box Hill South,3128,-37.837816422984424,145.1346849142019,,,Public - Membership Required,Operational,2024-06-25T11:14:00Z,2024-06-25 11:14:00+00:00,12.0,Open Charge Map Contributors,Licensed under Creative Commons Attribution 4.0 International (CC BY 4.0),data/raw/ocm/OCM-300149.json,https://openchargemap.org/site/poi/details/300149,True
300150,3659.0,BP Pulse (AU),BP Pulse Cranbourne,Cranbourne-Frankston Road,Cranbourne West,3977,-38.110286646748186,145.2640707648552,$0.55/kWh,,Public - Membership Required,Operational,2024-06-25T11:14:00Z,2024-06-25 11:14:00+00:00,1.0,Open Charge Map Contributors,Licensed under Creative Commons Attribution 4.0 International (CC BY 4.0),data/raw/ocm/OCM-300150.json,https://openchargemap.org/site/poi/details/300150,True
300151,3595.0,Engie,Engie Cranbourne Park,Cranbourne Drive,,3977,-38.10907515763703,145.28176239248455,,,Public - Membership Required,Operational,2024-06-25T11:14:00Z,2024-06-25 11:14:00+00:00,3.0,Open Charge Map Contributors,Licensed under Creative Commons Attribution 4.0 International (CC BY 4.0),data/raw/ocm/OCM-300151.json,https://openchargemap.org/site/poi/details/300151,False
300152,3398.0,Evie,Evie Cranbourne Homemaker Centre,South Gippsland Highway,Cranbourne,3977,-38.08489638497555,145.27849713747787,,,Public - Membership Required,Operational,2024-06-25T11:14:00Z,2024-06-25 11:14:00+00:00,1.0,Open Charge Map Contributors,Licensed under Creative Commons Attribution 4.0 International (CC BY 4.0),data/raw/ocm/OCM-300152.json,https://openchargemap.org/site/poi/details/300152,True
300153,3534.0,Tesla,Tesla Supercharger Wagga Wagga,Fernleigh Road,Wagga Wagga,2650,-35.13104690746256,147.3397865366278,$0.69/kWh,,Public - Membership Required,Operational,2024-06-25T11:19:00Z,2024-06-25 11:19:00+00:00,6.0,Open Charge Map Contributors,Licensed under Creative Commons Attribution 4.0 International (CC BY 4.0),data/raw/ocm/OCM-300153.json,https://openchargemap.org/site/poi/details/300153,True
300154,3534.0,Tesla,Tesla Supercharger Albury,Stanley Street,Albury,2640,-36.07928408317759,146.91360130129283,$0.69/kWh,,Public - Membership Required,Operational,2024-06-25T11:24:00Z,2024-06-25 11:24:00+00:00,12.0,Open Charge Map Contributors,Licensed under Creative Commons Attribution 4.0 International (CC BY 4.0),data/raw/ocm/OCM-300154.json,https://openchargemap.org/site/poi/details/300154,True
300155,23.0,Tesla,Tesla Supercharger Campbellfield,Camp Road,Campbellfield,3060,-37.68912458660884,144.95662465559099,69c / KwH,,Public - Membership Required,Operational,2024-06-25T11:24:00Z,2024-06-25 11:24:00+00:00,1.0,Open Charge Map Contributors,Licensed under Creative Commons Attribution 4.0 International (CC BY 4.0),data/raw/ocm/OCM-300155.json,https://openchargemap.org/site/poi/details/300155,True
300418,1.0,(unknown operator),Watermarc Carpark (LG),Greensborough Walk,,3088,-37.70397622211952,145.10521824749753,0,,Public,Operational,2024-07-08T03:19:00Z,2024-07-08 03:19:00+00:00,3.0,Open Charge Map Contributors,Licensed under Creative Commons Attribution 4.0 International (CC BY 4.0),data/raw/ocm/OCM-300418.json,https://openchargemap.org/site/poi/details/300418,False
300463,1.0,(unknown operator),Spotted Gum Retreat Holiday Accommodation,Lamont Young Drive,Mystery Bay,2546,-36.30497745879883,150.12519241466634,enquire,,"Private - For Staff, Visitors or Customers",Operational,2024-09-22T14:55:00Z,2024-09-22 14:55:00+00:00,1.0,Open Charge Map Contributors,Licensed under Creative Commons Attribution 4.0 International (CC BY 4.0),data/raw/ocm/OCM-300463.json,https://openchargemap.org/site/poi/details/300463,False
300801,3624.0,elanga (au),Willowbank Raceway,133 Champions Way, Willowbank,4306,-27.68917090278832,152.6532223508002,,Located in carpark off Champions Way.,Public - Membership Required,Operational,2024-07-26T06:19:00Z,2024-07-26 06:19:00+00:00,2.0,Open Charge Map Contributors,Licensed under Creative Commons Attribution 4.0 International (CC BY 4.0),data/raw/ocm/OCM-300801.json,https://openchargemap.org/site/poi/details/300801,True
300802,1.0,(unknown operator),Gunabul HomeStead,9 Power Road,Southside,4570,-26.199375967349063,152.6570568531024,$0.70/kWh,"Follow homestead access road off Power Road, charger well signed and located on the right under the trees in the carpark.",Public - Pay At Location,Operational,2024-07-13T01:09:00Z,2024-07-13 01:09:00+00:00,2.0,Open Charge Map Contributors,Licensed under Creative Commons Attribution 4.0 International (CC BY 4.0),data/raw/ocm/OCM-300802.json,https://openchargemap.org/site/poi/details/300802,True
300856,3659.0,BP Pulse (AU),BP Pulse Northbound ,191 Paparone Road,Perth,6171,-32.30935248843228,115.83043488599236,65c/kWh,,Public - Membership Required,Operational,2024-08-14T02:59:00Z,2024-08-14 02:59:00+00:00,6.0,Open Charge Map Contributors,Licensed under Creative Commons Attribution 4.0 International (CC BY 4.0),data/raw/ocm/OCM-300856.json,https://openchargemap.org/site/poi/details/300856,True
301260,3339.0,Chargefox,Minilya WA EV Network,Minilya-Exmouth Road,,,-23.752240907122726,114.01430399748614,,,Public - Membership Required,Operational,2024-07-17T14:38:00Z,2024-07-17 14:38:00+00:00,2.0,Open Charge Map Contributors,Licensed under Creative Commons Attribution 4.0 International (CC BY 4.0),data/raw/ocm/OCM-301260.json,https://openchargemap.org/site/poi/details/301260,True
301868,3398.0,Evie,Eli Waters Shopping Centre,2 Ibis Boulevard,Hervey Bay,,-25.286041551013156,152.8158038522372,0.68,,Public - Membership Required,Operational,2024-07-29T05:35:00Z,2024-07-29 05:35:00+00:00,4.0,Open Charge Map Contributors,Licensed under Creative Commons Attribution 4.0 International (CC BY 4.0),data/raw/ocm/OCM-301868.json,https://openchargemap.org/site/poi/details/301868,True
302211,23.0,Tesla,Green Head Supercharger,Ocean View Drive,Green Head,6514,-30.070090453487722,114.96554294156368,,,Public - Membership Required,Planned For Future Date,2025-05-05T03:02:00Z,2025-05-05 03:02:00+00:00,6.0,Open Charge Map Contributors,Licensed under Creative Commons Attribution 4.0 International (CC BY 4.0),data/raw/ocm/OCM-302211.json,https://openchargemap.org/site/poi/details/302211,True
302397,3622.0,Exploren,Miller Grove,Miller Grove,,3149,-37.875016711913474,145.128081929617,free,,Public - Membership Required,Operational,2025-01-06T17:09:00Z,2025-01-06 17:09:00+00:00,2.0,Open Charge Map Contributors,Licensed under Creative Commons Attribution 4.0 International (CC BY 4.0),data/raw/ocm/OCM-302397.json,https://openchargemap.org/site/poi/details/302397,False
302585,3659.0,BP Pulse (AU),BP South Bound,Leary Road,,6171,-32.30983528619279,115.83240066607163,65c/kWh,,Public - Membership Required,Operational,2024-08-14T03:03:00Z,2024-08-14 03:03:00+00:00,6.0,Open Charge Map Contributors,Licensed under Creative Commons Attribution 4.0 International (CC BY 4.0),data/raw/ocm/OCM-302585.json,https://openchargemap.org/site/poi/details/302585,True
303446,3339.0,Chargefox,K Park Playhouse Lane,20 Playhouse Ln,Adelaide,5000,-34.925115,138.595206,$0.50/kWh,Monday to Thursday 5:00am - 12:30am Friday & weekends 5:00am - 2:00am,Public - Membership Required,Operational,2024-08-25T01:12:00Z,2024-08-25 01:12:00+00:00,1.0,Open Charge Map Contributors,Licensed under Creative Commons Attribution 4.0 International (CC BY 4.0),data/raw/ocm/OCM-303446.json,https://openchargemap.org/site/poi/details/303446,True
303716,3339.0,Chargefox,NRMA Midland ,Clayton St,Midland ,,-31.8962683,116.01022,$0.65 per kWh,,Public - Membership Required,Operational,2024-09-01T05:20:00Z,2024-09-01 05:20:00+00:00,1.0,Open Charge Map Contributors,Licensed under Creative Commons Attribution 4.0 International (CC BY 4.0),data/raw/ocm/OCM-303716.json,https://openchargemap.org/site/poi/details/303716,True
303937,3339.0,Chargefox,Ngumpan (WA EV Network),Great Nirthern Highway,,,-18.749254525895964,126.11371953941125,$0.60 per kWh at all times.,,Public - Membership Required,Operational,2024-09-10T09:37:00Z,2024-09-10 09:37:00+00:00,1.0,Open Charge Map Contributors,Licensed under Creative Commons Attribution 4.0 International (CC BY 4.0),data/raw/ocm/OCM-303937.json,https://openchargemap.org/site/poi/details/303937,True
303938,3339.0,Chargefox,Bidyadanga Turnoff (WA EV Network),Bidyadanga Road,Lagrange,6725,-18.721350107077058,121.87899345971687,"$0.60 per kWh for fast DC, $0.35 per kWh for slow AC.",,Public - Membership Required,Operational,2025-01-29T15:34:00Z,2025-01-29 15:34:00+00:00,1.0,Open Charge Map Contributors,Licensed under Creative Commons Attribution 4.0 International (CC BY 4.0),data/raw/ocm/OCM-303938.json,https://openchargemap.org/site/poi/details/303938,True
304196,3388.0,NRMA,Monto's Grand Hotel,32 Lister Street,Monto,4630,-24.862625832767137,151.12151830708194,,Free parking at location while charging your EV. Entrance off Lister Street.,Public - Pay At Location,Operational,2024-09-17T13:28:00Z,2024-09-17 13:28:00+00:00,4.0,Open Charge Map Contributors,Licensed under Creative Commons Attribution 4.0 International (CC BY 4.0),data/raw/ocm/OCM-304196.json,https://openchargemap.org/site/poi/details/304196,True
304318,3625.0,Ampol AmpCharge,Hunter Street,Hunter Street,,4305,-27.596393387636958,152.7462094147789,,,Public - Membership Required,Operational,2024-10-14T08:09:00Z,2024-10-14 08:09:00+00:00,2.0,Open Charge Map Contributors,Licensed under Creative Commons Attribution 4.0 International (CC BY 4.0),data/raw/ocm/OCM-304318.json,https://openchargemap.org/site/poi/details/304318,False
304335,3716.0,wevolt (au),All Saints College,28 Ewing Ave,Bull Creek,6163,-32.048870705546086,115.86542217360795,$0.25 per kWh,,Public - Membership Required,Operational,2024-09-23T10:23:00Z,2024-09-23 10:23:00+00:00,2.0,Open Charge Map Contributors,Licensed under Creative Commons Attribution 4.0 International (CC BY 4.0),data/raw/ocm/OCM-304335.json,https://openchargemap.org/site/poi/details/304335,True
304358,3339.0,Chargefox,NRMA Mandurah,Magenta Terrace,Mandurah,6210,-32.50979875144507,115.73981288369129,$0.65 per kWh,,Public - Membership Required,Operational,2024-09-24T10:58:00Z,2024-09-24 10:58:00+00:00,2.0,Open Charge Map Contributors,Licensed under Creative Commons Attribution 4.0 International (CC BY 4.0),data/raw/ocm/OCM-304358.json,https://openchargemap.org/site/poi/details/304358,True
304459,3339.0,Chargefox,RAA Charge Brickworks,2 Ashwin Parade,Torrensville,5031,-34.9131230518513,138.56301692754607,"DC is Evening peak 68c kWh (5:00pm to 10:00pm), Standard 59c kWh (all other times), AC is Evening peak 32c kWh (5:00pm to 10:00pm), Standard 25c kWh (all other times)",,Public - Pay At Location,Operational,2024-10-14T08:09:00Z,2024-10-14 08:09:00+00:00,3.0,Open Charge Map Contributors,Licensed under Creative Commons Attribution 4.0 International (CC BY 4.0),data/raw/ocm/OCM-304459.json,https://openchargemap.org/site/poi/details/304459,True
305540,3339.0,Chargefox,Autobahn Armadale,1256 Armadale Road,"Armadale, ",6112,-32.14798632595281,115.98536350907739,$0.55kWh,,Public - Membership Required,Operational,2024-10-20T06:05:00Z,2024-10-20 06:05:00+00:00,2.0,Open Charge Map Contributors,Licensed under Creative Commons Attribution 4.0 International (CC BY 4.0),data/raw/ocm/OCM-305540.json,https://openchargemap.org/site/poi/details/305540,False
305975,1.0,(unknown operator),Armadale City,Jull Street,Armadale,6112,-32.150681222892466,116.01697710197169,,,Public - Membership Required,Operational,2024-12-04T05:15:00Z,2024-12-04 05:15:00+00:00,2.0,Open Charge Map Contributors,Licensed under Creative Commons Attribution 4.0 International (CC BY 4.0),data/raw/ocm/OCM-305975.json,https://openchargemap.org/site/poi/details/305975,True
305977,3388.0,NRMA,NRMA Ouyen,8 Hughes Street,Ouyen,3490,-35.071599703997784,142.31988019027813,66c / 60c for NRMA Members,,Public,Operational,2024-11-12T01:14:00Z,2024-11-12 01:14:00+00:00,4.0,Open Charge Map Contributors,Licensed under Creative Commons Attribution 4.0 International (CC BY 4.0),data/raw/ocm/OCM-305977.json,https://openchargemap.org/site/poi/details/305977,True
305978,3388.0,NRMA,NRMA Wycheproof,361 Broadway,Wycheproof,3527,-36.07623961780974,143.22518416666645,66c / 60c for members,,Public,Operational,2024-11-12T01:19:00Z,2024-11-12 01:19:00+00:00,4.0,Open Charge Map Contributors,Licensed under Creative Commons Attribution 4.0 International (CC BY 4.0),data/raw/ocm/OCM-305978.json,https://openchargemap.org/site/poi/details/305978,True
305979,3388.0,NRMA,NRMA Marong,32 High Street,Marong,3515,-36.73546633080104,144.13398199267476,66c / 60c for members,,Public,Operational,2024-11-12T01:24:00Z,2024-11-12 01:24:00+00:00,4.0,Open Charge Map Contributors,Licensed under Creative Commons Attribution 4.0 International (CC BY 4.0),data/raw/ocm/OCM-305979.json,https://openchargemap.org/site/poi/details/305979,True
305980,3388.0,NRMA,NRMA Ararat,Taylor Street,Ararat,3377,-37.28516365724295,142.92645264670017,66c / 60c for members,,Public,Operational,2024-11-12T01:29:00Z,2024-11-12 01:29:00+00:00,4.0,Open Charge Map Contributors,Licensed under Creative Commons Attribution 4.0 International (CC BY 4.0),data/raw/ocm/OCM-305980.json,https://openchargemap.org/site/poi/details/305980,True
306013,3534.0,Tesla,Griffith Leagues Club Southside,2 Bridge Road,Griffith,2680,-34.29247666125356,146.05114295544826,up to $0.92/kWh,,Public - Membership Required,Operational,2024-12-08T01:54:00Z,2024-12-08 01:54:00+00:00,6.0,Open Charge Map Contributors,Licensed under Creative Commons Attribution 4.0 International (CC BY 4.0),data/raw/ocm/OCM-306013.json,https://openchargemap.org/site/poi/details/306013,True
306014,3339.0,Chargefox,Owen Toyota,Owen Drive,,2680,-34.299877486665665,146.0781598113113,$0.40/kWh,,Public - Membership Required,Operational,2024-11-14T09:54:00Z,2024-11-14 09:54:00+00:00,2.0,Open Charge Map Contributors,Licensed under Creative Commons Attribution 4.0 International (CC BY 4.0),data/raw/ocm/OCM-306014.json,https://openchargemap.org/site/poi/details/306014,True
306015,3339.0,Chargefox,Griffith City Volkswagen,Kurrajong Avenue,,2680,-34.30220873271793,146.0827951103297,$0.40/kWh,,Public - Membership Required,Operational,2024-12-08T01:54:00Z,2024-12-08 01:54:00+00:00,1.0,Open Charge Map Contributors,Licensed under Creative Commons Attribution 4.0 International (CC BY 4.0),data/raw/ocm/OCM-306015.json,https://openchargemap.org/site/poi/details/306015,True
306016,3609.0,Everty,Middy's Wagga East,Stuart Road,,2650,-35.123640112987474,147.3992802491099,$0.35/kWh,,Public - Membership Required,Operational,2024-12-08T01:54:00Z,2024-12-08 01:54:00+00:00,1.0,Open Charge Map Contributors,Licensed under Creative Commons Attribution 4.0 International (CC BY 4.0),data/raw/ocm/OCM-306016.json,https://openchargemap.org/site/poi/details/306016,True
306017,3622.0,Exploren,Ganmain Craft Cottage,76 Ford Street,,2702,-34.79340665268592,147.03869475917048,$0.50 per hour plus $0.28/kWh,This is in a carpark behind the craft shop.,Public - Membership Required,Operational,2024-12-08T01:54:00Z,2024-12-08 01:54:00+00:00,2.0,Open Charge Map Contributors,Licensed under Creative Commons Attribution 4.0 International (CC BY 4.0),data/raw/ocm/OCM-306017.json,https://openchargemap.org/site/poi/details/306017,False
306018,3622.0,Exploren,Redgrave Park,Loughnan Street,Coolamon,,-34.81320838371845,147.20146957248267,$0.25 each 30 mins plus $0.28/kWh,,Public,Operational,2024-12-08T01:54:00Z,2024-12-08 01:54:00+00:00,1.0,Open Charge Map Contributors,Licensed under Creative Commons Attribution 4.0 International (CC BY 4.0),data/raw/ocm/OCM-306018.json,https://openchargemap.org/site/poi/details/306018,False
306072,3625.0,Ampol AmpCharge,Ampol Foodary North Yunderup,741 Pinjarra Rd,North Yunderup,6208,-32.5671631849554,115.79829772601357,$0.60 per kWh,,Public - Membership Required,Operational,2024-11-14T15:49:00Z,2024-11-14 15:49:00+00:00,1.0,Open Charge Map Contributors,Licensed under Creative Commons Attribution 4.0 International (CC BY 4.0),data/raw/ocm/OCM-306072.json,https://openchargemap.org/site/poi/details/306072,True
306095,3339.0,Chargefox,WA EV Network - Whim Creek,Lot 58,Whim Creek,6718,-20.838466287478184,117.83409361484922,"$0.60 per kWh fast DC, $0.35 per kWh slow AC.",,Public - Membership Required,Planned For Future Date,2024-11-15T15:56:00Z,2024-11-15 15:56:00+00:00,2.0,Open Charge Map Contributors,Licensed under Creative Commons Attribution 4.0 International (CC BY 4.0),data/raw/ocm/OCM-306095.json,https://openchargemap.org/site/poi/details/306095,True
306096,3339.0,Chargefox,Sandfire (WA EV Network),Highway 1,Sandfire,6725,-19.768818135351367,121.09160068026648,"$0.60 per kWh for fast DC, $0.35 per kWh for slow AC",,Public - Membership Required,Operational,2025-01-29T15:33:00Z,2025-01-29 15:33:00+00:00,2.0,Open Charge Map Contributors,Licensed under Creative Commons Attribution 4.0 International (CC BY 4.0),data/raw/ocm/OCM-306096.json,https://openchargemap.org/site/poi/details/306096,True
306224,3534.0,Tesla,Perth City Supercharger,Kulunga Grove,Perth,6005,-31.953457974189973,115.83912294028778,,Parking free,Public - Membership Required,Operational,2024-12-22T14:52:00Z,2024-12-22 14:52:00+00:00,6.0,Open Charge Map Contributors,Licensed under Creative Commons Attribution 4.0 International (CC BY 4.0),data/raw/ocm/OCM-306224.json,https://openchargemap.org/site/poi/details/306224,True
306581,3339.0,Chargefox,WA EV Network - Fortescue River,51 Highway 1,Mardie,6714,-21.295783915716314,116.13807973599131,"$0.60 per kWh for fast DC, $0.22 per kWh for slow AC.",,Public - Membership Required,Operational,2024-11-27T15:33:00Z,2024-11-27 15:33:00+00:00,1.0,Open Charge Map Contributors,Licensed under Creative Commons Attribution 4.0 International (CC BY 4.0),data/raw/ocm/OCM-306581.json,https://openchargemap.org/site/poi/details/306581,True
306626,3339.0,Chargefox,Port Headland (WA EV Network),3 Sutherland Road,Port Headland,6721,-20.309214965529335,118.59299891016775,"$0.60 per kWh for fst DC, $0.35 per kWh for slow AC",,Public - Membership Required,Operational,2025-01-29T15:32:00Z,2025-01-29 15:32:00+00:00,1.0,Open Charge Map Contributors,Licensed under Creative Commons Attribution 4.0 International (CC BY 4.0),data/raw/ocm/OCM-306626.json,https://openchargemap.org/site/poi/details/306626,True
306743,3775.0,ChargeHub,Armadale Fitness and Auqatic Center,76 Champion Drive,Armadale City,,-32.13378217875158,116.00360230509733,,,Public - Membership Required,Operational,2024-12-04T16:58:00Z,2024-12-04 16:58:00+00:00,2.0,Open Charge Map Contributors,Licensed under Creative Commons Attribution 4.0 International (CC BY 4.0),data/raw/ocm/OCM-306743.json,https://openchargemap.org/site/poi/details/306743,False
306858,1.0,(unknown operator),Buckland Kent St,"23 Kent Street, Buckland, Tasmania",Buckland,,-42.60669976786134,147.7185327664647,64 cents per kW hour,"Access Kent St, by turning into Buckland Rd from Tasman Hwy.",Public,Operational,2025-01-23T07:59:00Z,2025-01-23 07:59:00+00:00,1.0,Open Charge Map Contributors,Licensed under Creative Commons Attribution 4.0 International (CC BY 4.0),data/raw/ocm/OCM-306858.json,https://openchargemap.org/site/poi/details/306858,False
306891,1.0,(unknown operator),Buckland Kent St,"23 Kent Street, Buckland, Tasmania",Buckland,7190,-42.60668821556477,147.71852154472168,64 cents per kW,,Public - Membership Required,Operational,2025-06-22T07:04:00Z,2025-06-22 07:04:00+00:00,1.0,Open Charge Map Contributors,Licensed under Creative Commons Attribution 4.0 International (CC BY 4.0),data/raw/ocm/OCM-306891.json,https://openchargemap.org/site/poi/details/306891,False
307477,3775.0,ChargeHub,Melville City - City Hall,10 Almondbury Rd,Melville City,6154,-32.0322316337417,115.83247239799903,$0.55 per kWh,,Public - Membership Required,Operational,2025-11-23T04:53:00Z,2025-11-23 04:53:00+00:00,2.0,Open Charge Map Contributors,Licensed under Creative Commons Attribution 4.0 International (CC BY 4.0),data/raw/ocm/OCM-307477.json,https://openchargemap.org/site/poi/details/307477,True
307478,3775.0,ChargeHub,Melville City - LeisureFit,521 Marmion St,Melville City,6154,-32.03968803198156,115.83200365710911,,,Public - Membership Required,Planned For Future Date,2024-12-27T07:32:00Z,2024-12-27 07:32:00+00:00,2.0,Open Charge Map Contributors,Licensed under Creative Commons Attribution 4.0 International (CC BY 4.0),data/raw/ocm/OCM-307478.json,https://openchargemap.org/site/poi/details/307478,False
307698,3546.0,thundergrid,Eastlake Parade - Streetlight SL217828,33 Eastlake Parade,Kingston,2604,-35.312486897855344,149.14620754929297,0,,Public,Operational,2025-01-06T17:12:00Z,2025-01-06 17:12:00+00:00,1.0,Open Charge Map Contributors,Licensed under Creative Commons Attribution 4.0 International (CC BY 4.0),data/raw/ocm/OCM-307698.json,https://openchargemap.org/site/poi/details/307698,False
307759,3625.0,Ampol AmpCharge,Ampol Foodary,Princes Highway,Winchelsea,,-38.24620744489461,143.98330610676584,$0.60/kWh for pay-as-you-go charging.,,Public - Membership Required,Operational,2025-01-23T07:44:00Z,2025-01-23 07:44:00+00:00,1.0,Open Charge Map Contributors,Licensed under Creative Commons Attribution 4.0 International (CC BY 4.0),data/raw/ocm/OCM-307759.json,https://openchargemap.org/site/poi/details/307759,True
307760,3534.0,Tesla,Tesla Supercharger Lucas,Lilburne Street,Lucas,,-37.543339004512035,143.78422184851445,$0.78/kWh,,Public - Membership Required,Operational,2025-01-23T07:44:00Z,2025-01-23 07:44:00+00:00,10.0,Open Charge Map Contributors,Licensed under Creative Commons Attribution 4.0 International (CC BY 4.0),data/raw/ocm/OCM-307760.json,https://openchargemap.org/site/poi/details/307760,True
307761,23.0,Tesla,Tesla Supercharger Traralgon,Grey Street,Traralgon,,-38.192546578861105,146.527465028071,$0.66/kWh,,Public - Membership Required,Operational,2025-01-23T07:44:00Z,2025-01-23 07:44:00+00:00,4.0,Open Charge Map Contributors,Licensed under Creative Commons Attribution 4.0 International (CC BY 4.0),data/raw/ocm/OCM-307761.json,https://openchargemap.org/site/poi/details/307761,True
307762,3398.0,Evie,Evie Traralgon,Princes Street,Traralgon,,-38.19729526031544,146.54141869877014,,,Public - Membership Required,Operational,2025-01-23T07:44:00Z,2025-01-23 07:44:00+00:00,2.0,Open Charge Map Contributors,Licensed under Creative Commons Attribution 4.0 International (CC BY 4.0),data/raw/ocm/OCM-307762.json,https://openchargemap.org/site/poi/details/307762,True
307763,3398.0,Evie,Evie Cowes,Chapel Street,Cowes,,-38.4507421042261,145.2404278198406,,,Public - Membership Required,Operational,2025-01-23T07:44:00Z,2025-01-23 07:44:00+00:00,4.0,Open Charge Map Contributors,Licensed under Creative Commons Attribution 4.0 International (CC BY 4.0),data/raw/ocm/OCM-307763.json,https://openchargemap.org/site/poi/details/307763,True
307764,3339.0,Chargefox,Trentham Visitor Information Centre,Albert Street,Trentham,,-37.38857348160439,144.32539419117688,,,Public - Membership Required,Operational,2025-01-23T07:44:00Z,2025-01-23 07:44:00+00:00,2.0,Open Charge Map Contributors,Licensed under Creative Commons Attribution 4.0 International (CC BY 4.0),data/raw/ocm/OCM-307764.json,https://openchargemap.org/site/poi/details/307764,True
307765,3398.0,Evie,Evie Avoca,High Street,Avoca,,-37.090140210860675,143.47445272035532,,,Public - Membership Required,Operational,2025-01-23T07:44:00Z,2025-01-23 07:44:00+00:00,2.0,Open Charge Map Contributors,Licensed under Creative Commons Attribution 4.0 International (CC BY 4.0),data/raw/ocm/OCM-307765.json,https://openchargemap.org/site/poi/details/307765,True
307766,3398.0,Evie,Evie St Arnaud,Golden Street,St Arnaud,,-36.615281555447034,143.25846054416633,,,Public - Membership Required,Operational,2025-01-23T07:44:00Z,2025-01-23 07:44:00+00:00,2.0,Open Charge Map Contributors,Licensed under Creative Commons Attribution 4.0 International (CC BY 4.0),data/raw/ocm/OCM-307766.json,https://openchargemap.org/site/poi/details/307766,True
307767,3622.0,Exploren,Cootamundra Library,Wallendoon Street,Cootamundra,,-34.63980461006843,148.02613856207262,,,Public - Membership Required,Operational,2025-01-23T07:44:00Z,2025-01-23 07:44:00+00:00,4.0,Open Charge Map Contributors,Licensed under Creative Commons Attribution 4.0 International (CC BY 4.0),data/raw/ocm/OCM-307767.json,https://openchargemap.org/site/poi/details/307767,False
307768,3622.0,Exploren,Harden Country Club,East Street,Harden,,-34.5627690756498,148.36103557280512,Free,,Public - Membership Required,Operational,2025-01-23T07:44:00Z,2025-01-23 07:44:00+00:00,1.0,Open Charge Map Contributors,Licensed under Creative Commons Attribution 4.0 International (CC BY 4.0),data/raw/ocm/OCM-307768.json,https://openchargemap.org/site/poi/details/307768,False
307769,3398.0,Evie,Evie Barabool Heights Plaza,Province Blvd,Highton,,-38.16095627974979,144.30595213669608,,,Public - Membership Required,Operational,2025-01-23T07:44:00Z,2025-01-23 07:44:00+00:00,4.0,Open Charge Map Contributors,Licensed under Creative Commons Attribution 4.0 International (CC BY 4.0),data/raw/ocm/OCM-307769.json,https://openchargemap.org/site/poi/details/307769,True
307770,3339.0,Chargefox,Geelong West Veledrome,Weddell Road,Geelong West,,-38.129239527848746,144.34542725752488,,,Public - Membership Required,Operational,2025-01-23T07:44:00Z,2025-01-23 07:44:00+00:00,2.0,Open Charge Map Contributors,Licensed under Creative Commons Attribution 4.0 International (CC BY 4.0),data/raw/ocm/OCM-307770.json,https://openchargemap.org/site/poi/details/307770,False
307771,3398.0,Evie,Evie Hamilton,Scoresby Street,Hamilton,,-37.742657443427255,142.0204391323382,,,Public - Membership Required,Operational,2025-01-23T07:44:00Z,2025-01-23 07:44:00+00:00,2.0,Open Charge Map Contributors,Licensed under Creative Commons Attribution 4.0 International (CC BY 4.0),data/raw/ocm/OCM-307771.json,https://openchargemap.org/site/poi/details/307771,True
307772,3398.0,Evie,Evie Portland,Henty Street,Portland,,-38.34684478419478,141.60283197044578,,,Public - Membership Required,Operational,2025-01-23T07:44:00Z,2025-01-23 07:44:00+00:00,2.0,Open Charge Map Contributors,Licensed under Creative Commons Attribution 4.0 International (CC BY 4.0),data/raw/ocm/OCM-307772.json,https://openchargemap.org/site/poi/details/307772,True
307773,3625.0,Ampol AmpCharge,Ampcharge Cheltenham,Cheltenham Road,Keysborough,,-37.99571529046778,145.182222569087,,,Public - Membership Required,Operational,2025-01-23T07:44:00Z,2025-01-23 07:44:00+00:00,2.0,Open Charge Map Contributors,Licensed under Creative Commons Attribution 4.0 International (CC BY 4.0),data/raw/ocm/OCM-307773.json,https://openchargemap.org/site/poi/details/307773,True
307774,3625.0,Ampol AmpCharge,Ampcharge Sandown,Princes Highway,Sandown,,-37.94161999001956,145.16671110078272,,,Public - Membership Required,Operational,2025-01-23T07:44:00Z,2025-01-23 07:44:00+00:00,2.0,Open Charge Map Contributors,Licensed under Creative Commons Attribution 4.0 International (CC BY 4.0),data/raw/ocm/OCM-307774.json,https://openchargemap.org/site/poi/details/307774,True
307775,3595.0,Engie,ENGIE - Chadstone 2,Dandenong Road,Chadstone,,-37.88820940951108,145.08494077130194,,,Public - Membership Required,Operational,2025-01-23T07:44:00Z,2025-01-23 07:44:00+00:00,4.0,Open Charge Map Contributors,Licensed under Creative Commons Attribution 4.0 International (CC BY 4.0),data/raw/ocm/OCM-307775.json,https://openchargemap.org/site/poi/details/307775,True
307784,3534.0,Tesla,Tesla Supercharger Mount Gambier,Jubilee Highway,Mount Gambier,,-37.83518604477705,140.8022529347133,,,Public - Membership Required,Operational,2025-01-23T07:44:00Z,2025-01-23 07:44:00+00:00,6.0,Open Charge Map Contributors,Licensed under Creative Commons Attribution 4.0 International (CC BY 4.0),data/raw/ocm/OCM-307784.json,https://openchargemap.org/site/poi/details/307784,True
307785,3339.0,Chargefox,RAA Mount Gambier,Sturt Street,Mount Gambier,,-37.83093305008087,140.7803969736217,,,Public - Membership Required,Operational,2025-01-23T07:44:00Z,2025-01-23 07:44:00+00:00,8.0,Open Charge Map Contributors,Licensed under Creative Commons Attribution 4.0 International (CC BY 4.0),data/raw/ocm/OCM-307785.json,https://openchargemap.org/site/poi/details/307785,True
307786,3339.0,Chargefox,RAA Bordertown,Adamson Terrace,Bordertown,,-36.30916560839312,140.7802897527946,,,Public - Membership Required,Operational,2025-01-23T07:44:00Z,2025-01-23 07:44:00+00:00,3.0,Open Charge Map Contributors,Licensed under Creative Commons Attribution 4.0 International (CC BY 4.0),data/raw/ocm/OCM-307786.json,https://openchargemap.org/site/poi/details/307786,True
307787,23.0,Tesla,Tesla Supercharger Bordertown,Dukes Highway,Bordertown,,-36.29806431043085,140.75704069780193,,,Public - Membership Required,Operational,2025-01-23T07:44:00Z,2025-01-23 07:44:00+00:00,4.0,Open Charge Map Contributors,Licensed under Creative Commons Attribution 4.0 International (CC BY 4.0),data/raw/ocm/OCM-307787.json,https://openchargemap.org/site/poi/details/307787,True
307788,3625.0,Ampol AmpCharge,Ampcharge Barkly Square,Barkly Street,Brunswick,,-37.776585212413124,144.9639271835984,,,Public - Membership Required,Operational,2025-01-23T07:44:00Z,2025-01-23 07:44:00+00:00,8.0,Open Charge Map Contributors,Licensed under Creative Commons Attribution 4.0 International (CC BY 4.0),data/raw/ocm/OCM-307788.json,https://openchargemap.org/site/poi/details/307788,True
307898,3398.0,Evie,Riverton Mall,353 High,Riverton,6148,-32.039141558623534,115.90778289825715,$0.64 per kWh,,Public - Membership Required,Operational,2025-06-03T10:19:00Z,2025-06-03 10:19:00+00:00,4.0,Open Charge Map Contributors,Licensed under Creative Commons Attribution 4.0 International (CC BY 4.0),data/raw/ocm/OCM-307898.json,https://openchargemap.org/site/poi/details/307898,True
307988,3398.0,Evie,Evie Richmond Library,Swan Street,Richmond,,-37.825531454943984,144.99874510755922,,,Public - Membership Required,Operational,2025-01-23T07:44:00Z,2025-01-23 07:44:00+00:00,1.0,Open Charge Map Contributors,Licensed under Creative Commons Attribution 4.0 International (CC BY 4.0),data/raw/ocm/OCM-307988.json,https://openchargemap.org/site/poi/details/307988,True
307989,3339.0,Chargefox,Woolworths Fishermans Bend,Plumber Street,Fishermans Bend,,-37.8313475403691,144.92982685129846,,,Public - Membership Required,Operational,2025-01-23T07:44:00Z,2025-01-23 07:44:00+00:00,2.0,Open Charge Map Contributors,Licensed under Creative Commons Attribution 4.0 International (CC BY 4.0),data/raw/ocm/OCM-307989.json,https://openchargemap.org/site/poi/details/307989,True
307990,3339.0,Chargefox,Woolworths Yass,Comur Street,Yass,,-34.845647791374056,148.9156385427242,,,Public - Membership Required,Operational,2025-01-23T07:44:00Z,2025-01-23 07:44:00+00:00,4.0,Open Charge Map Contributors,Licensed under Creative Commons Attribution 4.0 International (CC BY 4.0),data/raw/ocm/OCM-307990.json,https://openchargemap.org/site/poi/details/307990,True
308029,3339.0,Chargefox,RAA Charge Marla Travellers Rest,1 Stuart Highway,Marla,5724,-27.30500995290457,133.62169364848148,Peak $0.32 per kWh (5:00PM - 10:00PM) Standard $0.25 other times,,Public - Membership Required,Operational,2025-01-23T07:44:00Z,2025-01-23 07:44:00+00:00,3.0,Open Charge Map Contributors,Licensed under Creative Commons Attribution 4.0 International (CC BY 4.0),data/raw/ocm/OCM-308029.json,https://openchargemap.org/site/poi/details/308029,False
308158,3339.0,Chargefox,RAA Coonalpyn,Richards Terrace,Coonalpyn,,-35.69525828198586,139.85657638646347,,,Public - Membership Required,Operational,2025-01-23T07:44:00Z,2025-01-23 07:44:00+00:00,2.0,Open Charge Map Contributors,Licensed under Creative Commons Attribution 4.0 International (CC BY 4.0),data/raw/ocm/OCM-308158.json,https://openchargemap.org/site/poi/details/308158,True
308159,3339.0,Chargefox,RAA Naracoorte,Robertson Street,Naracoorte,,-36.957104904405874,140.74352876205376,,,Public - Membership Required,Operational,2025-01-23T07:44:00Z,2025-01-23 07:44:00+00:00,2.0,Open Charge Map Contributors,Licensed under Creative Commons Attribution 4.0 International (CC BY 4.0),data/raw/ocm/OCM-308159.json,https://openchargemap.org/site/poi/details/308159,True
308160,3339.0,Chargefox,RAA Kingston SE,Marine Parade,Kingston SE,,-36.82862578575707,139.84961594515414,,,Public - Membership Required,Operational,2025-01-23T07:44:00Z,2025-01-23 07:44:00+00:00,3.0,Open Charge Map Contributors,Licensed under Creative Commons Attribution 4.0 International (CC BY 4.0),data/raw/ocm/OCM-308160.json,https://openchargemap.org/site/poi/details/308160,True
308225,3659.0,BP Pulse (AU),BP Pulse,Ballarat Road,Caroline Springs,,-37.7557555131601,144.7410636793341,,,Public - Membership Required,Operational,2025-01-25T05:14:00Z,2025-01-25 05:14:00+00:00,8.0,Open Charge Map Contributors,Licensed under Creative Commons Attribution 4.0 International (CC BY 4.0),data/raw/ocm/OCM-308225.json,https://openchargemap.org/site/poi/details/308225,True
308226,3625.0,Ampol AmpCharge,Ampcharge Werribee,Cherry Street,Werribee,,-37.899759968148494,144.6650849021937,,,Public - Membership Required,Operational,2025-01-25T05:39:00Z,2025-01-25 05:39:00+00:00,1.0,Open Charge Map Contributors,Licensed under Creative Commons Attribution 4.0 International (CC BY 4.0),data/raw/ocm/OCM-308226.json,https://openchargemap.org/site/poi/details/308226,True
308227,3339.0,Chargefox,Lollypop Creek Community Centre,Shipwright Parade,Harpley,,-37.909988077571576,144.61367550280465,,,Public - Membership Required,Operational,2025-01-25T05:39:00Z,2025-01-25 05:39:00+00:00,2.0,Open Charge Map Contributors,Licensed under Creative Commons Attribution 4.0 International (CC BY 4.0),data/raw/ocm/OCM-308227.json,https://openchargemap.org/site/poi/details/308227,True
308228,3339.0,Chargefox,Toyota Altona,Grieve Parade,Altona,,-37.832781169763166,144.82753568527227,,,Public - Membership Required,Operational,2025-01-25T05:44:00Z,2025-01-25 05:44:00+00:00,3.0,Open Charge Map Contributors,Licensed under Creative Commons Attribution 4.0 International (CC BY 4.0),data/raw/ocm/OCM-308228.json,https://openchargemap.org/site/poi/details/308228,True
308229,3339.0,Chargefox,Evie Glen Gala Village,Fitzgerald Road,Sunshine West,,-37.79308442111111,144.7896023171707,,,Public - Membership Required,Operational,2025-01-25T05:49:00Z,2025-01-25 05:49:00+00:00,4.0,Open Charge Map Contributors,Licensed under Creative Commons Attribution 4.0 International (CC BY 4.0),data/raw/ocm/OCM-308229.json,https://openchargemap.org/site/poi/details/308229,True
308262,3339.0,Chargefox,Coles Sebastopol,Midland Highway,Sebastopol,,-37.599568029281286,143.84045921173038,,,Public - Membership Required,Operational,2025-01-25T23:14:00Z,2025-01-25 23:14:00+00:00,2.0,Open Charge Map Contributors,Licensed under Creative Commons Attribution 4.0 International (CC BY 4.0),data/raw/ocm/OCM-308262.json,https://openchargemap.org/site/poi/details/308262,False
308263,3398.0,Evie,Evie Bannockburn,High Street,Bannockburn,,-38.04790103443605,144.17035966698813,,,Public - Membership Required,Operational,2025-01-25T23:19:00Z,2025-01-25 23:19:00+00:00,1.0,Open Charge Map Contributors,Licensed under Creative Commons Attribution 4.0 International (CC BY 4.0),data/raw/ocm/OCM-308263.json,https://openchargemap.org/site/poi/details/308263,True
308264,3398.0,Evie,Evie Yarra Juncion,Park Road,Yarra Junction,,-37.78094746065134,145.61331093083584,,,Public - Membership Required,Operational,2025-01-25T23:19:00Z,2025-01-25 23:19:00+00:00,1.0,Open Charge Map Contributors,Licensed under Creative Commons Attribution 4.0 International (CC BY 4.0),data/raw/ocm/OCM-308264.json,https://openchargemap.org/site/poi/details/308264,True
308265,3534.0,Tesla,Tesla Supercharger Goulburn South,Lockyer Street,Goulburn,,-34.77317841750358,149.69280797132302,,,Public - Membership Required,Operational,2025-02-17T16:56:00Z,2025-02-17 16:56:00+00:00,12.0,Open Charge Map Contributors,Licensed under Creative Commons Attribution 4.0 International (CC BY 4.0),data/raw/ocm/OCM-308265.json,https://openchargemap.org/site/poi/details/308265,True
308266,3339.0,Chargefox,CTR Meeniyan,Tompkins Road,Meeniyan,,-38.577399770082174,146.01315810300719,,,Public - Membership Required,Operational,2025-01-25T23:54:00Z,2025-01-25 23:54:00+00:00,2.0,Open Charge Map Contributors,Licensed under Creative Commons Attribution 4.0 International (CC BY 4.0),data/raw/ocm/OCM-308266.json,https://openchargemap.org/site/poi/details/308266,True
308267,3339.0,Chargefox,CTR Foster,Station Road,Foster,,-38.65334183522216,146.20090536375835,,,Public - Membership Required,Operational,2025-01-25T23:59:00Z,2025-01-25 23:59:00+00:00,2.0,Open Charge Map Contributors,Licensed under Creative Commons Attribution 4.0 International (CC BY 4.0),data/raw/ocm/OCM-308267.json,https://openchargemap.org/site/poi/details/308267,True
308593,3529.0,JOLT,Jolt Berwick Springs Hotel,Clyde Road,Berwick,,-38.05976565896848,145.33777518791914,,,Public - Membership Required,Operational,2025-02-05T23:34:00Z,2025-02-05 23:34:00+00:00,1.0,Open Charge Map Contributors,Licensed under Creative Commons Attribution 4.0 International (CC BY 4.0),data/raw/ocm/OCM-308593.json,https://openchargemap.org/site/poi/details/308593,True
308594,3529.0,JOLT,Jolt Black Rock,Balcolme Road,Black Rock,,-37.97570246970103,145.01742302760965,,,Public - Membership Required,Operational,2025-02-05T23:34:00Z,2025-02-05 23:34:00+00:00,1.0,Open Charge Map Contributors,Licensed under Creative Commons Attribution 4.0 International (CC BY 4.0),data/raw/ocm/OCM-308594.json,https://openchargemap.org/site/poi/details/308594,True
308595,3529.0,JOLT,Jolt Cheltenham,Bay Road,Cheltenham,,-37.95675410011873,145.0413433811873,,,Public - Membership Required,Operational,2025-02-05T23:39:00Z,2025-02-05 23:39:00+00:00,1.0,Open Charge Map Contributors,Licensed under Creative Commons Attribution 4.0 International (CC BY 4.0),data/raw/ocm/OCM-308595.json,https://openchargemap.org/site/poi/details/308595,True
308596,3534.0,Tesla,Tesla Supercharger Oakleigh Repair Centre,Huntingdale Road,Oakleigh South,,-37.91568317695367,145.10327868938475,Supercharger rates,,Public - Membership Required,Operational,2025-10-05T03:54:00Z,2025-10-05 03:54:00+00:00,6.0,Open Charge Map Contributors,Licensed under Creative Commons Attribution 4.0 International (CC BY 4.0),data/raw/ocm/OCM-308596.json,https://openchargemap.org/site/poi/details/308596,True
308597,3398.0,Evie,Evie Chirnside Park,Fletcher Street,Chirnside Park,,-37.761143550893365,145.3120760296531,,,Public - Membership Required,Operational,2025-02-06T00:19:00Z,2025-02-06 00:19:00+00:00,1.0,Open Charge Map Contributors,Licensed under Creative Commons Attribution 4.0 International (CC BY 4.0),data/raw/ocm/OCM-308597.json,https://openchargemap.org/site/poi/details/308597,True
308598,3398.0,Evie,Evie Healsville,River Street,Healsville,,-37.65406544922198,145.51428135787194,,,Public - Membership Required,Operational,2025-02-06T00:19:00Z,2025-02-06 00:19:00+00:00,1.0,Open Charge Map Contributors,Licensed under Creative Commons Attribution 4.0 International (CC BY 4.0),data/raw/ocm/OCM-308598.json,https://openchargemap.org/site/poi/details/308598,True
308599,3339.0,Chargefox,RACV Healsville,Healsville - Yarra Glen Road,Healsville,,-37.65071911937986,145.50301488024843,,,Public - Membership Required,Operational,2025-02-06T00:24:00Z,2025-02-06 00:24:00+00:00,7.0,Open Charge Map Contributors,Licensed under Creative Commons Attribution 4.0 International (CC BY 4.0),data/raw/ocm/OCM-308599.json,https://openchargemap.org/site/poi/details/308599,True
308738,3534.0,Tesla,Tesla Supercharger Bankstown,Chapel Road,Bankstown,,-33.933123083981414,151.0285550577326,$0.69/kWh,,Public - Membership Required,Operational,2025-03-04T03:29:00Z,2025-03-04 03:29:00+00:00,6.0,Open Charge Map Contributors,Licensed under Creative Commons Attribution 4.0 International (CC BY 4.0),data/raw/ocm/OCM-308738.json,https://openchargemap.org/site/poi/details/308738,True
308742,3339.0,Chargefox,Livingstone Market Mall,Nicholson Road ,Canning Vale,6155,-32.08562557744585,115.915856491348,$0.65 per kWh,,Public - Membership Required,Operational,2025-02-12T07:02:00Z,2025-02-12 07:02:00+00:00,2.0,Open Charge Map Contributors,Licensed under Creative Commons Attribution 4.0 International (CC BY 4.0),data/raw/ocm/OCM-308742.json,https://openchargemap.org/site/poi/details/308742,True
308750,23.0,Tesla,Tesla Supercharger South Melbourne,Clarendon Street,South Melbourne,,-37.83227022248282,144.9609633571161,,,Public - Membership Required,Operational,2025-03-04T03:29:00Z,2025-03-04 03:29:00+00:00,6.0,Open Charge Map Contributors,Licensed under Creative Commons Attribution 4.0 International (CC BY 4.0),data/raw/ocm/OCM-308750.json,https://openchargemap.org/site/poi/details/308750,True
308826,3398.0,Evie,Evie Beaudesart,William Street,Beaudesart,,-27.989984369173,152.99919697266995,,,Public - Membership Required,Operational,2025-03-04T03:29:00Z,2025-03-04 03:29:00+00:00,1.0,Open Charge Map Contributors,Licensed under Creative Commons Attribution 4.0 International (CC BY 4.0),data/raw/ocm/OCM-308826.json,https://openchargemap.org/site/poi/details/308826,True
308827,3398.0,Evie,Evie Beenleigh,Loagan River Road,Beenleigh,,-27.714126734730037,153.18962982741107,,,Public - Membership Required,Operational,2025-03-04T03:29:00Z,2025-03-04 03:29:00+00:00,1.0,Open Charge Map Contributors,Licensed under Creative Commons Attribution 4.0 International (CC BY 4.0),data/raw/ocm/OCM-308827.json,https://openchargemap.org/site/poi/details/308827,True
308828,3625.0,Ampol AmpCharge,Ampcharge Reedy Creek,Gemvale Road,Reedy Creek,,-28.093761590025125,153.39130286982396,$0.60/kWh for pay-as-you-go charging.,,Public - Membership Required,Operational,2025-03-04T03:29:00Z,2025-03-04 03:29:00+00:00,1.0,Open Charge Map Contributors,Licensed under Creative Commons Attribution 4.0 International (CC BY 4.0),data/raw/ocm/OCM-308828.json,https://openchargemap.org/site/poi/details/308828,True
308829,3534.0,Tesla,Tesla Supercharger Runaway Bay,Lae Drive,Runaway Bay,,-27.9133368394958,153.40052953561377,,,Public - Membership Required,Operational,2025-03-04T03:29:00Z,2025-03-04 03:29:00+00:00,6.0,Open Charge Map Contributors,Licensed under Creative Commons Attribution 4.0 International (CC BY 4.0),data/raw/ocm/OCM-308829.json,https://openchargemap.org/site/poi/details/308829,True
309094,1.0,(unknown operator),Beverly Sonic Charge,52 Dawson Street,Beverly,,-32.10997423531976,116.92472445036526,$0.65 per Kwh,,Public - Membership Required,Operational,2025-02-24T10:40:00Z,2025-02-24 10:40:00+00:00,2.0,Open Charge Map Contributors,Licensed under Creative Commons Attribution 4.0 International (CC BY 4.0),data/raw/ocm/OCM-309094.json,https://openchargemap.org/site/poi/details/309094,True
309172,3339.0,Chargefox,Witchcliffe Eco Village Cluster 1A,Kulbardi Way,Witchcliffe,6286,-34.02317492846884,115.10296392250677,"$0.36 per kWh, 08h00 - 17h00. $0.45 per kWh ,17h00 - 08h00.",,Public - Membership Required,Operational,2025-03-02T21:32:00Z,2025-03-02 21:32:00+00:00,2.0,Open Charge Map Contributors,Licensed under Creative Commons Attribution 4.0 International (CC BY 4.0),data/raw/ocm/OCM-309172.json,https://openchargemap.org/site/poi/details/309172,True
309173,3339.0,Chargefox,Witchcliffe Eco Village Cluster 1C,41 Kulbardi Way,Witchcliffe,6286,-34.02340379655558,115.10517303012352,"$0.36 per kWh, 08h00 - 17h00. $045 per kWh, 17h00 - 08h00",,Public - Membership Required,Operational,2025-03-02T21:40:00Z,2025-03-02 21:40:00+00:00,2.0,Open Charge Map Contributors,Licensed under Creative Commons Attribution 4.0 International (CC BY 4.0),data/raw/ocm/OCM-309173.json,https://openchargemap.org/site/poi/details/309173,True
309174,3339.0,Chargefox,Witchcliffe Eco Village Cluster 1B,27 Yornitj Grv,Witchcliffe ,6286,-34.02471728976703,115.10472719347104,"$0.36 per kWh, 08h00 - 17h00. $0.45 per kWh ,17h00 - 08h00.",,Public - Membership Required,Operational,2025-03-02T21:39:00Z,2025-03-02 21:39:00+00:00,2.0,Open Charge Map Contributors,Licensed under Creative Commons Attribution 4.0 International (CC BY 4.0),data/raw/ocm/OCM-309174.json,https://openchargemap.org/site/poi/details/309174,True
309175,1.0,(unknown operator),Voyager Estate,41 Stevens Rd,Margret River,6285,-33.996815152288036,115.05174922517313,Free,,Public,Operational,2025-03-02T21:56:00Z,2025-03-02 21:56:00+00:00,2.0,Open Charge Map Contributors,Licensed under Creative Commons Attribution 4.0 International (CC BY 4.0),data/raw/ocm/OCM-309175.json,https://openchargemap.org/site/poi/details/309175,False
309176,1.0,(unknown operator),Margret River Tourist Park,44 Station Rd,Margret River,6285,-33.959075795124406,115.06844919683817,Free,,Private - Restricted Access,Operational,2025-03-02T22:02:00Z,2025-03-02 22:02:00+00:00,1.0,Open Charge Map Contributors,Licensed under Creative Commons Attribution 4.0 International (CC BY 4.0),data/raw/ocm/OCM-309176.json,https://openchargemap.org/site/poi/details/309176,False
309473,3398.0,Evie,Jamison Plaza,15 Jamison Centre,Macquarie,2614,-35.253593432980516,149.07064139540887,,,Public - Membership Required,Operational,2025-03-29T03:39:00Z,2025-03-29 03:39:00+00:00,4.0,Open Charge Map Contributors,Licensed under Creative Commons Attribution 4.0 International (CC BY 4.0),data/raw/ocm/OCM-309473.json,https://openchargemap.org/site/poi/details/309473,True
31109,23.0,Tesla,650 Church Street Building 5,Church Street,Melbourne,3121,-37.8318863645605,144.995866953165,AUD 0.42/kWh;other tariffs for older cars,Tesla Store & Service Centre.,Public,Operational,2019-03-22T18:48:00Z,2019-03-22 18:48:00+00:00,4.0,Open Charge Map Contributors,Licensed under Creative Commons Attribution 4.0 International (CC BY 4.0),data/raw/ocm/OCM-31109.json,https://openchargemap.org/site/poi/details/31109,True
311246,3339.0,Chargefox,RAA Charge Burnside,401 Greenhill Road,Tusmore,5065,-34.93801594919658,138.6425800415402,,,Public - Membership Required,Operational,2025-03-29T03:34:00Z,2025-03-29 03:34:00+00:00,3.0,Open Charge Map Contributors,Licensed under Creative Commons Attribution 4.0 International (CC BY 4.0),data/raw/ocm/OCM-311246.json,https://openchargemap.org/site/poi/details/311246,False
311308,3534.0,Tesla,Tesla Destination Charger,1 Bay Street,Broadway,2007,-33.883393295749826,151.1945968746586,0,At Parking B2 level near the exit to Bay Street.,Public,Operational,2025-03-29T03:34:00Z,2025-03-29 03:34:00+00:00,3.0,Open Charge Map Contributors,Licensed under Creative Commons Attribution 4.0 International (CC BY 4.0),data/raw/ocm/OCM-311308.json,https://openchargemap.org/site/poi/details/311308,False
311437,3622.0,Exploren,Orange City Council - Lake Canobolas,145 Lake Canobolas Road,Nashdale,2800,-33.301609034288234,149.02770582128016,$0.47/kWh,,Public - Membership Required,Operational,2025-04-01T20:19:00Z,2025-04-01 20:19:00+00:00,1.0,Open Charge Map Contributors,Licensed under Creative Commons Attribution 4.0 International (CC BY 4.0),data/raw/ocm/OCM-311437.json,https://openchargemap.org/site/poi/details/311437,False
311438,3622.0,Exploren,Orange City Council - City Library,259 Lords Place,Orange,2800,-33.280686670068434,149.10299728353368,$0.47/kWh,,Public - Membership Required,Operational,2025-04-01T20:24:00Z,2025-04-01 20:24:00+00:00,2.0,Open Charge Map Contributors,Licensed under Creative Commons Attribution 4.0 International (CC BY 4.0),data/raw/ocm/OCM-311438.json,https://openchargemap.org/site/poi/details/311438,False
311439,3658.0,smart charge (au),Mid Western - Rylstone Memorial Ha,73 Louee Street,Rylstone,2849,-32.7975704730334,149.9704138553882,$0.33 + $0.35/kWh,,Public,Operational,2025-04-01T20:29:00Z,2025-04-01 20:29:00+00:00,1.0,Open Charge Map Contributors,Licensed under Creative Commons Attribution 4.0 International (CC BY 4.0),data/raw/ocm/OCM-311439.json,https://openchargemap.org/site/poi/details/311439,False
311704,3534.0,Tesla,Moonee Beach,2 Moonee Beach Rd,Moonee Beach,2450,-30.204419650385248,153.14979824525767,$0.56/kWh,,Public - Membership Required,Operational,2025-04-28T11:06:00Z,2025-04-28 11:06:00+00:00,15.0,Open Charge Map Contributors,Licensed under Creative Commons Attribution 4.0 International (CC BY 4.0),data/raw/ocm/OCM-311704.json,https://openchargemap.org/site/poi/details/311704,True
311851,1.0,(unknown operator),Ti Tree Food Barn And Accomodation,26 Spencer St,Ti Tree,0872,-22.128419686553514,133.41291638188062,$5 per hour at 11kw,RFID toggle for activation held at store during operational hours. Free charging with accomodation.,Public - Pay At Location,Operational,2025-04-28T11:02:00Z,2025-04-28 11:02:00+00:00,1.0,Open Charge Map Contributors,Licensed under Creative Commons Attribution 4.0 International (CC BY 4.0),data/raw/ocm/OCM-311851.json,https://openchargemap.org/site/poi/details/311851,False
311913,3775.0,ChargeHub,Ibis Styles - Orange,146 Bathurst Road,ORANGE,2800,-33.29624580559161,149.1158097006989,"$0.45 per kWh, may vary. See chargehub app.",Off Street Parking,Public,Operational,2025-04-28T10:59:00Z,2025-04-28 10:59:00+00:00,3.0,Open Charge Map Contributors,Licensed under Creative Commons Attribution 4.0 International (CC BY 4.0),data/raw/ocm/OCM-311913.json,https://openchargemap.org/site/poi/details/311913,False
312202,3339.0,Chargefox,North Coogee,12 Calypso Parade,Cockburn,6163,-32.103569887176576,115.76179172018556,,,Public - Membership Required,Operational,2025-05-02T08:23:00Z,2025-05-02 08:23:00+00:00,1.0,Open Charge Map Contributors,Licensed under Creative Commons Attribution 4.0 International (CC BY 4.0),data/raw/ocm/OCM-312202.json,https://openchargemap.org/site/poi/details/312202,True
312205,3398.0,Evie,Raintrees Shopping Centre,Cochrane St,Manunda,4870,-16.92767444041077,145.74067618608592,,,Public - Membership Required,Operational,2025-05-05T11:24:00Z,2025-05-05 11:24:00+00:00,1.0,Open Charge Map Contributors,Licensed under Creative Commons Attribution 4.0 International (CC BY 4.0),data/raw/ocm/OCM-312205.json,https://openchargemap.org/site/poi/details/312205,True
312274,3534.0,Tesla,Tesla Supercharger - Coles Tenterfield,1 Crown St,Tenterfield,2372,-29.05609836727929,152.0175413889591,$0.69/kWh,,Public - Membership Required,Operational,2025-05-07T05:24:00Z,2025-05-07 05:24:00+00:00,3.0,Open Charge Map Contributors,Licensed under Creative Commons Attribution 4.0 International (CC BY 4.0),data/raw/ocm/OCM-312274.json,https://openchargemap.org/site/poi/details/312274,True
312348,1.0,(unknown operator),UQ Sport Synthetic Playing Fields Carpark,Union Road,St Lucia,4067,-27.49556916265702,153.01687437525777,Free,,Public,Operational,2025-05-09T05:39:00Z,2025-05-09 05:39:00+00:00,1.0,Open Charge Map Contributors,Licensed under Creative Commons Attribution 4.0 International (CC BY 4.0),data/raw/ocm/OCM-312348.json,https://openchargemap.org/site/poi/details/312348,False
312659,3398.0,Evie,Evie 300kW Charger,Cooper Lane,Tamworth,2340,-31.090167611011005,150.93009578041267,63c,,Public,Operational,2025-05-20T02:24:00Z,2025-05-20 02:24:00+00:00,1.0,Open Charge Map Contributors,Licensed under Creative Commons Attribution 4.0 International (CC BY 4.0),data/raw/ocm/OCM-312659.json,https://openchargemap.org/site/poi/details/312659,True
312994,3622.0,Exploren,Friday Drive,Friday Drive,Thredbo,2625,-36.49933162239967,148.31394368312021,0,,Public,Operational,2025-06-06T15:29:00Z,2025-06-06 15:29:00+00:00,5.0,Open Charge Map Contributors,Licensed under Creative Commons Attribution 4.0 International (CC BY 4.0),data/raw/ocm/OCM-312994.json,https://openchargemap.org/site/poi/details/312994,False
313013,3339.0,Chargefox,RAC Rockingham,34 Rockingham Road,Rockingham,6168,-32.278405892367665,115.73343448114483,,,Public - Membership Required,Operational,2025-06-03T07:52:00Z,2025-06-03 07:52:00+00:00,3.0,Open Charge Map Contributors,Licensed under Creative Commons Attribution 4.0 International (CC BY 4.0),data/raw/ocm/OCM-313013.json,https://openchargemap.org/site/poi/details/313013,True
40740,1.0,(unknown operator),Southland Medical Centre,50 Chesterville rd,Cheltenham,3192,-37.958611,145.057267,,Southland Medical Center is a general practitioner clinic that offers comprehensive range of medical services. 50 Chesterville Road Cheltenham VIC 3192 Australia,"Private - For Staff, Visitors or Customers",Operational,2015-01-13T16:55:00Z,2015-01-13 16:55:00+00:00,1.0,Open Charge Map Contributors,Licensed under Creative Commons Attribution 4.0 International (CC BY 4.0),data/raw/ocm/OCM-40740.json,https://openchargemap.org/site/poi/details/40740,False
459291,3534.0,Tesla,Abbotsford Supercharger ,"313 Victoria Street, Abbotsford Victoria Australia 3067",,,-37.809084572181135,144.99588508312934,up to $0.92/kWh,,Public - Membership Required,Operational,2025-07-08T02:44:00Z,2025-07-08 02:44:00+00:00,1.0,Open Charge Map Contributors,Licensed under Creative Commons Attribution 4.0 International (CC BY 4.0),data/raw/ocm/OCM-459291.json,https://openchargemap.org/site/poi/details/459291,True
459292,3534.0,Tesla,Packenham Supercharger,825 Princess Highway,Packenham,3810,-38.06062002503898,145.45191319274613,,,Public,Operational,2025-07-08T02:49:00Z,2025-07-08 02:49:00+00:00,1.0,Open Charge Map Contributors,Licensed under Creative Commons Attribution 4.0 International (CC BY 4.0),data/raw/ocm/OCM-459292.json,https://openchargemap.org/site/poi/details/459292,True
459819,3388.0,NRMA,Erldunda Roadhouse,"Cnr Stuart Hwy &, Lasseter Hwy",Ghan,0872,-25.197621043537964,133.2007686397002,0.66,,Public - Membership Required,Operational,2025-07-16T04:34:00Z,2025-07-16 04:34:00+00:00,4.0,Open Charge Map Contributors,Licensed under Creative Commons Attribution 4.0 International (CC BY 4.0),data/raw/ocm/OCM-459819.json,https://openchargemap.org/site/poi/details/459819,True
459866,3534.0,Tesla,Busselton Supercharger,23 Prince Street,Bussleton,6280,-33.65033638751631,115.3419239059312,,,Public - Membership Required,Operational,2025-12-01T12:18:00Z,2025-12-01 12:18:00+00:00,6.0,Open Charge Map Contributors,Licensed under Creative Commons Attribution 4.0 International (CC BY 4.0),data/raw/ocm/OCM-459866.json,https://openchargemap.org/site/poi/details/459866,True
459875,3716.0,wevolt (au),Dunsborough Centerpoint,4/16 Cyrillean Way,Dounsborough,,-33.615314287255,115.10430380966926,$0.60 per kWh,,Public - Membership Required,Operational,2025-07-17T12:55:00Z,2025-07-17 12:55:00+00:00,4.0,Open Charge Map Contributors,Licensed under Creative Commons Attribution 4.0 International (CC BY 4.0),data/raw/ocm/OCM-459875.json,https://openchargemap.org/site/poi/details/459875,True
460103,3339.0,Chargefox,Mallacoota,4 Greer St,Mallacoota,3056,-37.55807482068432,149.75830562547122,,Only one bay is marked reserved for EVs,Public - Membership Required,Operational,2025-07-30T00:24:00Z,2025-07-30 00:24:00+00:00,2.0,Open Charge Map Contributors,Licensed under Creative Commons Attribution 4.0 International (CC BY 4.0),data/raw/ocm/OCM-460103.json,https://openchargemap.org/site/poi/details/460103,True
460104,3339.0,Chargefox,Falls Creek Gully Carpark,Gully Carpark,Falls Creek,3699,-36.86168140570233,147.2772150957304,,,Public - Membership Required,Operational,2025-07-30T00:34:00Z,2025-07-30 00:34:00+00:00,1.0,Open Charge Map Contributors,Licensed under Creative Commons Attribution 4.0 International (CC BY 4.0),data/raw/ocm/OCM-460104.json,https://openchargemap.org/site/poi/details/460104,False
460216,1.0,(unknown operator),Waterview Motel,121 River Street,Maclean,2463,-29.44986685538678,153.20044831227457,,"In motel carpark, shared parking with guests",Public - Membership Required,Operational,2025-08-06T02:54:00Z,2025-08-06 02:54:00+00:00,4.0,Open Charge Map Contributors,Licensed under Creative Commons Attribution 4.0 International (CC BY 4.0),data/raw/ocm/OCM-460216.json,https://openchargemap.org/site/poi/details/460216,False
460223,3388.0,NRMA,NRMA - Deloraine,10 Christmas Hills Road,Elizabeth Town,7304,-41.4839213062893,146.597764437431,$0.74/kWh,At rear of Van Dieman's Land Creamery carpark,Public,Operational,2025-08-07T05:39:00Z,2025-08-07 05:39:00+00:00,2.0,Open Charge Map Contributors,Licensed under Creative Commons Attribution 4.0 International (CC BY 4.0),data/raw/ocm/OCM-460223.json,https://openchargemap.org/site/poi/details/460223,True
460266,3398.0,Evie,Armadale Shopping Center Mall,34 Prospect,Armadale,6112,-32.15264094012242,116.01653885290102,,,Public - Membership Required,Operational,2025-08-09T08:12:00Z,2025-08-09 08:12:00+00:00,4.0,Open Charge Map Contributors,Licensed under Creative Commons Attribution 4.0 International (CC BY 4.0),data/raw/ocm/OCM-460266.json,https://openchargemap.org/site/poi/details/460266,True
460267,3339.0,Chargefox,Warrick Grove Mall,Beach at Erindale,Stirling City,6024,-31.844519570688263,115.81063291060804,$0.69 per kWh,,Public - Membership Required,Operational,2025-08-09T08:31:00Z,2025-08-09 08:31:00+00:00,2.0,Open Charge Map Contributors,Licensed under Creative Commons Attribution 4.0 International (CC BY 4.0),data/raw/ocm/OCM-460267.json,https://openchargemap.org/site/poi/details/460267,True
460268,3339.0,Chargefox,Edgewater Mini Mall,Edgewater at Wisteria,Joondalup City,6027,-31.77279103960022,115.78903506332733,,,Public - Membership Required,Operational,2025-08-09T08:44:00Z,2025-08-09 08:44:00+00:00,2.0,Open Charge Map Contributors,Licensed under Creative Commons Attribution 4.0 International (CC BY 4.0),data/raw/ocm/OCM-460268.json,https://openchargemap.org/site/poi/details/460268,True
460274,3716.0,wevolt (au),Fremantle Village,25 Cockburn Rd,Fremantle,6162,-32.08049146557816,115.76093557216541,,,Public - Membership Required,Operational,2025-08-15T05:01:00Z,2025-08-15 05:01:00+00:00,2.0,Open Charge Map Contributors,Licensed under Creative Commons Attribution 4.0 International (CC BY 4.0),data/raw/ocm/OCM-460274.json,https://openchargemap.org/site/poi/details/460274,False
460280,3534.0,Tesla,New Italy Tesla SuperCharger,8725 Pacific Motorway,Richmond Valley New Italy,2472,-29.153543930988555,153.29699805885593,,,Public - Membership Required,Operational,2025-08-25T07:52:00Z,2025-08-25 07:52:00+00:00,12.0,Open Charge Map Contributors,Licensed under Creative Commons Attribution 4.0 International (CC BY 4.0),data/raw/ocm/OCM-460280.json,https://openchargemap.org/site/poi/details/460280,True
460385,3339.0,Chargefox,Fremantle Village Private Wall Charger,25 Cockburn Rd,Fremantle City,6173,-32.08053323173767,115.7607985219131,,,"Private - For Staff, Visitors or Customers",Operational,2025-08-15T05:10:00Z,2025-08-15 05:10:00+00:00,1.0,Open Charge Map Contributors,Licensed under Creative Commons Attribution 4.0 International (CC BY 4.0),data/raw/ocm/OCM-460385.json,https://openchargemap.org/site/poi/details/460385,False
460387,3339.0,Chargefox,Chargefox - Electric Highway Tasmania ,67 Main Rd,Exeter,7275,-41.29976674576168,146.95180996460158,$0.70 per kWh (at all times),24/7 - drive next to Police Station,Public - Membership Required,Operational,2025-08-25T07:53:00Z,2025-08-25 07:53:00+00:00,2.0,Open Charge Map Contributors,Licensed under Creative Commons Attribution 4.0 International (CC BY 4.0),data/raw/ocm/OCM-460387.json,https://openchargemap.org/site/poi/details/460387,False
460388,3339.0,Chargefox,Bridport Visitor Information Centre,75 Main Street,Bridport,7262,-41.00362304292772,147.39490555873044,$10 flat fee for upto 3 Hours charging but subject to opening hours and availability.,3 Phase 22Kw Type 2 Mennekes socket. Mode 3 Connector Cable available,Public - Pay At Location,Operational,2025-08-25T07:53:00Z,2025-08-25 07:53:00+00:00,1.0,Open Charge Map Contributors,Licensed under Creative Commons Attribution 4.0 International (CC BY 4.0),data/raw/ocm/OCM-460388.json,https://openchargemap.org/site/poi/details/460388,False
460405,3716.0,wevolt (au),Egliton Station,Pipidiny Road,Wanneroo City,,-31.58244937544582,115.6710031952469,,,Public - Membership Required,Operational,2025-08-16T15:41:00Z,2025-08-16 15:41:00+00:00,10.0,Open Charge Map Contributors,Licensed under Creative Commons Attribution 4.0 International (CC BY 4.0),data/raw/ocm/OCM-460405.json,https://openchargemap.org/site/poi/details/460405,False
460406,3716.0,wevolt (au),Yanchep Station,Wellness Ave,Yanchep City,,-31.531513065394773,115.64576693855976,,,Public - Membership Required,Operational,2025-08-16T13:49:00Z,2025-08-16 13:49:00+00:00,10.0,Open Charge Map Contributors,Licensed under Creative Commons Attribution 4.0 International (CC BY 4.0),data/raw/ocm/OCM-460406.json,https://openchargemap.org/site/poi/details/460406,False
460472,3627.0,evx (au),Railway Parade Thirroul,Railway Parade,Thirroul,2515,-34.3177075435834,150.91844342618032,0.5,,Public - Membership Required,Operational,2025-08-25T07:52:00Z,2025-08-25 07:52:00+00:00,2.0,Open Charge Map Contributors,Licensed under Creative Commons Attribution 4.0 International (CC BY 4.0),data/raw/ocm/OCM-460472.json,https://openchargemap.org/site/poi/details/460472,False
460473,3627.0,evx (au),EVX Austinmer,Headland Avenue,Austinmer,2516,-34.30096753205442,150.93993271999892,0.55,,Public - Membership Required,Operational,2025-08-25T07:52:00Z,2025-08-25 07:52:00+00:00,2.0,Open Charge Map Contributors,Licensed under Creative Commons Attribution 4.0 International (CC BY 4.0),data/raw/ocm/OCM-460473.json,https://openchargemap.org/site/poi/details/460473,False
460474,3627.0,evx (au),Georges Place,Georges Place,Wollongong,2500,-34.41859867256016,150.90226317639872,0.55,,Public - Membership Required,Operational,2025-08-25T07:52:00Z,2025-08-25 07:52:00+00:00,2.0,Open Charge Map Contributors,Licensed under Creative Commons Attribution 4.0 International (CC BY 4.0),data/raw/ocm/OCM-460474.json,https://openchargemap.org/site/poi/details/460474,False
460608,3398.0,Evie,Evie Bruthen,79 Main St,Bruthen,3885,-37.70832751627004,147.83442755187457,,,Public - Membership Required,Operational,2025-09-01T05:09:00Z,2025-09-01 05:09:00+00:00,2.0,Open Charge Map Contributors,Licensed under Creative Commons Attribution 4.0 International (CC BY 4.0),data/raw/ocm/OCM-460608.json,https://openchargemap.org/site/poi/details/460608,True
460615,3534.0,Tesla,Tesla Supercharger Armidale,117 Jessie Street,Armidale,,-30.51342702073365,151.66370928733022,,,Public - Membership Required,Operational,2025-09-01T05:09:00Z,2025-09-01 05:09:00+00:00,4.0,Open Charge Map Contributors,Licensed under Creative Commons Attribution 4.0 International (CC BY 4.0),data/raw/ocm/OCM-460615.json,https://openchargemap.org/site/poi/details/460615,True
460617,3534.0,Tesla,Kew Tesla Supercharger,2 Ocean Drive,Kew,2439,-31.63433387636207,152.7251587763015,$0.52/kWh - $0.72/kWh,,Public - Membership Required,Operational,2025-09-01T05:09:00Z,2025-09-01 05:09:00+00:00,8.0,Open Charge Map Contributors,Licensed under Creative Commons Attribution 4.0 International (CC BY 4.0),data/raw/ocm/OCM-460617.json,https://openchargemap.org/site/poi/details/460617,True
460625,3534.0,Tesla,Tesla Supercharger Taree,37 Wynter Street,Taree,2430,-31.90775175578876,152.46206814642426,,,Public - Membership Required,Operational,2025-09-01T05:09:00Z,2025-09-01 05:09:00+00:00,12.0,Open Charge Map Contributors,Licensed under Creative Commons Attribution 4.0 International (CC BY 4.0),data/raw/ocm/OCM-460625.json,https://openchargemap.org/site/poi/details/460625,True
461192,3719.0,solarhub charge (au),Equinox Business Park,Level 1/70 Kent St,Deakin,2600,-35.32076185148239,149.09758722281003,$0.45 per kWh,,Public - Membership Required,Operational,2025-09-20T15:15:00Z,2025-09-20 15:15:00+00:00,2.0,Open Charge Map Contributors,Licensed under Creative Commons Attribution 4.0 International (CC BY 4.0),data/raw/ocm/OCM-461192.json,https://openchargemap.org/site/poi/details/461192,False
461335,3534.0,Tesla,Tesla Supercharger Coolac ,477 Coolac Road ,Coolac ,2727,-34.92406429306022,148.16582371947493,,,Public - Membership Required,Operational,2025-09-24T02:47:00Z,2025-09-24 02:47:00+00:00,12.0,Open Charge Map Contributors,Licensed under Creative Commons Attribution 4.0 International (CC BY 4.0),data/raw/ocm/OCM-461335.json,https://openchargemap.org/site/poi/details/461335,True
461728,3398.0,Evie,Evie Doncaster East,Blackburn Road,Doncaster East,,-37.7617875851612,145.16840228271178,,,Public - Membership Required,Operational,2025-10-05T03:54:00Z,2025-10-05 03:54:00+00:00,4.0,Open Charge Map Contributors,Licensed under Creative Commons Attribution 4.0 International (CC BY 4.0),data/raw/ocm/OCM-461728.json,https://openchargemap.org/site/poi/details/461728,True
461729,3622.0,Exploren,Bunnings Springvale,Princes Highway,Springvale,,-37.931885715813294,145.1527741495313,free,,Public - Membership Required,Operational,2025-10-05T03:54:00Z,2025-10-05 03:54:00+00:00,2.0,Open Charge Map Contributors,Licensed under Creative Commons Attribution 4.0 International (CC BY 4.0),data/raw/ocm/OCM-461729.json,https://openchargemap.org/site/poi/details/461729,True
461730,3625.0,Ampol AmpCharge,Ampcharge Karingal Hub,Karingal Drive,Karingal,,-38.15191969262739,145.16596676548875,,,Public - Membership Required,Operational,2025-10-05T03:59:00Z,2025-10-05 03:59:00+00:00,8.0,Open Charge Map Contributors,Licensed under Creative Commons Attribution 4.0 International (CC BY 4.0),data/raw/ocm/OCM-461730.json,https://openchargemap.org/site/poi/details/461730,True
461731,3625.0,Ampol AmpCharge,Ampcharge Waurn Ponds,Colac Road,Waurn Ponds,,-38.19919196237264,144.31698737047805,,,Public - Membership Required,Operational,2025-10-05T03:59:00Z,2025-10-05 03:59:00+00:00,6.0,Open Charge Map Contributors,Licensed under Creative Commons Attribution 4.0 International (CC BY 4.0),data/raw/ocm/OCM-461731.json,https://openchargemap.org/site/poi/details/461731,True
461732,3625.0,Ampol AmpCharge,Shell Recharge Corio,Princes Highway,Norlane,,-38.07542415453054,144.37025628239667,,,Public - Membership Required,Operational,2025-10-05T04:04:00Z,2025-10-05 04:04:00+00:00,4.0,Open Charge Map Contributors,Licensed under Creative Commons Attribution 4.0 International (CC BY 4.0),data/raw/ocm/OCM-461732.json,https://openchargemap.org/site/poi/details/461732,True
461734,3534.0,Tesla,Tesla Supercharger Nhill,Nelson Street,Nhill,,-36.332722244434336,141.651505985629,,,Public,Operational,2025-10-05T04:09:00Z,2025-10-05 04:09:00+00:00,4.0,Open Charge Map Contributors,Licensed under Creative Commons Attribution 4.0 International (CC BY 4.0),data/raw/ocm/OCM-461734.json,https://openchargemap.org/site/poi/details/461734,True
461735,3534.0,Tesla,Tesla Supercharger Keysborough,Springvale Road,Keysborough,,-37.99265638766672,145.14482179447077,,,Public,Operational,2025-10-05T04:09:00Z,2025-10-05 04:09:00+00:00,6.0,Open Charge Map Contributors,Licensed under Creative Commons Attribution 4.0 International (CC BY 4.0),data/raw/ocm/OCM-461735.json,https://openchargemap.org/site/poi/details/461735,True
461814,1.0,(unknown operator),Common People Brewing,9 Dudgeons Lane,Bangalow,2479,-28.696494360025127,153.50949385748117,free,,Public,Operational,2025-10-09T04:14:00Z,2025-10-09 04:14:00+00:00,2.0,Open Charge Map Contributors,Licensed under Creative Commons Attribution 4.0 International (CC BY 4.0),data/raw/ocm/OCM-461814.json,https://openchargemap.org/site/poi/details/461814,False
461963,1.0,(unknown operator),La Trobe University Bendigo,Car Park 1,Bendigo,,-36.778689772739966,144.30153718662336,,"Enter university, first left into car park, back row of parking",Public - Membership Required,Operational,2025-10-12T01:29:00Z,2025-10-12 01:29:00+00:00,10.0,Open Charge Map Contributors,Licensed under Creative Commons Attribution 4.0 International (CC BY 4.0),data/raw/ocm/OCM-461963.json,https://openchargemap.org/site/poi/details/461963,False
461964,1.0,(unknown operator),Kennington Village Shopping Centre,Condon St,Bendigo,3550,-36.77522424001277,144.305953060746,Free,,Public,Operational,2025-10-12T01:39:00Z,2025-10-12 01:39:00+00:00,2.0,Open Charge Map Contributors,Licensed under Creative Commons Attribution 4.0 International (CC BY 4.0),data/raw/ocm/OCM-461964.json,https://openchargemap.org/site/poi/details/461964,False
462383,3398.0,Evie,Evie Mansfield,Early Street,Mansfield,,-37.05103784342149,146.08673665423203,,,Public - Membership Required,Operational,2025-10-25T23:59:00Z,2025-10-25 23:59:00+00:00,2.0,Open Charge Map Contributors,Licensed under Creative Commons Attribution 4.0 International (CC BY 4.0),data/raw/ocm/OCM-462383.json,https://openchargemap.org/site/poi/details/462383,True
462699,1.0,(unknown operator),Donato,88 craigie Rd,Mt Martha,3934,-38.256545398294726,145.0374398950537,,,Public - Membership Required,Operational,2025-11-04T11:49:00Z,2025-11-04 11:49:00+00:00,2.0,Open Charge Map Contributors,Licensed under Creative Commons Attribution 4.0 International (CC BY 4.0),data/raw/ocm/OCM-462699.json,https://openchargemap.org/site/poi/details/462699,False
470241,3339.0,Chargefox,Subiaco DC Charger,201 Subiaco Rd,Subiaco,6008,-31.943967463962927,115.82864117108204,,,Public - Membership Required,Planned For Future Date,2025-11-26T17:20:00Z,2025-11-26 17:20:00+00:00,4.0,Open Charge Map Contributors,Licensed under Creative Commons Attribution 4.0 International (CC BY 4.0),data/raw/ocm/OCM-470241.json,https://openchargemap.org/site/poi/details/470241,True
470243,3534.0,Tesla,Osborne Park Supercharger,419 State Route 75,Osbourne Park,6017,-31.90969571694111,115.81261416287998,,,Public - Membership Required,Planned For Future Date,2025-11-26T18:17:00Z,2025-11-26 18:17:00+00:00,6.0,Open Charge Map Contributors,Licensed under Creative Commons Attribution 4.0 International (CC BY 4.0),data/raw/ocm/OCM-470243.json,https://openchargemap.org/site/poi/details/470243,True
470244,1.0,(unknown operator),Scarborough Beach Road,488 State Route 75,Osbourne Park,6017,-31.904578816550888,115.80624524662517,,,Public - Membership Required,Operational,2025-11-26T18:27:00Z,2025-11-26 18:27:00+00:00,2.0,Open Charge Map Contributors,Licensed under Creative Commons Attribution 4.0 International (CC BY 4.0),data/raw/ocm/OCM-470244.json,https://openchargemap.org/site/poi/details/470244,True
470301,3716.0,wevolt (au),Maule Road,2 Maule Road,Jandakot ,,-32.0859150105917,115.88137068079533,,,Public - Membership Required,Operational,2025-11-28T08:27:00Z,2025-11-28 08:27:00+00:00,1.0,Open Charge Map Contributors,Licensed under Creative Commons Attribution 4.0 International (CC BY 4.0),data/raw/ocm/OCM-470301.json,https://openchargemap.org/site/poi/details/470301,True
470327,3398.0,Evie,Port Fairy Sea Scouts,5 Bank St,Port Fairy,3284,-38.38374006982256,142.23858472162362,,,Public - Membership Required,Operational,2025-12-02T00:23:00Z,2025-12-02 00:23:00+00:00,2.0,Open Charge Map Contributors,Licensed under Creative Commons Attribution 4.0 International (CC BY 4.0),data/raw/ocm/OCM-470327.json,https://openchargemap.org/site/poi/details/470327,True
470328,3398.0,Evie,14 Pascoe Street Parking - Apollo Bay,14 Pasco Street,Apollo Bay,3233,-38.758398296255834,143.66892168961192,,,Public - Membership Required,Operational,2025-12-02T01:28:00Z,2025-12-02 01:28:00+00:00,1.0,Open Charge Map Contributors,Licensed under Creative Commons Attribution 4.0 International (CC BY 4.0),data/raw/ocm/OCM-470328.json,https://openchargemap.org/site/poi/details/470328,True
470502,3339.0,Chargefox,The Promenade,The Promenade,Australind,6233,-33.28240261266069,115.74093768217693,,,Public - Membership Required,Planned For Future Date,2025-12-01T12:39:00Z,2025-12-01 12:39:00+00:00,2.0,Open Charge Map Contributors,Licensed under Creative Commons Attribution 4.0 International (CC BY 4.0),data/raw/ocm/OCM-470502.json,https://openchargemap.org/site/poi/details/470502,True
470663,3339.0,Chargefox,Eneabba NRMA,Eneabba Drive,,,-29.820973736299308,115.26611873091292,,,Public - Membership Required,Operational,2025-12-25T06:24:00Z,2025-12-25 06:24:00+00:00,4.0,Open Charge Map Contributors,Licensed under Creative Commons Attribution 4.0 International (CC BY 4.0),data/raw/ocm/OCM-470663.json,https://openchargemap.org/site/poi/details/470663,True
470672,3388.0,NRMA,Manjimup NRMA,Mottram Street,Manjimup,6258,-34.23994388198981,116.1481549246804,,,Public - Membership Required,Operational,2025-12-14T06:18:00Z,2025-12-14 06:18:00+00:00,4.0,Open Charge Map Contributors,Licensed under Creative Commons Attribution 4.0 International (CC BY 4.0),data/raw/ocm/OCM-470672.json,https://openchargemap.org/site/poi/details/470672,True
470793,3339.0,Chargefox,Serpentine  Jarahdale Municipal Charger,Paterson Street,Mundijong,6123,-32.29770145683969,115.98462064728506,,,Public - Membership Required,Operational,2025-12-10T10:56:00Z,2025-12-10 10:56:00+00:00,1.0,Open Charge Map Contributors,Licensed under Creative Commons Attribution 4.0 International (CC BY 4.0),data/raw/ocm/OCM-470793.json,https://openchargemap.org/site/poi/details/470793,False
471033,3388.0,NRMA,Dog on the Tuckerbox,37 Annie Pyers Drive,Gundagai,2722,-35.00129644033861,148.11056333609463,0.70/kWh,,Public - Membership Required,Operational,2025-12-18T23:27:00Z,2025-12-18 23:27:00+00:00,2.0,Open Charge Map Contributors,Licensed under Creative Commons Attribution 4.0 International (CC BY 4.0),data/raw/ocm/OCM-471033.json,https://openchargemap.org/site/poi/details/471033,True
471034,3622.0,Exploren,Albury Showground,21 Hague Ave,North Albury,2640,-36.06509679862696,146.93423532068664,$0.50 plus $0.22/kWh,,Public,Operational,2025-12-18T23:32:00Z,2025-12-18 23:32:00+00:00,1.0,Open Charge Map Contributors,Licensed under Creative Commons Attribution 4.0 International (CC BY 4.0),data/raw/ocm/OCM-471034.json,https://openchargemap.org/site/poi/details/471034,False
471035,3534.0,Tesla,"Gin Gin, QLD - Dear St",4 Dear Street,Gin Gin,4671,-24.989456028418857,151.95345505093815,,,Public - Membership Required,Operational,2025-12-19T00:12:00Z,2025-12-19 00:12:00+00:00,6.0,Open Charge Map Contributors,Licensed under Creative Commons Attribution 4.0 International (CC BY 4.0),data/raw/ocm/OCM-471035.json,https://openchargemap.org/site/poi/details/471035,True
471411,3534.0,Tesla,Kaniva Tesla Supercharger,Commercial hotel ,Kaniva,3149,-36.37875081316521,141.23908092739225,,,Public,Operational,2025-12-27T12:48:00Z,2025-12-27 12:48:00+00:00,10.0,Open Charge Map Contributors,Licensed under Creative Commons Attribution 4.0 International (CC BY 4.0),data/raw/ocm/OCM-471411.json,https://openchargemap.org/site/poi/details/471411,False
472388,3339.0,Chargefox,Balladonia - WA EV Network,Highway 1,Balladonia,,-32.35432951007393,123.61954850785787,,,Public - Membership Required,Operational,2026-01-01T05:14:00Z,2026-01-01 05:14:00+00:00,3.0,Open Charge Map Contributors,Licensed under Creative Commons Attribution 4.0 International (CC BY 4.0),data/raw/ocm/OCM-472388.json,https://openchargemap.org/site/poi/details/472388,True
472991,3339.0,Chargefox,Mandurah Forum Mall,Mandurah Road,Mandurah,6210,-32.53577960295785,115.74472408771112,,,Public - Membership Required,Operational,2026-01-12T08:04:00Z,2026-01-12 08:04:00+00:00,2.0,Open Charge Map Contributors,Licensed under Creative Commons Attribution 4.0 International (CC BY 4.0),data/raw/ocm/OCM-472991.json,https://openchargemap.org/site/poi/details/472991,True
473174,3339.0,Chargefox,Corrigin Charger,SR 40,Corrigin,6375,-32.33414525317049,117.87559193743596,,,Public - Membership Required,Operational,2026-01-21T10:36:00Z,2026-01-21 10:36:00+00:00,1.0,Open Charge Map Contributors,Licensed under Creative Commons Attribution 4.0 International (CC BY 4.0),data/raw/ocm/OCM-473174.json,https://openchargemap.org/site/poi/details/473174,True
474435,3534.0,Tesla,Merriden Supercharger,Barrack Street,Merredin,6415,-31.48102875567887,118.27822516113406,,,Public - Membership Required,Planned For Future Date,2026-01-21T10:52:00Z,2026-01-21 10:52:00+00:00,6.0,Open Charge Map Contributors,Licensed under Creative Commons Attribution 4.0 International (CC BY 4.0),data/raw/ocm/OCM-474435.json,https://openchargemap.org/site/poi/details/474435,True
474457,3625.0,Ampol AmpCharge,The Ponds Shopping Centre,The Ponds Boulevard,Sydney,2769,-33.706177569208975,150.91276385955848,0.75,Southern end of the undercover car park,Public,Operational,2026-03-10T11:45:00Z,2026-03-10 11:45:00+00:00,4.0,Open Charge Map Contributors,Licensed under Creative Commons Attribution 4.0 International (CC BY 4.0),data/raw/ocm/OCM-474457.json,https://openchargemap.org/site/poi/details/474457,False
474459,1.0,(unknown operator),Big Banana Tesla Supercharger,351 Pacific Highway,Coffs Harbour,2450,-30.274110914833187,153.13253636781275,,,Public - Membership Required,Operational,2026-01-25T00:52:00Z,2026-01-25 00:52:00+00:00,16.0,Open Charge Map Contributors,Licensed under Creative Commons Attribution 4.0 International (CC BY 4.0),data/raw/ocm/OCM-474459.json,https://openchargemap.org/site/poi/details/474459,True
475513,1.0,(unknown operator),Competitive Windscreens,Unit 6/14 Cunningham St,Moorebank,2170,-33.19248248009761,146.0178041078134,-,,Public,Operational,2026-02-09T10:28:00Z,2026-02-09 10:28:00+00:00,1.0,Open Charge Map Contributors,Licensed under Creative Commons Attribution 4.0 International (CC BY 4.0),data/raw/ocm/OCM-475513.json,https://openchargemap.org/site/poi/details/475513,False
475911,3534.0,Tesla,Armadale Supercharger,Neerigen Street,Armadale,6112,-32.15052522037196,116.01440442440423,,,Public - Membership Required,Planned For Future Date,2026-02-10T18:51:00Z,2026-02-10 18:51:00+00:00,6.0,Open Charge Map Contributors,Licensed under Creative Commons Attribution 4.0 International (CC BY 4.0),data/raw/ocm/OCM-475911.json,https://openchargemap.org/site/poi/details/475911,True
475912,3534.0,Tesla,Mulberry Estate Charger,Swan Valley Path,,6935,-31.886987128407867,115.97787623265958,,,Public - Membership Required,Operational,2026-02-10T18:58:00Z,2026-02-10 18:58:00+00:00,2.0,Open Charge Map Contributors,Licensed under Creative Commons Attribution 4.0 International (CC BY 4.0),data/raw/ocm/OCM-475912.json,https://openchargemap.org/site/poi/details/475912,True
479439,1.0,(unknown operator),Hargreave st Car Park,Hargreave St,Bendigo,,-36.75920942467174,144.28152180874156,"free, parking cost may apply",,Public,Operational,2026-03-03T08:37:00Z,2026-03-03 08:37:00+00:00,12.0,Open Charge Map Contributors,Licensed under Creative Commons Attribution 4.0 International (CC BY 4.0),data/raw/ocm/OCM-479439.json,https://openchargemap.org/site/poi/details/479439,True
479810,3339.0,Chargefox,IKEA Springvale,Princes Highway,Springvale,3171,-37.92633458005251,145.1437568373476,,,Public,Operational,2026-03-08T23:46:00Z,2026-03-08 23:46:00+00:00,4.0,Open Charge Map Contributors,Licensed under Creative Commons Attribution 4.0 International (CC BY 4.0),data/raw/ocm/OCM-479810.json,https://openchargemap.org/site/poi/details/479810,False
479811,3534.0,Tesla,Geelong Supercharger,Bellarine Highway,Newcomb,3219,-38.1708965134698,144.3922134665229,,,Public - Membership Required,Operational,2026-03-08T23:51:00Z,2026-03-08 23:51:00+00:00,8.0,Open Charge Map Contributors,Licensed under Creative Commons Attribution 4.0 International (CC BY 4.0),data/raw/ocm/OCM-479811.json,https://openchargemap.org/site/poi/details/479811,True
479812,3339.0,Chargefox,Hill Street Grocer,Wellington Street,Longford,7301,-41.587804823795224,147.1202882311427,,,Public,Operational,2026-03-08T23:51:00Z,2026-03-08 23:51:00+00:00,4.0,Open Charge Map Contributors,Licensed under Creative Commons Attribution 4.0 International (CC BY 4.0),data/raw/ocm/OCM-479812.json,https://openchargemap.org/site/poi/details/479812,False
479813,3625.0,Ampol AmpCharge,Ampcharge Dandenong,Gladstone Road,Dandenong,3175,-37.97452580646607,145.20373217473298,$0.60/kWh for pay-as-you-go charging.,,Public - Membership Required,Operational,2026-03-09T00:36:00Z,2026-03-09 00:36:00+00:00,4.0,Open Charge Map Contributors,Licensed under Creative Commons Attribution 4.0 International (CC BY 4.0),data/raw/ocm/OCM-479813.json,https://openchargemap.org/site/poi/details/479813,True
479816,3625.0,Ampol AmpCharge,Shellharbour Ampcharge,Lake Entrance Road,Shellharbour City Centre,2529,-34.56282332623376,150.84003054738014,$0.60/kWh for pay-as-you-go charging.,,Public - Membership Required,Operational,2026-03-09T04:11:00Z,2026-03-09 04:11:00+00:00,10.0,Open Charge Map Contributors,Licensed under Creative Commons Attribution 4.0 International (CC BY 4.0),data/raw/ocm/OCM-479816.json,https://openchargemap.org/site/poi/details/479816,True
479817,3339.0,Chargefox,Calderwood Village,Borjeson Circuit,,2527,-34.57238704885878,150.74596188386158,,,Public - Membership Required,Operational,2026-03-09T04:16:00Z,2026-03-09 04:16:00+00:00,4.0,Open Charge Map Contributors,Licensed under Creative Commons Attribution 4.0 International (CC BY 4.0),data/raw/ocm/OCM-479817.json,https://openchargemap.org/site/poi/details/479817,True
479891,3659.0,BP Pulse (AU),Kippax Fair Shopping Centre,Hardwick Crescent,,2615,-35.223061356996645,149.01981009603946,$0.72/kWh,,,Partly Operational (Mixed),2026-03-11T07:27:00Z,2026-03-11 07:27:00+00:00,6.0,Open Charge Map Contributors,Licensed under Creative Commons Attribution 4.0 International (CC BY 4.0),data/raw/ocm/OCM-479891.json,https://openchargemap.org/site/poi/details/479891,False
479892,3716.0,wevolt (au),Raiders Club Belconnen,155 Hardwick Cres,Holt,2615,-35.21529459165514,149.00429874537963,35c/kWh + $1.21 service fee Idle fees See wevolt app for details,ground floor,Public - Membership Required,Temporarily Unavailable,2026-03-11T07:37:00Z,2026-03-11 07:37:00+00:00,3.0,Open Charge Map Contributors,Licensed under Creative Commons Attribution 4.0 International (CC BY 4.0),data/raw/ocm/OCM-479892.json,https://openchargemap.org/site/poi/details/479892,False
479893,3622.0,Exploren,The Link - Ginninderry Community & Information Centre,1 McClymont Wy,Strathnairn,2615,-35.23086287221697,148.99517242729212,Free charging for 2hours then charging stopsIdle fee ($/min) = $0.50c / minuteIdle fee grace period (minutes) = 15 minutesIdle fees begin only after charging is complete and the grace period has ended,,"Private - For Staff, Visitors or Customers",Operational,2026-03-11T07:42:00Z,2026-03-11 07:42:00+00:00,2.0,Open Charge Map Contributors,Licensed under Creative Commons Attribution 4.0 International (CC BY 4.0),data/raw/ocm/OCM-479893.json,https://openchargemap.org/site/poi/details/479893,False
479894,1.0,(unknown operator),Strathnairn - West Belconnen,Studio Road,Strathnairn,2615,-35.2320840816358,148.99442915180566,free,,"Private - For Staff, Visitors or Customers",Operational,2026-03-11T07:47:00Z,2026-03-11 07:47:00+00:00,1.0,Open Charge Map Contributors,Licensed under Creative Commons Attribution 4.0 International (CC BY 4.0),data/raw/ocm/OCM-479894.json,https://openchargemap.org/site/poi/details/479894,False
480135,3388.0,NRMA,NRMA EV Charger Walcha,10W Apsley Street,Walcha,2354,-30.983013170871303,151.59251668897264,,,Public,Operational,2026-03-15T08:37:00Z,2026-03-15 08:37:00+00:00,2.0,Open Charge Map Contributors,Licensed under Creative Commons Attribution 4.0 International (CC BY 4.0),data/raw/ocm/OCM-480135.json,https://openchargemap.org/site/poi/details/480135,True
480188,44.0,(private residence/individual),Xpeng Parramatta,21 Church Stree,Parramatta,2150,-32.07741625976311,152.48826050410653,,,Private - Restricted Access,Operational,2026-03-16T00:26:00Z,2026-03-16 00:26:00+00:00,1.0,Open Charge Map Contributors,Licensed under Creative Commons Attribution 4.0 International (CC BY 4.0),data/raw/ocm/OCM-480188.json,https://openchargemap.org/site/poi/details/480188,True
480398,3534.0,Tesla,John Oxley Drive,John Oxley Drive,,2444,-31.458200567763306,152.82699819893708,,,Public - Membership Required,Operational,2026-03-19T05:06:00Z,2026-03-19 05:06:00+00:00,12.0,Open Charge Map Contributors,Licensed under Creative Commons Attribution 4.0 International (CC BY 4.0),data/raw/ocm/OCM-480398.json,https://openchargemap.org/site/poi/details/480398,True
480613,3388.0,NRMA,Park Lane,Park Lane,Moruya,2537,-35.91383761902494,150.0792414857017,$0.74/kWh,,Public,Operational,2026-04-04T16:14:00Z,2026-04-04 16:14:00+00:00,1.0,Open Charge Map Contributors,Licensed under Creative Commons Attribution 4.0 International (CC BY 4.0),data/raw/ocm/OCM-480613.json,https://openchargemap.org/site/poi/details/480613,True
480799,1.0,(unknown operator),Vale 194 No. 3 EV Charger for Guest use,3/194 Main Rd,McLaren Vale,5171,-35.2148173751747,138.53809213717636,,,"Private - For Staff, Visitors or Customers",Operational,2026-04-06T20:15:00Z,2026-04-06 20:15:00+00:00,1.0,Open Charge Map Contributors,Licensed under Creative Commons Attribution 4.0 International (CC BY 4.0),data/raw/ocm/OCM-480799.json,https://openchargemap.org/site/poi/details/480799,False
480800,1.0,(unknown operator),Vale 194 number 4 Ev Charger ,4/194 Main Rd,McLaren Vale,5171,-35.214681756023786,138.53786206670543,,Type 2 point only no cable on site,"Private - For Staff, Visitors or Customers",Operational,2026-04-06T20:20:00Z,2026-04-06 20:20:00+00:00,1.0,Open Charge Map Contributors,Licensed under Creative Commons Attribution 4.0 International (CC BY 4.0),data/raw/ocm/OCM-480800.json,https://openchargemap.org/site/poi/details/480800,False
481550,3388.0,NRMA,NRMA Lakes Entrance,Mechanics Street,Lakes Entrance,3909,-37.88056405685817,147.98600184811744,,,Public,Operational,2026-04-13T01:37:00Z,2026-04-13 01:37:00+00:00,4.0,Open Charge Map Contributors,Licensed under Creative Commons Attribution 4.0 International (CC BY 4.0),data/raw/ocm/OCM-481550.json,https://openchargemap.org/site/poi/details/481550,True
481551,3339.0,Chargefox,RACV Stratford,12 Raymond St,Stratford,3862,-37.96498748573004,147.07965836210963,,,Public - Membership Required,Operational,2026-04-12T00:42:00Z,2026-04-12 00:42:00+00:00,2.0,Open Charge Map Contributors,Licensed under Creative Commons Attribution 4.0 International (CC BY 4.0),data/raw/ocm/OCM-481551.json,https://openchargemap.org/site/poi/details/481551,True
48358,3339.0,Chargefox,RAC Electric Highway Mandurah ,Mandurah Terrace,Mandurah,6210,-32.527664807186866,115.72121359357834,See operators website,Car park near Hackett St roundabout,Public - Membership Required,Operational,2025-07-26T08:43:00Z,2025-07-26 08:43:00+00:00,2.0,Open Charge Map Contributors,Licensed under Creative Commons Attribution 4.0 International (CC BY 4.0),data/raw/ocm/OCM-48358.json,https://openchargemap.org/site/poi/details/48358,True
48364,3339.0,Chargefox,Symmons Street Parking,31 Symmons St ,Bunbury City,6230,-33.323613307980935,115.63775926256562,See operators website,Circontrol Trio DCFC & Circontrol J1772 wallbox & 15A Wall outlet. Charger located along wall of Rivers Superstore.,Public - Membership Required,Operational,2025-07-17T13:02:00Z,2025-07-17 13:02:00+00:00,2.0,Open Charge Map Contributors,Licensed under Creative Commons Attribution 4.0 International (CC BY 4.0),data/raw/ocm/OCM-48364.json,https://openchargemap.org/site/poi/details/48364,True
48365,3339.0,Chargefox,Busselton City,880 Geographe Bay Rd,Busselton,6280,-33.6458309709066,115.34195677902198,See operators website,,Public - Membership Required,Temporarily Unavailable,2025-12-01T07:54:00Z,2025-12-01 07:54:00+00:00,1.0,Open Charge Map Contributors,Licensed under Creative Commons Attribution 4.0 International (CC BY 4.0),data/raw/ocm/OCM-48365.json,https://openchargemap.org/site/poi/details/48365,True
48375,57.0,the rev project (uwa - australia),UWA DC FC Veefil,35 hackett drive,crawley,,-31.9788128701367,115.819373130798,15c/kWh,Near exit of University Club undercover car park,Public - Membership Required,Operational,2021-12-01T12:00:00Z,2021-12-01 12:00:00+00:00,1.0,Open Charge Map Contributors,Licensed under Creative Commons Attribution 4.0 International (CC BY 4.0),data/raw/ocm/OCM-48375.json,https://openchargemap.org/site/poi/details/48375,True
52844,23.0,Tesla,Crowne Plaza Terrigal,Pinetree Lane,Terrigal,2260,-33.4484777280442,151.445479384747,Free,"Inside hotel carpark, two spots on the left side just after the first left turn",Public - Pay At Location,Unknown,2017-01-31T20:25:00Z,2017-01-31 20:25:00+00:00,2.0,Open Charge Map Contributors,Licensed under Creative Commons Attribution 4.0 International (CC BY 4.0),data/raw/ocm/OCM-52844.json,https://openchargemap.org/site/poi/details/52844,False
54547,23.0,Tesla,Westfield Sydney - Valet Parking,135 King Street,Sydney,2000,-33.8694048813709,151.208287100525,Free,Access via Valet Parking,Public,Operational,2017-01-31T16:45:00Z,2017-01-31 16:45:00+00:00,2.0,Open Charge Map Contributors,Licensed under Creative Commons Attribution 4.0 International (CC BY 4.0),data/raw/ocm/OCM-54547.json,https://openchargemap.org/site/poi/details/54547,False
55007,23.0,Tesla,Park Hyatt Sydney,7 Hickson Road,The Rocks,2000,-33.8560032,151.2094239,Free,Available for patrons only. Please see valet.,Public - Pay At Location,Operational,2017-01-31T18:52:00Z,2017-01-31 18:52:00+00:00,2.0,Open Charge Map Contributors,Licensed under Creative Commons Attribution 4.0 International (CC BY 4.0),data/raw/ocm/OCM-55007.json,https://openchargemap.org/site/poi/details/55007,False
59151,3398.0,Evie,Evoenergy Visitor Carpark,28 Oakden Street,Greenway,2900,-35.42275,149.072389,Pricing set to 50c per kWh of charging.,,Public - Membership Required,Operational,2023-07-12T22:41:00Z,2023-07-12 22:41:00+00:00,1.0,Open Charge Map Contributors,Licensed under Creative Commons Attribution 4.0 International (CC BY 4.0),data/raw/ocm/OCM-59151.json,https://openchargemap.org/site/poi/details/59151,True
60186,3.0,pod point (uk),City of Casey,Princes Highway,City of Casey,3805,-38.016591,145.292402,Free,,(Unknown),Unknown,2019-04-30T05:29:00Z,2019-04-30 05:29:00+00:00,2.0,Open Charge Map Contributors,Licensed under Creative Commons Attribution 4.0 International (CC BY 4.0),data/raw/ocm/OCM-60186.json,https://openchargemap.org/site/poi/details/60186,False
60416,1.0,(unknown operator),St Kilda Town Hall,164 Carlisle Street,St Kilda,3182,-37.8682677,144.9895699,Free,Enter car park 2 hr free parking. You will need a Type 2 cable and BetterPlace swipe card or key fob.,Public,Operational,2016-01-25T11:57:00Z,2016-01-25 11:57:00+00:00,2.0,Open Charge Map Contributors,Licensed under Creative Commons Attribution 4.0 International (CC BY 4.0),data/raw/ocm/OCM-60416.json,https://openchargemap.org/site/poi/details/60416,False
60564,5.0,ChargePoint,Mittagong NSW Main Street,62-70 Main Street,Mittagong ,2576,-34.4499721,150.451723,if you are not a member of Charge Point ask at the desk of the Visitor Centre 9 am - 5pmfor help.,Recharger is at the rear of the building at the southern end of the car park,Public - Membership Required,Operational,2020-11-19T12:10:00Z,2020-11-19 12:10:00+00:00,1.0,Open Charge Map Contributors,Licensed under Creative Commons Attribution 4.0 International (CC BY 4.0),data/raw/ocm/OCM-60564.json,https://openchargemap.org/site/poi/details/60564,False
62518,45.0,(business owner at location),Tonsley Boulevard,Tonsley Boulevard,,5042,-35.00825619441188,138.57490811884736,Free,,Public,Operational,2023-07-20T05:03:00Z,2023-07-20 05:03:00+00:00,2.0,Open Charge Map Contributors,Licensed under Creative Commons Attribution 4.0 International (CC BY 4.0),data/raw/ocm/OCM-62518.json,https://openchargemap.org/site/poi/details/62518,True
66031,45.0,(business owner at location),Eucla Motor Hotel,Eucla-Reid Road,Eucla,6443,-31.677182739271366,128.88337208224527,"$0.88 / kWh, or $25 with accommodation",,Privately Owned - Notice Required,Operational,2022-09-12T04:04:00Z,2022-09-12 04:04:00+00:00,1.0,Open Charge Map Contributors,Licensed under Creative Commons Attribution 4.0 International (CC BY 4.0),data/raw/ocm/OCM-66031.json,https://openchargemap.org/site/poi/details/66031,False
66032,1.0,(unknown operator),Nullarbor Roadhouse Caravan Park,Old Eyre Highway,Nullarbor,5690,-31.4502257,130.8962769,$32 fixed charge,Open 7:00 AM to 10:00 PM,Privately Owned - Notice Required,Operational,2023-12-20T00:03:00Z,2023-12-20 00:03:00+00:00,1.0,Open Charge Map Contributors,Licensed under Creative Commons Attribution 4.0 International (CC BY 4.0),data/raw/ocm/OCM-66032.json,https://openchargemap.org/site/poi/details/66032,False
66033,45.0,(business owner at location),Border Village,Eyre Highway,Border Village,5690,-31.638741120034034,129.00329404080298,Free,,Public - Pay At Location,Operational,2022-09-12T04:05:00Z,2022-09-12 04:05:00+00:00,1.0,Open Charge Map Contributors,Licensed under Creative Commons Attribution 4.0 International (CC BY 4.0),data/raw/ocm/OCM-66033.json,https://openchargemap.org/site/poi/details/66033,False
66034,45.0,(business owner at location),Balladonia Hotel Motel,Eyre Highway,Balladonia,6443,-32.351950707003716,123.61710184080994,$1/kWh,,Public,Operational,2022-01-16T06:15:00Z,2022-01-16 06:15:00+00:00,1.0,Open Charge Map Contributors,Licensed under Creative Commons Attribution 4.0 International (CC BY 4.0),data/raw/ocm/OCM-66034.json,https://openchargemap.org/site/poi/details/66034,True
66035,45.0,(business owner at location),Norseman Oval,31 Sinclair Street,Norseman,,-32.19640258752865,121.77616249834006,$35,,Public - Pay At Location,Operational,2021-11-27T12:01:00Z,2021-11-27 12:01:00+00:00,1.0,Open Charge Map Contributors,Licensed under Creative Commons Attribution 4.0 International (CC BY 4.0),data/raw/ocm/OCM-66035.json,https://openchargemap.org/site/poi/details/66035,False
66036,45.0,(business owner at location),Southern Cross Oval,35 Spica Street, Southern Cross,6426,-31.2292014414001,119.328518825795,Free,Contact Robyn Downes at Yilgarn Shire for access,Public - Notice Required,Operational,2022-12-10T00:51:00Z,2022-12-10 00:51:00+00:00,2.0,Open Charge Map Contributors,Licensed under Creative Commons Attribution 4.0 International (CC BY 4.0),data/raw/ocm/OCM-66036.json,https://openchargemap.org/site/poi/details/66036,False
66038,45.0,(business owner at location),CBH Group,LOT 7 Gabo Avenue,Merredin,6415,-31.483285,118.249168,Free,,Privately Owned - Notice Required,Operational,2016-05-29T12:22:00Z,2016-05-29 12:22:00+00:00,1.0,Open Charge Map Contributors,Licensed under Creative Commons Attribution 4.0 International (CC BY 4.0),data/raw/ocm/OCM-66038.json,https://openchargemap.org/site/poi/details/66038,False
66040,3339.0,Chargefox,Augusta Car Park RAC Electric Highway,72 Blackwood Avenue,Augusta‎,6290,-34.315148,115.158737,See operators website,,Public - Membership Required,Operational,2023-07-13T23:46:00Z,2023-07-13 23:46:00+00:00,1.0,Open Charge Map Contributors,Licensed under Creative Commons Attribution 4.0 International (CC BY 4.0),data/raw/ocm/OCM-66040.json,https://openchargemap.org/site/poi/details/66040,True
66041,3339.0,Chargefox,Margaret River RAC Electric Highway,41 Wallcliffe Road,Margaret River,6285,-33.95358142418849,115.070896629059,45c/kwh + 30c,,Public - Membership Required,Operational,2023-07-13T23:48:00Z,2023-07-13 23:48:00+00:00,2.0,Open Charge Map Contributors,Licensed under Creative Commons Attribution 4.0 International (CC BY 4.0),data/raw/ocm/OCM-66041.json,https://openchargemap.org/site/poi/details/66041,True
66042,3310.0,chargestar (au),Nannup Fast Charger,16–19 Adam Street,Nannup‎,6275,-33.979816,115.763459,Free,,Public,Operational,2024-01-25T05:17:00Z,2024-01-25 05:17:00+00:00,1.0,Open Charge Map Contributors,Licensed under Creative Commons Attribution 4.0 International (CC BY 4.0),data/raw/ocm/OCM-66042.json,https://openchargemap.org/site/poi/details/66042,True
66044,3339.0,Chargefox,RAC Electric Highway Harvey,5–31 Hayward Street,Harvey‎,6220,-33.079053,115.896327,Free,,Public - Membership Required,Operational,2023-07-13T23:40:00Z,2023-07-13 23:40:00+00:00,2.0,Open Charge Map Contributors,Licensed under Creative Commons Attribution 4.0 International (CC BY 4.0),data/raw/ocm/OCM-66044.json,https://openchargemap.org/site/poi/details/66044,True
66046,194.0,rac electric highway/chargestar,Donnybrook Shire,Crowley Place,Donnybrook‎,6239,-33.574681033694176,115.82452538723692,Free,,(Unknown),Not Operational,2025-12-14T08:35:00Z,2025-12-14 08:35:00+00:00,1.0,Open Charge Map Contributors,Licensed under Creative Commons Attribution 4.0 International (CC BY 4.0),data/raw/ocm/OCM-66046.json,https://openchargemap.org/site/poi/details/66046,True
70019,45.0,(business owner at location),Stockland baldivis ,Norseman approach,Baldivis ,,-32.332038197451894,115.81543780164884,Free,,Public - Membership Required,Operational,2023-08-17T12:39:00Z,2023-08-17 12:39:00+00:00,2.0,Open Charge Map Contributors,Licensed under Creative Commons Attribution 4.0 International (CC BY 4.0),data/raw/ocm/OCM-70019.json,https://openchargemap.org/site/poi/details/70019,False
70021,1.0,(unknown operator),Psaros Depot,59 Brewer Street ,East Perth ,,-31.9465882,115.8684012,Free,,(Unknown),Operational,2020-05-18T23:27:00Z,2020-05-18 23:27:00+00:00,1.0,Open Charge Map Contributors,Licensed under Creative Commons Attribution 4.0 International (CC BY 4.0),data/raw/ocm/OCM-70021.json,https://openchargemap.org/site/poi/details/70021,False
70034,3310.0,chargestar (au),Cockburn Gateway Shopping City,Cockburn central,Cockburn ,6164,-32.1311632744087,115.85675239563,$0.45 per kWh,Needs to be activated with Smartcharge app.,Public - Membership Required,Operational,2022-11-08T04:20:00Z,2022-11-08 04:20:00+00:00,2.0,Open Charge Map Contributors,Licensed under Creative Commons Attribution 4.0 International (CC BY 4.0),data/raw/ocm/OCM-70034.json,https://openchargemap.org/site/poi/details/70034,False
70036,45.0,(business owner at location),Crooked Carrot Cafe,Forrest Highway,Myalup,,-33.0212628,115.7344491,Free,,"Private - For Staff, Visitors or Customers",Operational,2020-04-19T19:45:00Z,2020-04-19 19:45:00+00:00,1.0,Open Charge Map Contributors,Licensed under Creative Commons Attribution 4.0 International (CC BY 4.0),data/raw/ocm/OCM-70036.json,https://openchargemap.org/site/poi/details/70036,False
72049,45.0,(business owner at location),Ballina Day Surgery,46 Tamar St,Baillina,2478,-28.8707201,153.5632833,,,"Private - For Staff, Visitors or Customers",Operational,2016-10-05T06:59:00Z,2016-10-05 06:59:00+00:00,1.0,Open Charge Map Contributors,Licensed under Creative Commons Attribution 4.0 International (CC BY 4.0),data/raw/ocm/OCM-72049.json,https://openchargemap.org/site/poi/details/72049,False
73305,23.0,Tesla,Feathertop Winery,6619 Great Alpine Road,Porepunkah,,-36.6758307,146.8883634,Free,,"Private - For Staff, Visitors or Customers",Unknown,2017-01-31T18:12:00Z,2017-01-31 18:12:00+00:00,2.0,Open Charge Map Contributors,Licensed under Creative Commons Attribution 4.0 International (CC BY 4.0),data/raw/ocm/OCM-73305.json,https://openchargemap.org/site/poi/details/73305,False
74343,45.0,(business owner at location),Success Center ,25 Wentworth Parade,Cockburn ,6164,-32.130421,115.853806,Free,,Public - Membership Required,Operational,2022-11-08T04:19:00Z,2022-11-08 04:19:00+00:00,2.0,Open Charge Map Contributors,Licensed under Creative Commons Attribution 4.0 International (CC BY 4.0),data/raw/ocm/OCM-74343.json,https://openchargemap.org/site/poi/details/74343,False
77174,45.0,(business owner at location),Carnarvon Seachange Apartments,"73 Olivia Terrace, Carnarvon WA 6701",Carnarvon,6701,-24.8837684687111,113.655171378484,Contact owner,Attached to hotel accommodation - Contact owner,"Private - For Staff, Visitors or Customers",Operational,2020-11-09T14:59:00Z,2020-11-09 14:59:00+00:00,2.0,Open Charge Map Contributors,Licensed under Creative Commons Attribution 4.0 International (CC BY 4.0),data/raw/ocm/OCM-77174.json,https://openchargemap.org/site/poi/details/77174,False
79243,3534.0,Tesla,Knockrow Supercharger,419 Hinterland Way,Knockrow,2479,-28.749539,153.534722,AUD 0.42/kWh;other tariffs for older cars,,Public - Membership Required,Operational,2023-08-30T06:20:00Z,2023-08-30 06:20:00+00:00,6.0,Open Charge Map Contributors,Licensed under Creative Commons Attribution 4.0 International (CC BY 4.0),data/raw/ocm/OCM-79243.json,https://openchargemap.org/site/poi/details/79243,True
79311,23.0,Tesla,Port Macquarie Supercharger [Tesla],764 Pacific Highway,Port Macquarie,2444,-31.4361,152.823582,AUD 0.52/kWh,,Public - Membership Required,Operational,2021-12-19T01:54:00Z,2021-12-19 01:54:00+00:00,6.0,Open Charge Map Contributors,Licensed under Creative Commons Attribution 4.0 International (CC BY 4.0),data/raw/ocm/OCM-79311.json,https://openchargemap.org/site/poi/details/79311,True
79411,23.0,Tesla,Wodonga Supercharger,5-13 Havelock Street,Wodonga,3690,-36.12386,146.889963,AUD 0.42/kWh;other tariffs for older cars,,Public - Membership Required,Operational,2019-03-22T18:29:00Z,2019-03-22 18:29:00+00:00,6.0,Open Charge Map Contributors,Licensed under Creative Commons Attribution 4.0 International (CC BY 4.0),data/raw/ocm/OCM-79411.json,https://openchargemap.org/site/poi/details/79411,True
79490,23.0,Tesla,Heatherbrae Supercharger [Tesla],2285 Pacific Highway,Heatherbrae,2324,-32.787812,151.727704,$0.52/kWh,,Public - Membership Required,Operational,2021-12-19T02:07:00Z,2021-12-19 02:07:00+00:00,6.0,Open Charge Map Contributors,Licensed under Creative Commons Attribution 4.0 International (CC BY 4.0),data/raw/ocm/OCM-79490.json,https://openchargemap.org/site/poi/details/79490,True
79760,23.0,Tesla,Gundagai Supercharger [Tesla],34 Annie Pyers Drive,Gundagai,2722,-35.002106,148.109934,$0.52/kWh,,Public - Membership Required,Operational,2021-12-19T02:16:00Z,2021-12-19 02:16:00+00:00,6.0,Open Charge Map Contributors,Licensed under Creative Commons Attribution 4.0 International (CC BY 4.0),data/raw/ocm/OCM-79760.json,https://openchargemap.org/site/poi/details/79760,True
79804,23.0,Tesla,Ballarat Supercharger,333 Gillies St,Ballarat,3355,-37.534601,143.822503,AUD 0.42/kWh;other tariffs for older cars,,Public - Membership Required,Operational,2019-03-22T18:45:00Z,2019-03-22 18:45:00+00:00,6.0,Open Charge Map Contributors,Licensed under Creative Commons Attribution 4.0 International (CC BY 4.0),data/raw/ocm/OCM-79804.json,https://openchargemap.org/site/poi/details/79804,True
79851,23.0,Tesla,Goulburn Supercharger [Tesla],201 Sloan St,Goulburn,,-34.755597,149.720984,$0.52/kWh,,Public - Membership Required,Operational,2021-12-19T02:14:00Z,2021-12-19 02:14:00+00:00,8.0,Open Charge Map Contributors,Licensed under Creative Commons Attribution 4.0 International (CC BY 4.0),data/raw/ocm/OCM-79851.json,https://openchargemap.org/site/poi/details/79851,True
8745,3310.0,chargestar (au),1 The Avenue,1 The Avenue,Leederville,6014,-31.937153,115.840552,,,Public - Membership Required,Operational,2023-10-23T06:42:00Z,2023-10-23 06:42:00+00:00,,Open Charge Map Contributors,Licensed under Creative Commons Attribution 4.0 International (CC BY 4.0),data/raw/ocm/OCM-8745.json,https://openchargemap.org/site/poi/details/8745,False
90199,23.0,Tesla,Cooma Supercharger,85-91 Commissioner Street,Cooma,NSW 2630,-36.235522,149.126794,AUD 0.42/kWh;other tariffs for older cars,,Public - Membership Required,Operational,2019-03-22T18:03:00Z,2019-03-22 18:03:00+00:00,4.0,Open Charge Map Contributors,Licensed under Creative Commons Attribution 4.0 International (CC BY 4.0),data/raw/ocm/OCM-90199.json,https://openchargemap.org/site/poi/details/90199,True
91621,3339.0,Chargefox,Bunnings Homebase Subiaco,55 Salvado Road,Perth,6008,-31.942718738540442,115.8213074905982,See chargefox app for current rates.,,Public - Membership Required,Operational,2023-07-13T23:41:00Z,2023-07-13 23:41:00+00:00,1.0,Open Charge Map Contributors,Licensed under Creative Commons Attribution 4.0 International (CC BY 4.0),data/raw/ocm/OCM-91621.json,https://openchargemap.org/site/poi/details/91621,False
91847,23.0,Tesla,Brisbane-Fortitude Valley,1062 Ann Street,Fortitude Valley,,-27.451699,153.040473,AUD 0.42/kWh;other tariffs for older cars,,Public - Membership Required,Operational,2019-03-22T18:55:00Z,2019-03-22 18:55:00+00:00,4.0,Open Charge Map Contributors,Licensed under Creative Commons Attribution 4.0 International (CC BY 4.0),data/raw/ocm/OCM-91847.json,https://openchargemap.org/site/poi/details/91847,True
93371,23.0,Tesla,Keith Supercharger,Heritage St,Keith,5267,-36.099082,140.355645,AUD 0.42/kWh;other tariffs for older cars,,Public - Membership Required,Operational,2019-03-22T18:03:00Z,2019-03-22 18:03:00+00:00,4.0,Open Charge Map Contributors,Licensed under Creative Commons Attribution 4.0 International (CC BY 4.0),data/raw/ocm/OCM-93371.json,https://openchargemap.org/site/poi/details/93371,True
93384,23.0,Tesla,Adelaide Supercharger,109 Franklin Street,Adelaide,5000,-34.927555,138.595225,AUD 0.42/kWh;other tariffs for older cars,Enter from Franklin Street.,Public - Membership Required,Operational,2019-06-03T14:52:00Z,2019-06-03 14:52:00+00:00,4.0,Open Charge Map Contributors,Licensed under Creative Commons Attribution 4.0 International (CC BY 4.0),data/raw/ocm/OCM-93384.json,https://openchargemap.org/site/poi/details/93384,True
93403,3534.0,Tesla,Clare Valley Supercharger [Tesla],74a Main N RD,Clare,5453,-33.8485,138.618157,$0.52/kWh,,Public - Membership Required,Operational,2023-08-30T06:13:00Z,2023-08-30 06:13:00+00:00,4.0,Open Charge Map Contributors,Licensed under Creative Commons Attribution 4.0 International (CC BY 4.0),data/raw/ocm/OCM-93403.json,https://openchargemap.org/site/poi/details/93403,True
93426,23.0,Tesla,Horsham Supercharger,126 Wilson St,Horsham,3400,-36.71591547781505,142.19650194656884,AUD 0.42/kWh;other tariffs for older cars,,Public - Membership Required,Operational,2023-04-08T11:38:00Z,2023-04-08 11:38:00+00:00,3.0,Open Charge Map Contributors,Licensed under Creative Commons Attribution 4.0 International (CC BY 4.0),data/raw/ocm/OCM-93426.json,https://openchargemap.org/site/poi/details/93426,True
93664,23.0,Tesla,Eaton Supercharger,2 Recreation Drive,Eaton,6232,-33.319629016842256,115.71772716499686,AUD 0.68/kWh;other tariffs for older cars,,Public - Membership Required,Operational,2023-07-16T03:07:00Z,2023-07-16 03:07:00+00:00,6.0,Open Charge Map Contributors,Licensed under Creative Commons Attribution 4.0 International (CC BY 4.0),data/raw/ocm/OCM-93664.json,https://openchargemap.org/site/poi/details/93664,True
95080,23.0,Tesla,Euroa Supercharger,46 Kirkland Ave,Euroa,,-36.752887,145.573418,AUD 0.42/kWh;other tariffs for older cars,,Public - Membership Required,Operational,2019-03-22T18:02:00Z,2019-03-22 18:02:00+00:00,6.0,Open Charge Map Contributors,Licensed under Creative Commons Attribution 4.0 International (CC BY 4.0),data/raw/ocm/OCM-95080.json,https://openchargemap.org/site/poi/details/95080,True
97236,23.0,Tesla,Stockland Riverton Center,High Road,Perth,6147,-32.0396593286931,115.904397939737,Free,,Public,Temporarily Unavailable,2025-05-30T22:01:00Z,2025-05-30 22:01:00+00:00,2.0,Open Charge Map Contributors,Licensed under Creative Commons Attribution 4.0 International (CC BY 4.0),data/raw/ocm/OCM-97236.json,https://openchargemap.org/site/poi/details/97236,False
97619,23.0,Tesla,Coffs Harbour Supercharger [Tesla],253 Pacific Highway,Coffs Harbour,2450,-30.281439,153.131666,$0.52/kWh,,Public - Membership Required,Operational,2021-12-19T01:50:00Z,2021-12-19 01:50:00+00:00,6.0,Open Charge Map Contributors,Licensed under Creative Commons Attribution 4.0 International (CC BY 4.0),data/raw/ocm/OCM-97619.json,https://openchargemap.org/site/poi/details/97619,True
9892,9.0,blink charging,Round Cnr 494-500 Old Northern Road,Round Cnr 494-500 Old Northern Road,Dural,2158,-33.693647,151.018619,,,,Unknown,2017-11-04T14:03:00Z,2017-11-04 14:03:00+00:00,,CarStations.com,,data/raw/ocm/OCM-9892.json,https://openchargemap.org/site/poi/details/9892,False
