location_id,record_id,source_row,charger_type,power_min_kw,power_max_kw,power_kind,power_raw,source_file,source_url,source_captured_at
l_3522f71e00aa539e9fdf,r_ffb787267203c2fe83e9,2,AC,22.0,22.0,single,22 kW,data/raw/ev_20251216.csv,https://opendata.transport.nsw.gov.au/data/dataset/be1c4de4-4517-4bd0-8a09-2965ddfc7179/resource/7bbb6461-e52d-4fe7-ace4-a15c30198de0/download/ev_20251216.csv,2026-09-06 00:51:11.506072+00:00
l_525794e991b51357265b,r_8ac1bf727d3903e70216,3,DC,150.0,150.0,single,150 kW,data/raw/ev_20251216.csv,https://opendata.transport.nsw.gov.au/data/dataset/be1c4de4-4517-4bd0-8a09-2965ddfc7179/resource/7bbb6461-e52d-4fe7-ace4-a15c30198de0/download/ev_20251216.csv,2026-09-06 00:51:11.506072+00:00
l_705ce103d05dd463509e,r_7d6623093b496c753aff,4,DC,50.0,50.0,single,50 kW,data/raw/ev_20251216.csv,https://opendata.transport.nsw.gov.au/data/dataset/be1c4de4-4517-4bd0-8a09-2965ddfc7179/resource/7bbb6461-e52d-4fe7-ace4-a15c30198de0/download/ev_20251216.csv,2026-09-06 00:51:11.506072+00:00
l_bd74f564a774b4892267,r_25dc96a31883a02df3cb,5,AC,22.0,22.0,single,22 kW,data/raw/ev_20251216.csv,https://opendata.transport.nsw.gov.au/data/dataset/be1c4de4-4517-4bd0-8a09-2965ddfc7179/resource/7bbb6461-e52d-4fe7-ace4-a15c30198de0/download/ev_20251216.csv,2026-09-06 00:51:11.506072+00:00
l_bc4964a8e9df9a0af5db,r_1fa55655953f31556991,6,AC,19.0,19.0,single,19 kW,data/raw/ev_20251216.csv,https://opendata.transport.nsw.gov.au/data/dataset/be1c4de4-4517-4bd0-8a09-2965ddfc7179/resource/7bbb6461-e52d-4fe7-ace4-a15c30198de0/download/ev_20251216.csv,2026-09-06 00:51:11.506072+00:00
l_fbcee1e03e94d9ac4c0f,r_41d8e6cbe1784306a79e,7,DC,130.0,130.0,single,130 kW,data/raw/ev_20251216.csv,https://opendata.transport.nsw.gov.au/data/dataset/be1c4de4-4517-4bd0-8a09-2965ddfc7179/resource/7bbb6461-e52d-4fe7-ace4-a15c30198de0/download/ev_20251216.csv,2026-09-06 00:51:11.506072+00:00
l_c28088d3de37821b77e6,r_173c6d72b8261a09a720,8,DC,75.0,75.0,single,75 kW,data/raw/ev_20251216.csv,https://opendata.transport.nsw.gov.au/data/dataset/be1c4de4-4517-4bd0-8a09-2965ddfc7179/resource/7bbb6461-e52d-4fe7-ace4-a15c30198de0/download/ev_20251216.csv,2026-09-06 00:51:11.506072+00:00
l_c71677e2e652d6361927,r_eab8c4e3b908dbb5848f,9,AC,22.0,22.0,single,22 kW,data/raw/ev_20251216.csv,https://opendata.transport.nsw.gov.au/data/dataset/be1c4de4-4517-4bd0-8a09-2965ddfc7179/resource/7bbb6461-e52d-4fe7-ace4-a15c30198de0/download/ev_20251216.csv,2026-09-06 00:51:11.506072+00:00
l_163cefe94705dd4faeb5,r_756c01d118aa3d9b7856,10,AC,22.0,22.0,single,22 kW,data/raw/ev_20251216.csv,https://opendata.transport.nsw.gov.au/data/dataset/be1c4de4-4517-4bd0-8a09-2965ddfc7179/resource/7bbb6461-e52d-4fe7-ace4-a15c30198de0/download/ev_20251216.csv,2026-09-06 00:51:11.506072+00:00
l_2483b5d2419bbd250683,r_f6fc94c73b0c7797b193,11,AC,22.0,22.0,single,22 kW,data/raw/ev_20251216.csv,https://opendata.transport.nsw.gov.au/data/dataset/be1c4de4-4517-4bd0-8a09-2965ddfc7179/resource/7bbb6461-e52d-4fe7-ace4-a15c30198de0/download/ev_20251216.csv,2026-09-06 00:51:11.506072+00:00
l_7ee4af5c08915eb5d6b3,r_4de3dd542ee8839ca7df,12,AC,22.0,22.0,single,22 kW,data/raw/ev_20251216.csv,https://opendata.transport.nsw.gov.au/data/dataset/be1c4de4-4517-4bd0-8a09-2965ddfc7179/resource/7bbb6461-e52d-4fe7-ace4-a15c30198de0/download/ev_20251216.csv,2026-09-06 00:51:11.506072+00:00
l_d813f6d679728d3c3dcb,r_4bb9e422c8436447efb9,13,DC,250.0,250.0,single,250 kW,data/raw/ev_20251216.csv,https://opendata.transport.nsw.gov.au/data/dataset/be1c4de4-4517-4bd0-8a09-2965ddfc7179/resource/7bbb6461-e52d-4fe7-ace4-a15c30198de0/download/ev_20251216.csv,2026-09-06 00:51:11.506072+00:00
l_d3708b2096d3bd95fa31,r_2b43bdaea62bf2a32c88,14,AC,22.0,22.0,single,22 kW,data/raw/ev_20251216.csv,https://opendata.transport.nsw.gov.au/data/dataset/be1c4de4-4517-4bd0-8a09-2965ddfc7179/resource/7bbb6461-e52d-4fe7-ace4-a15c30198de0/download/ev_20251216.csv,2026-09-06 00:51:11.506072+00:00
l_1c0249c4f6c4fb0659bb,r_abfbe83ecd7c1b21e149,15,AC,8.0,8.0,single,8 kW,data/raw/ev_20251216.csv,https://opendata.transport.nsw.gov.au/data/dataset/be1c4de4-4517-4bd0-8a09-2965ddfc7179/resource/7bbb6461-e52d-4fe7-ace4-a15c30198de0/download/ev_20251216.csv,2026-09-06 00:51:11.506072+00:00
l_989f81ca3d730f3142f5,r_369d331c11b1912fdcd9,16,AC,22.0,22.0,single,22 kW,data/raw/ev_20251216.csv,https://opendata.transport.nsw.gov.au/data/dataset/be1c4de4-4517-4bd0-8a09-2965ddfc7179/resource/7bbb6461-e52d-4fe7-ace4-a15c30198de0/download/ev_20251216.csv,2026-09-06 00:51:11.506072+00:00
l_528480f6181944de9abe,r_46b8d0fad04b9e1ac0e3,17,AC,22.0,22.0,single,22 kW,data/raw/ev_20251216.csv,https://opendata.transport.nsw.gov.au/data/dataset/be1c4de4-4517-4bd0-8a09-2965ddfc7179/resource/7bbb6461-e52d-4fe7-ace4-a15c30198de0/download/ev_20251216.csv,2026-09-06 00:51:11.506072+00:00
l_da58da3983b51b5b0ac5,r_31d3db9d705164952c8a,18,DC,150.0,150.0,single,150 kW,data/raw/ev_20251216.csv,https://opendata.transport.nsw.gov.au/data/dataset/be1c4de4-4517-4bd0-8a09-2965ddfc7179/resource/7bbb6461-e52d-4fe7-ace4-a15c30198de0/download/ev_20251216.csv,2026-09-06 00:51:11.506072+00:00
l_503c4efc0bce9ad52463,r_121854c0cf58d73bee86,19,AC,22.0,22.0,single,22 kW,data/raw/ev_20251216.csv,https://opendata.transport.nsw.gov.au/data/dataset/be1c4de4-4517-4bd0-8a09-2965ddfc7179/resource/7bbb6461-e52d-4fe7-ace4-a15c30198de0/download/ev_20251216.csv,2026-09-06 00:51:11.506072+00:00
l_a1e361e8c45196aff7b7,r_994f370dcd4dba247aab,20,AC,22.0,22.0,single,22 kW,data/raw/ev_20251216.csv,https://opendata.transport.nsw.gov.au/data/dataset/be1c4de4-4517-4bd0-8a09-2965ddfc7179/resource/7bbb6461-e52d-4fe7-ace4-a15c30198de0/download/ev_20251216.csv,2026-09-06 00:51:11.506072+00:00
l_f7ffc9db354b0eadfb4d,r_023643a564842db25ba8,21,DC,160.0,160.0,single,160 kW,data/raw/ev_20251216.csv,https://opendata.transport.nsw.gov.au/data/dataset/be1c4de4-4517-4bd0-8a09-2965ddfc7179/resource/7bbb6461-e52d-4fe7-ace4-a15c30198de0/download/ev_20251216.csv,2026-09-06 00:51:11.506072+00:00
l_1d6c4d6b4690b274be05,r_4ad0a4461c31d4f2cb3f,22,AC,22.0,22.0,single,22 kW,data/raw/ev_20251216.csv,https://opendata.transport.nsw.gov.au/data/dataset/be1c4de4-4517-4bd0-8a09-2965ddfc7179/resource/7bbb6461-e52d-4fe7-ace4-a15c30198de0/download/ev_20251216.csv,2026-09-06 00:51:11.506072+00:00
l_f5ab8f69e03aae58c1b4,r_2656c0d8e05b384b2516,23,AC,22.0,22.0,single,22 kW,data/raw/ev_20251216.csv,https://opendata.transport.nsw.gov.au/data/dataset/be1c4de4-4517-4bd0-8a09-2965ddfc7179/resource/7bbb6461-e52d-4fe7-ace4-a15c30198de0/download/ev_20251216.csv,2026-09-06 00:51:11.506072+00:00
l_408a3a768ef9ab219644,r_95adb19eef5aa0a507e9,24,AC,22.0,22.0,single,22 kW,data/raw/ev_20251216.csv,https://opendata.transport.nsw.gov.au/data/dataset/be1c4de4-4517-4bd0-8a09-2965ddfc7179/resource/7bbb6461-e52d-4fe7-ace4-a15c30198de0/download/ev_20251216.csv,2026-09-06 00:51:11.506072+00:00
l_68291ad118eee7eaf940,r_4ded00c27c6b2b330117,25,DC,50.0,50.0,single,50 kW,data/raw/ev_20251216.csv,https://opendata.transport.nsw.gov.au/data/dataset/be1c4de4-4517-4bd0-8a09-2965ddfc7179/resource/7bbb6461-e52d-4fe7-ace4-a15c30198de0/download/ev_20251216.csv,2026-09-06 00:51:11.506072+00:00
l_8135ecaa995f01f47af1,r_45bcb1edae0562ef96be,26,AC,22.0,22.0,single,22 kW,data/raw/ev_20251216.csv,https://opendata.transport.nsw.gov.au/data/dataset/be1c4de4-4517-4bd0-8a09-2965ddfc7179/resource/7bbb6461-e52d-4fe7-ace4-a15c30198de0/download/ev_20251216.csv,2026-09-06 00:51:11.506072+00:00
l_17745d0a4b9922ff7075,r_5d90283224361907bd55,27,AC,22.0,22.0,single,22 kW,data/raw/ev_20251216.csv,https://opendata.transport.nsw.gov.au/data/dataset/be1c4de4-4517-4bd0-8a09-2965ddfc7179/resource/7bbb6461-e52d-4fe7-ace4-a15c30198de0/download/ev_20251216.csv,2026-09-06 00:51:11.506072+00:00
l_7c52df11164453c7033d,r_43396278458ae43f4b46,28,AC,22.0,22.0,single,22 kW,data/raw/ev_20251216.csv,https://opendata.transport.nsw.gov.au/data/dataset/be1c4de4-4517-4bd0-8a09-2965ddfc7179/resource/7bbb6461-e52d-4fe7-ace4-a15c30198de0/download/ev_20251216.csv,2026-09-06 00:51:11.506072+00:00
l_28d42bc0dc0cf17b09cd,r_51d2e19ccbccd5f00a70,29,DC,50.0,50.0,single,50 kW,data/raw/ev_20251216.csv,https://opendata.transport.nsw.gov.au/data/dataset/be1c4de4-4517-4bd0-8a09-2965ddfc7179/resource/7bbb6461-e52d-4fe7-ace4-a15c30198de0/download/ev_20251216.csv,2026-09-06 00:51:11.506072+00:00
l_9360ba9a91fcb7f168b0,r_71af0dd9bf0594f6924e,30,AC,22.0,22.0,single,22 kW,data/raw/ev_20251216.csv,https://opendata.transport.nsw.gov.au/data/dataset/be1c4de4-4517-4bd0-8a09-2965ddfc7179/resource/7bbb6461-e52d-4fe7-ace4-a15c30198de0/download/ev_20251216.csv,2026-09-06 00:51:11.506072+00:00
l_e29fc12a54cfc453bfd2,r_2d77063b6a103ad08a40,31,AC,6.0,6.0,single,6 kW,data/raw/ev_20251216.csv,https://opendata.transport.nsw.gov.au/data/dataset/be1c4de4-4517-4bd0-8a09-2965ddfc7179/resource/7bbb6461-e52d-4fe7-ace4-a15c30198de0/download/ev_20251216.csv,2026-09-06 00:51:11.506072+00:00
l_fa3a8a91759eb135e4e3,r_75d8b618518b7c2da22d,32,AC,22.0,22.0,single,22 kW,data/raw/ev_20251216.csv,https://opendata.transport.nsw.gov.au/data/dataset/be1c4de4-4517-4bd0-8a09-2965ddfc7179/resource/7bbb6461-e52d-4fe7-ace4-a15c30198de0/download/ev_20251216.csv,2026-09-06 00:51:11.506072+00:00
l_9886a6c108b89884f37f,r_8ccad034f9aa120bb3fd,33,AC,22.0,22.0,single,22 kW,data/raw/ev_20251216.csv,https://opendata.transport.nsw.gov.au/data/dataset/be1c4de4-4517-4bd0-8a09-2965ddfc7179/resource/7bbb6461-e52d-4fe7-ace4-a15c30198de0/download/ev_20251216.csv,2026-09-06 00:51:11.506072+00:00
l_3473f054850b1c24a2f6,r_cbd708614b80945410b0,34,AC,6.0,6.0,single,6 kW,data/raw/ev_20251216.csv,https://opendata.transport.nsw.gov.au/data/dataset/be1c4de4-4517-4bd0-8a09-2965ddfc7179/resource/7bbb6461-e52d-4fe7-ace4-a15c30198de0/download/ev_20251216.csv,2026-09-06 00:51:11.506072+00:00
l_60ed8efd2231083aa957,r_b1f72da5d226cc0ab741,35,AC,22.0,22.0,single,22 kW,data/raw/ev_20251216.csv,https://opendata.transport.nsw.gov.au/data/dataset/be1c4de4-4517-4bd0-8a09-2965ddfc7179/resource/7bbb6461-e52d-4fe7-ace4-a15c30198de0/download/ev_20251216.csv,2026-09-06 00:51:11.506072+00:00
l_c9748b10e8ccc7f643e4,r_8acdbed7bd39ff04cee7,36,AC,22.0,22.0,single,22 kW,data/raw/ev_20251216.csv,https://opendata.transport.nsw.gov.au/data/dataset/be1c4de4-4517-4bd0-8a09-2965ddfc7179/resource/7bbb6461-e52d-4fe7-ace4-a15c30198de0/download/ev_20251216.csv,2026-09-06 00:51:11.506072+00:00
l_9deadb2a0afc611a6cea,r_dbdd8f64512e1d892c7a,37,DC,25.0,25.0,single,25 kW,data/raw/ev_20251216.csv,https://opendata.transport.nsw.gov.au/data/dataset/be1c4de4-4517-4bd0-8a09-2965ddfc7179/resource/7bbb6461-e52d-4fe7-ace4-a15c30198de0/download/ev_20251216.csv,2026-09-06 00:51:11.506072+00:00
l_9c55cbf88f358f6734fc,r_15094b4bf9759913e87e,38,DC,75.0,75.0,single,75 kW,data/raw/ev_20251216.csv,https://opendata.transport.nsw.gov.au/data/dataset/be1c4de4-4517-4bd0-8a09-2965ddfc7179/resource/7bbb6461-e52d-4fe7-ace4-a15c30198de0/download/ev_20251216.csv,2026-09-06 00:51:11.506072+00:00
l_142053f2eea015c3fabc,r_171394507607134c0473,39,DC,50.0,50.0,single,50 kW,data/raw/ev_20251216.csv,https://opendata.transport.nsw.gov.au/data/dataset/be1c4de4-4517-4bd0-8a09-2965ddfc7179/resource/7bbb6461-e52d-4fe7-ace4-a15c30198de0/download/ev_20251216.csv,2026-09-06 00:51:11.506072+00:00
l_7bf17954f8891daaae89,r_ac849c5a5d327c2381d0,40,AC,22.0,22.0,single,22 kW,data/raw/ev_20251216.csv,https://opendata.transport.nsw.gov.au/data/dataset/be1c4de4-4517-4bd0-8a09-2965ddfc7179/resource/7bbb6461-e52d-4fe7-ace4-a15c30198de0/download/ev_20251216.csv,2026-09-06 00:51:11.506072+00:00
l_ae80fcf0313b22195db6,r_f4c9a36a990bb56c8c49,41,AC,6.0,6.0,single,6 kW,data/raw/ev_20251216.csv,https://opendata.transport.nsw.gov.au/data/dataset/be1c4de4-4517-4bd0-8a09-2965ddfc7179/resource/7bbb6461-e52d-4fe7-ace4-a15c30198de0/download/ev_20251216.csv,2026-09-06 00:51:11.506072+00:00
l_e64afe042a19dd1c2584,r_71125a4e591f1027ae2c,42,AC,22.0,22.0,single,22 kW,data/raw/ev_20251216.csv,https://opendata.transport.nsw.gov.au/data/dataset/be1c4de4-4517-4bd0-8a09-2965ddfc7179/resource/7bbb6461-e52d-4fe7-ace4-a15c30198de0/download/ev_20251216.csv,2026-09-06 00:51:11.506072+00:00
l_0a3ae272eeb746194f31,r_81a5cd44ab908f0424bc,43,AC,22.0,22.0,single,22 kW,data/raw/ev_20251216.csv,https://opendata.transport.nsw.gov.au/data/dataset/be1c4de4-4517-4bd0-8a09-2965ddfc7179/resource/7bbb6461-e52d-4fe7-ace4-a15c30198de0/download/ev_20251216.csv,2026-09-06 00:51:11.506072+00:00
l_912bdd4f2920dde393e6,r_ea2db6e8c6836047af89,44,AC,6.0,6.0,single,6 kW,data/raw/ev_20251216.csv,https://opendata.transport.nsw.gov.au/data/dataset/be1c4de4-4517-4bd0-8a09-2965ddfc7179/resource/7bbb6461-e52d-4fe7-ace4-a15c30198de0/download/ev_20251216.csv,2026-09-06 00:51:11.506072+00:00
l_dba7a2c6650b77e96ff4,r_0f0b3db3fadd21a858db,45,AC,6.0,6.0,single,6 kW,data/raw/ev_20251216.csv,https://opendata.transport.nsw.gov.au/data/dataset/be1c4de4-4517-4bd0-8a09-2965ddfc7179/resource/7bbb6461-e52d-4fe7-ace4-a15c30198de0/download/ev_20251216.csv,2026-09-06 00:51:11.506072+00:00
l_cbd530536c69c938f555,r_565adf7a394fd07c7f57,46,AC,22.0,22.0,single,22 kW,data/raw/ev_20251216.csv,https://opendata.transport.nsw.gov.au/data/dataset/be1c4de4-4517-4bd0-8a09-2965ddfc7179/resource/7bbb6461-e52d-4fe7-ace4-a15c30198de0/download/ev_20251216.csv,2026-09-06 00:51:11.506072+00:00
l_0dd4d05d4192200419a7,r_fd91eb66b2c2055de2c0,47,AC,22.0,22.0,single,22 kW,data/raw/ev_20251216.csv,https://opendata.transport.nsw.gov.au/data/dataset/be1c4de4-4517-4bd0-8a09-2965ddfc7179/resource/7bbb6461-e52d-4fe7-ace4-a15c30198de0/download/ev_20251216.csv,2026-09-06 00:51:11.506072+00:00
l_38698b6813f24bd5c946,r_cd1b9acda9c3bd155119,48,AC,22.0,22.0,single,22 kW,data/raw/ev_20251216.csv,https://opendata.transport.nsw.gov.au/data/dataset/be1c4de4-4517-4bd0-8a09-2965ddfc7179/resource/7bbb6461-e52d-4fe7-ace4-a15c30198de0/download/ev_20251216.csv,2026-09-06 00:51:11.506072+00:00
l_2d03494da423b2f48b50,r_8feb578e745b21c620cf,49,DC,250.0,250.0,single,250 kW,data/raw/ev_20251216.csv,https://opendata.transport.nsw.gov.au/data/dataset/be1c4de4-4517-4bd0-8a09-2965ddfc7179/resource/7bbb6461-e52d-4fe7-ace4-a15c30198de0/download/ev_20251216.csv,2026-09-06 00:51:11.506072+00:00
l_4ab7a4fccc34def8a113,r_1619062bea9ea46a9cc8,50,AC,22.0,22.0,single,22 kW,data/raw/ev_20251216.csv,https://opendata.transport.nsw.gov.au/data/dataset/be1c4de4-4517-4bd0-8a09-2965ddfc7179/resource/7bbb6461-e52d-4fe7-ace4-a15c30198de0/download/ev_20251216.csv,2026-09-06 00:51:11.506072+00:00
l_a5498827d90b39a68d32,r_f1d34b890f664d7d4f64,51,DC,150.0,150.0,single,150 kW,data/raw/ev_20251216.csv,https://opendata.transport.nsw.gov.au/data/dataset/be1c4de4-4517-4bd0-8a09-2965ddfc7179/resource/7bbb6461-e52d-4fe7-ace4-a15c30198de0/download/ev_20251216.csv,2026-09-06 00:51:11.506072+00:00
l_e3fee88b31e9311b5a60,r_2a2b8aa045e49c7011ad,52,DC,75.0,75.0,single,75 kW,data/raw/ev_20251216.csv,https://opendata.transport.nsw.gov.au/data/dataset/be1c4de4-4517-4bd0-8a09-2965ddfc7179/resource/7bbb6461-e52d-4fe7-ace4-a15c30198de0/download/ev_20251216.csv,2026-09-06 00:51:11.506072+00:00
l_5ab937825f4fa4a5990f,r_347f615229e66f47ed0e,53,AC,22.0,22.0,single,22 kW,data/raw/ev_20251216.csv,https://opendata.transport.nsw.gov.au/data/dataset/be1c4de4-4517-4bd0-8a09-2965ddfc7179/resource/7bbb6461-e52d-4fe7-ace4-a15c30198de0/download/ev_20251216.csv,2026-09-06 00:51:11.506072+00:00
l_fb2922377ac3b4293cd7,r_ce5194128fe245d3e5b2,54,AC,22.0,22.0,single,22 kW,data/raw/ev_20251216.csv,https://opendata.transport.nsw.gov.au/data/dataset/be1c4de4-4517-4bd0-8a09-2965ddfc7179/resource/7bbb6461-e52d-4fe7-ace4-a15c30198de0/download/ev_20251216.csv,2026-09-06 00:51:11.506072+00:00
l_353ee84dcee8651d78a3,r_bfc932a4ee941b75d2cc,55,DC,150.0,150.0,single,150 kW,data/raw/ev_20251216.csv,https://opendata.transport.nsw.gov.au/data/dataset/be1c4de4-4517-4bd0-8a09-2965ddfc7179/resource/7bbb6461-e52d-4fe7-ace4-a15c30198de0/download/ev_20251216.csv,2026-09-06 00:51:11.506072+00:00
l_0ad213a7fad0d40cbb23,r_57388ec1b801d9cb5693,56,AC,22.0,22.0,single,22 kW,data/raw/ev_20251216.csv,https://opendata.transport.nsw.gov.au/data/dataset/be1c4de4-4517-4bd0-8a09-2965ddfc7179/resource/7bbb6461-e52d-4fe7-ace4-a15c30198de0/download/ev_20251216.csv,2026-09-06 00:51:11.506072+00:00
l_bf662340fdda2fa5d468,r_1c9b2e2de04bfaba74ea,57,AC,22.0,22.0,single,22 kW,data/raw/ev_20251216.csv,https://opendata.transport.nsw.gov.au/data/dataset/be1c4de4-4517-4bd0-8a09-2965ddfc7179/resource/7bbb6461-e52d-4fe7-ace4-a15c30198de0/download/ev_20251216.csv,2026-09-06 00:51:11.506072+00:00
l_88ce0949dd84e3fa5637,r_b609ceb41b1365897953,58,AC,22.0,22.0,single,22 kW,data/raw/ev_20251216.csv,https://opendata.transport.nsw.gov.au/data/dataset/be1c4de4-4517-4bd0-8a09-2965ddfc7179/resource/7bbb6461-e52d-4fe7-ace4-a15c30198de0/download/ev_20251216.csv,2026-09-06 00:51:11.506072+00:00
l_ae7a26fc4841ef72173e,r_590a4abe547c207938ad,59,AC,6.0,6.0,single,6 kW,data/raw/ev_20251216.csv,https://opendata.transport.nsw.gov.au/data/dataset/be1c4de4-4517-4bd0-8a09-2965ddfc7179/resource/7bbb6461-e52d-4fe7-ace4-a15c30198de0/download/ev_20251216.csv,2026-09-06 00:51:11.506072+00:00
l_580e495dd13825016a21,r_d44757861c623246ed39,60,AC,22.0,22.0,single,22 kW,data/raw/ev_20251216.csv,https://opendata.transport.nsw.gov.au/data/dataset/be1c4de4-4517-4bd0-8a09-2965ddfc7179/resource/7bbb6461-e52d-4fe7-ace4-a15c30198de0/download/ev_20251216.csv,2026-09-06 00:51:11.506072+00:00
l_9da5faf300fd10acd433,r_f3e5a9b8c8159d9dfea2,61,DC,130.0,130.0,single,130 kW,data/raw/ev_20251216.csv,https://opendata.transport.nsw.gov.au/data/dataset/be1c4de4-4517-4bd0-8a09-2965ddfc7179/resource/7bbb6461-e52d-4fe7-ace4-a15c30198de0/download/ev_20251216.csv,2026-09-06 00:51:11.506072+00:00
l_dfd5014a0e38b86e31ad,r_567ba1f8069646601efe,62,AC,22.0,22.0,single,22 kW,data/raw/ev_20251216.csv,https://opendata.transport.nsw.gov.au/data/dataset/be1c4de4-4517-4bd0-8a09-2965ddfc7179/resource/7bbb6461-e52d-4fe7-ace4-a15c30198de0/download/ev_20251216.csv,2026-09-06 00:51:11.506072+00:00
l_54f78e66fb7452588271,r_4ae113edf66f7265715a,63,AC,6.0,6.0,single,6 kW,data/raw/ev_20251216.csv,https://opendata.transport.nsw.gov.au/data/dataset/be1c4de4-4517-4bd0-8a09-2965ddfc7179/resource/7bbb6461-e52d-4fe7-ace4-a15c30198de0/download/ev_20251216.csv,2026-09-06 00:51:11.506072+00:00
l_6b44255af197e10bb90c,r_f6bce659aeba48fa636a,64,AC,22.0,22.0,single,22 kW,data/raw/ev_20251216.csv,https://opendata.transport.nsw.gov.au/data/dataset/be1c4de4-4517-4bd0-8a09-2965ddfc7179/resource/7bbb6461-e52d-4fe7-ace4-a15c30198de0/download/ev_20251216.csv,2026-09-06 00:51:11.506072+00:00
l_dcd2212e1869ca02750b,r_245fc1547ec7b1604251,65,AC,22.0,22.0,single,22 kW,data/raw/ev_20251216.csv,https://opendata.transport.nsw.gov.au/data/dataset/be1c4de4-4517-4bd0-8a09-2965ddfc7179/resource/7bbb6461-e52d-4fe7-ace4-a15c30198de0/download/ev_20251216.csv,2026-09-06 00:51:11.506072+00:00
l_b86cf6210c05e4d5369b,r_795de0eca0ad7bf21e70,66,AC,22.0,22.0,single,22 kW,data/raw/ev_20251216.csv,https://opendata.transport.nsw.gov.au/data/dataset/be1c4de4-4517-4bd0-8a09-2965ddfc7179/resource/7bbb6461-e52d-4fe7-ace4-a15c30198de0/download/ev_20251216.csv,2026-09-06 00:51:11.506072+00:00
l_e6e907dc082b381e70cd,r_201820816981bf8548da,67,AC,22.0,22.0,single,22 kW,data/raw/ev_20251216.csv,https://opendata.transport.nsw.gov.au/data/dataset/be1c4de4-4517-4bd0-8a09-2965ddfc7179/resource/7bbb6461-e52d-4fe7-ace4-a15c30198de0/download/ev_20251216.csv,2026-09-06 00:51:11.506072+00:00
l_4592803be71c761717d7,r_911c277cb58810b6ac6d,68,DC,150.0,150.0,single,150 kW,data/raw/ev_20251216.csv,https://opendata.transport.nsw.gov.au/data/dataset/be1c4de4-4517-4bd0-8a09-2965ddfc7179/resource/7bbb6461-e52d-4fe7-ace4-a15c30198de0/download/ev_20251216.csv,2026-09-06 00:51:11.506072+00:00
l_6e3d9ca76b87b7e64a7a,r_18eff170ad77e27b68fb,69,DC,75.0,75.0,single,75 kW,data/raw/ev_20251216.csv,https://opendata.transport.nsw.gov.au/data/dataset/be1c4de4-4517-4bd0-8a09-2965ddfc7179/resource/7bbb6461-e52d-4fe7-ace4-a15c30198de0/download/ev_20251216.csv,2026-09-06 00:51:11.506072+00:00
l_75b8ce0254cd2db487a7,r_151749c35377ca17c6b4,70,DC,180.0,180.0,single,180 kW,data/raw/ev_20251216.csv,https://opendata.transport.nsw.gov.au/data/dataset/be1c4de4-4517-4bd0-8a09-2965ddfc7179/resource/7bbb6461-e52d-4fe7-ace4-a15c30198de0/download/ev_20251216.csv,2026-09-06 00:51:11.506072+00:00
l_57090e8917e081d6ef4c,r_428b5a1fad43055ca684,71,DC,25.0,25.0,single,25 kW,data/raw/ev_20251216.csv,https://opendata.transport.nsw.gov.au/data/dataset/be1c4de4-4517-4bd0-8a09-2965ddfc7179/resource/7bbb6461-e52d-4fe7-ace4-a15c30198de0/download/ev_20251216.csv,2026-09-06 00:51:11.506072+00:00
l_517873f34144fe1de2ca,r_4a2737de54d535e195dc,72,AC,22.0,22.0,single,22 kW,data/raw/ev_20251216.csv,https://opendata.transport.nsw.gov.au/data/dataset/be1c4de4-4517-4bd0-8a09-2965ddfc7179/resource/7bbb6461-e52d-4fe7-ace4-a15c30198de0/download/ev_20251216.csv,2026-09-06 00:51:11.506072+00:00
l_7218935a93660be66772,r_00ea90bed5e4064a3b22,73,AC,6.0,6.0,single,6 kW,data/raw/ev_20251216.csv,https://opendata.transport.nsw.gov.au/data/dataset/be1c4de4-4517-4bd0-8a09-2965ddfc7179/resource/7bbb6461-e52d-4fe7-ace4-a15c30198de0/download/ev_20251216.csv,2026-09-06 00:51:11.506072+00:00
l_579ccd1676de5b9150b2,r_fce50f4c59fbd4ceb4b5,74,DC,25.0,25.0,single,25 kW,data/raw/ev_20251216.csv,https://opendata.transport.nsw.gov.au/data/dataset/be1c4de4-4517-4bd0-8a09-2965ddfc7179/resource/7bbb6461-e52d-4fe7-ace4-a15c30198de0/download/ev_20251216.csv,2026-09-06 00:51:11.506072+00:00
l_2952fb031feaa1a454ac,r_6b33b463e03120ff17db,75,AC,14.0,14.0,single,14 kW,data/raw/ev_20251216.csv,https://opendata.transport.nsw.gov.au/data/dataset/be1c4de4-4517-4bd0-8a09-2965ddfc7179/resource/7bbb6461-e52d-4fe7-ace4-a15c30198de0/download/ev_20251216.csv,2026-09-06 00:51:11.506072+00:00
l_da8502e662662bca242d,r_e356ce6eae389c386d97,76,AC,22.0,22.0,single,22 kW,data/raw/ev_20251216.csv,https://opendata.transport.nsw.gov.au/data/dataset/be1c4de4-4517-4bd0-8a09-2965ddfc7179/resource/7bbb6461-e52d-4fe7-ace4-a15c30198de0/download/ev_20251216.csv,2026-09-06 00:51:11.506072+00:00
l_ea39e7f16c83c96344b2,r_043d94e74cc7b0cdb0a0,77,AC,6.0,6.0,single,6 kW,data/raw/ev_20251216.csv,https://opendata.transport.nsw.gov.au/data/dataset/be1c4de4-4517-4bd0-8a09-2965ddfc7179/resource/7bbb6461-e52d-4fe7-ace4-a15c30198de0/download/ev_20251216.csv,2026-09-06 00:51:11.506072+00:00
l_8416f791abd4d41697fe,r_8c4ebd56a9eefd59533d,78,DC,50.0,50.0,single,50 kW,data/raw/ev_20251216.csv,https://opendata.transport.nsw.gov.au/data/dataset/be1c4de4-4517-4bd0-8a09-2965ddfc7179/resource/7bbb6461-e52d-4fe7-ace4-a15c30198de0/download/ev_20251216.csv,2026-09-06 00:51:11.506072+00:00
l_1c4e2f5ceac223078c53,r_6ded9ad48f9cd31ce8a2,79,AC,22.0,22.0,single,22 kW,data/raw/ev_20251216.csv,https://opendata.transport.nsw.gov.au/data/dataset/be1c4de4-4517-4bd0-8a09-2965ddfc7179/resource/7bbb6461-e52d-4fe7-ace4-a15c30198de0/download/ev_20251216.csv,2026-09-06 00:51:11.506072+00:00
l_7415b44303266b820724,r_6330ae3b0353d1384bb3,80,AC,6.0,6.0,single,6 kW,data/raw/ev_20251216.csv,https://opendata.transport.nsw.gov.au/data/dataset/be1c4de4-4517-4bd0-8a09-2965ddfc7179/resource/7bbb6461-e52d-4fe7-ace4-a15c30198de0/download/ev_20251216.csv,2026-09-06 00:51:11.506072+00:00
l_1613ca64d30e734b161f,r_9e3e7a61edf037cd1379,81,DC,75.0,75.0,single,75 kW,data/raw/ev_20251216.csv,https://opendata.transport.nsw.gov.au/data/dataset/be1c4de4-4517-4bd0-8a09-2965ddfc7179/resource/7bbb6461-e52d-4fe7-ace4-a15c30198de0/download/ev_20251216.csv,2026-09-06 00:51:11.506072+00:00
l_e6489d9dbaf2dd98ff3c,r_f25788cd74253c2bc446,82,AC,22.0,22.0,single,22 kW,data/raw/ev_20251216.csv,https://opendata.transport.nsw.gov.au/data/dataset/be1c4de4-4517-4bd0-8a09-2965ddfc7179/resource/7bbb6461-e52d-4fe7-ace4-a15c30198de0/download/ev_20251216.csv,2026-09-06 00:51:11.506072+00:00
l_935e738b914f8dc299ce,r_6d2768a505b51828e7c6,83,AC,22.0,22.0,single,22 kW,data/raw/ev_20251216.csv,https://opendata.transport.nsw.gov.au/data/dataset/be1c4de4-4517-4bd0-8a09-2965ddfc7179/resource/7bbb6461-e52d-4fe7-ace4-a15c30198de0/download/ev_20251216.csv,2026-09-06 00:51:11.506072+00:00
l_e94d5293ac13211156d1,r_dc18cdfcb3d59440fda0,84,AC,19.0,19.0,single,19 kW,data/raw/ev_20251216.csv,https://opendata.transport.nsw.gov.au/data/dataset/be1c4de4-4517-4bd0-8a09-2965ddfc7179/resource/7bbb6461-e52d-4fe7-ace4-a15c30198de0/download/ev_20251216.csv,2026-09-06 00:51:11.506072+00:00
l_c048af57dbf60de22d03,r_60304bb945af92655b3b,85,DC,25.0,25.0,single,25 kW,data/raw/ev_20251216.csv,https://opendata.transport.nsw.gov.au/data/dataset/be1c4de4-4517-4bd0-8a09-2965ddfc7179/resource/7bbb6461-e52d-4fe7-ace4-a15c30198de0/download/ev_20251216.csv,2026-09-06 00:51:11.506072+00:00
l_a31d896a7ea937ef8d69,r_58d1b2d983b58e58c6a1,86,AC,23.0,23.0,single,23 kW,data/raw/ev_20251216.csv,https://opendata.transport.nsw.gov.au/data/dataset/be1c4de4-4517-4bd0-8a09-2965ddfc7179/resource/7bbb6461-e52d-4fe7-ace4-a15c30198de0/download/ev_20251216.csv,2026-09-06 00:51:11.506072+00:00
l_9fb46c4c5dec66343a07,r_84cd5595d4269724e394,87,AC,22.0,22.0,single,22 kW,data/raw/ev_20251216.csv,https://opendata.transport.nsw.gov.au/data/dataset/be1c4de4-4517-4bd0-8a09-2965ddfc7179/resource/7bbb6461-e52d-4fe7-ace4-a15c30198de0/download/ev_20251216.csv,2026-09-06 00:51:11.506072+00:00
l_b2a6b868435fa8184251,r_6aa92e324ab23a2b064d,88,DC,25.0,25.0,single,25 kW,data/raw/ev_20251216.csv,https://opendata.transport.nsw.gov.au/data/dataset/be1c4de4-4517-4bd0-8a09-2965ddfc7179/resource/7bbb6461-e52d-4fe7-ace4-a15c30198de0/download/ev_20251216.csv,2026-09-06 00:51:11.506072+00:00
l_3ff070fbbce13f553c1b,r_9e671729603639a3f5d6,89,DC,25.0,25.0,single,25 kW,data/raw/ev_20251216.csv,https://opendata.transport.nsw.gov.au/data/dataset/be1c4de4-4517-4bd0-8a09-2965ddfc7179/resource/7bbb6461-e52d-4fe7-ace4-a15c30198de0/download/ev_20251216.csv,2026-09-06 00:51:11.506072+00:00
l_4e7531d9aa94cc049b56,r_3b97e87cb2f6fc7244f2,90,AC,6.0,6.0,single,6 kW,data/raw/ev_20251216.csv,https://opendata.transport.nsw.gov.au/data/dataset/be1c4de4-4517-4bd0-8a09-2965ddfc7179/resource/7bbb6461-e52d-4fe7-ace4-a15c30198de0/download/ev_20251216.csv,2026-09-06 00:51:11.506072+00:00
l_c8b65664007d4c551013,r_7cc21b5b1131ff0dcd2a,91,AC,6.0,6.0,single,6 kW,data/raw/ev_20251216.csv,https://opendata.transport.nsw.gov.au/data/dataset/be1c4de4-4517-4bd0-8a09-2965ddfc7179/resource/7bbb6461-e52d-4fe7-ace4-a15c30198de0/download/ev_20251216.csv,2026-09-06 00:51:11.506072+00:00
l_67927e788ff62fe93bfc,r_58fb14556caac31e34f6,92,AC,22.0,22.0,single,22 kW,data/raw/ev_20251216.csv,https://opendata.transport.nsw.gov.au/data/dataset/be1c4de4-4517-4bd0-8a09-2965ddfc7179/resource/7bbb6461-e52d-4fe7-ace4-a15c30198de0/download/ev_20251216.csv,2026-09-06 00:51:11.506072+00:00
l_764fe7ec72c62a349d0f,r_bec8a2cbf12dace78d44,93,DC,25.0,25.0,single,25 kW,data/raw/ev_20251216.csv,https://opendata.transport.nsw.gov.au/data/dataset/be1c4de4-4517-4bd0-8a09-2965ddfc7179/resource/7bbb6461-e52d-4fe7-ace4-a15c30198de0/download/ev_20251216.csv,2026-09-06 00:51:11.506072+00:00
l_1ab49937c29075f7f54f,r_da8e96b64c5cebbf871b,94,AC,19.0,19.0,single,19 kW,data/raw/ev_20251216.csv,https://opendata.transport.nsw.gov.au/data/dataset/be1c4de4-4517-4bd0-8a09-2965ddfc7179/resource/7bbb6461-e52d-4fe7-ace4-a15c30198de0/download/ev_20251216.csv,2026-09-06 00:51:11.506072+00:00
l_090953d6b03cd8865763,r_3abd65dc6badc1f4fec8,95,AC,22.0,22.0,single,22 kW,data/raw/ev_20251216.csv,https://opendata.transport.nsw.gov.au/data/dataset/be1c4de4-4517-4bd0-8a09-2965ddfc7179/resource/7bbb6461-e52d-4fe7-ace4-a15c30198de0/download/ev_20251216.csv,2026-09-06 00:51:11.506072+00:00
l_519de0877082b81f2941,r_3d840b8578a5d3764b15,96,DC,50.0,50.0,single,50 kW,data/raw/ev_20251216.csv,https://opendata.transport.nsw.gov.au/data/dataset/be1c4de4-4517-4bd0-8a09-2965ddfc7179/resource/7bbb6461-e52d-4fe7-ace4-a15c30198de0/download/ev_20251216.csv,2026-09-06 00:51:11.506072+00:00
l_bb30477e51b13990463e,r_93e1758616056a5da1ee,97,AC,6.0,6.0,single,6 kW,data/raw/ev_20251216.csv,https://opendata.transport.nsw.gov.au/data/dataset/be1c4de4-4517-4bd0-8a09-2965ddfc7179/resource/7bbb6461-e52d-4fe7-ace4-a15c30198de0/download/ev_20251216.csv,2026-09-06 00:51:11.506072+00:00
l_453e772e773b18ede435,r_46225b8c74b5ad67d867,98,AC,22.0,22.0,single,22 kW,data/raw/ev_20251216.csv,https://opendata.transport.nsw.gov.au/data/dataset/be1c4de4-4517-4bd0-8a09-2965ddfc7179/resource/7bbb6461-e52d-4fe7-ace4-a15c30198de0/download/ev_20251216.csv,2026-09-06 00:51:11.506072+00:00
l_c72e074c0024f04db9fe,r_7906901f514ad64748be,99,AC,22.0,22.0,single,22 kW,data/raw/ev_20251216.csv,https://opendata.transport.nsw.gov.au/data/dataset/be1c4de4-4517-4bd0-8a09-2965ddfc7179/resource/7bbb6461-e52d-4fe7-ace4-a15c30198de0/download/ev_20251216.csv,2026-09-06 00:51:11.506072+00:00
l_18260143f953bb72e108,r_cf9bb3374baaf5edf7d3,100,DC,150.0,150.0,single,150 kW,data/raw/ev_20251216.csv,https://opendata.transport.nsw.gov.au/data/dataset/be1c4de4-4517-4bd0-8a09-2965ddfc7179/resource/7bbb6461-e52d-4fe7-ace4-a15c30198de0/download/ev_20251216.csv,2026-09-06 00:51:11.506072+00:00
l_9b366990e3581dafad13,r_2f5c1888df34390e6410,101,DC,150.0,150.0,single,150 kW,data/raw/ev_20251216.csv,https://opendata.transport.nsw.gov.au/data/dataset/be1c4de4-4517-4bd0-8a09-2965ddfc7179/resource/7bbb6461-e52d-4fe7-ace4-a15c30198de0/download/ev_20251216.csv,2026-09-06 00:51:11.506072+00:00
l_99ef6870d967d3139757,r_584b11eb4b273acb2749,103,AC,22.0,22.0,single,22 kW,data/raw/ev_20251216.csv,https://opendata.transport.nsw.gov.au/data/dataset/be1c4de4-4517-4bd0-8a09-2965ddfc7179/resource/7bbb6461-e52d-4fe7-ace4-a15c30198de0/download/ev_20251216.csv,2026-09-06 00:51:11.506072+00:00
l_22c2a4f6599fdc9bab94,r_5df939d00d0c5e1d6f09,104,DC,350.0,350.0,single,350 kW,data/raw/ev_20251216.csv,https://opendata.transport.nsw.gov.au/data/dataset/be1c4de4-4517-4bd0-8a09-2965ddfc7179/resource/7bbb6461-e52d-4fe7-ace4-a15c30198de0/download/ev_20251216.csv,2026-09-06 00:51:11.506072+00:00
l_4bf0f16a2ef56b7639c8,r_6e1e574302556ebba401,105,AC,22.0,22.0,single,22 kW,data/raw/ev_20251216.csv,https://opendata.transport.nsw.gov.au/data/dataset/be1c4de4-4517-4bd0-8a09-2965ddfc7179/resource/7bbb6461-e52d-4fe7-ace4-a15c30198de0/download/ev_20251216.csv,2026-09-06 00:51:11.506072+00:00
l_58316eb580fdd1b0cade,r_7f1deb0e507b558b9674,106,AC,22.0,22.0,single,22 kW,data/raw/ev_20251216.csv,https://opendata.transport.nsw.gov.au/data/dataset/be1c4de4-4517-4bd0-8a09-2965ddfc7179/resource/7bbb6461-e52d-4fe7-ace4-a15c30198de0/download/ev_20251216.csv,2026-09-06 00:51:11.506072+00:00
l_831fd863c359f2b5839f,r_d105d69b92bb507fff72,107,AC,6.0,6.0,single,6 kW,data/raw/ev_20251216.csv,https://opendata.transport.nsw.gov.au/data/dataset/be1c4de4-4517-4bd0-8a09-2965ddfc7179/resource/7bbb6461-e52d-4fe7-ace4-a15c30198de0/download/ev_20251216.csv,2026-09-06 00:51:11.506072+00:00
l_b53c8d230a9365dc443d,r_a8a6c8587e8572928056,108,DC,150.0,150.0,single,150 kW,data/raw/ev_20251216.csv,https://opendata.transport.nsw.gov.au/data/dataset/be1c4de4-4517-4bd0-8a09-2965ddfc7179/resource/7bbb6461-e52d-4fe7-ace4-a15c30198de0/download/ev_20251216.csv,2026-09-06 00:51:11.506072+00:00
l_b45e1b0eaa6413d79c5a,r_2c859004e1f6497ac43e,109,DC,150.0,150.0,single,150 kW,data/raw/ev_20251216.csv,https://opendata.transport.nsw.gov.au/data/dataset/be1c4de4-4517-4bd0-8a09-2965ddfc7179/resource/7bbb6461-e52d-4fe7-ace4-a15c30198de0/download/ev_20251216.csv,2026-09-06 00:51:11.506072+00:00
l_f05cbab3aa0833577a5b,r_f7eee1eedb3ae16906ee,110,AC,22.0,22.0,single,22 kW,data/raw/ev_20251216.csv,https://opendata.transport.nsw.gov.au/data/dataset/be1c4de4-4517-4bd0-8a09-2965ddfc7179/resource/7bbb6461-e52d-4fe7-ace4-a15c30198de0/download/ev_20251216.csv,2026-09-06 00:51:11.506072+00:00
l_9943cbc02fc7b64e53c8,r_9852ce6bb0deae98867c,111,DC,150.0,150.0,single,150 kW,data/raw/ev_20251216.csv,https://opendata.transport.nsw.gov.au/data/dataset/be1c4de4-4517-4bd0-8a09-2965ddfc7179/resource/7bbb6461-e52d-4fe7-ace4-a15c30198de0/download/ev_20251216.csv,2026-09-06 00:51:11.506072+00:00
l_422404488cd551e725f5,r_5541914acd549f005847,112,DC,75.0,75.0,single,75 kW,data/raw/ev_20251216.csv,https://opendata.transport.nsw.gov.au/data/dataset/be1c4de4-4517-4bd0-8a09-2965ddfc7179/resource/7bbb6461-e52d-4fe7-ace4-a15c30198de0/download/ev_20251216.csv,2026-09-06 00:51:11.506072+00:00
l_cacfab5d219917efffdc,r_7ee3b5684b46294f7c97,113,AC,22.0,22.0,single,22 kW,data/raw/ev_20251216.csv,https://opendata.transport.nsw.gov.au/data/dataset/be1c4de4-4517-4bd0-8a09-2965ddfc7179/resource/7bbb6461-e52d-4fe7-ace4-a15c30198de0/download/ev_20251216.csv,2026-09-06 00:51:11.506072+00:00
l_3d8bb2856baedc2d9ccc,r_cc779483a11c90d3b6b5,114,AC,22.0,22.0,single,22 kW,data/raw/ev_20251216.csv,https://opendata.transport.nsw.gov.au/data/dataset/be1c4de4-4517-4bd0-8a09-2965ddfc7179/resource/7bbb6461-e52d-4fe7-ace4-a15c30198de0/download/ev_20251216.csv,2026-09-06 00:51:11.506072+00:00
l_d5684975a820cf04d702,r_c6d796e6369c14b72ee8,115,AC,22.0,22.0,single,22 kW,data/raw/ev_20251216.csv,https://opendata.transport.nsw.gov.au/data/dataset/be1c4de4-4517-4bd0-8a09-2965ddfc7179/resource/7bbb6461-e52d-4fe7-ace4-a15c30198de0/download/ev_20251216.csv,2026-09-06 00:51:11.506072+00:00
l_57c4a30c122ea877a3ba,r_b4d5ba9111927d24b9c4,116,AC,6.0,6.0,single,6 kW,data/raw/ev_20251216.csv,https://opendata.transport.nsw.gov.au/data/dataset/be1c4de4-4517-4bd0-8a09-2965ddfc7179/resource/7bbb6461-e52d-4fe7-ace4-a15c30198de0/download/ev_20251216.csv,2026-09-06 00:51:11.506072+00:00
l_cc422a813c32bdf1f656,r_4bd3cd24a5ca02e8f146,117,AC,22.0,22.0,single,22 kW,data/raw/ev_20251216.csv,https://opendata.transport.nsw.gov.au/data/dataset/be1c4de4-4517-4bd0-8a09-2965ddfc7179/resource/7bbb6461-e52d-4fe7-ace4-a15c30198de0/download/ev_20251216.csv,2026-09-06 00:51:11.506072+00:00
l_2ca1f9e427b792780504,r_8131a28ab2469d99df4c,118,AC,6.0,6.0,single,6 kW,data/raw/ev_20251216.csv,https://opendata.transport.nsw.gov.au/data/dataset/be1c4de4-4517-4bd0-8a09-2965ddfc7179/resource/7bbb6461-e52d-4fe7-ace4-a15c30198de0/download/ev_20251216.csv,2026-09-06 00:51:11.506072+00:00
l_a824dbefdb5a072f5da3,r_2241fb73ce595cf8dc98,119,DC,60.0,60.0,single,60 kW,data/raw/ev_20251216.csv,https://opendata.transport.nsw.gov.au/data/dataset/be1c4de4-4517-4bd0-8a09-2965ddfc7179/resource/7bbb6461-e52d-4fe7-ace4-a15c30198de0/download/ev_20251216.csv,2026-09-06 00:51:11.506072+00:00
l_fc8e355dcc6bc8d7faf2,r_15318cc7304359a2e0d7,121,AC,14.0,14.0,single,14 kW,data/raw/ev_20251216.csv,https://opendata.transport.nsw.gov.au/data/dataset/be1c4de4-4517-4bd0-8a09-2965ddfc7179/resource/7bbb6461-e52d-4fe7-ace4-a15c30198de0/download/ev_20251216.csv,2026-09-06 00:51:11.506072+00:00
l_3ecc3cf634a771b2dcac,r_20c9625e7299e87c03a0,122,AC,22.0,22.0,single,22 kW,data/raw/ev_20251216.csv,https://opendata.transport.nsw.gov.au/data/dataset/be1c4de4-4517-4bd0-8a09-2965ddfc7179/resource/7bbb6461-e52d-4fe7-ace4-a15c30198de0/download/ev_20251216.csv,2026-09-06 00:51:11.506072+00:00
l_519c10c9adb3e0c2648f,r_ba2249957c95a7e12831,123,AC,22.0,22.0,single,22 kW,data/raw/ev_20251216.csv,https://opendata.transport.nsw.gov.au/data/dataset/be1c4de4-4517-4bd0-8a09-2965ddfc7179/resource/7bbb6461-e52d-4fe7-ace4-a15c30198de0/download/ev_20251216.csv,2026-09-06 00:51:11.506072+00:00
l_b6bbbd88f2c381b6659d,r_145bc9747712c06ac98d,124,AC,20.0,20.0,single,20 kW,data/raw/ev_20251216.csv,https://opendata.transport.nsw.gov.au/data/dataset/be1c4de4-4517-4bd0-8a09-2965ddfc7179/resource/7bbb6461-e52d-4fe7-ace4-a15c30198de0/download/ev_20251216.csv,2026-09-06 00:51:11.506072+00:00
l_7a1f17cea4f6ed6bd924,r_1f1f9e6bf0c6bfc96442,125,DC,24.0,24.0,single,24 kW,data/raw/ev_20251216.csv,https://opendata.transport.nsw.gov.au/data/dataset/be1c4de4-4517-4bd0-8a09-2965ddfc7179/resource/7bbb6461-e52d-4fe7-ace4-a15c30198de0/download/ev_20251216.csv,2026-09-06 00:51:11.506072+00:00
l_387350027afa4774863d,r_0b157811df13adcece39,126,DC,47.0,47.0,single,47 kW,data/raw/ev_20251216.csv,https://opendata.transport.nsw.gov.au/data/dataset/be1c4de4-4517-4bd0-8a09-2965ddfc7179/resource/7bbb6461-e52d-4fe7-ace4-a15c30198de0/download/ev_20251216.csv,2026-09-06 00:51:11.506072+00:00
l_2b4af329e0490a5c5619,r_c5e991837692908df9ee,127,AC,22.0,22.0,single,22 kW,data/raw/ev_20251216.csv,https://opendata.transport.nsw.gov.au/data/dataset/be1c4de4-4517-4bd0-8a09-2965ddfc7179/resource/7bbb6461-e52d-4fe7-ace4-a15c30198de0/download/ev_20251216.csv,2026-09-06 00:51:11.506072+00:00
l_809b713e1b45a72ecb11,r_4d8fb17f73718e5d960b,128,DC,75.0,75.0,single,75 kW,data/raw/ev_20251216.csv,https://opendata.transport.nsw.gov.au/data/dataset/be1c4de4-4517-4bd0-8a09-2965ddfc7179/resource/7bbb6461-e52d-4fe7-ace4-a15c30198de0/download/ev_20251216.csv,2026-09-06 00:51:11.506072+00:00
l_59c56f94d3ce0078ac2d,r_9ff54b19884efb29c230,129,DC,50.0,50.0,single,50 kW,data/raw/ev_20251216.csv,https://opendata.transport.nsw.gov.au/data/dataset/be1c4de4-4517-4bd0-8a09-2965ddfc7179/resource/7bbb6461-e52d-4fe7-ace4-a15c30198de0/download/ev_20251216.csv,2026-09-06 00:51:11.506072+00:00
l_3f0ea6831ba9ec4982dc,r_b96b55635142fb273d78,130,AC,22.0,22.0,single,22 kW,data/raw/ev_20251216.csv,https://opendata.transport.nsw.gov.au/data/dataset/be1c4de4-4517-4bd0-8a09-2965ddfc7179/resource/7bbb6461-e52d-4fe7-ace4-a15c30198de0/download/ev_20251216.csv,2026-09-06 00:51:11.506072+00:00
l_0f71a1c75516d778dc71,r_7ad86d04302d88aad217,131,AC,22.0,22.0,single,22 kW,data/raw/ev_20251216.csv,https://opendata.transport.nsw.gov.au/data/dataset/be1c4de4-4517-4bd0-8a09-2965ddfc7179/resource/7bbb6461-e52d-4fe7-ace4-a15c30198de0/download/ev_20251216.csv,2026-09-06 00:51:11.506072+00:00
l_5365bb54fea7ed4aee9b,r_5986626b1b5ace1ed041,132,AC,22.0,22.0,single,22 kW,data/raw/ev_20251216.csv,https://opendata.transport.nsw.gov.au/data/dataset/be1c4de4-4517-4bd0-8a09-2965ddfc7179/resource/7bbb6461-e52d-4fe7-ace4-a15c30198de0/download/ev_20251216.csv,2026-09-06 00:51:11.506072+00:00
l_5f94fa468a07be960841,r_daa4ec04955c3ab12ab3,133,AC,22.0,22.0,single,22 kW,data/raw/ev_20251216.csv,https://opendata.transport.nsw.gov.au/data/dataset/be1c4de4-4517-4bd0-8a09-2965ddfc7179/resource/7bbb6461-e52d-4fe7-ace4-a15c30198de0/download/ev_20251216.csv,2026-09-06 00:51:11.506072+00:00
l_be878d622df168a97099,r_aa28ce21a2e29184f1f3,134,AC,6.0,6.0,single,6 kW,data/raw/ev_20251216.csv,https://opendata.transport.nsw.gov.au/data/dataset/be1c4de4-4517-4bd0-8a09-2965ddfc7179/resource/7bbb6461-e52d-4fe7-ace4-a15c30198de0/download/ev_20251216.csv,2026-09-06 00:51:11.506072+00:00
l_eead85d23984e6a813de,r_849fcd1035ac5afd4def,135,DC,350.0,350.0,single,350 kW,data/raw/ev_20251216.csv,https://opendata.transport.nsw.gov.au/data/dataset/be1c4de4-4517-4bd0-8a09-2965ddfc7179/resource/7bbb6461-e52d-4fe7-ace4-a15c30198de0/download/ev_20251216.csv,2026-09-06 00:51:11.506072+00:00
l_ee83f7ed323491c704af,r_0616453f2aedcfff7486,136,AC,22.0,22.0,single,22 kW,data/raw/ev_20251216.csv,https://opendata.transport.nsw.gov.au/data/dataset/be1c4de4-4517-4bd0-8a09-2965ddfc7179/resource/7bbb6461-e52d-4fe7-ace4-a15c30198de0/download/ev_20251216.csv,2026-09-06 00:51:11.506072+00:00
l_26ea833cea6288c1737a,r_95ea7510333afe8584d8,137,DC,50.0,50.0,single,50 kW,data/raw/ev_20251216.csv,https://opendata.transport.nsw.gov.au/data/dataset/be1c4de4-4517-4bd0-8a09-2965ddfc7179/resource/7bbb6461-e52d-4fe7-ace4-a15c30198de0/download/ev_20251216.csv,2026-09-06 00:51:11.506072+00:00
l_23a134d624929bfd15b1,r_2aa223558e07057e448b,138,DC,50.0,50.0,single,50 kW,data/raw/ev_20251216.csv,https://opendata.transport.nsw.gov.au/data/dataset/be1c4de4-4517-4bd0-8a09-2965ddfc7179/resource/7bbb6461-e52d-4fe7-ace4-a15c30198de0/download/ev_20251216.csv,2026-09-06 00:51:11.506072+00:00
l_03e6f427da6ee3830ad9,r_5d035819a4af0160268d,139,DC,25.0,25.0,single,25 kW,data/raw/ev_20251216.csv,https://opendata.transport.nsw.gov.au/data/dataset/be1c4de4-4517-4bd0-8a09-2965ddfc7179/resource/7bbb6461-e52d-4fe7-ace4-a15c30198de0/download/ev_20251216.csv,2026-09-06 00:51:11.506072+00:00
l_b5b017ad4ec5f9b28af9,r_335b53caf4d33ebb70e1,140,AC,22.0,22.0,single,22 kW,data/raw/ev_20251216.csv,https://opendata.transport.nsw.gov.au/data/dataset/be1c4de4-4517-4bd0-8a09-2965ddfc7179/resource/7bbb6461-e52d-4fe7-ace4-a15c30198de0/download/ev_20251216.csv,2026-09-06 00:51:11.506072+00:00
l_35a5423726a82ebf036a,r_1a3fa82b195dd23fc981,141,DC,150.0,150.0,single,150 kW,data/raw/ev_20251216.csv,https://opendata.transport.nsw.gov.au/data/dataset/be1c4de4-4517-4bd0-8a09-2965ddfc7179/resource/7bbb6461-e52d-4fe7-ace4-a15c30198de0/download/ev_20251216.csv,2026-09-06 00:51:11.506072+00:00
l_28d02cdb22393c3210e9,r_ceed516398418008fad1,142,DC,180.0,180.0,single,180 kW,data/raw/ev_20251216.csv,https://opendata.transport.nsw.gov.au/data/dataset/be1c4de4-4517-4bd0-8a09-2965ddfc7179/resource/7bbb6461-e52d-4fe7-ace4-a15c30198de0/download/ev_20251216.csv,2026-09-06 00:51:11.506072+00:00
l_97d4a48e0cdd6fe1209f,r_defefadfbaf549daf34e,143,DC,50.0,50.0,single,50 kW,data/raw/ev_20251216.csv,https://opendata.transport.nsw.gov.au/data/dataset/be1c4de4-4517-4bd0-8a09-2965ddfc7179/resource/7bbb6461-e52d-4fe7-ace4-a15c30198de0/download/ev_20251216.csv,2026-09-06 00:51:11.506072+00:00
l_3c37d0f8a1545758e42f,r_36321de4ad8b53453ea5,144,AC,14.0,14.0,single,14 kW,data/raw/ev_20251216.csv,https://opendata.transport.nsw.gov.au/data/dataset/be1c4de4-4517-4bd0-8a09-2965ddfc7179/resource/7bbb6461-e52d-4fe7-ace4-a15c30198de0/download/ev_20251216.csv,2026-09-06 00:51:11.506072+00:00
l_59b85a2e83ea9e0cc943,r_6c5b3c674fcb615908d6,145,DC,75.0,75.0,single,75 kW,data/raw/ev_20251216.csv,https://opendata.transport.nsw.gov.au/data/dataset/be1c4de4-4517-4bd0-8a09-2965ddfc7179/resource/7bbb6461-e52d-4fe7-ace4-a15c30198de0/download/ev_20251216.csv,2026-09-06 00:51:11.506072+00:00
l_90d50a57aa940c4b23e6,r_05b3ba423443ce0633b3,146,AC,22.0,22.0,single,22 kW,data/raw/ev_20251216.csv,https://opendata.transport.nsw.gov.au/data/dataset/be1c4de4-4517-4bd0-8a09-2965ddfc7179/resource/7bbb6461-e52d-4fe7-ace4-a15c30198de0/download/ev_20251216.csv,2026-09-06 00:51:11.506072+00:00
l_c9f56e7dd98904ecb50f,r_04bd8154143a5194dace,147,AC,22.0,22.0,single,22 kW,data/raw/ev_20251216.csv,https://opendata.transport.nsw.gov.au/data/dataset/be1c4de4-4517-4bd0-8a09-2965ddfc7179/resource/7bbb6461-e52d-4fe7-ace4-a15c30198de0/download/ev_20251216.csv,2026-09-06 00:51:11.506072+00:00
l_765b78f16ef812505912,r_ce2532555be14c87fdc8,148,AC,6.0,6.0,single,6 kW,data/raw/ev_20251216.csv,https://opendata.transport.nsw.gov.au/data/dataset/be1c4de4-4517-4bd0-8a09-2965ddfc7179/resource/7bbb6461-e52d-4fe7-ace4-a15c30198de0/download/ev_20251216.csv,2026-09-06 00:51:11.506072+00:00
l_1d266f70aa0f4f483434,r_6a6675cfe5d97d8d1bf8,149,AC,22.0,22.0,single,22 kW,data/raw/ev_20251216.csv,https://opendata.transport.nsw.gov.au/data/dataset/be1c4de4-4517-4bd0-8a09-2965ddfc7179/resource/7bbb6461-e52d-4fe7-ace4-a15c30198de0/download/ev_20251216.csv,2026-09-06 00:51:11.506072+00:00
l_8fed35c0116b83888052,r_79bf98726637d5771323,150,AC,22.0,22.0,single,22 kW,data/raw/ev_20251216.csv,https://opendata.transport.nsw.gov.au/data/dataset/be1c4de4-4517-4bd0-8a09-2965ddfc7179/resource/7bbb6461-e52d-4fe7-ace4-a15c30198de0/download/ev_20251216.csv,2026-09-06 00:51:11.506072+00:00
l_c000c7e22f28961fcf83,r_c29fb80cc8d306522982,151,AC,22.0,22.0,single,22 kW,data/raw/ev_20251216.csv,https://opendata.transport.nsw.gov.au/data/dataset/be1c4de4-4517-4bd0-8a09-2965ddfc7179/resource/7bbb6461-e52d-4fe7-ace4-a15c30198de0/download/ev_20251216.csv,2026-09-06 00:51:11.506072+00:00
l_67819e1b2bc20caf233a,r_6092f68792a250571b47,152,DC,25.0,25.0,single,25 kW,data/raw/ev_20251216.csv,https://opendata.transport.nsw.gov.au/data/dataset/be1c4de4-4517-4bd0-8a09-2965ddfc7179/resource/7bbb6461-e52d-4fe7-ace4-a15c30198de0/download/ev_20251216.csv,2026-09-06 00:51:11.506072+00:00
l_be923bd2432a5489b1d6,r_f285b30a1161eabd1bf8,153,AC,22.0,22.0,single,22 kW,data/raw/ev_20251216.csv,https://opendata.transport.nsw.gov.au/data/dataset/be1c4de4-4517-4bd0-8a09-2965ddfc7179/resource/7bbb6461-e52d-4fe7-ace4-a15c30198de0/download/ev_20251216.csv,2026-09-06 00:51:11.506072+00:00
l_fea0baedd8cd3f5212ff,r_1062809223f4cd84e99c,155,DC,120.0,120.0,single,120 kW,data/raw/ev_20251216.csv,https://opendata.transport.nsw.gov.au/data/dataset/be1c4de4-4517-4bd0-8a09-2965ddfc7179/resource/7bbb6461-e52d-4fe7-ace4-a15c30198de0/download/ev_20251216.csv,2026-09-06 00:51:11.506072+00:00
l_78278d9cbcaa8a3ed72a,r_2e8da4f730ab0f104f96,156,DC,50.0,50.0,single,50 kW,data/raw/ev_20251216.csv,https://opendata.transport.nsw.gov.au/data/dataset/be1c4de4-4517-4bd0-8a09-2965ddfc7179/resource/7bbb6461-e52d-4fe7-ace4-a15c30198de0/download/ev_20251216.csv,2026-09-06 00:51:11.506072+00:00
l_fdd11429b00958ad0bd7,r_28ecfb0ebe358ad4c618,157,DC,25.0,25.0,single,25 kW,data/raw/ev_20251216.csv,https://opendata.transport.nsw.gov.au/data/dataset/be1c4de4-4517-4bd0-8a09-2965ddfc7179/resource/7bbb6461-e52d-4fe7-ace4-a15c30198de0/download/ev_20251216.csv,2026-09-06 00:51:11.506072+00:00
l_34d4f73a8f6742baf37b,r_5d7e24a8779fee8be5ce,158,DC,120.0,120.0,single,120 kW,data/raw/ev_20251216.csv,https://opendata.transport.nsw.gov.au/data/dataset/be1c4de4-4517-4bd0-8a09-2965ddfc7179/resource/7bbb6461-e52d-4fe7-ace4-a15c30198de0/download/ev_20251216.csv,2026-09-06 00:51:11.506072+00:00
l_1e990a5df067058d50c3,r_51d62cd0c22200682037,159,AC,22.0,22.0,single,22 kW,data/raw/ev_20251216.csv,https://opendata.transport.nsw.gov.au/data/dataset/be1c4de4-4517-4bd0-8a09-2965ddfc7179/resource/7bbb6461-e52d-4fe7-ace4-a15c30198de0/download/ev_20251216.csv,2026-09-06 00:51:11.506072+00:00
l_a65f170c4dbb3b5c1198,r_89ab1dc3be5c1d464b3c,160,AC,6.0,6.0,single,6 kW,data/raw/ev_20251216.csv,https://opendata.transport.nsw.gov.au/data/dataset/be1c4de4-4517-4bd0-8a09-2965ddfc7179/resource/7bbb6461-e52d-4fe7-ace4-a15c30198de0/download/ev_20251216.csv,2026-09-06 00:51:11.506072+00:00
l_e0d2ea0aa5af56af0780,r_b03219b786c8d09af8ad,161,AC,6.0,6.0,single,6 kW,data/raw/ev_20251216.csv,https://opendata.transport.nsw.gov.au/data/dataset/be1c4de4-4517-4bd0-8a09-2965ddfc7179/resource/7bbb6461-e52d-4fe7-ace4-a15c30198de0/download/ev_20251216.csv,2026-09-06 00:51:11.506072+00:00
l_328f135ba7c79f2c1380,r_18609055ac416ce48328,162,AC,22.0,22.0,single,22 kW,data/raw/ev_20251216.csv,https://opendata.transport.nsw.gov.au/data/dataset/be1c4de4-4517-4bd0-8a09-2965ddfc7179/resource/7bbb6461-e52d-4fe7-ace4-a15c30198de0/download/ev_20251216.csv,2026-09-06 00:51:11.506072+00:00
l_f5fe2d3c58e16d323833,r_7d445abf1984b50226c0,163,AC,6.0,6.0,single,6 kW,data/raw/ev_20251216.csv,https://opendata.transport.nsw.gov.au/data/dataset/be1c4de4-4517-4bd0-8a09-2965ddfc7179/resource/7bbb6461-e52d-4fe7-ace4-a15c30198de0/download/ev_20251216.csv,2026-09-06 00:51:11.506072+00:00
l_3b5ac62a755879867edd,r_f7a90968936602fa8d6f,164,AC,22.0,22.0,single,22 kW,data/raw/ev_20251216.csv,https://opendata.transport.nsw.gov.au/data/dataset/be1c4de4-4517-4bd0-8a09-2965ddfc7179/resource/7bbb6461-e52d-4fe7-ace4-a15c30198de0/download/ev_20251216.csv,2026-09-06 00:51:11.506072+00:00
l_df40d7d3573e28383e78,r_4a9eca68d706a6a267c9,165,AC,22.0,22.0,single,22 kW,data/raw/ev_20251216.csv,https://opendata.transport.nsw.gov.au/data/dataset/be1c4de4-4517-4bd0-8a09-2965ddfc7179/resource/7bbb6461-e52d-4fe7-ace4-a15c30198de0/download/ev_20251216.csv,2026-09-06 00:51:11.506072+00:00
l_79deb45d9aac4616b770,r_bcda4c0f7bbc477c160d,166,AC,22.0,22.0,single,22 kW,data/raw/ev_20251216.csv,https://opendata.transport.nsw.gov.au/data/dataset/be1c4de4-4517-4bd0-8a09-2965ddfc7179/resource/7bbb6461-e52d-4fe7-ace4-a15c30198de0/download/ev_20251216.csv,2026-09-06 00:51:11.506072+00:00
l_02d5a850159ea7482470,r_719c4566b4bebf380519,167,AC,14.0,14.0,single,14 kW,data/raw/ev_20251216.csv,https://opendata.transport.nsw.gov.au/data/dataset/be1c4de4-4517-4bd0-8a09-2965ddfc7179/resource/7bbb6461-e52d-4fe7-ace4-a15c30198de0/download/ev_20251216.csv,2026-09-06 00:51:11.506072+00:00
l_97d544f4c0f280a6d782,r_5bf3b098f8bd097c960c,168,DC,50.0,50.0,single,50 kW,data/raw/ev_20251216.csv,https://opendata.transport.nsw.gov.au/data/dataset/be1c4de4-4517-4bd0-8a09-2965ddfc7179/resource/7bbb6461-e52d-4fe7-ace4-a15c30198de0/download/ev_20251216.csv,2026-09-06 00:51:11.506072+00:00
l_e0b835b8452e2e400df7,r_f840cbfc5eac098f0c0a,169,AC,22.0,22.0,single,22 kW,data/raw/ev_20251216.csv,https://opendata.transport.nsw.gov.au/data/dataset/be1c4de4-4517-4bd0-8a09-2965ddfc7179/resource/7bbb6461-e52d-4fe7-ace4-a15c30198de0/download/ev_20251216.csv,2026-09-06 00:51:11.506072+00:00
l_49875a92ee855707f408,r_40a806c831ed11cbdfec,170,AC,6.0,6.0,single,6 kW,data/raw/ev_20251216.csv,https://opendata.transport.nsw.gov.au/data/dataset/be1c4de4-4517-4bd0-8a09-2965ddfc7179/resource/7bbb6461-e52d-4fe7-ace4-a15c30198de0/download/ev_20251216.csv,2026-09-06 00:51:11.506072+00:00
l_d0a9404546055cfa1362,r_f789bbd5dfbed0506f53,171,AC,22.0,22.0,single,22 kW,data/raw/ev_20251216.csv,https://opendata.transport.nsw.gov.au/data/dataset/be1c4de4-4517-4bd0-8a09-2965ddfc7179/resource/7bbb6461-e52d-4fe7-ace4-a15c30198de0/download/ev_20251216.csv,2026-09-06 00:51:11.506072+00:00
l_7e80a277fc27451959f7,r_681c43722a7f3a3851c3,172,DC,250.0,250.0,single,250 kW,data/raw/ev_20251216.csv,https://opendata.transport.nsw.gov.au/data/dataset/be1c4de4-4517-4bd0-8a09-2965ddfc7179/resource/7bbb6461-e52d-4fe7-ace4-a15c30198de0/download/ev_20251216.csv,2026-09-06 00:51:11.506072+00:00
l_0747b9d7a35ae1167fc4,r_7087a4002303fee37697,173,AC,22.0,22.0,single,22 kW,data/raw/ev_20251216.csv,https://opendata.transport.nsw.gov.au/data/dataset/be1c4de4-4517-4bd0-8a09-2965ddfc7179/resource/7bbb6461-e52d-4fe7-ace4-a15c30198de0/download/ev_20251216.csv,2026-09-06 00:51:11.506072+00:00
l_e26d72d69dc9216a5948,r_4eca6dd291ffec4504fd,174,AC,22.0,22.0,single,22 kW,data/raw/ev_20251216.csv,https://opendata.transport.nsw.gov.au/data/dataset/be1c4de4-4517-4bd0-8a09-2965ddfc7179/resource/7bbb6461-e52d-4fe7-ace4-a15c30198de0/download/ev_20251216.csv,2026-09-06 00:51:11.506072+00:00
l_f54919222f5e4e1a0995,r_4efecaac95928d0a2d9b,175,AC,22.0,22.0,single,22 kW,data/raw/ev_20251216.csv,https://opendata.transport.nsw.gov.au/data/dataset/be1c4de4-4517-4bd0-8a09-2965ddfc7179/resource/7bbb6461-e52d-4fe7-ace4-a15c30198de0/download/ev_20251216.csv,2026-09-06 00:51:11.506072+00:00
l_926d39efdf251af0d11d,r_0146123b61c8aefb85d1,176,DC,25.0,25.0,single,25 kW,data/raw/ev_20251216.csv,https://opendata.transport.nsw.gov.au/data/dataset/be1c4de4-4517-4bd0-8a09-2965ddfc7179/resource/7bbb6461-e52d-4fe7-ace4-a15c30198de0/download/ev_20251216.csv,2026-09-06 00:51:11.506072+00:00
l_b7edf3f5fec503e10642,r_97ab24c769daee414129,177,DC,25.0,25.0,single,25 kW,data/raw/ev_20251216.csv,https://opendata.transport.nsw.gov.au/data/dataset/be1c4de4-4517-4bd0-8a09-2965ddfc7179/resource/7bbb6461-e52d-4fe7-ace4-a15c30198de0/download/ev_20251216.csv,2026-09-06 00:51:11.506072+00:00
l_d18a4b9fed86f1fa0e71,r_4b4a5a7cfb36397a029b,178,AC,22.0,22.0,single,22 kW,data/raw/ev_20251216.csv,https://opendata.transport.nsw.gov.au/data/dataset/be1c4de4-4517-4bd0-8a09-2965ddfc7179/resource/7bbb6461-e52d-4fe7-ace4-a15c30198de0/download/ev_20251216.csv,2026-09-06 00:51:11.506072+00:00
l_aad008d4027b51391968,r_8b9806a6221039d3e316,179,DC,75.0,75.0,single,75 kW,data/raw/ev_20251216.csv,https://opendata.transport.nsw.gov.au/data/dataset/be1c4de4-4517-4bd0-8a09-2965ddfc7179/resource/7bbb6461-e52d-4fe7-ace4-a15c30198de0/download/ev_20251216.csv,2026-09-06 00:51:11.506072+00:00
l_097d9ade7cd34f3f3017,r_e1b1cb00046a51572910,180,AC,22.0,22.0,single,22 kW,data/raw/ev_20251216.csv,https://opendata.transport.nsw.gov.au/data/dataset/be1c4de4-4517-4bd0-8a09-2965ddfc7179/resource/7bbb6461-e52d-4fe7-ace4-a15c30198de0/download/ev_20251216.csv,2026-09-06 00:51:11.506072+00:00
l_a42a882d90dba5b5bab2,r_f52c4475d66d2f9baa40,181,DC,50.0,50.0,single,50 kW,data/raw/ev_20251216.csv,https://opendata.transport.nsw.gov.au/data/dataset/be1c4de4-4517-4bd0-8a09-2965ddfc7179/resource/7bbb6461-e52d-4fe7-ace4-a15c30198de0/download/ev_20251216.csv,2026-09-06 00:51:11.506072+00:00
l_e3d0df1ceeee9bbdfae6,r_060121f325f92208112d,182,DC,150.0,150.0,single,150 kW,data/raw/ev_20251216.csv,https://opendata.transport.nsw.gov.au/data/dataset/be1c4de4-4517-4bd0-8a09-2965ddfc7179/resource/7bbb6461-e52d-4fe7-ace4-a15c30198de0/download/ev_20251216.csv,2026-09-06 00:51:11.506072+00:00
l_e8012f15349aedbffc41,r_461b43e0219a2af8a4a3,183,DC,25.0,25.0,single,25 kW,data/raw/ev_20251216.csv,https://opendata.transport.nsw.gov.au/data/dataset/be1c4de4-4517-4bd0-8a09-2965ddfc7179/resource/7bbb6461-e52d-4fe7-ace4-a15c30198de0/download/ev_20251216.csv,2026-09-06 00:51:11.506072+00:00
l_730d62eb1fcb6aef0f84,r_5415fbecdcf09806a5ec,184,AC,22.0,22.0,single,22 kW,data/raw/ev_20251216.csv,https://opendata.transport.nsw.gov.au/data/dataset/be1c4de4-4517-4bd0-8a09-2965ddfc7179/resource/7bbb6461-e52d-4fe7-ace4-a15c30198de0/download/ev_20251216.csv,2026-09-06 00:51:11.506072+00:00
l_ad79c0734212cd4f3527,r_ea1b8f461353c9bd7f48,185,AC,22.0,22.0,single,22 kW,data/raw/ev_20251216.csv,https://opendata.transport.nsw.gov.au/data/dataset/be1c4de4-4517-4bd0-8a09-2965ddfc7179/resource/7bbb6461-e52d-4fe7-ace4-a15c30198de0/download/ev_20251216.csv,2026-09-06 00:51:11.506072+00:00
l_a6e9da40020787f23688,r_f656773cf68b34a96aef,186,AC,22.0,22.0,single,22 kW,data/raw/ev_20251216.csv,https://opendata.transport.nsw.gov.au/data/dataset/be1c4de4-4517-4bd0-8a09-2965ddfc7179/resource/7bbb6461-e52d-4fe7-ace4-a15c30198de0/download/ev_20251216.csv,2026-09-06 00:51:11.506072+00:00
l_219bd7f340e578206915,r_fc46c68353536712d27b,187,DC,50.0,50.0,single,50 kW,data/raw/ev_20251216.csv,https://opendata.transport.nsw.gov.au/data/dataset/be1c4de4-4517-4bd0-8a09-2965ddfc7179/resource/7bbb6461-e52d-4fe7-ace4-a15c30198de0/download/ev_20251216.csv,2026-09-06 00:51:11.506072+00:00
l_0c3f30201da35fb730e7,r_819a23bc45c3d42e7350,188,DC,125.0,125.0,single,125 kW,data/raw/ev_20251216.csv,https://opendata.transport.nsw.gov.au/data/dataset/be1c4de4-4517-4bd0-8a09-2965ddfc7179/resource/7bbb6461-e52d-4fe7-ace4-a15c30198de0/download/ev_20251216.csv,2026-09-06 00:51:11.506072+00:00
l_8f8e062a0f3bf158904b,r_a6a3dd931342f74f5fcd,189,AC,8.0,8.0,single,8 kW,data/raw/ev_20251216.csv,https://opendata.transport.nsw.gov.au/data/dataset/be1c4de4-4517-4bd0-8a09-2965ddfc7179/resource/7bbb6461-e52d-4fe7-ace4-a15c30198de0/download/ev_20251216.csv,2026-09-06 00:51:11.506072+00:00
l_f73e4eaeafcf516c7c74,r_7758c98cc0a6eae3e37c,190,AC,22.0,22.0,single,22 kW,data/raw/ev_20251216.csv,https://opendata.transport.nsw.gov.au/data/dataset/be1c4de4-4517-4bd0-8a09-2965ddfc7179/resource/7bbb6461-e52d-4fe7-ace4-a15c30198de0/download/ev_20251216.csv,2026-09-06 00:51:11.506072+00:00
l_dcf99edbf44851e6ed4a,r_73e7715d8c4c8d2c1503,191,AC,22.0,22.0,single,22 kW,data/raw/ev_20251216.csv,https://opendata.transport.nsw.gov.au/data/dataset/be1c4de4-4517-4bd0-8a09-2965ddfc7179/resource/7bbb6461-e52d-4fe7-ace4-a15c30198de0/download/ev_20251216.csv,2026-09-06 00:51:11.506072+00:00
l_a24a517b2cb379e31da0,r_5746564bd518e7a1521d,192,DC,80.0,80.0,single,80 kW,data/raw/ev_20251216.csv,https://opendata.transport.nsw.gov.au/data/dataset/be1c4de4-4517-4bd0-8a09-2965ddfc7179/resource/7bbb6461-e52d-4fe7-ace4-a15c30198de0/download/ev_20251216.csv,2026-09-06 00:51:11.506072+00:00
l_9e4c2f3014a4770c851c,r_0b68495c521f1c393ec8,193,DC,75.0,75.0,single,75 kW,data/raw/ev_20251216.csv,https://opendata.transport.nsw.gov.au/data/dataset/be1c4de4-4517-4bd0-8a09-2965ddfc7179/resource/7bbb6461-e52d-4fe7-ace4-a15c30198de0/download/ev_20251216.csv,2026-09-06 00:51:11.506072+00:00
l_c45a8e642136acb713f1,r_b7b71536d24d27dbbf44,194,DC,75.0,75.0,single,75 kW,data/raw/ev_20251216.csv,https://opendata.transport.nsw.gov.au/data/dataset/be1c4de4-4517-4bd0-8a09-2965ddfc7179/resource/7bbb6461-e52d-4fe7-ace4-a15c30198de0/download/ev_20251216.csv,2026-09-06 00:51:11.506072+00:00
l_64059e6f54d8548ae62e,r_adaa6f8f055ae8bae26b,195,DC,50.0,50.0,single,50 kW,data/raw/ev_20251216.csv,https://opendata.transport.nsw.gov.au/data/dataset/be1c4de4-4517-4bd0-8a09-2965ddfc7179/resource/7bbb6461-e52d-4fe7-ace4-a15c30198de0/download/ev_20251216.csv,2026-09-06 00:51:11.506072+00:00
l_410daaf4e580d45ed4ed,r_34ac0897f6644a7384c5,196,AC,22.0,22.0,single,22 kW,data/raw/ev_20251216.csv,https://opendata.transport.nsw.gov.au/data/dataset/be1c4de4-4517-4bd0-8a09-2965ddfc7179/resource/7bbb6461-e52d-4fe7-ace4-a15c30198de0/download/ev_20251216.csv,2026-09-06 00:51:11.506072+00:00
l_66207c8601840754570c,r_58119a1bdc3beecd76d7,197,DC,75.0,75.0,single,75 kW,data/raw/ev_20251216.csv,https://opendata.transport.nsw.gov.au/data/dataset/be1c4de4-4517-4bd0-8a09-2965ddfc7179/resource/7bbb6461-e52d-4fe7-ace4-a15c30198de0/download/ev_20251216.csv,2026-09-06 00:51:11.506072+00:00
l_1f10359914da03faec84,r_8d1e473e3647ca243f00,198,AC,11.0,11.0,single,11 kW,data/raw/ev_20251216.csv,https://opendata.transport.nsw.gov.au/data/dataset/be1c4de4-4517-4bd0-8a09-2965ddfc7179/resource/7bbb6461-e52d-4fe7-ace4-a15c30198de0/download/ev_20251216.csv,2026-09-06 00:51:11.506072+00:00
l_dcc0ac7a45b4eab28369,r_9ad53a2b811edf0b2a5f,199,DC,160.0,160.0,single,160 kW,data/raw/ev_20251216.csv,https://opendata.transport.nsw.gov.au/data/dataset/be1c4de4-4517-4bd0-8a09-2965ddfc7179/resource/7bbb6461-e52d-4fe7-ace4-a15c30198de0/download/ev_20251216.csv,2026-09-06 00:51:11.506072+00:00
l_e87331c2c56d38358a80,r_4d4977259bfc4309ea03,200,AC,6.0,6.0,single,6 kW,data/raw/ev_20251216.csv,https://opendata.transport.nsw.gov.au/data/dataset/be1c4de4-4517-4bd0-8a09-2965ddfc7179/resource/7bbb6461-e52d-4fe7-ace4-a15c30198de0/download/ev_20251216.csv,2026-09-06 00:51:11.506072+00:00
l_dfaefdf227d66d3d08e4,r_28386e35bfffc70afc83,201,AC,22.0,22.0,single,22 kW,data/raw/ev_20251216.csv,https://opendata.transport.nsw.gov.au/data/dataset/be1c4de4-4517-4bd0-8a09-2965ddfc7179/resource/7bbb6461-e52d-4fe7-ace4-a15c30198de0/download/ev_20251216.csv,2026-09-06 00:51:11.506072+00:00
l_c27bfc1060091f5d9b63,r_404ea7e220e0cce45593,202,AC,22.0,22.0,single,22 kW,data/raw/ev_20251216.csv,https://opendata.transport.nsw.gov.au/data/dataset/be1c4de4-4517-4bd0-8a09-2965ddfc7179/resource/7bbb6461-e52d-4fe7-ace4-a15c30198de0/download/ev_20251216.csv,2026-09-06 00:51:11.506072+00:00
l_95c3dd4bbc007baec567,r_69debc6eaacfe23dd8d8,203,DC,25.0,25.0,single,25 kW,data/raw/ev_20251216.csv,https://opendata.transport.nsw.gov.au/data/dataset/be1c4de4-4517-4bd0-8a09-2965ddfc7179/resource/7bbb6461-e52d-4fe7-ace4-a15c30198de0/download/ev_20251216.csv,2026-09-06 00:51:11.506072+00:00
l_a472280246ecce97cc72,r_afa9762ee9377f32554d,204,AC,22.0,22.0,single,22 kW,data/raw/ev_20251216.csv,https://opendata.transport.nsw.gov.au/data/dataset/be1c4de4-4517-4bd0-8a09-2965ddfc7179/resource/7bbb6461-e52d-4fe7-ace4-a15c30198de0/download/ev_20251216.csv,2026-09-06 00:51:11.506072+00:00
l_5c4fb60c02047489f51b,r_9bbf924a701ea8573a90,205,AC,22.0,22.0,single,22 kW,data/raw/ev_20251216.csv,https://opendata.transport.nsw.gov.au/data/dataset/be1c4de4-4517-4bd0-8a09-2965ddfc7179/resource/7bbb6461-e52d-4fe7-ace4-a15c30198de0/download/ev_20251216.csv,2026-09-06 00:51:11.506072+00:00
l_db6291953a247edf1e70,r_a4de5bbc963b745ed119,206,DC,30.0,30.0,single,30 kW,data/raw/ev_20251216.csv,https://opendata.transport.nsw.gov.au/data/dataset/be1c4de4-4517-4bd0-8a09-2965ddfc7179/resource/7bbb6461-e52d-4fe7-ace4-a15c30198de0/download/ev_20251216.csv,2026-09-06 00:51:11.506072+00:00
l_41fafb83085ed8357181,r_9ed4d7a5779ba5880875,207,AC,22.0,22.0,single,22 kW,data/raw/ev_20251216.csv,https://opendata.transport.nsw.gov.au/data/dataset/be1c4de4-4517-4bd0-8a09-2965ddfc7179/resource/7bbb6461-e52d-4fe7-ace4-a15c30198de0/download/ev_20251216.csv,2026-09-06 00:51:11.506072+00:00
l_6c01c66a5aeda28b9482,r_7abe53ad2a7c406a5e7b,208,DC,125.0,125.0,single,125 kW,data/raw/ev_20251216.csv,https://opendata.transport.nsw.gov.au/data/dataset/be1c4de4-4517-4bd0-8a09-2965ddfc7179/resource/7bbb6461-e52d-4fe7-ace4-a15c30198de0/download/ev_20251216.csv,2026-09-06 00:51:11.506072+00:00
l_20055ae04d84292b16ca,r_23b5abe03e93774de97b,209,AC,22.0,22.0,single,22 kW,data/raw/ev_20251216.csv,https://opendata.transport.nsw.gov.au/data/dataset/be1c4de4-4517-4bd0-8a09-2965ddfc7179/resource/7bbb6461-e52d-4fe7-ace4-a15c30198de0/download/ev_20251216.csv,2026-09-06 00:51:11.506072+00:00
l_9c87473fb487e4fa076d,r_c61348f52d045c66238c,210,AC,22.0,22.0,single,22 kW,data/raw/ev_20251216.csv,https://opendata.transport.nsw.gov.au/data/dataset/be1c4de4-4517-4bd0-8a09-2965ddfc7179/resource/7bbb6461-e52d-4fe7-ace4-a15c30198de0/download/ev_20251216.csv,2026-09-06 00:51:11.506072+00:00
l_fd71bdf7962ab14d368b,r_2e037e5f1f32b3f55e67,211,AC,22.0,22.0,single,22 kW,data/raw/ev_20251216.csv,https://opendata.transport.nsw.gov.au/data/dataset/be1c4de4-4517-4bd0-8a09-2965ddfc7179/resource/7bbb6461-e52d-4fe7-ace4-a15c30198de0/download/ev_20251216.csv,2026-09-06 00:51:11.506072+00:00
l_49ed954693fc5153e351,r_fe1d9184313028881bd6,212,DC,75.0,75.0,single,75 kW,data/raw/ev_20251216.csv,https://opendata.transport.nsw.gov.au/data/dataset/be1c4de4-4517-4bd0-8a09-2965ddfc7179/resource/7bbb6461-e52d-4fe7-ace4-a15c30198de0/download/ev_20251216.csv,2026-09-06 00:51:11.506072+00:00
l_ecf7ca9e4cc28dcf0e79,r_fbee875779ec716311ce,213,AC,22.0,22.0,single,22 kW,data/raw/ev_20251216.csv,https://opendata.transport.nsw.gov.au/data/dataset/be1c4de4-4517-4bd0-8a09-2965ddfc7179/resource/7bbb6461-e52d-4fe7-ace4-a15c30198de0/download/ev_20251216.csv,2026-09-06 00:51:11.506072+00:00
l_98da3ad650c8aaeb7371,r_6454960446fdee23399e,214,AC,22.0,22.0,single,22 kW,data/raw/ev_20251216.csv,https://opendata.transport.nsw.gov.au/data/dataset/be1c4de4-4517-4bd0-8a09-2965ddfc7179/resource/7bbb6461-e52d-4fe7-ace4-a15c30198de0/download/ev_20251216.csv,2026-09-06 00:51:11.506072+00:00
l_fce3c968260c8627f8b1,r_2eb1088d4d711b489ed7,215,DC,47.0,47.0,single,47 kW,data/raw/ev_20251216.csv,https://opendata.transport.nsw.gov.au/data/dataset/be1c4de4-4517-4bd0-8a09-2965ddfc7179/resource/7bbb6461-e52d-4fe7-ace4-a15c30198de0/download/ev_20251216.csv,2026-09-06 00:51:11.506072+00:00
l_70777e985ad5b5b9ee99,r_30c4868b9fef2b7494dd,216,DC,25.0,25.0,single,25 kW,data/raw/ev_20251216.csv,https://opendata.transport.nsw.gov.au/data/dataset/be1c4de4-4517-4bd0-8a09-2965ddfc7179/resource/7bbb6461-e52d-4fe7-ace4-a15c30198de0/download/ev_20251216.csv,2026-09-06 00:51:11.506072+00:00
l_a3000912deeddde99fe7,r_84de52950c87598dd45f,217,DC,75.0,75.0,single,75 kW,data/raw/ev_20251216.csv,https://opendata.transport.nsw.gov.au/data/dataset/be1c4de4-4517-4bd0-8a09-2965ddfc7179/resource/7bbb6461-e52d-4fe7-ace4-a15c30198de0/download/ev_20251216.csv,2026-09-06 00:51:11.506072+00:00
l_51e86ff0baa83a47f211,r_660d7444bd4f5a7cacb5,218,AC,22.0,22.0,single,22 kW,data/raw/ev_20251216.csv,https://opendata.transport.nsw.gov.au/data/dataset/be1c4de4-4517-4bd0-8a09-2965ddfc7179/resource/7bbb6461-e52d-4fe7-ace4-a15c30198de0/download/ev_20251216.csv,2026-09-06 00:51:11.506072+00:00
l_5ffb0694cabe7bd610f6,r_00d0a8b9a1471c4a209e,219,DC,60.0,60.0,single,60 kW,data/raw/ev_20251216.csv,https://opendata.transport.nsw.gov.au/data/dataset/be1c4de4-4517-4bd0-8a09-2965ddfc7179/resource/7bbb6461-e52d-4fe7-ace4-a15c30198de0/download/ev_20251216.csv,2026-09-06 00:51:11.506072+00:00
l_0943d1bfeda2f3fa5253,r_5dd6f3a102c3b0e4b5bc,220,AC,22.0,22.0,single,22 kW,data/raw/ev_20251216.csv,https://opendata.transport.nsw.gov.au/data/dataset/be1c4de4-4517-4bd0-8a09-2965ddfc7179/resource/7bbb6461-e52d-4fe7-ace4-a15c30198de0/download/ev_20251216.csv,2026-09-06 00:51:11.506072+00:00
l_0c882363ca8a6c8743ff,r_a3b9687eb574e2e47360,221,AC,22.0,22.0,single,22 kW,data/raw/ev_20251216.csv,https://opendata.transport.nsw.gov.au/data/dataset/be1c4de4-4517-4bd0-8a09-2965ddfc7179/resource/7bbb6461-e52d-4fe7-ace4-a15c30198de0/download/ev_20251216.csv,2026-09-06 00:51:11.506072+00:00
l_d3d77ee8b061e110461e,r_faacc305d47b7d73ddb0,222,AC,6.0,6.0,single,6 kW,data/raw/ev_20251216.csv,https://opendata.transport.nsw.gov.au/data/dataset/be1c4de4-4517-4bd0-8a09-2965ddfc7179/resource/7bbb6461-e52d-4fe7-ace4-a15c30198de0/download/ev_20251216.csv,2026-09-06 00:51:11.506072+00:00
l_032d7634b49a50c267b7,r_48599b2c4a029e5b1fee,223,AC,22.0,22.0,single,22 kW,data/raw/ev_20251216.csv,https://opendata.transport.nsw.gov.au/data/dataset/be1c4de4-4517-4bd0-8a09-2965ddfc7179/resource/7bbb6461-e52d-4fe7-ace4-a15c30198de0/download/ev_20251216.csv,2026-09-06 00:51:11.506072+00:00
l_d5c59076f4f343f61b81,r_78349e0586ca664cd082,224,AC,22.0,22.0,single,22 kW,data/raw/ev_20251216.csv,https://opendata.transport.nsw.gov.au/data/dataset/be1c4de4-4517-4bd0-8a09-2965ddfc7179/resource/7bbb6461-e52d-4fe7-ace4-a15c30198de0/download/ev_20251216.csv,2026-09-06 00:51:11.506072+00:00
l_7af4567f76dab9876ff2,r_45f5e41fb9f63b1d2fe2,225,AC,22.0,22.0,single,22 kW,data/raw/ev_20251216.csv,https://opendata.transport.nsw.gov.au/data/dataset/be1c4de4-4517-4bd0-8a09-2965ddfc7179/resource/7bbb6461-e52d-4fe7-ace4-a15c30198de0/download/ev_20251216.csv,2026-09-06 00:51:11.506072+00:00
l_246b28d63569bf18ce0a,r_1e59f65ff126f6e02daf,226,DC,75.0,75.0,single,75 kW,data/raw/ev_20251216.csv,https://opendata.transport.nsw.gov.au/data/dataset/be1c4de4-4517-4bd0-8a09-2965ddfc7179/resource/7bbb6461-e52d-4fe7-ace4-a15c30198de0/download/ev_20251216.csv,2026-09-06 00:51:11.506072+00:00
l_bb3b7350802e914c7818,r_39b1d65cfe08ccaaab00,227,AC,6.0,6.0,single,6 kW,data/raw/ev_20251216.csv,https://opendata.transport.nsw.gov.au/data/dataset/be1c4de4-4517-4bd0-8a09-2965ddfc7179/resource/7bbb6461-e52d-4fe7-ace4-a15c30198de0/download/ev_20251216.csv,2026-09-06 00:51:11.506072+00:00
l_24530937e3d61418af78,r_246cd82e7e6fbfba6b11,228,DC,42.0,42.0,single,42 kW,data/raw/ev_20251216.csv,https://opendata.transport.nsw.gov.au/data/dataset/be1c4de4-4517-4bd0-8a09-2965ddfc7179/resource/7bbb6461-e52d-4fe7-ace4-a15c30198de0/download/ev_20251216.csv,2026-09-06 00:51:11.506072+00:00
l_bd2423da8974bf11bed4,r_bd6d444424b68c1e6391,229,AC,6.0,6.0,single,6 kW,data/raw/ev_20251216.csv,https://opendata.transport.nsw.gov.au/data/dataset/be1c4de4-4517-4bd0-8a09-2965ddfc7179/resource/7bbb6461-e52d-4fe7-ace4-a15c30198de0/download/ev_20251216.csv,2026-09-06 00:51:11.506072+00:00
l_b8c46e148a2862d60baa,r_53765a9021bbc40e294f,230,DC,50.0,50.0,single,50 kW,data/raw/ev_20251216.csv,https://opendata.transport.nsw.gov.au/data/dataset/be1c4de4-4517-4bd0-8a09-2965ddfc7179/resource/7bbb6461-e52d-4fe7-ace4-a15c30198de0/download/ev_20251216.csv,2026-09-06 00:51:11.506072+00:00
l_63cd4dda854f19f6ce2f,r_e7832805fe32744b4d6e,231,AC,6.0,6.0,single,6 kW,data/raw/ev_20251216.csv,https://opendata.transport.nsw.gov.au/data/dataset/be1c4de4-4517-4bd0-8a09-2965ddfc7179/resource/7bbb6461-e52d-4fe7-ace4-a15c30198de0/download/ev_20251216.csv,2026-09-06 00:51:11.506072+00:00
l_ee5deba6e4c527b0e2d7,r_346c30c8e989b8643f87,232,AC,22.0,22.0,single,22 kW,data/raw/ev_20251216.csv,https://opendata.transport.nsw.gov.au/data/dataset/be1c4de4-4517-4bd0-8a09-2965ddfc7179/resource/7bbb6461-e52d-4fe7-ace4-a15c30198de0/download/ev_20251216.csv,2026-09-06 00:51:11.506072+00:00
l_4ae78120f6a00ccd9154,r_9a6d9031186a9538f351,233,AC,6.0,6.0,single,6 kW,data/raw/ev_20251216.csv,https://opendata.transport.nsw.gov.au/data/dataset/be1c4de4-4517-4bd0-8a09-2965ddfc7179/resource/7bbb6461-e52d-4fe7-ace4-a15c30198de0/download/ev_20251216.csv,2026-09-06 00:51:11.506072+00:00
l_0359a363fd35ba97d550,r_987e543ae41cfc67fe93,234,AC,22.0,22.0,single,22 kW,data/raw/ev_20251216.csv,https://opendata.transport.nsw.gov.au/data/dataset/be1c4de4-4517-4bd0-8a09-2965ddfc7179/resource/7bbb6461-e52d-4fe7-ace4-a15c30198de0/download/ev_20251216.csv,2026-09-06 00:51:11.506072+00:00
l_66a2b50c01118ad8de39,r_c4a869a6db928fb7855d,235,AC,22.0,22.0,single,22 kW,data/raw/ev_20251216.csv,https://opendata.transport.nsw.gov.au/data/dataset/be1c4de4-4517-4bd0-8a09-2965ddfc7179/resource/7bbb6461-e52d-4fe7-ace4-a15c30198de0/download/ev_20251216.csv,2026-09-06 00:51:11.506072+00:00
l_aebe55ed5e4f5d84c347,r_eebb9c9f79692a9b73e3,236,AC,6.0,6.0,single,6 kW,data/raw/ev_20251216.csv,https://opendata.transport.nsw.gov.au/data/dataset/be1c4de4-4517-4bd0-8a09-2965ddfc7179/resource/7bbb6461-e52d-4fe7-ace4-a15c30198de0/download/ev_20251216.csv,2026-09-06 00:51:11.506072+00:00
l_06c6ea1e177730f1c26f,r_653a213f7a6628ce0393,237,DC,130.0,130.0,single,130 kW,data/raw/ev_20251216.csv,https://opendata.transport.nsw.gov.au/data/dataset/be1c4de4-4517-4bd0-8a09-2965ddfc7179/resource/7bbb6461-e52d-4fe7-ace4-a15c30198de0/download/ev_20251216.csv,2026-09-06 00:51:11.506072+00:00
l_41ccda9ec658700e275e,r_6ae8ca0b0f862c340181,238,AC,6.0,6.0,single,6 kW,data/raw/ev_20251216.csv,https://opendata.transport.nsw.gov.au/data/dataset/be1c4de4-4517-4bd0-8a09-2965ddfc7179/resource/7bbb6461-e52d-4fe7-ace4-a15c30198de0/download/ev_20251216.csv,2026-09-06 00:51:11.506072+00:00
l_bfe97b09908b0df5ab7a,r_d5d006249ab6eef760eb,239,AC,22.0,22.0,single,22 kW,data/raw/ev_20251216.csv,https://opendata.transport.nsw.gov.au/data/dataset/be1c4de4-4517-4bd0-8a09-2965ddfc7179/resource/7bbb6461-e52d-4fe7-ace4-a15c30198de0/download/ev_20251216.csv,2026-09-06 00:51:11.506072+00:00
l_99d4a0052e642deee67a,r_6136dd7619a88f9e490d,240,DC,50.0,50.0,single,50 kW,data/raw/ev_20251216.csv,https://opendata.transport.nsw.gov.au/data/dataset/be1c4de4-4517-4bd0-8a09-2965ddfc7179/resource/7bbb6461-e52d-4fe7-ace4-a15c30198de0/download/ev_20251216.csv,2026-09-06 00:51:11.506072+00:00
l_d16f1576e7523cdaca65,r_6a5aa330f5c2e29577b1,241,AC,22.0,22.0,single,22 kW,data/raw/ev_20251216.csv,https://opendata.transport.nsw.gov.au/data/dataset/be1c4de4-4517-4bd0-8a09-2965ddfc7179/resource/7bbb6461-e52d-4fe7-ace4-a15c30198de0/download/ev_20251216.csv,2026-09-06 00:51:11.506072+00:00
l_47822ee33357a3fe734c,r_6eb84a49f213e12ce1f6,242,AC,6.0,6.0,single,6 kW,data/raw/ev_20251216.csv,https://opendata.transport.nsw.gov.au/data/dataset/be1c4de4-4517-4bd0-8a09-2965ddfc7179/resource/7bbb6461-e52d-4fe7-ace4-a15c30198de0/download/ev_20251216.csv,2026-09-06 00:51:11.506072+00:00
l_f5aad21c9ffc996b8819,r_7457c237a978b4823378,243,AC,22.0,22.0,single,22 kW,data/raw/ev_20251216.csv,https://opendata.transport.nsw.gov.au/data/dataset/be1c4de4-4517-4bd0-8a09-2965ddfc7179/resource/7bbb6461-e52d-4fe7-ace4-a15c30198de0/download/ev_20251216.csv,2026-09-06 00:51:11.506072+00:00
l_35b94af5266b77903bbd,r_a6c100ac154048c3330f,244,AC,22.0,22.0,single,22 kW,data/raw/ev_20251216.csv,https://opendata.transport.nsw.gov.au/data/dataset/be1c4de4-4517-4bd0-8a09-2965ddfc7179/resource/7bbb6461-e52d-4fe7-ace4-a15c30198de0/download/ev_20251216.csv,2026-09-06 00:51:11.506072+00:00
l_636092ba6dfd88df3f37,r_d6b00f1fbe6796311624,245,AC,22.0,22.0,single,22 kW,data/raw/ev_20251216.csv,https://opendata.transport.nsw.gov.au/data/dataset/be1c4de4-4517-4bd0-8a09-2965ddfc7179/resource/7bbb6461-e52d-4fe7-ace4-a15c30198de0/download/ev_20251216.csv,2026-09-06 00:51:11.506072+00:00
l_c15b7267b21fd68aaf93,r_3626c04dd545edd547d8,246,AC,11.0,11.0,single,11 kW,data/raw/ev_20251216.csv,https://opendata.transport.nsw.gov.au/data/dataset/be1c4de4-4517-4bd0-8a09-2965ddfc7179/resource/7bbb6461-e52d-4fe7-ace4-a15c30198de0/download/ev_20251216.csv,2026-09-06 00:51:11.506072+00:00
l_ef816b6b5395942c25c9,r_32d59b740445f8165c15,247,DC,175.0,175.0,single,175 kW,data/raw/ev_20251216.csv,https://opendata.transport.nsw.gov.au/data/dataset/be1c4de4-4517-4bd0-8a09-2965ddfc7179/resource/7bbb6461-e52d-4fe7-ace4-a15c30198de0/download/ev_20251216.csv,2026-09-06 00:51:11.506072+00:00
l_aa57b6532f170da081eb,r_10ef7638ff8d7711a0b1,248,DC,150.0,150.0,single,150 kW,data/raw/ev_20251216.csv,https://opendata.transport.nsw.gov.au/data/dataset/be1c4de4-4517-4bd0-8a09-2965ddfc7179/resource/7bbb6461-e52d-4fe7-ace4-a15c30198de0/download/ev_20251216.csv,2026-09-06 00:51:11.506072+00:00
l_0f67a9435af17f08cf79,r_d80b7b76a725e8be3701,249,DC,25.0,25.0,single,25 kW,data/raw/ev_20251216.csv,https://opendata.transport.nsw.gov.au/data/dataset/be1c4de4-4517-4bd0-8a09-2965ddfc7179/resource/7bbb6461-e52d-4fe7-ace4-a15c30198de0/download/ev_20251216.csv,2026-09-06 00:51:11.506072+00:00
l_0874e282f6c5390a87cc,r_8ddbe6ec060185e53c64,250,DC,75.0,75.0,single,75 kW,data/raw/ev_20251216.csv,https://opendata.transport.nsw.gov.au/data/dataset/be1c4de4-4517-4bd0-8a09-2965ddfc7179/resource/7bbb6461-e52d-4fe7-ace4-a15c30198de0/download/ev_20251216.csv,2026-09-06 00:51:11.506072+00:00
l_d27d151a79c967315e48,r_7cc1b4bdc435d349a817,251,AC,22.0,22.0,single,22 kW,data/raw/ev_20251216.csv,https://opendata.transport.nsw.gov.au/data/dataset/be1c4de4-4517-4bd0-8a09-2965ddfc7179/resource/7bbb6461-e52d-4fe7-ace4-a15c30198de0/download/ev_20251216.csv,2026-09-06 00:51:11.506072+00:00
l_acc76a50759fc15b150f,r_2e5c39b49d9fd14551f1,252,AC,6.0,6.0,single,6 kW,data/raw/ev_20251216.csv,https://opendata.transport.nsw.gov.au/data/dataset/be1c4de4-4517-4bd0-8a09-2965ddfc7179/resource/7bbb6461-e52d-4fe7-ace4-a15c30198de0/download/ev_20251216.csv,2026-09-06 00:51:11.506072+00:00
l_3dab9f7f97794da2c0cc,r_e2e377b7f52dea1f2297,253,AC,22.0,22.0,single,22 kW,data/raw/ev_20251216.csv,https://opendata.transport.nsw.gov.au/data/dataset/be1c4de4-4517-4bd0-8a09-2965ddfc7179/resource/7bbb6461-e52d-4fe7-ace4-a15c30198de0/download/ev_20251216.csv,2026-09-06 00:51:11.506072+00:00
l_2134a4d7f8a21b856312,r_f0ae622b910f1f349b27,254,AC,22.0,22.0,single,22 kW,data/raw/ev_20251216.csv,https://opendata.transport.nsw.gov.au/data/dataset/be1c4de4-4517-4bd0-8a09-2965ddfc7179/resource/7bbb6461-e52d-4fe7-ace4-a15c30198de0/download/ev_20251216.csv,2026-09-06 00:51:11.506072+00:00
l_16abb5bc4267f02b6bed,r_1f71d739635ebd813805,255,DC,175.0,175.0,single,175 kW,data/raw/ev_20251216.csv,https://opendata.transport.nsw.gov.au/data/dataset/be1c4de4-4517-4bd0-8a09-2965ddfc7179/resource/7bbb6461-e52d-4fe7-ace4-a15c30198de0/download/ev_20251216.csv,2026-09-06 00:51:11.506072+00:00
l_ed41a6ff28c81d90f6e3,r_71abf872c785b31b2ae1,256,AC,22.0,22.0,single,22 kW,data/raw/ev_20251216.csv,https://opendata.transport.nsw.gov.au/data/dataset/be1c4de4-4517-4bd0-8a09-2965ddfc7179/resource/7bbb6461-e52d-4fe7-ace4-a15c30198de0/download/ev_20251216.csv,2026-09-06 00:51:11.506072+00:00
l_85c7632ab12d02c5bfe2,r_38581e521b174967b61b,257,DC,125.0,125.0,single,125 kW,data/raw/ev_20251216.csv,https://opendata.transport.nsw.gov.au/data/dataset/be1c4de4-4517-4bd0-8a09-2965ddfc7179/resource/7bbb6461-e52d-4fe7-ace4-a15c30198de0/download/ev_20251216.csv,2026-09-06 00:51:11.506072+00:00
l_d437650364c39faf1778,r_864b6a4f555182ecd455,258,DC,150.0,150.0,single,150 kW,data/raw/ev_20251216.csv,https://opendata.transport.nsw.gov.au/data/dataset/be1c4de4-4517-4bd0-8a09-2965ddfc7179/resource/7bbb6461-e52d-4fe7-ace4-a15c30198de0/download/ev_20251216.csv,2026-09-06 00:51:11.506072+00:00
l_dc5e493d42215a711c94,r_fc2956c06687f3c1dedd,259,AC,22.0,22.0,single,22 kW,data/raw/ev_20251216.csv,https://opendata.transport.nsw.gov.au/data/dataset/be1c4de4-4517-4bd0-8a09-2965ddfc7179/resource/7bbb6461-e52d-4fe7-ace4-a15c30198de0/download/ev_20251216.csv,2026-09-06 00:51:11.506072+00:00
l_fe3c24c4cc1252c5736e,r_df492194af32ea056c13,260,AC,6.0,6.0,single,6 kW,data/raw/ev_20251216.csv,https://opendata.transport.nsw.gov.au/data/dataset/be1c4de4-4517-4bd0-8a09-2965ddfc7179/resource/7bbb6461-e52d-4fe7-ace4-a15c30198de0/download/ev_20251216.csv,2026-09-06 00:51:11.506072+00:00
l_f37cafc766d5fd9b7cf2,r_3427af758823fe993845,261,AC,22.0,22.0,single,22 kW,data/raw/ev_20251216.csv,https://opendata.transport.nsw.gov.au/data/dataset/be1c4de4-4517-4bd0-8a09-2965ddfc7179/resource/7bbb6461-e52d-4fe7-ace4-a15c30198de0/download/ev_20251216.csv,2026-09-06 00:51:11.506072+00:00
l_f0b4b2a66dc524d8053a,r_ec44ecb370ce1eef32a0,262,AC,22.0,22.0,single,22 kW,data/raw/ev_20251216.csv,https://opendata.transport.nsw.gov.au/data/dataset/be1c4de4-4517-4bd0-8a09-2965ddfc7179/resource/7bbb6461-e52d-4fe7-ace4-a15c30198de0/download/ev_20251216.csv,2026-09-06 00:51:11.506072+00:00
l_27f55c045fc6bcc9a6f9,r_46f9f190b9565d4c4b13,263,AC,22.0,22.0,single,22 kW,data/raw/ev_20251216.csv,https://opendata.transport.nsw.gov.au/data/dataset/be1c4de4-4517-4bd0-8a09-2965ddfc7179/resource/7bbb6461-e52d-4fe7-ace4-a15c30198de0/download/ev_20251216.csv,2026-09-06 00:51:11.506072+00:00
l_42a9f4e832094cfddbba,r_c31d4f897c7d339c1810,264,AC,22.0,22.0,single,22 kW,data/raw/ev_20251216.csv,https://opendata.transport.nsw.gov.au/data/dataset/be1c4de4-4517-4bd0-8a09-2965ddfc7179/resource/7bbb6461-e52d-4fe7-ace4-a15c30198de0/download/ev_20251216.csv,2026-09-06 00:51:11.506072+00:00
l_bd7da9dd795cddcb183f,r_61b3a2cc7ef9d362ed0b,265,DC,75.0,75.0,single,75 kW,data/raw/ev_20251216.csv,https://opendata.transport.nsw.gov.au/data/dataset/be1c4de4-4517-4bd0-8a09-2965ddfc7179/resource/7bbb6461-e52d-4fe7-ace4-a15c30198de0/download/ev_20251216.csv,2026-09-06 00:51:11.506072+00:00
l_f1afe2858ccda50abd67,r_ba1f314ad9625c435b47,266,DC,75.0,75.0,single,75 kW,data/raw/ev_20251216.csv,https://opendata.transport.nsw.gov.au/data/dataset/be1c4de4-4517-4bd0-8a09-2965ddfc7179/resource/7bbb6461-e52d-4fe7-ace4-a15c30198de0/download/ev_20251216.csv,2026-09-06 00:51:11.506072+00:00
l_02f1652400e97f728cec,r_2192fe1f6739341bd221,267,AC,22.0,22.0,single,22 kW,data/raw/ev_20251216.csv,https://opendata.transport.nsw.gov.au/data/dataset/be1c4de4-4517-4bd0-8a09-2965ddfc7179/resource/7bbb6461-e52d-4fe7-ace4-a15c30198de0/download/ev_20251216.csv,2026-09-06 00:51:11.506072+00:00
l_fb700cbce1893b6f8a5f,r_864796c1cc59b56d0b82,268,AC,22.0,22.0,single,22 kW,data/raw/ev_20251216.csv,https://opendata.transport.nsw.gov.au/data/dataset/be1c4de4-4517-4bd0-8a09-2965ddfc7179/resource/7bbb6461-e52d-4fe7-ace4-a15c30198de0/download/ev_20251216.csv,2026-09-06 00:51:11.506072+00:00
l_be37dcfef546a06e4cb3,r_60b97c4f9fb8a1ee4fa2,269,DC,60.0,60.0,single,60 kW,data/raw/ev_20251216.csv,https://opendata.transport.nsw.gov.au/data/dataset/be1c4de4-4517-4bd0-8a09-2965ddfc7179/resource/7bbb6461-e52d-4fe7-ace4-a15c30198de0/download/ev_20251216.csv,2026-09-06 00:51:11.506072+00:00
l_58a865d51067b72663f4,r_e527eda8f7481b4cf90d,270,AC,6.0,6.0,single,6 kW,data/raw/ev_20251216.csv,https://opendata.transport.nsw.gov.au/data/dataset/be1c4de4-4517-4bd0-8a09-2965ddfc7179/resource/7bbb6461-e52d-4fe7-ace4-a15c30198de0/download/ev_20251216.csv,2026-09-06 00:51:11.506072+00:00
l_7bc95205a8f87ef9657c,r_28b24e3f2d2651c23c12,271,DC,50.0,50.0,single,50 kW,data/raw/ev_20251216.csv,https://opendata.transport.nsw.gov.au/data/dataset/be1c4de4-4517-4bd0-8a09-2965ddfc7179/resource/7bbb6461-e52d-4fe7-ace4-a15c30198de0/download/ev_20251216.csv,2026-09-06 00:51:11.506072+00:00
l_1ca15aac8c96788b2be7,r_17d899087b9ab610a561,272,AC,22.0,22.0,single,22 kW,data/raw/ev_20251216.csv,https://opendata.transport.nsw.gov.au/data/dataset/be1c4de4-4517-4bd0-8a09-2965ddfc7179/resource/7bbb6461-e52d-4fe7-ace4-a15c30198de0/download/ev_20251216.csv,2026-09-06 00:51:11.506072+00:00
l_25a81196fffec444fdef,r_edd287a7aa35c2ed973f,273,AC,6.0,6.0,single,6 kW,data/raw/ev_20251216.csv,https://opendata.transport.nsw.gov.au/data/dataset/be1c4de4-4517-4bd0-8a09-2965ddfc7179/resource/7bbb6461-e52d-4fe7-ace4-a15c30198de0/download/ev_20251216.csv,2026-09-06 00:51:11.506072+00:00
l_09abe381990c92af7ae3,r_e0b60689b788292446f1,274,AC,22.0,22.0,single,22 kW,data/raw/ev_20251216.csv,https://opendata.transport.nsw.gov.au/data/dataset/be1c4de4-4517-4bd0-8a09-2965ddfc7179/resource/7bbb6461-e52d-4fe7-ace4-a15c30198de0/download/ev_20251216.csv,2026-09-06 00:51:11.506072+00:00
l_4b57a2dd678e632d515d,r_8bf583700806c0b16241,275,AC,22.0,22.0,single,22 kW,data/raw/ev_20251216.csv,https://opendata.transport.nsw.gov.au/data/dataset/be1c4de4-4517-4bd0-8a09-2965ddfc7179/resource/7bbb6461-e52d-4fe7-ace4-a15c30198de0/download/ev_20251216.csv,2026-09-06 00:51:11.506072+00:00
l_b9310417276799341d49,r_7eb2bd5677cdea9563ac,276,AC,22.0,22.0,single,22 kW,data/raw/ev_20251216.csv,https://opendata.transport.nsw.gov.au/data/dataset/be1c4de4-4517-4bd0-8a09-2965ddfc7179/resource/7bbb6461-e52d-4fe7-ace4-a15c30198de0/download/ev_20251216.csv,2026-09-06 00:51:11.506072+00:00
l_4fcad91609b467be42ce,r_b39ba95d037afb68fca6,277,AC,22.0,22.0,single,22 kW,data/raw/ev_20251216.csv,https://opendata.transport.nsw.gov.au/data/dataset/be1c4de4-4517-4bd0-8a09-2965ddfc7179/resource/7bbb6461-e52d-4fe7-ace4-a15c30198de0/download/ev_20251216.csv,2026-09-06 00:51:11.506072+00:00
l_368f35de34030fd756b9,r_110fcb8f8b75197d8659,278,DC,250.0,250.0,single,250 kW,data/raw/ev_20251216.csv,https://opendata.transport.nsw.gov.au/data/dataset/be1c4de4-4517-4bd0-8a09-2965ddfc7179/resource/7bbb6461-e52d-4fe7-ace4-a15c30198de0/download/ev_20251216.csv,2026-09-06 00:51:11.506072+00:00
l_2cbef4457afae72c4d67,r_0152e21bbeb1e0236ca2,279,AC,22.0,22.0,single,22 kW,data/raw/ev_20251216.csv,https://opendata.transport.nsw.gov.au/data/dataset/be1c4de4-4517-4bd0-8a09-2965ddfc7179/resource/7bbb6461-e52d-4fe7-ace4-a15c30198de0/download/ev_20251216.csv,2026-09-06 00:51:11.506072+00:00
l_9cb1c346be2ed5832926,r_7e91aa97463eb90f9837,280,DC,25.0,25.0,single,25 kW,data/raw/ev_20251216.csv,https://opendata.transport.nsw.gov.au/data/dataset/be1c4de4-4517-4bd0-8a09-2965ddfc7179/resource/7bbb6461-e52d-4fe7-ace4-a15c30198de0/download/ev_20251216.csv,2026-09-06 00:51:11.506072+00:00
l_32ce520c966986120058,r_abd20fa970b39839ed2b,281,AC,19.0,19.0,single,19 kW,data/raw/ev_20251216.csv,https://opendata.transport.nsw.gov.au/data/dataset/be1c4de4-4517-4bd0-8a09-2965ddfc7179/resource/7bbb6461-e52d-4fe7-ace4-a15c30198de0/download/ev_20251216.csv,2026-09-06 00:51:11.506072+00:00
l_ca2ddf9e6cb67f6a9dec,r_e79a523b062e38befdba,282,DC,40.0,40.0,single,40 kW,data/raw/ev_20251216.csv,https://opendata.transport.nsw.gov.au/data/dataset/be1c4de4-4517-4bd0-8a09-2965ddfc7179/resource/7bbb6461-e52d-4fe7-ace4-a15c30198de0/download/ev_20251216.csv,2026-09-06 00:51:11.506072+00:00
l_a3fa41459a039f549feb,r_38b3830261daa327cff0,283,AC,22.0,22.0,single,22 kW,data/raw/ev_20251216.csv,https://opendata.transport.nsw.gov.au/data/dataset/be1c4de4-4517-4bd0-8a09-2965ddfc7179/resource/7bbb6461-e52d-4fe7-ace4-a15c30198de0/download/ev_20251216.csv,2026-09-06 00:51:11.506072+00:00
l_21d7c81ae4d35fa213d5,r_f1ad4970f1ec3badffd3,284,DC,50.0,50.0,single,50 kW,data/raw/ev_20251216.csv,https://opendata.transport.nsw.gov.au/data/dataset/be1c4de4-4517-4bd0-8a09-2965ddfc7179/resource/7bbb6461-e52d-4fe7-ace4-a15c30198de0/download/ev_20251216.csv,2026-09-06 00:51:11.506072+00:00
l_ae1179c3c5bb3f751632,r_41a2a25dc84fe0276323,285,AC,19.0,19.0,single,19 kW,data/raw/ev_20251216.csv,https://opendata.transport.nsw.gov.au/data/dataset/be1c4de4-4517-4bd0-8a09-2965ddfc7179/resource/7bbb6461-e52d-4fe7-ace4-a15c30198de0/download/ev_20251216.csv,2026-09-06 00:51:11.506072+00:00
l_bdba419e1eb74b4c0338,r_e8c43c66a46bf766e3e1,286,AC,22.0,22.0,single,22 kW,data/raw/ev_20251216.csv,https://opendata.transport.nsw.gov.au/data/dataset/be1c4de4-4517-4bd0-8a09-2965ddfc7179/resource/7bbb6461-e52d-4fe7-ace4-a15c30198de0/download/ev_20251216.csv,2026-09-06 00:51:11.506072+00:00
l_3d304b9fa667057c6b40,r_54ff2dc1d2c06488f610,287,DC,40.0,40.0,single,40 kW,data/raw/ev_20251216.csv,https://opendata.transport.nsw.gov.au/data/dataset/be1c4de4-4517-4bd0-8a09-2965ddfc7179/resource/7bbb6461-e52d-4fe7-ace4-a15c30198de0/download/ev_20251216.csv,2026-09-06 00:51:11.506072+00:00
l_04896e974b4b6302d256,r_b2a2b3879cab63daf923,288,AC,22.0,22.0,single,22 kW,data/raw/ev_20251216.csv,https://opendata.transport.nsw.gov.au/data/dataset/be1c4de4-4517-4bd0-8a09-2965ddfc7179/resource/7bbb6461-e52d-4fe7-ace4-a15c30198de0/download/ev_20251216.csv,2026-09-06 00:51:11.506072+00:00
l_3059ea9a3ffa0b504815,r_7516435bb8f765735fd6,289,DC,150.0,150.0,single,150 kW,data/raw/ev_20251216.csv,https://opendata.transport.nsw.gov.au/data/dataset/be1c4de4-4517-4bd0-8a09-2965ddfc7179/resource/7bbb6461-e52d-4fe7-ace4-a15c30198de0/download/ev_20251216.csv,2026-09-06 00:51:11.506072+00:00
l_3371a0ee1c2459142361,r_9fbde67494fff708b92f,290,AC,22.0,22.0,single,22 kW,data/raw/ev_20251216.csv,https://opendata.transport.nsw.gov.au/data/dataset/be1c4de4-4517-4bd0-8a09-2965ddfc7179/resource/7bbb6461-e52d-4fe7-ace4-a15c30198de0/download/ev_20251216.csv,2026-09-06 00:51:11.506072+00:00
l_c307502f7f93712ff799,r_28ad373530aa7b79eda5,291,AC,22.0,22.0,single,22 kW,data/raw/ev_20251216.csv,https://opendata.transport.nsw.gov.au/data/dataset/be1c4de4-4517-4bd0-8a09-2965ddfc7179/resource/7bbb6461-e52d-4fe7-ace4-a15c30198de0/download/ev_20251216.csv,2026-09-06 00:51:11.506072+00:00
l_b05a16822089ad69897f,r_e1bd8f40df1408672f35,292,AC,17.0,17.0,single,17 kW,data/raw/ev_20251216.csv,https://opendata.transport.nsw.gov.au/data/dataset/be1c4de4-4517-4bd0-8a09-2965ddfc7179/resource/7bbb6461-e52d-4fe7-ace4-a15c30198de0/download/ev_20251216.csv,2026-09-06 00:51:11.506072+00:00
l_fe6612323525117bd8ab,r_7416a3306438e39aae66,293,AC,6.0,6.0,single,6 kW,data/raw/ev_20251216.csv,https://opendata.transport.nsw.gov.au/data/dataset/be1c4de4-4517-4bd0-8a09-2965ddfc7179/resource/7bbb6461-e52d-4fe7-ace4-a15c30198de0/download/ev_20251216.csv,2026-09-06 00:51:11.506072+00:00
l_03e3fff35e7876e7351d,r_b8f52cfc1edf35d68b54,294,AC,6.0,6.0,single,6 kW,data/raw/ev_20251216.csv,https://opendata.transport.nsw.gov.au/data/dataset/be1c4de4-4517-4bd0-8a09-2965ddfc7179/resource/7bbb6461-e52d-4fe7-ace4-a15c30198de0/download/ev_20251216.csv,2026-09-06 00:51:11.506072+00:00
l_73124b3da54c2eaa12c6,r_88ab30876d8101836323,295,AC,11.0,11.0,single,11 kW,data/raw/ev_20251216.csv,https://opendata.transport.nsw.gov.au/data/dataset/be1c4de4-4517-4bd0-8a09-2965ddfc7179/resource/7bbb6461-e52d-4fe7-ace4-a15c30198de0/download/ev_20251216.csv,2026-09-06 00:51:11.506072+00:00
l_c8a2c1a9b2b732880757,r_9df81c993db4d7b46efc,296,DC,47.0,47.0,single,47 kW,data/raw/ev_20251216.csv,https://opendata.transport.nsw.gov.au/data/dataset/be1c4de4-4517-4bd0-8a09-2965ddfc7179/resource/7bbb6461-e52d-4fe7-ace4-a15c30198de0/download/ev_20251216.csv,2026-09-06 00:51:11.506072+00:00
l_27dbf314ae49a6c37f34,r_0d8a0f85369ce0e55101,297,AC,22.0,22.0,single,22 kW,data/raw/ev_20251216.csv,https://opendata.transport.nsw.gov.au/data/dataset/be1c4de4-4517-4bd0-8a09-2965ddfc7179/resource/7bbb6461-e52d-4fe7-ace4-a15c30198de0/download/ev_20251216.csv,2026-09-06 00:51:11.506072+00:00
l_4a00a65ef80c8227734f,r_4b1f7daac9011a35ef93,298,AC,22.0,22.0,single,22 kW,data/raw/ev_20251216.csv,https://opendata.transport.nsw.gov.au/data/dataset/be1c4de4-4517-4bd0-8a09-2965ddfc7179/resource/7bbb6461-e52d-4fe7-ace4-a15c30198de0/download/ev_20251216.csv,2026-09-06 00:51:11.506072+00:00
l_c8e0fb42c3b7ade7bf26,r_7429d08562545595afb4,299,DC,50.0,50.0,single,50 kW,data/raw/ev_20251216.csv,https://opendata.transport.nsw.gov.au/data/dataset/be1c4de4-4517-4bd0-8a09-2965ddfc7179/resource/7bbb6461-e52d-4fe7-ace4-a15c30198de0/download/ev_20251216.csv,2026-09-06 00:51:11.506072+00:00
l_4e824fc6bbe0331d3a8b,r_4e074c645b504a52d872,300,AC,19.0,19.0,single,19 kW,data/raw/ev_20251216.csv,https://opendata.transport.nsw.gov.au/data/dataset/be1c4de4-4517-4bd0-8a09-2965ddfc7179/resource/7bbb6461-e52d-4fe7-ace4-a15c30198de0/download/ev_20251216.csv,2026-09-06 00:51:11.506072+00:00
l_12d587fb4815ff38fdad,r_1433ecb3711f0acd798d,301,DC,50.0,50.0,single,50 kW,data/raw/ev_20251216.csv,https://opendata.transport.nsw.gov.au/data/dataset/be1c4de4-4517-4bd0-8a09-2965ddfc7179/resource/7bbb6461-e52d-4fe7-ace4-a15c30198de0/download/ev_20251216.csv,2026-09-06 00:51:11.506072+00:00
l_9df7cc861a9ae20b6478,r_713305eefcf940230870,302,AC,22.0,22.0,single,22 kW,data/raw/ev_20251216.csv,https://opendata.transport.nsw.gov.au/data/dataset/be1c4de4-4517-4bd0-8a09-2965ddfc7179/resource/7bbb6461-e52d-4fe7-ace4-a15c30198de0/download/ev_20251216.csv,2026-09-06 00:51:11.506072+00:00
l_9ce59a749d21d5608e1d,r_58d7a632f7661b7e254d,303,AC,8.0,8.0,single,8 kW,data/raw/ev_20251216.csv,https://opendata.transport.nsw.gov.au/data/dataset/be1c4de4-4517-4bd0-8a09-2965ddfc7179/resource/7bbb6461-e52d-4fe7-ace4-a15c30198de0/download/ev_20251216.csv,2026-09-06 00:51:11.506072+00:00
l_3915fce4190876f18d00,r_595c611edd3ac049dc86,304,DC,150.0,150.0,single,150 kW,data/raw/ev_20251216.csv,https://opendata.transport.nsw.gov.au/data/dataset/be1c4de4-4517-4bd0-8a09-2965ddfc7179/resource/7bbb6461-e52d-4fe7-ace4-a15c30198de0/download/ev_20251216.csv,2026-09-06 00:51:11.506072+00:00
l_5711ab1d8fc3bab1a5f8,r_351c66cbd3d708b90029,305,DC,130.0,130.0,single,130 kW,data/raw/ev_20251216.csv,https://opendata.transport.nsw.gov.au/data/dataset/be1c4de4-4517-4bd0-8a09-2965ddfc7179/resource/7bbb6461-e52d-4fe7-ace4-a15c30198de0/download/ev_20251216.csv,2026-09-06 00:51:11.506072+00:00
l_b2c64c22b6ade0b9603c,r_a32b1ee5068688433d19,306,AC,22.0,22.0,single,22 kW,data/raw/ev_20251216.csv,https://opendata.transport.nsw.gov.au/data/dataset/be1c4de4-4517-4bd0-8a09-2965ddfc7179/resource/7bbb6461-e52d-4fe7-ace4-a15c30198de0/download/ev_20251216.csv,2026-09-06 00:51:11.506072+00:00
l_61f32a319bbc9b809bd6,r_27050b90342f57630636,307,DC,175.0,175.0,single,175 kW,data/raw/ev_20251216.csv,https://opendata.transport.nsw.gov.au/data/dataset/be1c4de4-4517-4bd0-8a09-2965ddfc7179/resource/7bbb6461-e52d-4fe7-ace4-a15c30198de0/download/ev_20251216.csv,2026-09-06 00:51:11.506072+00:00
l_e0a4ca8de766f78be883,r_130dda238e2cdc981c4c,308,AC,6.0,6.0,single,6 kW,data/raw/ev_20251216.csv,https://opendata.transport.nsw.gov.au/data/dataset/be1c4de4-4517-4bd0-8a09-2965ddfc7179/resource/7bbb6461-e52d-4fe7-ace4-a15c30198de0/download/ev_20251216.csv,2026-09-06 00:51:11.506072+00:00
l_f3a390a85329b4f33cfc,r_ba52c48e464b492f4bf0,309,AC,22.0,22.0,single,22 kW,data/raw/ev_20251216.csv,https://opendata.transport.nsw.gov.au/data/dataset/be1c4de4-4517-4bd0-8a09-2965ddfc7179/resource/7bbb6461-e52d-4fe7-ace4-a15c30198de0/download/ev_20251216.csv,2026-09-06 00:51:11.506072+00:00
l_7d2a6afbd2b13582ee34,r_9aae88d834f1e4cc40a9,310,AC,22.0,22.0,single,22 kW,data/raw/ev_20251216.csv,https://opendata.transport.nsw.gov.au/data/dataset/be1c4de4-4517-4bd0-8a09-2965ddfc7179/resource/7bbb6461-e52d-4fe7-ace4-a15c30198de0/download/ev_20251216.csv,2026-09-06 00:51:11.506072+00:00
l_ad85ecae7e79b1cbf2fd,r_d96d1728058344b0d100,311,DC,150.0,150.0,single,150 kW,data/raw/ev_20251216.csv,https://opendata.transport.nsw.gov.au/data/dataset/be1c4de4-4517-4bd0-8a09-2965ddfc7179/resource/7bbb6461-e52d-4fe7-ace4-a15c30198de0/download/ev_20251216.csv,2026-09-06 00:51:11.506072+00:00
l_259b10f5ed950c07db6b,r_95d135517767ef115228,312,AC,22.0,22.0,single,22 kW,data/raw/ev_20251216.csv,https://opendata.transport.nsw.gov.au/data/dataset/be1c4de4-4517-4bd0-8a09-2965ddfc7179/resource/7bbb6461-e52d-4fe7-ace4-a15c30198de0/download/ev_20251216.csv,2026-09-06 00:51:11.506072+00:00
l_c9edb3efcd34476ad94c,r_0f636989aa9861955e6c,313,DC,125.0,125.0,single,125 kW,data/raw/ev_20251216.csv,https://opendata.transport.nsw.gov.au/data/dataset/be1c4de4-4517-4bd0-8a09-2965ddfc7179/resource/7bbb6461-e52d-4fe7-ace4-a15c30198de0/download/ev_20251216.csv,2026-09-06 00:51:11.506072+00:00
l_828da4a302ef22b4b284,r_627263be2273344da021,314,DC,75.0,75.0,single,75 kW,data/raw/ev_20251216.csv,https://opendata.transport.nsw.gov.au/data/dataset/be1c4de4-4517-4bd0-8a09-2965ddfc7179/resource/7bbb6461-e52d-4fe7-ace4-a15c30198de0/download/ev_20251216.csv,2026-09-06 00:51:11.506072+00:00
l_ea90fd6ea194b95da204,r_8782a733fa536b49470d,315,AC,19.0,19.0,single,19 kW,data/raw/ev_20251216.csv,https://opendata.transport.nsw.gov.au/data/dataset/be1c4de4-4517-4bd0-8a09-2965ddfc7179/resource/7bbb6461-e52d-4fe7-ace4-a15c30198de0/download/ev_20251216.csv,2026-09-06 00:51:11.506072+00:00
l_a41cfcfc0a3dd2838c1e,r_40bfe7c0e25268e928da,316,AC,23.0,23.0,single,23 kW,data/raw/ev_20251216.csv,https://opendata.transport.nsw.gov.au/data/dataset/be1c4de4-4517-4bd0-8a09-2965ddfc7179/resource/7bbb6461-e52d-4fe7-ace4-a15c30198de0/download/ev_20251216.csv,2026-09-06 00:51:11.506072+00:00
l_442ed2f39cbc71fd1a62,r_0216bb139cdae127d300,317,AC,22.0,22.0,single,22 kW,data/raw/ev_20251216.csv,https://opendata.transport.nsw.gov.au/data/dataset/be1c4de4-4517-4bd0-8a09-2965ddfc7179/resource/7bbb6461-e52d-4fe7-ace4-a15c30198de0/download/ev_20251216.csv,2026-09-06 00:51:11.506072+00:00
l_aa7b307b295d6a3cce5e,r_82530bb24dbd073937fc,318,AC,22.0,22.0,single,22 kW,data/raw/ev_20251216.csv,https://opendata.transport.nsw.gov.au/data/dataset/be1c4de4-4517-4bd0-8a09-2965ddfc7179/resource/7bbb6461-e52d-4fe7-ace4-a15c30198de0/download/ev_20251216.csv,2026-09-06 00:51:11.506072+00:00
l_27caa02f1073b901e900,r_68501f9588271116c352,319,AC,22.0,22.0,single,22 kW,data/raw/ev_20251216.csv,https://opendata.transport.nsw.gov.au/data/dataset/be1c4de4-4517-4bd0-8a09-2965ddfc7179/resource/7bbb6461-e52d-4fe7-ace4-a15c30198de0/download/ev_20251216.csv,2026-09-06 00:51:11.506072+00:00
l_1d9154bf43f657c23a2a,r_ccda44b34ff78ab2498e,320,AC,22.0,22.0,single,22 kW,data/raw/ev_20251216.csv,https://opendata.transport.nsw.gov.au/data/dataset/be1c4de4-4517-4bd0-8a09-2965ddfc7179/resource/7bbb6461-e52d-4fe7-ace4-a15c30198de0/download/ev_20251216.csv,2026-09-06 00:51:11.506072+00:00
l_41c7b17cceed95db44db,r_8a82826ad87639944cac,321,AC,22.0,22.0,single,22 kW,data/raw/ev_20251216.csv,https://opendata.transport.nsw.gov.au/data/dataset/be1c4de4-4517-4bd0-8a09-2965ddfc7179/resource/7bbb6461-e52d-4fe7-ace4-a15c30198de0/download/ev_20251216.csv,2026-09-06 00:51:11.506072+00:00
l_79d0df83d5ae4860e16e,r_d702d179bee39be90a56,322,AC,22.0,22.0,single,22 kW,data/raw/ev_20251216.csv,https://opendata.transport.nsw.gov.au/data/dataset/be1c4de4-4517-4bd0-8a09-2965ddfc7179/resource/7bbb6461-e52d-4fe7-ace4-a15c30198de0/download/ev_20251216.csv,2026-09-06 00:51:11.506072+00:00
l_bb996d40650e392334d7,r_2ba243dc829ebb0c1191,323,AC,6.0,6.0,single,6 kW,data/raw/ev_20251216.csv,https://opendata.transport.nsw.gov.au/data/dataset/be1c4de4-4517-4bd0-8a09-2965ddfc7179/resource/7bbb6461-e52d-4fe7-ace4-a15c30198de0/download/ev_20251216.csv,2026-09-06 00:51:11.506072+00:00
l_247b90ebf643cc7168dc,r_0aa8a30891c4785ba881,324,DC,150.0,150.0,single,150 kW,data/raw/ev_20251216.csv,https://opendata.transport.nsw.gov.au/data/dataset/be1c4de4-4517-4bd0-8a09-2965ddfc7179/resource/7bbb6461-e52d-4fe7-ace4-a15c30198de0/download/ev_20251216.csv,2026-09-06 00:51:11.506072+00:00
l_99c4f9737249a7e167dd,r_0c6f916d928d2d873c57,325,AC,22.0,22.0,single,22 kW,data/raw/ev_20251216.csv,https://opendata.transport.nsw.gov.au/data/dataset/be1c4de4-4517-4bd0-8a09-2965ddfc7179/resource/7bbb6461-e52d-4fe7-ace4-a15c30198de0/download/ev_20251216.csv,2026-09-06 00:51:11.506072+00:00
l_9c466be6c274502d0bd0,r_68e96d77ffb4fce920a7,326,AC,22.0,22.0,single,22 kW,data/raw/ev_20251216.csv,https://opendata.transport.nsw.gov.au/data/dataset/be1c4de4-4517-4bd0-8a09-2965ddfc7179/resource/7bbb6461-e52d-4fe7-ace4-a15c30198de0/download/ev_20251216.csv,2026-09-06 00:51:11.506072+00:00
l_9afe0fe6196359613351,r_7f187fc971b0c2497f4b,327,AC,22.0,22.0,single,22 kW,data/raw/ev_20251216.csv,https://opendata.transport.nsw.gov.au/data/dataset/be1c4de4-4517-4bd0-8a09-2965ddfc7179/resource/7bbb6461-e52d-4fe7-ace4-a15c30198de0/download/ev_20251216.csv,2026-09-06 00:51:11.506072+00:00
l_8f3a73c756a52fd8393e,r_9cee60c34d8a8af6dc0b,328,AC,22.0,22.0,single,22 kW,data/raw/ev_20251216.csv,https://opendata.transport.nsw.gov.au/data/dataset/be1c4de4-4517-4bd0-8a09-2965ddfc7179/resource/7bbb6461-e52d-4fe7-ace4-a15c30198de0/download/ev_20251216.csv,2026-09-06 00:51:11.506072+00:00
l_3e52224d6a04f1b5cb7f,r_f2f4a8c9ee7f96a1594e,329,AC,22.0,22.0,single,22 kW,data/raw/ev_20251216.csv,https://opendata.transport.nsw.gov.au/data/dataset/be1c4de4-4517-4bd0-8a09-2965ddfc7179/resource/7bbb6461-e52d-4fe7-ace4-a15c30198de0/download/ev_20251216.csv,2026-09-06 00:51:11.506072+00:00
l_a98884c7b5b79e35088f,r_c78c8f758d2c01a9df3a,330,DC,25.0,25.0,single,25 kW,data/raw/ev_20251216.csv,https://opendata.transport.nsw.gov.au/data/dataset/be1c4de4-4517-4bd0-8a09-2965ddfc7179/resource/7bbb6461-e52d-4fe7-ace4-a15c30198de0/download/ev_20251216.csv,2026-09-06 00:51:11.506072+00:00
l_a432cf056b20181bd38a,r_c8d67f89eab319cefa22,331,AC,22.0,22.0,single,22 kW,data/raw/ev_20251216.csv,https://opendata.transport.nsw.gov.au/data/dataset/be1c4de4-4517-4bd0-8a09-2965ddfc7179/resource/7bbb6461-e52d-4fe7-ace4-a15c30198de0/download/ev_20251216.csv,2026-09-06 00:51:11.506072+00:00
l_614879eb5abcab6f959a,r_85bb46ee0c42409265b7,332,DC,75.0,75.0,single,75 kW,data/raw/ev_20251216.csv,https://opendata.transport.nsw.gov.au/data/dataset/be1c4de4-4517-4bd0-8a09-2965ddfc7179/resource/7bbb6461-e52d-4fe7-ace4-a15c30198de0/download/ev_20251216.csv,2026-09-06 00:51:11.506072+00:00
l_9d4074fac6e1238e6536,r_a9b0f414081b11190ea1,333,DC,350.0,350.0,single,350 kW,data/raw/ev_20251216.csv,https://opendata.transport.nsw.gov.au/data/dataset/be1c4de4-4517-4bd0-8a09-2965ddfc7179/resource/7bbb6461-e52d-4fe7-ace4-a15c30198de0/download/ev_20251216.csv,2026-09-06 00:51:11.506072+00:00
l_ed98349f6a8f0240a5c3,r_391002acea3b70877d26,334,DC,25.0,25.0,single,25 kW,data/raw/ev_20251216.csv,https://opendata.transport.nsw.gov.au/data/dataset/be1c4de4-4517-4bd0-8a09-2965ddfc7179/resource/7bbb6461-e52d-4fe7-ace4-a15c30198de0/download/ev_20251216.csv,2026-09-06 00:51:11.506072+00:00
l_32eb185d7df4945bac3c,r_566dd46149f69af310d1,335,DC,75.0,75.0,single,75 kW,data/raw/ev_20251216.csv,https://opendata.transport.nsw.gov.au/data/dataset/be1c4de4-4517-4bd0-8a09-2965ddfc7179/resource/7bbb6461-e52d-4fe7-ace4-a15c30198de0/download/ev_20251216.csv,2026-09-06 00:51:11.506072+00:00
l_395d72b887ba3c6c001b,r_3bbe659348dc09c06f19,336,DC,150.0,150.0,single,150 kW,data/raw/ev_20251216.csv,https://opendata.transport.nsw.gov.au/data/dataset/be1c4de4-4517-4bd0-8a09-2965ddfc7179/resource/7bbb6461-e52d-4fe7-ace4-a15c30198de0/download/ev_20251216.csv,2026-09-06 00:51:11.506072+00:00
l_b00ffb63143d9845800c,r_0009efcd96b4cf32f684,337,AC,19.0,19.0,single,19 kW,data/raw/ev_20251216.csv,https://opendata.transport.nsw.gov.au/data/dataset/be1c4de4-4517-4bd0-8a09-2965ddfc7179/resource/7bbb6461-e52d-4fe7-ace4-a15c30198de0/download/ev_20251216.csv,2026-09-06 00:51:11.506072+00:00
l_d32ae6a0b7063e4c85d8,r_731091374d3db6402410,338,AC,22.0,22.0,single,22 kW,data/raw/ev_20251216.csv,https://opendata.transport.nsw.gov.au/data/dataset/be1c4de4-4517-4bd0-8a09-2965ddfc7179/resource/7bbb6461-e52d-4fe7-ace4-a15c30198de0/download/ev_20251216.csv,2026-09-06 00:51:11.506072+00:00
l_470d5eb30c96a2fb2957,r_3412de58c3974a4a9451,339,AC,22.0,22.0,single,22 kW,data/raw/ev_20251216.csv,https://opendata.transport.nsw.gov.au/data/dataset/be1c4de4-4517-4bd0-8a09-2965ddfc7179/resource/7bbb6461-e52d-4fe7-ace4-a15c30198de0/download/ev_20251216.csv,2026-09-06 00:51:11.506072+00:00
l_eb0ffbfcd4758036faaa,r_7888bd4e54001b938f43,340,DC,25.0,25.0,single,25 kW,data/raw/ev_20251216.csv,https://opendata.transport.nsw.gov.au/data/dataset/be1c4de4-4517-4bd0-8a09-2965ddfc7179/resource/7bbb6461-e52d-4fe7-ace4-a15c30198de0/download/ev_20251216.csv,2026-09-06 00:51:11.506072+00:00
l_5617df25e7fc5dc3ef32,r_a6fe3a177488dd30f390,341,DC,25.0,25.0,single,25 kW,data/raw/ev_20251216.csv,https://opendata.transport.nsw.gov.au/data/dataset/be1c4de4-4517-4bd0-8a09-2965ddfc7179/resource/7bbb6461-e52d-4fe7-ace4-a15c30198de0/download/ev_20251216.csv,2026-09-06 00:51:11.506072+00:00
l_266e266de6f4aa33872b,r_76afe61ff0536e488819,342,DC,50.0,50.0,single,50 kW,data/raw/ev_20251216.csv,https://opendata.transport.nsw.gov.au/data/dataset/be1c4de4-4517-4bd0-8a09-2965ddfc7179/resource/7bbb6461-e52d-4fe7-ace4-a15c30198de0/download/ev_20251216.csv,2026-09-06 00:51:11.506072+00:00
l_fcdc20146cc4aad3252b,r_98d234f19aff794ce42b,343,DC,25.0,25.0,single,25 kW,data/raw/ev_20251216.csv,https://opendata.transport.nsw.gov.au/data/dataset/be1c4de4-4517-4bd0-8a09-2965ddfc7179/resource/7bbb6461-e52d-4fe7-ace4-a15c30198de0/download/ev_20251216.csv,2026-09-06 00:51:11.506072+00:00
l_f9ba087aa70daec660fd,r_cf43c5a129de64bbcfe6,344,DC,130.0,130.0,single,130 kW,data/raw/ev_20251216.csv,https://opendata.transport.nsw.gov.au/data/dataset/be1c4de4-4517-4bd0-8a09-2965ddfc7179/resource/7bbb6461-e52d-4fe7-ace4-a15c30198de0/download/ev_20251216.csv,2026-09-06 00:51:11.506072+00:00
l_ba42707ee6dfafd3d846,r_4e0d27f1305a19f019f2,345,AC,22.0,22.0,single,22 kW,data/raw/ev_20251216.csv,https://opendata.transport.nsw.gov.au/data/dataset/be1c4de4-4517-4bd0-8a09-2965ddfc7179/resource/7bbb6461-e52d-4fe7-ace4-a15c30198de0/download/ev_20251216.csv,2026-09-06 00:51:11.506072+00:00
l_f2dba8611f1cace1eddb,r_cf30a101d9e05ef71fb4,346,AC,6.0,6.0,single,6 kW,data/raw/ev_20251216.csv,https://opendata.transport.nsw.gov.au/data/dataset/be1c4de4-4517-4bd0-8a09-2965ddfc7179/resource/7bbb6461-e52d-4fe7-ace4-a15c30198de0/download/ev_20251216.csv,2026-09-06 00:51:11.506072+00:00
l_8dd767a83bde0adf7651,r_8b295098ccc40dd8c273,347,AC,22.0,22.0,single,22 kW,data/raw/ev_20251216.csv,https://opendata.transport.nsw.gov.au/data/dataset/be1c4de4-4517-4bd0-8a09-2965ddfc7179/resource/7bbb6461-e52d-4fe7-ace4-a15c30198de0/download/ev_20251216.csv,2026-09-06 00:51:11.506072+00:00
l_d1876bc476f9ae838287,r_bb5c24d0e17857d5744e,348,DC,50.0,50.0,single,50 kW,data/raw/ev_20251216.csv,https://opendata.transport.nsw.gov.au/data/dataset/be1c4de4-4517-4bd0-8a09-2965ddfc7179/resource/7bbb6461-e52d-4fe7-ace4-a15c30198de0/download/ev_20251216.csv,2026-09-06 00:51:11.506072+00:00
l_7947f7985f70470e281f,r_d33cf3e433c88a0479b5,349,AC,22.0,22.0,single,22 kW,data/raw/ev_20251216.csv,https://opendata.transport.nsw.gov.au/data/dataset/be1c4de4-4517-4bd0-8a09-2965ddfc7179/resource/7bbb6461-e52d-4fe7-ace4-a15c30198de0/download/ev_20251216.csv,2026-09-06 00:51:11.506072+00:00
l_e6ef0955f0bbc68009bb,r_5789ce92bcffa79aaa27,350,AC,22.0,22.0,single,22 kW,data/raw/ev_20251216.csv,https://opendata.transport.nsw.gov.au/data/dataset/be1c4de4-4517-4bd0-8a09-2965ddfc7179/resource/7bbb6461-e52d-4fe7-ace4-a15c30198de0/download/ev_20251216.csv,2026-09-06 00:51:11.506072+00:00
l_745d190c329ae2a2d826,r_929e653c8a2ea0b2bd47,351,AC,22.0,22.0,single,22 kW,data/raw/ev_20251216.csv,https://opendata.transport.nsw.gov.au/data/dataset/be1c4de4-4517-4bd0-8a09-2965ddfc7179/resource/7bbb6461-e52d-4fe7-ace4-a15c30198de0/download/ev_20251216.csv,2026-09-06 00:51:11.506072+00:00
l_c0301b6e85e7f824f2d7,r_4a2316e3fd259ed1f755,352,AC,6.0,6.0,single,6 kW,data/raw/ev_20251216.csv,https://opendata.transport.nsw.gov.au/data/dataset/be1c4de4-4517-4bd0-8a09-2965ddfc7179/resource/7bbb6461-e52d-4fe7-ace4-a15c30198de0/download/ev_20251216.csv,2026-09-06 00:51:11.506072+00:00
l_58679f2cce2f2abf3628,r_a2720457fb04c4750a4b,353,DC,75.0,75.0,single,75 kW,data/raw/ev_20251216.csv,https://opendata.transport.nsw.gov.au/data/dataset/be1c4de4-4517-4bd0-8a09-2965ddfc7179/resource/7bbb6461-e52d-4fe7-ace4-a15c30198de0/download/ev_20251216.csv,2026-09-06 00:51:11.506072+00:00
l_ad70c1db2e20eb4f7bdd,r_64ce8b2d55608af53e78,354,AC,22.0,22.0,single,22 kW,data/raw/ev_20251216.csv,https://opendata.transport.nsw.gov.au/data/dataset/be1c4de4-4517-4bd0-8a09-2965ddfc7179/resource/7bbb6461-e52d-4fe7-ace4-a15c30198de0/download/ev_20251216.csv,2026-09-06 00:51:11.506072+00:00
l_d39f4fc8acfc83c787e0,r_12d531c151f7c3583a68,355,DC,350.0,350.0,single,350 kW,data/raw/ev_20251216.csv,https://opendata.transport.nsw.gov.au/data/dataset/be1c4de4-4517-4bd0-8a09-2965ddfc7179/resource/7bbb6461-e52d-4fe7-ace4-a15c30198de0/download/ev_20251216.csv,2026-09-06 00:51:11.506072+00:00
l_560a069790db2f826869,r_ca56c01b7c12e9a166e4,356,AC,22.0,22.0,single,22 kW,data/raw/ev_20251216.csv,https://opendata.transport.nsw.gov.au/data/dataset/be1c4de4-4517-4bd0-8a09-2965ddfc7179/resource/7bbb6461-e52d-4fe7-ace4-a15c30198de0/download/ev_20251216.csv,2026-09-06 00:51:11.506072+00:00
l_48331edb16cf4b92cca5,r_9b21ffb1bc35f26a4fd4,357,AC,17.0,17.0,single,17 kW,data/raw/ev_20251216.csv,https://opendata.transport.nsw.gov.au/data/dataset/be1c4de4-4517-4bd0-8a09-2965ddfc7179/resource/7bbb6461-e52d-4fe7-ace4-a15c30198de0/download/ev_20251216.csv,2026-09-06 00:51:11.506072+00:00
l_bc43dfca880ffb942ad0,r_b5882b4bce7323a5a308,358,DC,250.0,250.0,single,250 kW,data/raw/ev_20251216.csv,https://opendata.transport.nsw.gov.au/data/dataset/be1c4de4-4517-4bd0-8a09-2965ddfc7179/resource/7bbb6461-e52d-4fe7-ace4-a15c30198de0/download/ev_20251216.csv,2026-09-06 00:51:11.506072+00:00
l_d5aba7151b28444981c7,r_6d1f893c6c45fc248fd1,359,DC,150.0,150.0,single,150 kW,data/raw/ev_20251216.csv,https://opendata.transport.nsw.gov.au/data/dataset/be1c4de4-4517-4bd0-8a09-2965ddfc7179/resource/7bbb6461-e52d-4fe7-ace4-a15c30198de0/download/ev_20251216.csv,2026-09-06 00:51:11.506072+00:00
l_5a624b39d21362429fa3,r_69c4a989b5904edf24d7,360,AC,11.0,11.0,single,11 kW,data/raw/ev_20251216.csv,https://opendata.transport.nsw.gov.au/data/dataset/be1c4de4-4517-4bd0-8a09-2965ddfc7179/resource/7bbb6461-e52d-4fe7-ace4-a15c30198de0/download/ev_20251216.csv,2026-09-06 00:51:11.506072+00:00
l_64a0cba3a8bda610eeed,r_45ecad6be12cb2462b70,361,DC,175.0,175.0,single,175 kW,data/raw/ev_20251216.csv,https://opendata.transport.nsw.gov.au/data/dataset/be1c4de4-4517-4bd0-8a09-2965ddfc7179/resource/7bbb6461-e52d-4fe7-ace4-a15c30198de0/download/ev_20251216.csv,2026-09-06 00:51:11.506072+00:00
l_50301b9f6a1e07b9dbc5,r_82be99feac523f5a71d1,362,AC,22.0,22.0,single,22 kW,data/raw/ev_20251216.csv,https://opendata.transport.nsw.gov.au/data/dataset/be1c4de4-4517-4bd0-8a09-2965ddfc7179/resource/7bbb6461-e52d-4fe7-ace4-a15c30198de0/download/ev_20251216.csv,2026-09-06 00:51:11.506072+00:00
l_3c709d000dacb5619f7d,r_7277cdddcc3dd6318671,363,AC,6.0,6.0,single,6 kW,data/raw/ev_20251216.csv,https://opendata.transport.nsw.gov.au/data/dataset/be1c4de4-4517-4bd0-8a09-2965ddfc7179/resource/7bbb6461-e52d-4fe7-ace4-a15c30198de0/download/ev_20251216.csv,2026-09-06 00:51:11.506072+00:00
l_80484f411d8425d308c5,r_05e90d3e8621c8dcfd53,364,AC,11.0,11.0,single,11 kW,data/raw/ev_20251216.csv,https://opendata.transport.nsw.gov.au/data/dataset/be1c4de4-4517-4bd0-8a09-2965ddfc7179/resource/7bbb6461-e52d-4fe7-ace4-a15c30198de0/download/ev_20251216.csv,2026-09-06 00:51:11.506072+00:00
l_51489750c9bacd1f1530,r_f6f2918b8dfddf479e60,365,DC,75.0,75.0,single,75 kW,data/raw/ev_20251216.csv,https://opendata.transport.nsw.gov.au/data/dataset/be1c4de4-4517-4bd0-8a09-2965ddfc7179/resource/7bbb6461-e52d-4fe7-ace4-a15c30198de0/download/ev_20251216.csv,2026-09-06 00:51:11.506072+00:00
l_38f1a55b517de3b5e924,r_0e91802ba272795143de,366,AC,22.0,22.0,single,22 kW,data/raw/ev_20251216.csv,https://opendata.transport.nsw.gov.au/data/dataset/be1c4de4-4517-4bd0-8a09-2965ddfc7179/resource/7bbb6461-e52d-4fe7-ace4-a15c30198de0/download/ev_20251216.csv,2026-09-06 00:51:11.506072+00:00
l_a1a130c747718c4382b3,r_5b4c520fc7fe46dc51c1,367,DC,75.0,75.0,single,75 kW,data/raw/ev_20251216.csv,https://opendata.transport.nsw.gov.au/data/dataset/be1c4de4-4517-4bd0-8a09-2965ddfc7179/resource/7bbb6461-e52d-4fe7-ace4-a15c30198de0/download/ev_20251216.csv,2026-09-06 00:51:11.506072+00:00
l_64f6f9d49f6ef52fa949,r_022d4c459b2e698046cb,368,AC,22.0,22.0,single,22 kW,data/raw/ev_20251216.csv,https://opendata.transport.nsw.gov.au/data/dataset/be1c4de4-4517-4bd0-8a09-2965ddfc7179/resource/7bbb6461-e52d-4fe7-ace4-a15c30198de0/download/ev_20251216.csv,2026-09-06 00:51:11.506072+00:00
l_19ecb231a0a8356c1e0d,r_d20855715b67a06babf6,369,AC,22.0,22.0,single,22 kW,data/raw/ev_20251216.csv,https://opendata.transport.nsw.gov.au/data/dataset/be1c4de4-4517-4bd0-8a09-2965ddfc7179/resource/7bbb6461-e52d-4fe7-ace4-a15c30198de0/download/ev_20251216.csv,2026-09-06 00:51:11.506072+00:00
l_7631a9743b06ffef2965,r_12bf25dd8a598ff8859f,370,DC,150.0,150.0,single,150 kW,data/raw/ev_20251216.csv,https://opendata.transport.nsw.gov.au/data/dataset/be1c4de4-4517-4bd0-8a09-2965ddfc7179/resource/7bbb6461-e52d-4fe7-ace4-a15c30198de0/download/ev_20251216.csv,2026-09-06 00:51:11.506072+00:00
l_1761162d94172575a525,r_12d0619c272253466bfd,371,DC,47.0,47.0,single,47 kW,data/raw/ev_20251216.csv,https://opendata.transport.nsw.gov.au/data/dataset/be1c4de4-4517-4bd0-8a09-2965ddfc7179/resource/7bbb6461-e52d-4fe7-ace4-a15c30198de0/download/ev_20251216.csv,2026-09-06 00:51:11.506072+00:00
l_96e4758e419413dfc1c3,r_06041637c81a82aa0fbd,372,AC,22.0,22.0,single,22 kW,data/raw/ev_20251216.csv,https://opendata.transport.nsw.gov.au/data/dataset/be1c4de4-4517-4bd0-8a09-2965ddfc7179/resource/7bbb6461-e52d-4fe7-ace4-a15c30198de0/download/ev_20251216.csv,2026-09-06 00:51:11.506072+00:00
l_fb9c1fce6161a97f8fb1,r_eb2231d890e18eb7d58f,373,AC,22.0,22.0,single,22 kW,data/raw/ev_20251216.csv,https://opendata.transport.nsw.gov.au/data/dataset/be1c4de4-4517-4bd0-8a09-2965ddfc7179/resource/7bbb6461-e52d-4fe7-ace4-a15c30198de0/download/ev_20251216.csv,2026-09-06 00:51:11.506072+00:00
l_9d282aa1b4b1e10446cb,r_949e0020faa4650566aa,374,AC,6.0,6.0,single,6 kW,data/raw/ev_20251216.csv,https://opendata.transport.nsw.gov.au/data/dataset/be1c4de4-4517-4bd0-8a09-2965ddfc7179/resource/7bbb6461-e52d-4fe7-ace4-a15c30198de0/download/ev_20251216.csv,2026-09-06 00:51:11.506072+00:00
l_41cdbd5ab07905f37d05,r_e07890500ed8f079d0f7,375,DC,130.0,130.0,single,130 kW,data/raw/ev_20251216.csv,https://opendata.transport.nsw.gov.au/data/dataset/be1c4de4-4517-4bd0-8a09-2965ddfc7179/resource/7bbb6461-e52d-4fe7-ace4-a15c30198de0/download/ev_20251216.csv,2026-09-06 00:51:11.506072+00:00
l_6ae47c835af3f21a6b61,r_e882e8b1a7ae0bfff531,376,DC,25.0,25.0,single,25 kW,data/raw/ev_20251216.csv,https://opendata.transport.nsw.gov.au/data/dataset/be1c4de4-4517-4bd0-8a09-2965ddfc7179/resource/7bbb6461-e52d-4fe7-ace4-a15c30198de0/download/ev_20251216.csv,2026-09-06 00:51:11.506072+00:00
l_da1385f1598f530d7e28,r_93555053e98583156253,377,AC,22.0,22.0,single,22 kW,data/raw/ev_20251216.csv,https://opendata.transport.nsw.gov.au/data/dataset/be1c4de4-4517-4bd0-8a09-2965ddfc7179/resource/7bbb6461-e52d-4fe7-ace4-a15c30198de0/download/ev_20251216.csv,2026-09-06 00:51:11.506072+00:00
l_e07dbfccc7fba71deef0,r_23ff0217ca5d1a1b6856,378,DC,60.0,60.0,single,60 kW,data/raw/ev_20251216.csv,https://opendata.transport.nsw.gov.au/data/dataset/be1c4de4-4517-4bd0-8a09-2965ddfc7179/resource/7bbb6461-e52d-4fe7-ace4-a15c30198de0/download/ev_20251216.csv,2026-09-06 00:51:11.506072+00:00
l_22efbc6d99f788e022fc,r_d4f3136fcab4d3401406,379,DC,75.0,75.0,single,75 kW,data/raw/ev_20251216.csv,https://opendata.transport.nsw.gov.au/data/dataset/be1c4de4-4517-4bd0-8a09-2965ddfc7179/resource/7bbb6461-e52d-4fe7-ace4-a15c30198de0/download/ev_20251216.csv,2026-09-06 00:51:11.506072+00:00
l_b2d2b4a86d06edc75a09,r_1f8b175f54b73f63a5fb,380,DC,75.0,75.0,single,75 kW,data/raw/ev_20251216.csv,https://opendata.transport.nsw.gov.au/data/dataset/be1c4de4-4517-4bd0-8a09-2965ddfc7179/resource/7bbb6461-e52d-4fe7-ace4-a15c30198de0/download/ev_20251216.csv,2026-09-06 00:51:11.506072+00:00
l_807720760c92f5b6d288,r_dfc2daaa3d89b6e5ff6c,381,AC,22.0,22.0,single,22 kW,data/raw/ev_20251216.csv,https://opendata.transport.nsw.gov.au/data/dataset/be1c4de4-4517-4bd0-8a09-2965ddfc7179/resource/7bbb6461-e52d-4fe7-ace4-a15c30198de0/download/ev_20251216.csv,2026-09-06 00:51:11.506072+00:00
l_134a9a04efadf3cfbea1,r_4b45f32881cec57ab314,382,AC,22.0,22.0,single,22 kW,data/raw/ev_20251216.csv,https://opendata.transport.nsw.gov.au/data/dataset/be1c4de4-4517-4bd0-8a09-2965ddfc7179/resource/7bbb6461-e52d-4fe7-ace4-a15c30198de0/download/ev_20251216.csv,2026-09-06 00:51:11.506072+00:00
l_25bf22876e68d474bf54,r_2ba3c507be9d7696f5d3,383,AC,6.0,6.0,single,6 kW,data/raw/ev_20251216.csv,https://opendata.transport.nsw.gov.au/data/dataset/be1c4de4-4517-4bd0-8a09-2965ddfc7179/resource/7bbb6461-e52d-4fe7-ace4-a15c30198de0/download/ev_20251216.csv,2026-09-06 00:51:11.506072+00:00
l_4e28ef0381887ae57678,r_e5a1776d08d102dbf6c0,384,DC,75.0,75.0,single,75 kW,data/raw/ev_20251216.csv,https://opendata.transport.nsw.gov.au/data/dataset/be1c4de4-4517-4bd0-8a09-2965ddfc7179/resource/7bbb6461-e52d-4fe7-ace4-a15c30198de0/download/ev_20251216.csv,2026-09-06 00:51:11.506072+00:00
l_98247725bf252bb5e576,r_ba43fcbb7b3949c6369c,385,DC,50.0,50.0,single,50 kW,data/raw/ev_20251216.csv,https://opendata.transport.nsw.gov.au/data/dataset/be1c4de4-4517-4bd0-8a09-2965ddfc7179/resource/7bbb6461-e52d-4fe7-ace4-a15c30198de0/download/ev_20251216.csv,2026-09-06 00:51:11.506072+00:00
l_7badbdc99d2d5018d3a5,r_76eb89a1718e74920522,386,AC,22.0,22.0,single,22 kW,data/raw/ev_20251216.csv,https://opendata.transport.nsw.gov.au/data/dataset/be1c4de4-4517-4bd0-8a09-2965ddfc7179/resource/7bbb6461-e52d-4fe7-ace4-a15c30198de0/download/ev_20251216.csv,2026-09-06 00:51:11.506072+00:00
l_f662f5b85b3e6bdb4a5b,r_d14f0ac2dba8d725f0fc,387,AC,6.0,6.0,single,6 kW,data/raw/ev_20251216.csv,https://opendata.transport.nsw.gov.au/data/dataset/be1c4de4-4517-4bd0-8a09-2965ddfc7179/resource/7bbb6461-e52d-4fe7-ace4-a15c30198de0/download/ev_20251216.csv,2026-09-06 00:51:11.506072+00:00
l_df20a72aa7db5a35d414,r_bf51a29fbc5cf75eee93,388,AC,6.0,6.0,single,6 kW,data/raw/ev_20251216.csv,https://opendata.transport.nsw.gov.au/data/dataset/be1c4de4-4517-4bd0-8a09-2965ddfc7179/resource/7bbb6461-e52d-4fe7-ace4-a15c30198de0/download/ev_20251216.csv,2026-09-06 00:51:11.506072+00:00
l_e4302d05d226ef843e59,r_e22d82d8b251b4921e92,389,AC,22.0,22.0,single,22 kW,data/raw/ev_20251216.csv,https://opendata.transport.nsw.gov.au/data/dataset/be1c4de4-4517-4bd0-8a09-2965ddfc7179/resource/7bbb6461-e52d-4fe7-ace4-a15c30198de0/download/ev_20251216.csv,2026-09-06 00:51:11.506072+00:00
l_5fc3cf30e0914aec771c,r_87d9938da8328a097235,390,AC,22.0,22.0,single,22 kW,data/raw/ev_20251216.csv,https://opendata.transport.nsw.gov.au/data/dataset/be1c4de4-4517-4bd0-8a09-2965ddfc7179/resource/7bbb6461-e52d-4fe7-ace4-a15c30198de0/download/ev_20251216.csv,2026-09-06 00:51:11.506072+00:00
l_6ee163bbc4d6e8ff5d99,r_df31b638733671385237,391,AC,6.0,6.0,single,6 kW,data/raw/ev_20251216.csv,https://opendata.transport.nsw.gov.au/data/dataset/be1c4de4-4517-4bd0-8a09-2965ddfc7179/resource/7bbb6461-e52d-4fe7-ace4-a15c30198de0/download/ev_20251216.csv,2026-09-06 00:51:11.506072+00:00
l_754e3307d5ed63bc24b4,r_9cf13163d5feccde6436,392,AC,22.0,22.0,single,22 kW,data/raw/ev_20251216.csv,https://opendata.transport.nsw.gov.au/data/dataset/be1c4de4-4517-4bd0-8a09-2965ddfc7179/resource/7bbb6461-e52d-4fe7-ace4-a15c30198de0/download/ev_20251216.csv,2026-09-06 00:51:11.506072+00:00
l_0edc9c6d28382f4aca94,r_9fcdf480121523fb62c5,393,DC,150.0,150.0,single,150 kW,data/raw/ev_20251216.csv,https://opendata.transport.nsw.gov.au/data/dataset/be1c4de4-4517-4bd0-8a09-2965ddfc7179/resource/7bbb6461-e52d-4fe7-ace4-a15c30198de0/download/ev_20251216.csv,2026-09-06 00:51:11.506072+00:00
l_75df30c75b76c4f15dd7,r_61f09ad730952e94e213,394,AC,6.0,6.0,single,6 kW,data/raw/ev_20251216.csv,https://opendata.transport.nsw.gov.au/data/dataset/be1c4de4-4517-4bd0-8a09-2965ddfc7179/resource/7bbb6461-e52d-4fe7-ace4-a15c30198de0/download/ev_20251216.csv,2026-09-06 00:51:11.506072+00:00
l_b63549221fad87b3262c,r_78d9a81044a26cf7b6de,395,DC,50.0,50.0,single,50 kW,data/raw/ev_20251216.csv,https://opendata.transport.nsw.gov.au/data/dataset/be1c4de4-4517-4bd0-8a09-2965ddfc7179/resource/7bbb6461-e52d-4fe7-ace4-a15c30198de0/download/ev_20251216.csv,2026-09-06 00:51:11.506072+00:00
l_e88f3ce8e145e38e1110,r_cdc61cdee1853f89781f,396,AC,6.0,6.0,single,6 kW,data/raw/ev_20251216.csv,https://opendata.transport.nsw.gov.au/data/dataset/be1c4de4-4517-4bd0-8a09-2965ddfc7179/resource/7bbb6461-e52d-4fe7-ace4-a15c30198de0/download/ev_20251216.csv,2026-09-06 00:51:11.506072+00:00
l_e5d7d27c440c822c4ffd,r_b0aa0f70a9f94137ef18,397,DC,100.0,100.0,single,100 kW,data/raw/ev_20251216.csv,https://opendata.transport.nsw.gov.au/data/dataset/be1c4de4-4517-4bd0-8a09-2965ddfc7179/resource/7bbb6461-e52d-4fe7-ace4-a15c30198de0/download/ev_20251216.csv,2026-09-06 00:51:11.506072+00:00
l_0d74a87023f63b91256e,r_82ed7fb0b822ab0d926f,398,AC,3.0,3.0,single,3 kW,data/raw/ev_20251216.csv,https://opendata.transport.nsw.gov.au/data/dataset/be1c4de4-4517-4bd0-8a09-2965ddfc7179/resource/7bbb6461-e52d-4fe7-ace4-a15c30198de0/download/ev_20251216.csv,2026-09-06 00:51:11.506072+00:00
l_02b3a85fd63b768948f5,r_051951c0d0f21e6a41c5,399,DC,75.0,75.0,single,75 kW,data/raw/ev_20251216.csv,https://opendata.transport.nsw.gov.au/data/dataset/be1c4de4-4517-4bd0-8a09-2965ddfc7179/resource/7bbb6461-e52d-4fe7-ace4-a15c30198de0/download/ev_20251216.csv,2026-09-06 00:51:11.506072+00:00
l_9857988d3aaa41efbdc0,r_77225cd7f61eae023780,400,AC,22.0,22.0,single,22 kW,data/raw/ev_20251216.csv,https://opendata.transport.nsw.gov.au/data/dataset/be1c4de4-4517-4bd0-8a09-2965ddfc7179/resource/7bbb6461-e52d-4fe7-ace4-a15c30198de0/download/ev_20251216.csv,2026-09-06 00:51:11.506072+00:00
l_8722362ab3a46242a05f,r_ad64f47afe8620768041,401,AC,22.0,22.0,single,22 kW,data/raw/ev_20251216.csv,https://opendata.transport.nsw.gov.au/data/dataset/be1c4de4-4517-4bd0-8a09-2965ddfc7179/resource/7bbb6461-e52d-4fe7-ace4-a15c30198de0/download/ev_20251216.csv,2026-09-06 00:51:11.506072+00:00
l_2b94426354684c3dc9a1,r_14d7c6a03df9f23d51c7,402,DC,350.0,350.0,single,350 kW,data/raw/ev_20251216.csv,https://opendata.transport.nsw.gov.au/data/dataset/be1c4de4-4517-4bd0-8a09-2965ddfc7179/resource/7bbb6461-e52d-4fe7-ace4-a15c30198de0/download/ev_20251216.csv,2026-09-06 00:51:11.506072+00:00
l_be7767c393124e2a9745,r_83abb88eae42317e0c90,403,AC,6.0,6.0,single,6 kW,data/raw/ev_20251216.csv,https://opendata.transport.nsw.gov.au/data/dataset/be1c4de4-4517-4bd0-8a09-2965ddfc7179/resource/7bbb6461-e52d-4fe7-ace4-a15c30198de0/download/ev_20251216.csv,2026-09-06 00:51:11.506072+00:00
l_33abbba4157cab79b6a6,r_6acdc966016c855be4b0,404,AC,22.0,22.0,single,22 kW,data/raw/ev_20251216.csv,https://opendata.transport.nsw.gov.au/data/dataset/be1c4de4-4517-4bd0-8a09-2965ddfc7179/resource/7bbb6461-e52d-4fe7-ace4-a15c30198de0/download/ev_20251216.csv,2026-09-06 00:51:11.506072+00:00
l_0168b8c639892dfe942b,r_8d8b7e57ee6e6fa43ac4,405,DC,25.0,25.0,single,25 kW,data/raw/ev_20251216.csv,https://opendata.transport.nsw.gov.au/data/dataset/be1c4de4-4517-4bd0-8a09-2965ddfc7179/resource/7bbb6461-e52d-4fe7-ace4-a15c30198de0/download/ev_20251216.csv,2026-09-06 00:51:11.506072+00:00
l_bd8b81a55806feb514fc,r_f4f0b7d88d7196917461,406,AC,6.0,6.0,single,6 kW,data/raw/ev_20251216.csv,https://opendata.transport.nsw.gov.au/data/dataset/be1c4de4-4517-4bd0-8a09-2965ddfc7179/resource/7bbb6461-e52d-4fe7-ace4-a15c30198de0/download/ev_20251216.csv,2026-09-06 00:51:11.506072+00:00
l_e8e986cb0a57f722343e,r_503d9d6deb39ad3a8802,407,AC,22.0,22.0,single,22 kW,data/raw/ev_20251216.csv,https://opendata.transport.nsw.gov.au/data/dataset/be1c4de4-4517-4bd0-8a09-2965ddfc7179/resource/7bbb6461-e52d-4fe7-ace4-a15c30198de0/download/ev_20251216.csv,2026-09-06 00:51:11.506072+00:00
l_12d525d5e53904464fa2,r_f6113899b5b8d516abc3,408,DC,25.0,25.0,single,25 kW,data/raw/ev_20251216.csv,https://opendata.transport.nsw.gov.au/data/dataset/be1c4de4-4517-4bd0-8a09-2965ddfc7179/resource/7bbb6461-e52d-4fe7-ace4-a15c30198de0/download/ev_20251216.csv,2026-09-06 00:51:11.506072+00:00
l_659502ad4cf8c132bb7b,r_51e320cba501c7dabfff,409,DC,180.0,180.0,single,180 kW,data/raw/ev_20251216.csv,https://opendata.transport.nsw.gov.au/data/dataset/be1c4de4-4517-4bd0-8a09-2965ddfc7179/resource/7bbb6461-e52d-4fe7-ace4-a15c30198de0/download/ev_20251216.csv,2026-09-06 00:51:11.506072+00:00
l_658cb39230ade6768e63,r_fa1c75feffb22cc5811f,410,DC,50.0,50.0,single,50 kW,data/raw/ev_20251216.csv,https://opendata.transport.nsw.gov.au/data/dataset/be1c4de4-4517-4bd0-8a09-2965ddfc7179/resource/7bbb6461-e52d-4fe7-ace4-a15c30198de0/download/ev_20251216.csv,2026-09-06 00:51:11.506072+00:00
l_199ede8e5a0e788eb7f8,r_f03b7b2e315d40a2b906,411,AC,22.0,22.0,single,22 kW,data/raw/ev_20251216.csv,https://opendata.transport.nsw.gov.au/data/dataset/be1c4de4-4517-4bd0-8a09-2965ddfc7179/resource/7bbb6461-e52d-4fe7-ace4-a15c30198de0/download/ev_20251216.csv,2026-09-06 00:51:11.506072+00:00
l_aa9edfeed40a59dcb3e8,r_53ac1fbcfc4653a95e51,412,AC,22.0,22.0,single,22 kW,data/raw/ev_20251216.csv,https://opendata.transport.nsw.gov.au/data/dataset/be1c4de4-4517-4bd0-8a09-2965ddfc7179/resource/7bbb6461-e52d-4fe7-ace4-a15c30198de0/download/ev_20251216.csv,2026-09-06 00:51:11.506072+00:00
l_688b0c2087b8ebfbc60f,r_06d4edf67ba2a2e9e95e,413,DC,50.0,50.0,single,50 kW,data/raw/ev_20251216.csv,https://opendata.transport.nsw.gov.au/data/dataset/be1c4de4-4517-4bd0-8a09-2965ddfc7179/resource/7bbb6461-e52d-4fe7-ace4-a15c30198de0/download/ev_20251216.csv,2026-09-06 00:51:11.506072+00:00
l_458ac53a3306ffd54297,r_96bc6da2c857fb5780b0,414,AC,22.0,22.0,single,22 kW,data/raw/ev_20251216.csv,https://opendata.transport.nsw.gov.au/data/dataset/be1c4de4-4517-4bd0-8a09-2965ddfc7179/resource/7bbb6461-e52d-4fe7-ace4-a15c30198de0/download/ev_20251216.csv,2026-09-06 00:51:11.506072+00:00
l_47afd4696eb10fe958b7,r_8220665852feb533be97,415,AC,22.0,22.0,single,22 kW,data/raw/ev_20251216.csv,https://opendata.transport.nsw.gov.au/data/dataset/be1c4de4-4517-4bd0-8a09-2965ddfc7179/resource/7bbb6461-e52d-4fe7-ace4-a15c30198de0/download/ev_20251216.csv,2026-09-06 00:51:11.506072+00:00
l_22acf8d0c18f6d1f69e5,r_f321d7cb9ca9578d1718,417,DC,50.0,50.0,single,50 kW,data/raw/ev_20251216.csv,https://opendata.transport.nsw.gov.au/data/dataset/be1c4de4-4517-4bd0-8a09-2965ddfc7179/resource/7bbb6461-e52d-4fe7-ace4-a15c30198de0/download/ev_20251216.csv,2026-09-06 00:51:11.506072+00:00
l_40147c4be518629baf2f,r_6a1eb5f8a3432d643ceb,418,AC,22.0,22.0,single,22 kW,data/raw/ev_20251216.csv,https://opendata.transport.nsw.gov.au/data/dataset/be1c4de4-4517-4bd0-8a09-2965ddfc7179/resource/7bbb6461-e52d-4fe7-ace4-a15c30198de0/download/ev_20251216.csv,2026-09-06 00:51:11.506072+00:00
l_41188646b478932fd615,r_7a3363a83e17b691ce90,419,DC,75.0,75.0,single,75 kW,data/raw/ev_20251216.csv,https://opendata.transport.nsw.gov.au/data/dataset/be1c4de4-4517-4bd0-8a09-2965ddfc7179/resource/7bbb6461-e52d-4fe7-ace4-a15c30198de0/download/ev_20251216.csv,2026-09-06 00:51:11.506072+00:00
l_288819f2d088ca1ee546,r_7b6b5967a34139106c19,420,AC,6.0,6.0,single,6 kW,data/raw/ev_20251216.csv,https://opendata.transport.nsw.gov.au/data/dataset/be1c4de4-4517-4bd0-8a09-2965ddfc7179/resource/7bbb6461-e52d-4fe7-ace4-a15c30198de0/download/ev_20251216.csv,2026-09-06 00:51:11.506072+00:00
l_21cee21c81c715f4b0b8,r_ef6e305a531a88949222,421,AC,22.0,22.0,single,22 kW,data/raw/ev_20251216.csv,https://opendata.transport.nsw.gov.au/data/dataset/be1c4de4-4517-4bd0-8a09-2965ddfc7179/resource/7bbb6461-e52d-4fe7-ace4-a15c30198de0/download/ev_20251216.csv,2026-09-06 00:51:11.506072+00:00
l_1578877fcbf36c589211,r_54984b72f9c24952867a,422,DC,42.0,42.0,single,42 kW,data/raw/ev_20251216.csv,https://opendata.transport.nsw.gov.au/data/dataset/be1c4de4-4517-4bd0-8a09-2965ddfc7179/resource/7bbb6461-e52d-4fe7-ace4-a15c30198de0/download/ev_20251216.csv,2026-09-06 00:51:11.506072+00:00
l_7f312e33fb43e3fabb62,r_17112a59aa9f73aa8a21,423,AC,6.0,6.0,single,6 kW,data/raw/ev_20251216.csv,https://opendata.transport.nsw.gov.au/data/dataset/be1c4de4-4517-4bd0-8a09-2965ddfc7179/resource/7bbb6461-e52d-4fe7-ace4-a15c30198de0/download/ev_20251216.csv,2026-09-06 00:51:11.506072+00:00
l_8f64648fb1b4c05f5d16,r_cd90f63c485a95b5b7fb,424,DC,75.0,75.0,single,75 kW,data/raw/ev_20251216.csv,https://opendata.transport.nsw.gov.au/data/dataset/be1c4de4-4517-4bd0-8a09-2965ddfc7179/resource/7bbb6461-e52d-4fe7-ace4-a15c30198de0/download/ev_20251216.csv,2026-09-06 00:51:11.506072+00:00
l_e30665b1b98b4640a833,r_f34175c603ccb5192437,425,AC,6.0,6.0,single,6 kW,data/raw/ev_20251216.csv,https://opendata.transport.nsw.gov.au/data/dataset/be1c4de4-4517-4bd0-8a09-2965ddfc7179/resource/7bbb6461-e52d-4fe7-ace4-a15c30198de0/download/ev_20251216.csv,2026-09-06 00:51:11.506072+00:00
l_e370c16fb854f8e70311,r_7fd323911e1958d03a2a,426,AC,22.0,22.0,single,22 kW,data/raw/ev_20251216.csv,https://opendata.transport.nsw.gov.au/data/dataset/be1c4de4-4517-4bd0-8a09-2965ddfc7179/resource/7bbb6461-e52d-4fe7-ace4-a15c30198de0/download/ev_20251216.csv,2026-09-06 00:51:11.506072+00:00
l_ce1d2a7d82972aca01f2,r_4dd50cbcae0b90b57793,427,DC,75.0,75.0,single,75 kW,data/raw/ev_20251216.csv,https://opendata.transport.nsw.gov.au/data/dataset/be1c4de4-4517-4bd0-8a09-2965ddfc7179/resource/7bbb6461-e52d-4fe7-ace4-a15c30198de0/download/ev_20251216.csv,2026-09-06 00:51:11.506072+00:00
l_c182756fce5e784dd73b,r_a4d8c34a8e5d5a5bfa2f,428,AC,22.0,22.0,single,22 kW,data/raw/ev_20251216.csv,https://opendata.transport.nsw.gov.au/data/dataset/be1c4de4-4517-4bd0-8a09-2965ddfc7179/resource/7bbb6461-e52d-4fe7-ace4-a15c30198de0/download/ev_20251216.csv,2026-09-06 00:51:11.506072+00:00
l_898bc643a32acadc26b8,r_9464bde349b40c53fb57,429,AC,6.0,6.0,single,6 kW,data/raw/ev_20251216.csv,https://opendata.transport.nsw.gov.au/data/dataset/be1c4de4-4517-4bd0-8a09-2965ddfc7179/resource/7bbb6461-e52d-4fe7-ace4-a15c30198de0/download/ev_20251216.csv,2026-09-06 00:51:11.506072+00:00
l_b53b6f3f59f5c03bed4f,r_eea56a2baeed963201c0,430,AC,22.0,22.0,single,22 kW,data/raw/ev_20251216.csv,https://opendata.transport.nsw.gov.au/data/dataset/be1c4de4-4517-4bd0-8a09-2965ddfc7179/resource/7bbb6461-e52d-4fe7-ace4-a15c30198de0/download/ev_20251216.csv,2026-09-06 00:51:11.506072+00:00
l_817e5601be16aa4093ff,r_39e24ac1d651b7a87fa6,431,AC,22.0,22.0,single,22 kW,data/raw/ev_20251216.csv,https://opendata.transport.nsw.gov.au/data/dataset/be1c4de4-4517-4bd0-8a09-2965ddfc7179/resource/7bbb6461-e52d-4fe7-ace4-a15c30198de0/download/ev_20251216.csv,2026-09-06 00:51:11.506072+00:00
l_e67f3b17e86f6561da7f,r_f519af4609b00b7378bd,432,AC,6.0,6.0,single,6 kW,data/raw/ev_20251216.csv,https://opendata.transport.nsw.gov.au/data/dataset/be1c4de4-4517-4bd0-8a09-2965ddfc7179/resource/7bbb6461-e52d-4fe7-ace4-a15c30198de0/download/ev_20251216.csv,2026-09-06 00:51:11.506072+00:00
l_0677e5b44489c9847510,r_92086d80055d2edbcc43,433,DC,25.0,25.0,single,25 kW,data/raw/ev_20251216.csv,https://opendata.transport.nsw.gov.au/data/dataset/be1c4de4-4517-4bd0-8a09-2965ddfc7179/resource/7bbb6461-e52d-4fe7-ace4-a15c30198de0/download/ev_20251216.csv,2026-09-06 00:51:11.506072+00:00
l_a6fcff954228b2a7371d,r_fc84c17c85d1bef32e18,434,AC,22.0,22.0,single,22 kW,data/raw/ev_20251216.csv,https://opendata.transport.nsw.gov.au/data/dataset/be1c4de4-4517-4bd0-8a09-2965ddfc7179/resource/7bbb6461-e52d-4fe7-ace4-a15c30198de0/download/ev_20251216.csv,2026-09-06 00:51:11.506072+00:00
l_183e4a9531849b98ff98,r_60371e6523961bda7c97,435,DC,25.0,25.0,single,25 kW,data/raw/ev_20251216.csv,https://opendata.transport.nsw.gov.au/data/dataset/be1c4de4-4517-4bd0-8a09-2965ddfc7179/resource/7bbb6461-e52d-4fe7-ace4-a15c30198de0/download/ev_20251216.csv,2026-09-06 00:51:11.506072+00:00
l_480ccd145117443d7005,r_cff68163dd04dda4ac98,436,DC,60.0,60.0,single,60 kW,data/raw/ev_20251216.csv,https://opendata.transport.nsw.gov.au/data/dataset/be1c4de4-4517-4bd0-8a09-2965ddfc7179/resource/7bbb6461-e52d-4fe7-ace4-a15c30198de0/download/ev_20251216.csv,2026-09-06 00:51:11.506072+00:00
l_868948efeed878eba6b4,r_a0d27ff3a2a916b2dad8,437,AC,22.0,22.0,single,22 kW,data/raw/ev_20251216.csv,https://opendata.transport.nsw.gov.au/data/dataset/be1c4de4-4517-4bd0-8a09-2965ddfc7179/resource/7bbb6461-e52d-4fe7-ace4-a15c30198de0/download/ev_20251216.csv,2026-09-06 00:51:11.506072+00:00
l_63d45929d3b56d4066ac,r_9feb3f04fd98ce6228df,438,AC,6.0,6.0,single,6 kW,data/raw/ev_20251216.csv,https://opendata.transport.nsw.gov.au/data/dataset/be1c4de4-4517-4bd0-8a09-2965ddfc7179/resource/7bbb6461-e52d-4fe7-ace4-a15c30198de0/download/ev_20251216.csv,2026-09-06 00:51:11.506072+00:00
l_b0f74363f2923661b48b,r_dcd0146f4d4ef29a24ee,439,DC,250.0,250.0,single,250 kW,data/raw/ev_20251216.csv,https://opendata.transport.nsw.gov.au/data/dataset/be1c4de4-4517-4bd0-8a09-2965ddfc7179/resource/7bbb6461-e52d-4fe7-ace4-a15c30198de0/download/ev_20251216.csv,2026-09-06 00:51:11.506072+00:00
l_83ec183015f9114bdfe1,r_6935459e3dbea9f8627a,440,AC,6.0,6.0,single,6 kW,data/raw/ev_20251216.csv,https://opendata.transport.nsw.gov.au/data/dataset/be1c4de4-4517-4bd0-8a09-2965ddfc7179/resource/7bbb6461-e52d-4fe7-ace4-a15c30198de0/download/ev_20251216.csv,2026-09-06 00:51:11.506072+00:00
l_66cbe5067887e42fba46,r_2d5d477805a014689030,441,DC,120.0,120.0,single,120 kW,data/raw/ev_20251216.csv,https://opendata.transport.nsw.gov.au/data/dataset/be1c4de4-4517-4bd0-8a09-2965ddfc7179/resource/7bbb6461-e52d-4fe7-ace4-a15c30198de0/download/ev_20251216.csv,2026-09-06 00:51:11.506072+00:00
l_c4b21b8d5d74c881e088,r_44e562be269c3140b7f0,442,AC,22.0,22.0,single,22 kW,data/raw/ev_20251216.csv,https://opendata.transport.nsw.gov.au/data/dataset/be1c4de4-4517-4bd0-8a09-2965ddfc7179/resource/7bbb6461-e52d-4fe7-ace4-a15c30198de0/download/ev_20251216.csv,2026-09-06 00:51:11.506072+00:00
l_18055a332654327f3c79,r_b818417d0b94582ffa07,443,AC,22.0,22.0,single,22 kW,data/raw/ev_20251216.csv,https://opendata.transport.nsw.gov.au/data/dataset/be1c4de4-4517-4bd0-8a09-2965ddfc7179/resource/7bbb6461-e52d-4fe7-ace4-a15c30198de0/download/ev_20251216.csv,2026-09-06 00:51:11.506072+00:00
l_56546e0da01f8979de67,r_fef8d29a5d7db3dc603a,444,AC,22.0,22.0,single,22 kW,data/raw/ev_20251216.csv,https://opendata.transport.nsw.gov.au/data/dataset/be1c4de4-4517-4bd0-8a09-2965ddfc7179/resource/7bbb6461-e52d-4fe7-ace4-a15c30198de0/download/ev_20251216.csv,2026-09-06 00:51:11.506072+00:00
l_dffe26aa2d90e923acd9,r_ae69f0d201b2671f0fe8,445,DC,25.0,25.0,single,25 kW,data/raw/ev_20251216.csv,https://opendata.transport.nsw.gov.au/data/dataset/be1c4de4-4517-4bd0-8a09-2965ddfc7179/resource/7bbb6461-e52d-4fe7-ace4-a15c30198de0/download/ev_20251216.csv,2026-09-06 00:51:11.506072+00:00
l_71f8da8ffb0f939d0e4b,r_ce1e3cf0691b2c9c1793,446,AC,22.0,22.0,single,22 kW,data/raw/ev_20251216.csv,https://opendata.transport.nsw.gov.au/data/dataset/be1c4de4-4517-4bd0-8a09-2965ddfc7179/resource/7bbb6461-e52d-4fe7-ace4-a15c30198de0/download/ev_20251216.csv,2026-09-06 00:51:11.506072+00:00
l_5dd898752e9e1c6901fc,r_36dd6dc65de331af5d5e,447,AC,22.0,22.0,single,22 kW,data/raw/ev_20251216.csv,https://opendata.transport.nsw.gov.au/data/dataset/be1c4de4-4517-4bd0-8a09-2965ddfc7179/resource/7bbb6461-e52d-4fe7-ace4-a15c30198de0/download/ev_20251216.csv,2026-09-06 00:51:11.506072+00:00
l_ceecdbcd065ecc4f7c43,r_714a8127c1f7aeaafd2f,448,AC,6.0,6.0,single,6 kW,data/raw/ev_20251216.csv,https://opendata.transport.nsw.gov.au/data/dataset/be1c4de4-4517-4bd0-8a09-2965ddfc7179/resource/7bbb6461-e52d-4fe7-ace4-a15c30198de0/download/ev_20251216.csv,2026-09-06 00:51:11.506072+00:00
l_4cf4253db9bbfd00d2db,r_be38f6290ce381355dcb,449,AC,3.0,3.0,single,3 kW,data/raw/ev_20251216.csv,https://opendata.transport.nsw.gov.au/data/dataset/be1c4de4-4517-4bd0-8a09-2965ddfc7179/resource/7bbb6461-e52d-4fe7-ace4-a15c30198de0/download/ev_20251216.csv,2026-09-06 00:51:11.506072+00:00
l_e7f22868b762b7f9b7af,r_9ab4e7a74543485907c4,450,AC,3.0,3.0,single,3 kW,data/raw/ev_20251216.csv,https://opendata.transport.nsw.gov.au/data/dataset/be1c4de4-4517-4bd0-8a09-2965ddfc7179/resource/7bbb6461-e52d-4fe7-ace4-a15c30198de0/download/ev_20251216.csv,2026-09-06 00:51:11.506072+00:00
l_92c7ac4d6d406c5c4034,r_473b9e55ff9de99cdeb5,451,AC,22.0,22.0,single,22 kW,data/raw/ev_20251216.csv,https://opendata.transport.nsw.gov.au/data/dataset/be1c4de4-4517-4bd0-8a09-2965ddfc7179/resource/7bbb6461-e52d-4fe7-ace4-a15c30198de0/download/ev_20251216.csv,2026-09-06 00:51:11.506072+00:00
l_38a3d4faaa538c64c4f2,r_85e6119c00db7a24c9f7,452,DC,120.0,120.0,single,120 kW,data/raw/ev_20251216.csv,https://opendata.transport.nsw.gov.au/data/dataset/be1c4de4-4517-4bd0-8a09-2965ddfc7179/resource/7bbb6461-e52d-4fe7-ace4-a15c30198de0/download/ev_20251216.csv,2026-09-06 00:51:11.506072+00:00
l_ce75648b4e31813484f2,r_61bedd6928ff9567235e,453,AC,22.0,22.0,single,22 kW,data/raw/ev_20251216.csv,https://opendata.transport.nsw.gov.au/data/dataset/be1c4de4-4517-4bd0-8a09-2965ddfc7179/resource/7bbb6461-e52d-4fe7-ace4-a15c30198de0/download/ev_20251216.csv,2026-09-06 00:51:11.506072+00:00
l_625e47bd482aa02c099b,r_566beb2fc0930aa000fc,454,AC,22.0,22.0,single,22 kW,data/raw/ev_20251216.csv,https://opendata.transport.nsw.gov.au/data/dataset/be1c4de4-4517-4bd0-8a09-2965ddfc7179/resource/7bbb6461-e52d-4fe7-ace4-a15c30198de0/download/ev_20251216.csv,2026-09-06 00:51:11.506072+00:00
l_f18d13eadb9d994275de,r_6cae92711232f59a9834,455,AC,22.0,22.0,single,22 kW,data/raw/ev_20251216.csv,https://opendata.transport.nsw.gov.au/data/dataset/be1c4de4-4517-4bd0-8a09-2965ddfc7179/resource/7bbb6461-e52d-4fe7-ace4-a15c30198de0/download/ev_20251216.csv,2026-09-06 00:51:11.506072+00:00
l_d9778396c3c14741c1d7,r_a176ec73fbfab59cf173,456,DC,350.0,350.0,single,350 kW,data/raw/ev_20251216.csv,https://opendata.transport.nsw.gov.au/data/dataset/be1c4de4-4517-4bd0-8a09-2965ddfc7179/resource/7bbb6461-e52d-4fe7-ace4-a15c30198de0/download/ev_20251216.csv,2026-09-06 00:51:11.506072+00:00
l_7961c79944339bbbbff7,r_81f69d1e44574c543b98,457,DC,47.0,47.0,single,47 kW,data/raw/ev_20251216.csv,https://opendata.transport.nsw.gov.au/data/dataset/be1c4de4-4517-4bd0-8a09-2965ddfc7179/resource/7bbb6461-e52d-4fe7-ace4-a15c30198de0/download/ev_20251216.csv,2026-09-06 00:51:11.506072+00:00
l_1d1b2fca2fa995389941,r_eb3c45db2f3b7ff5a7a9,458,DC,50.0,50.0,single,50 kW,data/raw/ev_20251216.csv,https://opendata.transport.nsw.gov.au/data/dataset/be1c4de4-4517-4bd0-8a09-2965ddfc7179/resource/7bbb6461-e52d-4fe7-ace4-a15c30198de0/download/ev_20251216.csv,2026-09-06 00:51:11.506072+00:00
l_42dc675961a0495c8a90,r_5e69a2200de521e6a5f6,459,AC,22.0,22.0,single,22 kW,data/raw/ev_20251216.csv,https://opendata.transport.nsw.gov.au/data/dataset/be1c4de4-4517-4bd0-8a09-2965ddfc7179/resource/7bbb6461-e52d-4fe7-ace4-a15c30198de0/download/ev_20251216.csv,2026-09-06 00:51:11.506072+00:00
l_2764795b8170945afb4b,r_151f7eb7f8e2f1f39e64,460,DC,150.0,150.0,single,150 kW,data/raw/ev_20251216.csv,https://opendata.transport.nsw.gov.au/data/dataset/be1c4de4-4517-4bd0-8a09-2965ddfc7179/resource/7bbb6461-e52d-4fe7-ace4-a15c30198de0/download/ev_20251216.csv,2026-09-06 00:51:11.506072+00:00
l_0d8815cebcedd5fc296a,r_4a29ababa5ba6aaf73b2,461,AC,22.0,22.0,single,22 kW,data/raw/ev_20251216.csv,https://opendata.transport.nsw.gov.au/data/dataset/be1c4de4-4517-4bd0-8a09-2965ddfc7179/resource/7bbb6461-e52d-4fe7-ace4-a15c30198de0/download/ev_20251216.csv,2026-09-06 00:51:11.506072+00:00
l_22ad3567c7fd7e9df8eb,r_114967a23e64cfab07a0,462,DC,75.0,75.0,single,75 kW,data/raw/ev_20251216.csv,https://opendata.transport.nsw.gov.au/data/dataset/be1c4de4-4517-4bd0-8a09-2965ddfc7179/resource/7bbb6461-e52d-4fe7-ace4-a15c30198de0/download/ev_20251216.csv,2026-09-06 00:51:11.506072+00:00
l_361a7c22a4bdf23b23fe,r_6ac37afe7c14f7b7a5f2,463,AC,11.0,11.0,single,11 kW,data/raw/ev_20251216.csv,https://opendata.transport.nsw.gov.au/data/dataset/be1c4de4-4517-4bd0-8a09-2965ddfc7179/resource/7bbb6461-e52d-4fe7-ace4-a15c30198de0/download/ev_20251216.csv,2026-09-06 00:51:11.506072+00:00
l_1626804acbefbef76625,r_f52bf19b2e6044a941f0,464,DC,60.0,60.0,single,60 kW,data/raw/ev_20251216.csv,https://opendata.transport.nsw.gov.au/data/dataset/be1c4de4-4517-4bd0-8a09-2965ddfc7179/resource/7bbb6461-e52d-4fe7-ace4-a15c30198de0/download/ev_20251216.csv,2026-09-06 00:51:11.506072+00:00
l_b9efd94cd6bb4b7a1711,r_9ecb4d08f663d5c33022,465,AC,22.0,22.0,single,22 kW,data/raw/ev_20251216.csv,https://opendata.transport.nsw.gov.au/data/dataset/be1c4de4-4517-4bd0-8a09-2965ddfc7179/resource/7bbb6461-e52d-4fe7-ace4-a15c30198de0/download/ev_20251216.csv,2026-09-06 00:51:11.506072+00:00
l_02585f3e8d53ba5579d3,r_df07bfbad3b3bbffdfd4,466,AC,22.0,22.0,single,22 kW,data/raw/ev_20251216.csv,https://opendata.transport.nsw.gov.au/data/dataset/be1c4de4-4517-4bd0-8a09-2965ddfc7179/resource/7bbb6461-e52d-4fe7-ace4-a15c30198de0/download/ev_20251216.csv,2026-09-06 00:51:11.506072+00:00
l_557d9a33a7ab574a4943,r_c89a32ad66091ff03f62,467,DC,50.0,50.0,single,50 kW,data/raw/ev_20251216.csv,https://opendata.transport.nsw.gov.au/data/dataset/be1c4de4-4517-4bd0-8a09-2965ddfc7179/resource/7bbb6461-e52d-4fe7-ace4-a15c30198de0/download/ev_20251216.csv,2026-09-06 00:51:11.506072+00:00
l_528ca783384bd59c897d,r_e5230c1774a3e2d239f0,468,AC,6.0,6.0,single,6 kW,data/raw/ev_20251216.csv,https://opendata.transport.nsw.gov.au/data/dataset/be1c4de4-4517-4bd0-8a09-2965ddfc7179/resource/7bbb6461-e52d-4fe7-ace4-a15c30198de0/download/ev_20251216.csv,2026-09-06 00:51:11.506072+00:00
l_bb99e617c715af18403c,r_f470009a66b22df57355,469,AC,22.0,22.0,single,22 kW,data/raw/ev_20251216.csv,https://opendata.transport.nsw.gov.au/data/dataset/be1c4de4-4517-4bd0-8a09-2965ddfc7179/resource/7bbb6461-e52d-4fe7-ace4-a15c30198de0/download/ev_20251216.csv,2026-09-06 00:51:11.506072+00:00
l_9ee66b250daf221c2b06,r_73ac8825364debf84089,470,AC,8.0,8.0,single,8 kW,data/raw/ev_20251216.csv,https://opendata.transport.nsw.gov.au/data/dataset/be1c4de4-4517-4bd0-8a09-2965ddfc7179/resource/7bbb6461-e52d-4fe7-ace4-a15c30198de0/download/ev_20251216.csv,2026-09-06 00:51:11.506072+00:00
l_765cd59dc025044eb30a,r_6c5b3eee1c77a6b4c7ea,471,DC,130.0,130.0,single,130 kW,data/raw/ev_20251216.csv,https://opendata.transport.nsw.gov.au/data/dataset/be1c4de4-4517-4bd0-8a09-2965ddfc7179/resource/7bbb6461-e52d-4fe7-ace4-a15c30198de0/download/ev_20251216.csv,2026-09-06 00:51:11.506072+00:00
l_79b03c79ef9d28df939e,r_685b790d6e6e7e2d5993,472,AC,22.0,22.0,single,22 kW,data/raw/ev_20251216.csv,https://opendata.transport.nsw.gov.au/data/dataset/be1c4de4-4517-4bd0-8a09-2965ddfc7179/resource/7bbb6461-e52d-4fe7-ace4-a15c30198de0/download/ev_20251216.csv,2026-09-06 00:51:11.506072+00:00
l_fcedd4c38f90a4984a25,r_0a044957576d394d4636,473,AC,22.0,22.0,single,22 kW,data/raw/ev_20251216.csv,https://opendata.transport.nsw.gov.au/data/dataset/be1c4de4-4517-4bd0-8a09-2965ddfc7179/resource/7bbb6461-e52d-4fe7-ace4-a15c30198de0/download/ev_20251216.csv,2026-09-06 00:51:11.506072+00:00
l_f08dc378b9060588abe1,r_47e6c86a5defca834c0a,474,AC,22.0,22.0,single,22 kW,data/raw/ev_20251216.csv,https://opendata.transport.nsw.gov.au/data/dataset/be1c4de4-4517-4bd0-8a09-2965ddfc7179/resource/7bbb6461-e52d-4fe7-ace4-a15c30198de0/download/ev_20251216.csv,2026-09-06 00:51:11.506072+00:00
l_d8ca7666bce3477391dd,r_d2f093e265be1500994d,475,AC,22.0,22.0,single,22 kW,data/raw/ev_20251216.csv,https://opendata.transport.nsw.gov.au/data/dataset/be1c4de4-4517-4bd0-8a09-2965ddfc7179/resource/7bbb6461-e52d-4fe7-ace4-a15c30198de0/download/ev_20251216.csv,2026-09-06 00:51:11.506072+00:00
l_9565ff52769d04a1bfdc,r_85f067fccbf4a7a658ce,476,AC,17.0,17.0,single,17 kW,data/raw/ev_20251216.csv,https://opendata.transport.nsw.gov.au/data/dataset/be1c4de4-4517-4bd0-8a09-2965ddfc7179/resource/7bbb6461-e52d-4fe7-ace4-a15c30198de0/download/ev_20251216.csv,2026-09-06 00:51:11.506072+00:00
l_99ad1e5acb4c7a95e19d,r_4a85742bd3264a14391e,477,DC,125.0,125.0,single,125 kW,data/raw/ev_20251216.csv,https://opendata.transport.nsw.gov.au/data/dataset/be1c4de4-4517-4bd0-8a09-2965ddfc7179/resource/7bbb6461-e52d-4fe7-ace4-a15c30198de0/download/ev_20251216.csv,2026-09-06 00:51:11.506072+00:00
l_c6aa157c311d6ffe7c2d,r_cea8d55a40d43243f024,478,AC,6.0,6.0,single,6 kW,data/raw/ev_20251216.csv,https://opendata.transport.nsw.gov.au/data/dataset/be1c4de4-4517-4bd0-8a09-2965ddfc7179/resource/7bbb6461-e52d-4fe7-ace4-a15c30198de0/download/ev_20251216.csv,2026-09-06 00:51:11.506072+00:00
l_9079f5cefdb5581daf9b,r_c11347dadff3bb42913b,479,AC,22.0,22.0,single,22 kW,data/raw/ev_20251216.csv,https://opendata.transport.nsw.gov.au/data/dataset/be1c4de4-4517-4bd0-8a09-2965ddfc7179/resource/7bbb6461-e52d-4fe7-ace4-a15c30198de0/download/ev_20251216.csv,2026-09-06 00:51:11.506072+00:00
l_6f087bf50b55abafc36a,r_ab5925f1e1bcdceb5922,480,DC,150.0,150.0,single,150 kW,data/raw/ev_20251216.csv,https://opendata.transport.nsw.gov.au/data/dataset/be1c4de4-4517-4bd0-8a09-2965ddfc7179/resource/7bbb6461-e52d-4fe7-ace4-a15c30198de0/download/ev_20251216.csv,2026-09-06 00:51:11.506072+00:00
l_90a0becf3134172d1f01,r_8170d291466124c4cef8,481,AC,6.0,6.0,single,6 kW,data/raw/ev_20251216.csv,https://opendata.transport.nsw.gov.au/data/dataset/be1c4de4-4517-4bd0-8a09-2965ddfc7179/resource/7bbb6461-e52d-4fe7-ace4-a15c30198de0/download/ev_20251216.csv,2026-09-06 00:51:11.506072+00:00
l_302a07a2f0a3f2301f69,r_b0731f82cf6394f7e69a,482,DC,150.0,150.0,single,150 kW,data/raw/ev_20251216.csv,https://opendata.transport.nsw.gov.au/data/dataset/be1c4de4-4517-4bd0-8a09-2965ddfc7179/resource/7bbb6461-e52d-4fe7-ace4-a15c30198de0/download/ev_20251216.csv,2026-09-06 00:51:11.506072+00:00
l_a571645e8251a1425054,r_390030bcf0b1a43ee5af,483,DC,130.0,130.0,single,130 kW,data/raw/ev_20251216.csv,https://opendata.transport.nsw.gov.au/data/dataset/be1c4de4-4517-4bd0-8a09-2965ddfc7179/resource/7bbb6461-e52d-4fe7-ace4-a15c30198de0/download/ev_20251216.csv,2026-09-06 00:51:11.506072+00:00
l_1e77bda2804678f6410e,r_f96693fce85a346f7fe4,484,AC,22.0,22.0,single,22 kW,data/raw/ev_20251216.csv,https://opendata.transport.nsw.gov.au/data/dataset/be1c4de4-4517-4bd0-8a09-2965ddfc7179/resource/7bbb6461-e52d-4fe7-ace4-a15c30198de0/download/ev_20251216.csv,2026-09-06 00:51:11.506072+00:00
l_8105e23dfb8bf6df2909,r_b4f54654c36cc46d0fdc,485,DC,150.0,150.0,single,150 kW,data/raw/ev_20251216.csv,https://opendata.transport.nsw.gov.au/data/dataset/be1c4de4-4517-4bd0-8a09-2965ddfc7179/resource/7bbb6461-e52d-4fe7-ace4-a15c30198de0/download/ev_20251216.csv,2026-09-06 00:51:11.506072+00:00
l_7dad04d58605282bca5d,r_d7eddbf30f9256f7bbdf,486,AC,22.0,22.0,single,22 kW,data/raw/ev_20251216.csv,https://opendata.transport.nsw.gov.au/data/dataset/be1c4de4-4517-4bd0-8a09-2965ddfc7179/resource/7bbb6461-e52d-4fe7-ace4-a15c30198de0/download/ev_20251216.csv,2026-09-06 00:51:11.506072+00:00
l_4448e378c7af0cd5ffa1,r_11409d46ba0c1dd631c2,487,AC,22.0,22.0,single,22 kW,data/raw/ev_20251216.csv,https://opendata.transport.nsw.gov.au/data/dataset/be1c4de4-4517-4bd0-8a09-2965ddfc7179/resource/7bbb6461-e52d-4fe7-ace4-a15c30198de0/download/ev_20251216.csv,2026-09-06 00:51:11.506072+00:00
l_660c7b08ec7369142df6,r_75a743f0752687cf7bf5,488,AC,22.0,22.0,single,22 kW,data/raw/ev_20251216.csv,https://opendata.transport.nsw.gov.au/data/dataset/be1c4de4-4517-4bd0-8a09-2965ddfc7179/resource/7bbb6461-e52d-4fe7-ace4-a15c30198de0/download/ev_20251216.csv,2026-09-06 00:51:11.506072+00:00
l_43fe4eb57932ce0ae018,r_c834cdc6dc2b3885e3d7,489,AC,22.0,22.0,single,22 kW,data/raw/ev_20251216.csv,https://opendata.transport.nsw.gov.au/data/dataset/be1c4de4-4517-4bd0-8a09-2965ddfc7179/resource/7bbb6461-e52d-4fe7-ace4-a15c30198de0/download/ev_20251216.csv,2026-09-06 00:51:11.506072+00:00
l_c503ef26239a612c9446,r_24a5574836a0d5ad7fb4,490,AC,22.0,22.0,single,22 kW,data/raw/ev_20251216.csv,https://opendata.transport.nsw.gov.au/data/dataset/be1c4de4-4517-4bd0-8a09-2965ddfc7179/resource/7bbb6461-e52d-4fe7-ace4-a15c30198de0/download/ev_20251216.csv,2026-09-06 00:51:11.506072+00:00
l_5480293dbd5f62828817,r_fce9dae01b50fcf67a3d,491,AC,22.0,22.0,single,22 kW,data/raw/ev_20251216.csv,https://opendata.transport.nsw.gov.au/data/dataset/be1c4de4-4517-4bd0-8a09-2965ddfc7179/resource/7bbb6461-e52d-4fe7-ace4-a15c30198de0/download/ev_20251216.csv,2026-09-06 00:51:11.506072+00:00
l_8160954da25d776cd777,r_9e372d79dedad813358f,492,AC,22.0,22.0,single,22 kW,data/raw/ev_20251216.csv,https://opendata.transport.nsw.gov.au/data/dataset/be1c4de4-4517-4bd0-8a09-2965ddfc7179/resource/7bbb6461-e52d-4fe7-ace4-a15c30198de0/download/ev_20251216.csv,2026-09-06 00:51:11.506072+00:00
l_1b955c9049e5ce5a7529,r_5516c904ef049ee78b91,493,AC,6.0,6.0,single,6 kW,data/raw/ev_20251216.csv,https://opendata.transport.nsw.gov.au/data/dataset/be1c4de4-4517-4bd0-8a09-2965ddfc7179/resource/7bbb6461-e52d-4fe7-ace4-a15c30198de0/download/ev_20251216.csv,2026-09-06 00:51:11.506072+00:00
l_c5a24cae83be1847998f,r_3126c402b0a34ae7555b,494,AC,22.0,22.0,single,22 kW,data/raw/ev_20251216.csv,https://opendata.transport.nsw.gov.au/data/dataset/be1c4de4-4517-4bd0-8a09-2965ddfc7179/resource/7bbb6461-e52d-4fe7-ace4-a15c30198de0/download/ev_20251216.csv,2026-09-06 00:51:11.506072+00:00
l_51fdc7150b6a337ce00b,r_82120f79bb96926239ed,495,AC,22.0,22.0,single,22 kW,data/raw/ev_20251216.csv,https://opendata.transport.nsw.gov.au/data/dataset/be1c4de4-4517-4bd0-8a09-2965ddfc7179/resource/7bbb6461-e52d-4fe7-ace4-a15c30198de0/download/ev_20251216.csv,2026-09-06 00:51:11.506072+00:00
l_3cadc82143735fb35f71,r_6c8d0fa4b2bc51615177,496,DC,75.0,75.0,single,75 kW,data/raw/ev_20251216.csv,https://opendata.transport.nsw.gov.au/data/dataset/be1c4de4-4517-4bd0-8a09-2965ddfc7179/resource/7bbb6461-e52d-4fe7-ace4-a15c30198de0/download/ev_20251216.csv,2026-09-06 00:51:11.506072+00:00
l_221de9e0e2d75945c5b7,r_0aacbb139e2b10ab4be9,497,DC,50.0,50.0,single,50 kW,data/raw/ev_20251216.csv,https://opendata.transport.nsw.gov.au/data/dataset/be1c4de4-4517-4bd0-8a09-2965ddfc7179/resource/7bbb6461-e52d-4fe7-ace4-a15c30198de0/download/ev_20251216.csv,2026-09-06 00:51:11.506072+00:00
l_d6a103d4236d79a8dbda,r_9f3c1b87be262af6f896,498,AC,22.0,22.0,single,22 kW,data/raw/ev_20251216.csv,https://opendata.transport.nsw.gov.au/data/dataset/be1c4de4-4517-4bd0-8a09-2965ddfc7179/resource/7bbb6461-e52d-4fe7-ace4-a15c30198de0/download/ev_20251216.csv,2026-09-06 00:51:11.506072+00:00
l_7f26afba4c9c450e6c01,r_cb0ce0090f3dd3eb17f4,499,AC,22.0,22.0,single,22 kW,data/raw/ev_20251216.csv,https://opendata.transport.nsw.gov.au/data/dataset/be1c4de4-4517-4bd0-8a09-2965ddfc7179/resource/7bbb6461-e52d-4fe7-ace4-a15c30198de0/download/ev_20251216.csv,2026-09-06 00:51:11.506072+00:00
l_40cf5cc3ae5db8899042,r_9558bf02dd6d2b2244a7,500,AC,22.0,22.0,single,22 kW,data/raw/ev_20251216.csv,https://opendata.transport.nsw.gov.au/data/dataset/be1c4de4-4517-4bd0-8a09-2965ddfc7179/resource/7bbb6461-e52d-4fe7-ace4-a15c30198de0/download/ev_20251216.csv,2026-09-06 00:51:11.506072+00:00
l_9a08a433ebb3419ee5eb,r_2f06d991990d90a7f810,501,DC,250.0,250.0,single,250 kW,data/raw/ev_20251216.csv,https://opendata.transport.nsw.gov.au/data/dataset/be1c4de4-4517-4bd0-8a09-2965ddfc7179/resource/7bbb6461-e52d-4fe7-ace4-a15c30198de0/download/ev_20251216.csv,2026-09-06 00:51:11.506072+00:00
l_5e6eeda5a88a0b7c5b3c,r_413c943714e71321adf4,502,DC,125.0,125.0,single,125 kW,data/raw/ev_20251216.csv,https://opendata.transport.nsw.gov.au/data/dataset/be1c4de4-4517-4bd0-8a09-2965ddfc7179/resource/7bbb6461-e52d-4fe7-ace4-a15c30198de0/download/ev_20251216.csv,2026-09-06 00:51:11.506072+00:00
l_913c9fe6ba3fdbd68b18,r_f6d6140aabbeaf24640c,503,DC,47.0,47.0,single,47 kW,data/raw/ev_20251216.csv,https://opendata.transport.nsw.gov.au/data/dataset/be1c4de4-4517-4bd0-8a09-2965ddfc7179/resource/7bbb6461-e52d-4fe7-ace4-a15c30198de0/download/ev_20251216.csv,2026-09-06 00:51:11.506072+00:00
l_7fd5bfaae6239c1e0b77,r_48b1a360e1aed6ddbe47,504,DC,250.0,250.0,single,250 kW,data/raw/ev_20251216.csv,https://opendata.transport.nsw.gov.au/data/dataset/be1c4de4-4517-4bd0-8a09-2965ddfc7179/resource/7bbb6461-e52d-4fe7-ace4-a15c30198de0/download/ev_20251216.csv,2026-09-06 00:51:11.506072+00:00
l_a641d644aa6f744570af,r_af628adf069c864b15a1,505,AC,22.0,22.0,single,22 kW,data/raw/ev_20251216.csv,https://opendata.transport.nsw.gov.au/data/dataset/be1c4de4-4517-4bd0-8a09-2965ddfc7179/resource/7bbb6461-e52d-4fe7-ace4-a15c30198de0/download/ev_20251216.csv,2026-09-06 00:51:11.506072+00:00
l_2e845175ca407a8c21cb,r_f8e9a67efd12c469f192,506,AC,6.0,6.0,single,6 kW,data/raw/ev_20251216.csv,https://opendata.transport.nsw.gov.au/data/dataset/be1c4de4-4517-4bd0-8a09-2965ddfc7179/resource/7bbb6461-e52d-4fe7-ace4-a15c30198de0/download/ev_20251216.csv,2026-09-06 00:51:11.506072+00:00
l_3603a41e4fdd7766ebd5,r_9612bdc9620bf05c7a52,507,AC,22.0,22.0,single,22 kW,data/raw/ev_20251216.csv,https://opendata.transport.nsw.gov.au/data/dataset/be1c4de4-4517-4bd0-8a09-2965ddfc7179/resource/7bbb6461-e52d-4fe7-ace4-a15c30198de0/download/ev_20251216.csv,2026-09-06 00:51:11.506072+00:00
l_107b0231246c3cd753a1,r_43931a5f37168cbc6a0b,508,AC,6.0,6.0,single,6 kW,data/raw/ev_20251216.csv,https://opendata.transport.nsw.gov.au/data/dataset/be1c4de4-4517-4bd0-8a09-2965ddfc7179/resource/7bbb6461-e52d-4fe7-ace4-a15c30198de0/download/ev_20251216.csv,2026-09-06 00:51:11.506072+00:00
l_673f34d10ac560fc1cdc,r_b877fe6a846d208becfd,509,AC,22.0,22.0,single,22 kW,data/raw/ev_20251216.csv,https://opendata.transport.nsw.gov.au/data/dataset/be1c4de4-4517-4bd0-8a09-2965ddfc7179/resource/7bbb6461-e52d-4fe7-ace4-a15c30198de0/download/ev_20251216.csv,2026-09-06 00:51:11.506072+00:00
l_78a93ada41236178babf,r_2ed655d07168f8bd6a4f,510,AC,11.0,11.0,single,11 kW,data/raw/ev_20251216.csv,https://opendata.transport.nsw.gov.au/data/dataset/be1c4de4-4517-4bd0-8a09-2965ddfc7179/resource/7bbb6461-e52d-4fe7-ace4-a15c30198de0/download/ev_20251216.csv,2026-09-06 00:51:11.506072+00:00
l_003cd07c98f72a53dee8,r_e67baa9f61af1d2447e6,511,AC,22.0,22.0,single,22 kW,data/raw/ev_20251216.csv,https://opendata.transport.nsw.gov.au/data/dataset/be1c4de4-4517-4bd0-8a09-2965ddfc7179/resource/7bbb6461-e52d-4fe7-ace4-a15c30198de0/download/ev_20251216.csv,2026-09-06 00:51:11.506072+00:00
l_cf2fd012b6b93bd68f29,r_87087bde4ca0ce4d15e0,512,DC,75.0,75.0,single,75 kW,data/raw/ev_20251216.csv,https://opendata.transport.nsw.gov.au/data/dataset/be1c4de4-4517-4bd0-8a09-2965ddfc7179/resource/7bbb6461-e52d-4fe7-ace4-a15c30198de0/download/ev_20251216.csv,2026-09-06 00:51:11.506072+00:00
l_fdafd28750719a5f9ef5,r_f9b30aa1f6b7bd52f188,513,AC,22.0,22.0,single,22 kW,data/raw/ev_20251216.csv,https://opendata.transport.nsw.gov.au/data/dataset/be1c4de4-4517-4bd0-8a09-2965ddfc7179/resource/7bbb6461-e52d-4fe7-ace4-a15c30198de0/download/ev_20251216.csv,2026-09-06 00:51:11.506072+00:00
l_9393d85c59c3118a58b0,r_0164f9fd6f62fbd049c7,514,DC,150.0,150.0,single,150 kW,data/raw/ev_20251216.csv,https://opendata.transport.nsw.gov.au/data/dataset/be1c4de4-4517-4bd0-8a09-2965ddfc7179/resource/7bbb6461-e52d-4fe7-ace4-a15c30198de0/download/ev_20251216.csv,2026-09-06 00:51:11.506072+00:00
l_22ac8e82b2f32c3fd5e7,r_83beca379dad8b7e8a09,515,AC,22.0,22.0,single,22 kW,data/raw/ev_20251216.csv,https://opendata.transport.nsw.gov.au/data/dataset/be1c4de4-4517-4bd0-8a09-2965ddfc7179/resource/7bbb6461-e52d-4fe7-ace4-a15c30198de0/download/ev_20251216.csv,2026-09-06 00:51:11.506072+00:00
l_92327481b74eaf2dba7f,r_413fdfd5c0757b6d4acc,516,AC,22.0,22.0,single,22 kW,data/raw/ev_20251216.csv,https://opendata.transport.nsw.gov.au/data/dataset/be1c4de4-4517-4bd0-8a09-2965ddfc7179/resource/7bbb6461-e52d-4fe7-ace4-a15c30198de0/download/ev_20251216.csv,2026-09-06 00:51:11.506072+00:00
l_22ae2ec49dfd03d6db54,r_b90d929c26ecd4c5965c,517,AC,22.0,22.0,single,22 kW,data/raw/ev_20251216.csv,https://opendata.transport.nsw.gov.au/data/dataset/be1c4de4-4517-4bd0-8a09-2965ddfc7179/resource/7bbb6461-e52d-4fe7-ace4-a15c30198de0/download/ev_20251216.csv,2026-09-06 00:51:11.506072+00:00
l_7af8b0583809ebb8f019,r_250ae12f2931e4521856,518,DC,150.0,150.0,single,150 kW,data/raw/ev_20251216.csv,https://opendata.transport.nsw.gov.au/data/dataset/be1c4de4-4517-4bd0-8a09-2965ddfc7179/resource/7bbb6461-e52d-4fe7-ace4-a15c30198de0/download/ev_20251216.csv,2026-09-06 00:51:11.506072+00:00
l_7e71fbcbf4e5d90efce0,r_6c9c82c0aa7e80bffbf7,519,AC,22.0,22.0,single,22 kW,data/raw/ev_20251216.csv,https://opendata.transport.nsw.gov.au/data/dataset/be1c4de4-4517-4bd0-8a09-2965ddfc7179/resource/7bbb6461-e52d-4fe7-ace4-a15c30198de0/download/ev_20251216.csv,2026-09-06 00:51:11.506072+00:00
l_db19b61b3a478a7e1f42,r_33399dfcec7eefea32cf,520,DC,75.0,75.0,single,75 kW,data/raw/ev_20251216.csv,https://opendata.transport.nsw.gov.au/data/dataset/be1c4de4-4517-4bd0-8a09-2965ddfc7179/resource/7bbb6461-e52d-4fe7-ace4-a15c30198de0/download/ev_20251216.csv,2026-09-06 00:51:11.506072+00:00
l_484d4c91a418d3df4cbc,r_08e389ed4f874e018b43,521,DC,160.0,160.0,single,160 kW,data/raw/ev_20251216.csv,https://opendata.transport.nsw.gov.au/data/dataset/be1c4de4-4517-4bd0-8a09-2965ddfc7179/resource/7bbb6461-e52d-4fe7-ace4-a15c30198de0/download/ev_20251216.csv,2026-09-06 00:51:11.506072+00:00
l_080b143cb4e8ae1e383f,r_9f0e3c1b9f838c0427c1,522,AC,22.0,22.0,single,22 kW,data/raw/ev_20251216.csv,https://opendata.transport.nsw.gov.au/data/dataset/be1c4de4-4517-4bd0-8a09-2965ddfc7179/resource/7bbb6461-e52d-4fe7-ace4-a15c30198de0/download/ev_20251216.csv,2026-09-06 00:51:11.506072+00:00
l_9e3a7cb90e8146263db8,r_03f1c40247ee6335dd9f,523,AC,22.0,22.0,single,22 kW,data/raw/ev_20251216.csv,https://opendata.transport.nsw.gov.au/data/dataset/be1c4de4-4517-4bd0-8a09-2965ddfc7179/resource/7bbb6461-e52d-4fe7-ace4-a15c30198de0/download/ev_20251216.csv,2026-09-06 00:51:11.506072+00:00
l_5f1b81a30a7ae8b0cc0a,r_c0cf31e0cb67ccabfa4c,524,AC,22.0,22.0,single,22 kW,data/raw/ev_20251216.csv,https://opendata.transport.nsw.gov.au/data/dataset/be1c4de4-4517-4bd0-8a09-2965ddfc7179/resource/7bbb6461-e52d-4fe7-ace4-a15c30198de0/download/ev_20251216.csv,2026-09-06 00:51:11.506072+00:00
l_74ce8341afe66ed31fbb,r_f75546ef7cb8f7f01524,525,DC,25.0,25.0,single,25 kW,data/raw/ev_20251216.csv,https://opendata.transport.nsw.gov.au/data/dataset/be1c4de4-4517-4bd0-8a09-2965ddfc7179/resource/7bbb6461-e52d-4fe7-ace4-a15c30198de0/download/ev_20251216.csv,2026-09-06 00:51:11.506072+00:00
l_32c1d5219f378116ed1b,r_ccfb6e906d984ee07ccc,526,AC,6.0,6.0,single,6 kW,data/raw/ev_20251216.csv,https://opendata.transport.nsw.gov.au/data/dataset/be1c4de4-4517-4bd0-8a09-2965ddfc7179/resource/7bbb6461-e52d-4fe7-ace4-a15c30198de0/download/ev_20251216.csv,2026-09-06 00:51:11.506072+00:00
l_b8b61c9c0ff283fe2a4c,r_5d1a12714ed21e4db5ed,527,AC,6.0,6.0,single,6 kW,data/raw/ev_20251216.csv,https://opendata.transport.nsw.gov.au/data/dataset/be1c4de4-4517-4bd0-8a09-2965ddfc7179/resource/7bbb6461-e52d-4fe7-ace4-a15c30198de0/download/ev_20251216.csv,2026-09-06 00:51:11.506072+00:00
l_b5e031ff4f363c15ccf7,r_8c7115a68d65fff30d5a,528,AC,20.0,20.0,single,20 kW,data/raw/ev_20251216.csv,https://opendata.transport.nsw.gov.au/data/dataset/be1c4de4-4517-4bd0-8a09-2965ddfc7179/resource/7bbb6461-e52d-4fe7-ace4-a15c30198de0/download/ev_20251216.csv,2026-09-06 00:51:11.506072+00:00
l_f8b4cc58eae8bfd4a953,r_9bde6b9f3375a7fef024,529,DC,50.0,50.0,single,50 kW,data/raw/ev_20251216.csv,https://opendata.transport.nsw.gov.au/data/dataset/be1c4de4-4517-4bd0-8a09-2965ddfc7179/resource/7bbb6461-e52d-4fe7-ace4-a15c30198de0/download/ev_20251216.csv,2026-09-06 00:51:11.506072+00:00
l_bebb19b1156280ae638e,r_5541f54be60cf5fe8566,530,DC,185.0,185.0,single,185 kW,data/raw/ev_20251216.csv,https://opendata.transport.nsw.gov.au/data/dataset/be1c4de4-4517-4bd0-8a09-2965ddfc7179/resource/7bbb6461-e52d-4fe7-ace4-a15c30198de0/download/ev_20251216.csv,2026-09-06 00:51:11.506072+00:00
l_0963d804cfc58e967b4c,r_3410d1660ca4b133289a,531,DC,50.0,50.0,single,50 kW,data/raw/ev_20251216.csv,https://opendata.transport.nsw.gov.au/data/dataset/be1c4de4-4517-4bd0-8a09-2965ddfc7179/resource/7bbb6461-e52d-4fe7-ace4-a15c30198de0/download/ev_20251216.csv,2026-09-06 00:51:11.506072+00:00
l_f19fad3e38cd3155245d,r_531c1784d0efe7f67c34,533,DC,75.0,75.0,single,75 kW,data/raw/ev_20251216.csv,https://opendata.transport.nsw.gov.au/data/dataset/be1c4de4-4517-4bd0-8a09-2965ddfc7179/resource/7bbb6461-e52d-4fe7-ace4-a15c30198de0/download/ev_20251216.csv,2026-09-06 00:51:11.506072+00:00
l_8b99751ca87142e8b3f4,r_6e7c93853d0ac8dc1928,534,AC,22.0,22.0,single,22 kW,data/raw/ev_20251216.csv,https://opendata.transport.nsw.gov.au/data/dataset/be1c4de4-4517-4bd0-8a09-2965ddfc7179/resource/7bbb6461-e52d-4fe7-ace4-a15c30198de0/download/ev_20251216.csv,2026-09-06 00:51:11.506072+00:00
l_2b175ea8e0731edc50c5,r_f318f40b8bca271d44b0,535,AC,22.0,22.0,single,22 kW,data/raw/ev_20251216.csv,https://opendata.transport.nsw.gov.au/data/dataset/be1c4de4-4517-4bd0-8a09-2965ddfc7179/resource/7bbb6461-e52d-4fe7-ace4-a15c30198de0/download/ev_20251216.csv,2026-09-06 00:51:11.506072+00:00
l_856f55bb1dbb65468d70,r_811dd7030cf38e7140d5,536,AC,22.0,22.0,single,22 kW,data/raw/ev_20251216.csv,https://opendata.transport.nsw.gov.au/data/dataset/be1c4de4-4517-4bd0-8a09-2965ddfc7179/resource/7bbb6461-e52d-4fe7-ace4-a15c30198de0/download/ev_20251216.csv,2026-09-06 00:51:11.506072+00:00
l_5347c3803a68ae6f73d0,r_04918a56c7dd44875702,537,DC,180.0,180.0,single,180 kW,data/raw/ev_20251216.csv,https://opendata.transport.nsw.gov.au/data/dataset/be1c4de4-4517-4bd0-8a09-2965ddfc7179/resource/7bbb6461-e52d-4fe7-ace4-a15c30198de0/download/ev_20251216.csv,2026-09-06 00:51:11.506072+00:00
l_75c621428d772a844d6b,r_53b358d9e581ed49fee9,538,AC,11.0,11.0,single,11 kW,data/raw/ev_20251216.csv,https://opendata.transport.nsw.gov.au/data/dataset/be1c4de4-4517-4bd0-8a09-2965ddfc7179/resource/7bbb6461-e52d-4fe7-ace4-a15c30198de0/download/ev_20251216.csv,2026-09-06 00:51:11.506072+00:00
l_b5823d39fd298d6b137d,r_cd8dd233db3ea67d964e,539,AC,22.0,22.0,single,22 kW,data/raw/ev_20251216.csv,https://opendata.transport.nsw.gov.au/data/dataset/be1c4de4-4517-4bd0-8a09-2965ddfc7179/resource/7bbb6461-e52d-4fe7-ace4-a15c30198de0/download/ev_20251216.csv,2026-09-06 00:51:11.506072+00:00
l_76564f0e5f017047ebbc,r_783115e38d4bbf9faaf7,540,AC,3.0,3.0,single,3 kW,data/raw/ev_20251216.csv,https://opendata.transport.nsw.gov.au/data/dataset/be1c4de4-4517-4bd0-8a09-2965ddfc7179/resource/7bbb6461-e52d-4fe7-ace4-a15c30198de0/download/ev_20251216.csv,2026-09-06 00:51:11.506072+00:00
l_705d2275b7b8d66bcc0e,r_e26cffca8d7a1cdbb7aa,541,DC,25.0,25.0,single,25 kW,data/raw/ev_20251216.csv,https://opendata.transport.nsw.gov.au/data/dataset/be1c4de4-4517-4bd0-8a09-2965ddfc7179/resource/7bbb6461-e52d-4fe7-ace4-a15c30198de0/download/ev_20251216.csv,2026-09-06 00:51:11.506072+00:00
l_c88a0765c9b2106edf1c,r_2aaa0960feac774f57ea,542,AC,3.0,3.0,single,3 kW,data/raw/ev_20251216.csv,https://opendata.transport.nsw.gov.au/data/dataset/be1c4de4-4517-4bd0-8a09-2965ddfc7179/resource/7bbb6461-e52d-4fe7-ace4-a15c30198de0/download/ev_20251216.csv,2026-09-06 00:51:11.506072+00:00
l_3acb577be63bc7dc74fa,r_c8f1afaf5fc5db4552c7,543,DC,200.0,200.0,single,200 kW,data/raw/ev_20251216.csv,https://opendata.transport.nsw.gov.au/data/dataset/be1c4de4-4517-4bd0-8a09-2965ddfc7179/resource/7bbb6461-e52d-4fe7-ace4-a15c30198de0/download/ev_20251216.csv,2026-09-06 00:51:11.506072+00:00
l_2a877bc89839b8526c18,r_5ee74ce52aceed1f1532,544,AC,22.0,22.0,single,22 kW,data/raw/ev_20251216.csv,https://opendata.transport.nsw.gov.au/data/dataset/be1c4de4-4517-4bd0-8a09-2965ddfc7179/resource/7bbb6461-e52d-4fe7-ace4-a15c30198de0/download/ev_20251216.csv,2026-09-06 00:51:11.506072+00:00
l_e6336143ad704af8bb66,r_0e7d7fdb3bf0722fc830,545,AC,22.0,22.0,single,22 kW,data/raw/ev_20251216.csv,https://opendata.transport.nsw.gov.au/data/dataset/be1c4de4-4517-4bd0-8a09-2965ddfc7179/resource/7bbb6461-e52d-4fe7-ace4-a15c30198de0/download/ev_20251216.csv,2026-09-06 00:51:11.506072+00:00
l_3704846038c47d6a6cd2,r_fa7b03a54f8e8e553af3,546,AC,22.0,22.0,single,22 kW,data/raw/ev_20251216.csv,https://opendata.transport.nsw.gov.au/data/dataset/be1c4de4-4517-4bd0-8a09-2965ddfc7179/resource/7bbb6461-e52d-4fe7-ace4-a15c30198de0/download/ev_20251216.csv,2026-09-06 00:51:11.506072+00:00
l_810012f620fe9ed3e622,r_a67721fb7a4fb2f84f6a,547,AC,22.0,22.0,single,22 kW,data/raw/ev_20251216.csv,https://opendata.transport.nsw.gov.au/data/dataset/be1c4de4-4517-4bd0-8a09-2965ddfc7179/resource/7bbb6461-e52d-4fe7-ace4-a15c30198de0/download/ev_20251216.csv,2026-09-06 00:51:11.506072+00:00
l_1e9eb5434ee0d297c6d2,r_18c3ed5124e2253c7dde,548,AC,22.0,22.0,single,22 kW,data/raw/ev_20251216.csv,https://opendata.transport.nsw.gov.au/data/dataset/be1c4de4-4517-4bd0-8a09-2965ddfc7179/resource/7bbb6461-e52d-4fe7-ace4-a15c30198de0/download/ev_20251216.csv,2026-09-06 00:51:11.506072+00:00
l_79d147104375fac00b72,r_e3acc64957c7290b88f7,549,AC,22.0,22.0,single,22 kW,data/raw/ev_20251216.csv,https://opendata.transport.nsw.gov.au/data/dataset/be1c4de4-4517-4bd0-8a09-2965ddfc7179/resource/7bbb6461-e52d-4fe7-ace4-a15c30198de0/download/ev_20251216.csv,2026-09-06 00:51:11.506072+00:00
l_8106b4cc01967a486395,r_ecbcf4892717bd3dac37,550,AC,22.0,22.0,single,22 kW,data/raw/ev_20251216.csv,https://opendata.transport.nsw.gov.au/data/dataset/be1c4de4-4517-4bd0-8a09-2965ddfc7179/resource/7bbb6461-e52d-4fe7-ace4-a15c30198de0/download/ev_20251216.csv,2026-09-06 00:51:11.506072+00:00
l_94e96ced0c67ad7f35b5,r_06676565acff265b6789,551,AC,22.0,22.0,single,22 kW,data/raw/ev_20251216.csv,https://opendata.transport.nsw.gov.au/data/dataset/be1c4de4-4517-4bd0-8a09-2965ddfc7179/resource/7bbb6461-e52d-4fe7-ace4-a15c30198de0/download/ev_20251216.csv,2026-09-06 00:51:11.506072+00:00
l_4f0e54e6945ee8be278f,r_5dec6438153a2f7f8ee7,552,DC,120.0,120.0,single,120 kW,data/raw/ev_20251216.csv,https://opendata.transport.nsw.gov.au/data/dataset/be1c4de4-4517-4bd0-8a09-2965ddfc7179/resource/7bbb6461-e52d-4fe7-ace4-a15c30198de0/download/ev_20251216.csv,2026-09-06 00:51:11.506072+00:00
l_9afb2913db4a974f4d6e,r_0c5fa03090f4b61ed234,553,DC,25.0,25.0,single,25 kW,data/raw/ev_20251216.csv,https://opendata.transport.nsw.gov.au/data/dataset/be1c4de4-4517-4bd0-8a09-2965ddfc7179/resource/7bbb6461-e52d-4fe7-ace4-a15c30198de0/download/ev_20251216.csv,2026-09-06 00:51:11.506072+00:00
l_e7c0d8b1aaca27e8c0a3,r_98b654b13910fca136f8,554,AC,22.0,22.0,single,22 kW,data/raw/ev_20251216.csv,https://opendata.transport.nsw.gov.au/data/dataset/be1c4de4-4517-4bd0-8a09-2965ddfc7179/resource/7bbb6461-e52d-4fe7-ace4-a15c30198de0/download/ev_20251216.csv,2026-09-06 00:51:11.506072+00:00
l_5e447eca97d90ba6c8c5,r_37ef1a436db5e0d39d26,555,AC,6.0,6.0,single,6 kW,data/raw/ev_20251216.csv,https://opendata.transport.nsw.gov.au/data/dataset/be1c4de4-4517-4bd0-8a09-2965ddfc7179/resource/7bbb6461-e52d-4fe7-ace4-a15c30198de0/download/ev_20251216.csv,2026-09-06 00:51:11.506072+00:00
l_fe39b125adf35f1fb678,r_290191771c4f8dea4965,556,DC,75.0,75.0,single,75 kW,data/raw/ev_20251216.csv,https://opendata.transport.nsw.gov.au/data/dataset/be1c4de4-4517-4bd0-8a09-2965ddfc7179/resource/7bbb6461-e52d-4fe7-ace4-a15c30198de0/download/ev_20251216.csv,2026-09-06 00:51:11.506072+00:00
l_f4a60bb0c0de260159fa,r_c956bd4dcbdf28cd85a3,557,AC,22.0,22.0,single,22 kW,data/raw/ev_20251216.csv,https://opendata.transport.nsw.gov.au/data/dataset/be1c4de4-4517-4bd0-8a09-2965ddfc7179/resource/7bbb6461-e52d-4fe7-ace4-a15c30198de0/download/ev_20251216.csv,2026-09-06 00:51:11.506072+00:00
l_985f4a32260a20df665d,r_4eb3bd0b7af70ee0fd87,558,AC,22.0,22.0,single,22 kW,data/raw/ev_20251216.csv,https://opendata.transport.nsw.gov.au/data/dataset/be1c4de4-4517-4bd0-8a09-2965ddfc7179/resource/7bbb6461-e52d-4fe7-ace4-a15c30198de0/download/ev_20251216.csv,2026-09-06 00:51:11.506072+00:00
l_dac1e06ae7fede11abe7,r_68f35280a7273adf3691,559,AC,22.0,22.0,single,22 kW,data/raw/ev_20251216.csv,https://opendata.transport.nsw.gov.au/data/dataset/be1c4de4-4517-4bd0-8a09-2965ddfc7179/resource/7bbb6461-e52d-4fe7-ace4-a15c30198de0/download/ev_20251216.csv,2026-09-06 00:51:11.506072+00:00
l_10e75582786865701991,r_dc6326874114ecd90b7d,560,AC,6.0,6.0,single,6 kW,data/raw/ev_20251216.csv,https://opendata.transport.nsw.gov.au/data/dataset/be1c4de4-4517-4bd0-8a09-2965ddfc7179/resource/7bbb6461-e52d-4fe7-ace4-a15c30198de0/download/ev_20251216.csv,2026-09-06 00:51:11.506072+00:00
l_610b7a9ed0f730db8970,r_012e88ac01a039103a5c,561,AC,22.0,22.0,single,22 kW,data/raw/ev_20251216.csv,https://opendata.transport.nsw.gov.au/data/dataset/be1c4de4-4517-4bd0-8a09-2965ddfc7179/resource/7bbb6461-e52d-4fe7-ace4-a15c30198de0/download/ev_20251216.csv,2026-09-06 00:51:11.506072+00:00
l_afb76cfc71408547d08c,r_3c9b8b70e2614d89d9f3,562,AC,22.0,22.0,single,22 kW,data/raw/ev_20251216.csv,https://opendata.transport.nsw.gov.au/data/dataset/be1c4de4-4517-4bd0-8a09-2965ddfc7179/resource/7bbb6461-e52d-4fe7-ace4-a15c30198de0/download/ev_20251216.csv,2026-09-06 00:51:11.506072+00:00
l_88484db7728f6ea4dd26,r_4a2db0bcee6e252cdc5b,563,DC,60.0,60.0,single,60 kW,data/raw/ev_20251216.csv,https://opendata.transport.nsw.gov.au/data/dataset/be1c4de4-4517-4bd0-8a09-2965ddfc7179/resource/7bbb6461-e52d-4fe7-ace4-a15c30198de0/download/ev_20251216.csv,2026-09-06 00:51:11.506072+00:00
l_04bbec0916ee633eb48f,r_fd5f3c2134dda2f0da03,564,AC,22.0,22.0,single,22 kW,data/raw/ev_20251216.csv,https://opendata.transport.nsw.gov.au/data/dataset/be1c4de4-4517-4bd0-8a09-2965ddfc7179/resource/7bbb6461-e52d-4fe7-ace4-a15c30198de0/download/ev_20251216.csv,2026-09-06 00:51:11.506072+00:00
l_db810169f00d64378e85,r_ef005dff1aaac4d7e49d,565,AC,11.0,11.0,single,11 kW,data/raw/ev_20251216.csv,https://opendata.transport.nsw.gov.au/data/dataset/be1c4de4-4517-4bd0-8a09-2965ddfc7179/resource/7bbb6461-e52d-4fe7-ace4-a15c30198de0/download/ev_20251216.csv,2026-09-06 00:51:11.506072+00:00
l_5c37c09d4b2424a67c35,r_a06330f218ca5a1bf45d,566,DC,50.0,50.0,single,50 kW,data/raw/ev_20251216.csv,https://opendata.transport.nsw.gov.au/data/dataset/be1c4de4-4517-4bd0-8a09-2965ddfc7179/resource/7bbb6461-e52d-4fe7-ace4-a15c30198de0/download/ev_20251216.csv,2026-09-06 00:51:11.506072+00:00
l_a78efb5963484bdfb51f,r_cf64b6b94f0ff67f2006,567,DC,50.0,50.0,single,50 kW,data/raw/ev_20251216.csv,https://opendata.transport.nsw.gov.au/data/dataset/be1c4de4-4517-4bd0-8a09-2965ddfc7179/resource/7bbb6461-e52d-4fe7-ace4-a15c30198de0/download/ev_20251216.csv,2026-09-06 00:51:11.506072+00:00
l_33256e34e464c6a4f696,r_9d6f54f3e7eef32bdd93,568,AC,22.0,22.0,single,22 kW,data/raw/ev_20251216.csv,https://opendata.transport.nsw.gov.au/data/dataset/be1c4de4-4517-4bd0-8a09-2965ddfc7179/resource/7bbb6461-e52d-4fe7-ace4-a15c30198de0/download/ev_20251216.csv,2026-09-06 00:51:11.506072+00:00
l_1477d7c4eab901aa3d15,r_8335ea0b18ae7a3a045f,569,AC,5.0,5.0,single,5 kW,data/raw/ev_20251216.csv,https://opendata.transport.nsw.gov.au/data/dataset/be1c4de4-4517-4bd0-8a09-2965ddfc7179/resource/7bbb6461-e52d-4fe7-ace4-a15c30198de0/download/ev_20251216.csv,2026-09-06 00:51:11.506072+00:00
l_90d205e857f5babd906e,r_a8c6089b0b1496ae7336,570,DC,120.0,120.0,single,120 kW,data/raw/ev_20251216.csv,https://opendata.transport.nsw.gov.au/data/dataset/be1c4de4-4517-4bd0-8a09-2965ddfc7179/resource/7bbb6461-e52d-4fe7-ace4-a15c30198de0/download/ev_20251216.csv,2026-09-06 00:51:11.506072+00:00
l_5f5b02e099e04f62cba8,r_783de2f047c2f1bead20,571,AC,22.0,22.0,single,22 kW,data/raw/ev_20251216.csv,https://opendata.transport.nsw.gov.au/data/dataset/be1c4de4-4517-4bd0-8a09-2965ddfc7179/resource/7bbb6461-e52d-4fe7-ace4-a15c30198de0/download/ev_20251216.csv,2026-09-06 00:51:11.506072+00:00
l_f0cab9cb75a7bb39c13d,r_be0976a5073ae3ee9067,572,AC,19.0,19.0,single,19 kW,data/raw/ev_20251216.csv,https://opendata.transport.nsw.gov.au/data/dataset/be1c4de4-4517-4bd0-8a09-2965ddfc7179/resource/7bbb6461-e52d-4fe7-ace4-a15c30198de0/download/ev_20251216.csv,2026-09-06 00:51:11.506072+00:00
l_4cfb01382447958c6800,r_9f1f343e1c5042512bb7,573,AC,22.0,22.0,single,22 kW,data/raw/ev_20251216.csv,https://opendata.transport.nsw.gov.au/data/dataset/be1c4de4-4517-4bd0-8a09-2965ddfc7179/resource/7bbb6461-e52d-4fe7-ace4-a15c30198de0/download/ev_20251216.csv,2026-09-06 00:51:11.506072+00:00
l_93492e0b4693072c4129,r_8a40856c0bcc219812ea,574,DC,25.0,25.0,single,25 kW,data/raw/ev_20251216.csv,https://opendata.transport.nsw.gov.au/data/dataset/be1c4de4-4517-4bd0-8a09-2965ddfc7179/resource/7bbb6461-e52d-4fe7-ace4-a15c30198de0/download/ev_20251216.csv,2026-09-06 00:51:11.506072+00:00
l_04198039f157ec10eea7,r_991e509f6cce0b281e36,575,DC,60.0,60.0,single,60 kW,data/raw/ev_20251216.csv,https://opendata.transport.nsw.gov.au/data/dataset/be1c4de4-4517-4bd0-8a09-2965ddfc7179/resource/7bbb6461-e52d-4fe7-ace4-a15c30198de0/download/ev_20251216.csv,2026-09-06 00:51:11.506072+00:00
l_8b9d14da53d4632082cb,r_1305286492054f1d6a97,576,DC,150.0,150.0,single,150 kW,data/raw/ev_20251216.csv,https://opendata.transport.nsw.gov.au/data/dataset/be1c4de4-4517-4bd0-8a09-2965ddfc7179/resource/7bbb6461-e52d-4fe7-ace4-a15c30198de0/download/ev_20251216.csv,2026-09-06 00:51:11.506072+00:00
l_0b56722b7d2911229b6b,r_f9642fbe78980a4f3a9d,577,DC,75.0,75.0,single,75 kW,data/raw/ev_20251216.csv,https://opendata.transport.nsw.gov.au/data/dataset/be1c4de4-4517-4bd0-8a09-2965ddfc7179/resource/7bbb6461-e52d-4fe7-ace4-a15c30198de0/download/ev_20251216.csv,2026-09-06 00:51:11.506072+00:00
l_ac2621c5e28b18ec0d36,r_a32151f21c65c639fb14,578,AC,22.0,22.0,single,22 kW,data/raw/ev_20251216.csv,https://opendata.transport.nsw.gov.au/data/dataset/be1c4de4-4517-4bd0-8a09-2965ddfc7179/resource/7bbb6461-e52d-4fe7-ace4-a15c30198de0/download/ev_20251216.csv,2026-09-06 00:51:11.506072+00:00
l_f3d6495f56b87a47fcaf,r_99f05379304fcc94637c,579,AC,22.0,22.0,single,22 kW,data/raw/ev_20251216.csv,https://opendata.transport.nsw.gov.au/data/dataset/be1c4de4-4517-4bd0-8a09-2965ddfc7179/resource/7bbb6461-e52d-4fe7-ace4-a15c30198de0/download/ev_20251216.csv,2026-09-06 00:51:11.506072+00:00
l_e39c690e9dc2ea66f82c,r_06844f80cd31475bee7f,580,AC,22.0,22.0,single,22 kW,data/raw/ev_20251216.csv,https://opendata.transport.nsw.gov.au/data/dataset/be1c4de4-4517-4bd0-8a09-2965ddfc7179/resource/7bbb6461-e52d-4fe7-ace4-a15c30198de0/download/ev_20251216.csv,2026-09-06 00:51:11.506072+00:00
l_ec72abae120bcea2c055,r_c2c4f8efdc630bd8827b,581,AC,22.0,22.0,single,22 kW,data/raw/ev_20251216.csv,https://opendata.transport.nsw.gov.au/data/dataset/be1c4de4-4517-4bd0-8a09-2965ddfc7179/resource/7bbb6461-e52d-4fe7-ace4-a15c30198de0/download/ev_20251216.csv,2026-09-06 00:51:11.506072+00:00
l_f8f3b2392af42f5355d9,r_20a9802287f4056fe27b,582,AC,22.0,22.0,single,22 kW,data/raw/ev_20251216.csv,https://opendata.transport.nsw.gov.au/data/dataset/be1c4de4-4517-4bd0-8a09-2965ddfc7179/resource/7bbb6461-e52d-4fe7-ace4-a15c30198de0/download/ev_20251216.csv,2026-09-06 00:51:11.506072+00:00
l_910feefd7eb2b5c85295,r_ce073a7050f310c0df34,583,AC,17.0,17.0,single,17 kW,data/raw/ev_20251216.csv,https://opendata.transport.nsw.gov.au/data/dataset/be1c4de4-4517-4bd0-8a09-2965ddfc7179/resource/7bbb6461-e52d-4fe7-ace4-a15c30198de0/download/ev_20251216.csv,2026-09-06 00:51:11.506072+00:00
l_f1e0ad15c6d8a6311d2e,r_156515b91590acbdb20b,584,AC,22.0,22.0,single,22 kW,data/raw/ev_20251216.csv,https://opendata.transport.nsw.gov.au/data/dataset/be1c4de4-4517-4bd0-8a09-2965ddfc7179/resource/7bbb6461-e52d-4fe7-ace4-a15c30198de0/download/ev_20251216.csv,2026-09-06 00:51:11.506072+00:00
l_b415c2f621ac86218306,r_3f8d071d928eafe653c0,585,AC,6.0,6.0,single,6 kW,data/raw/ev_20251216.csv,https://opendata.transport.nsw.gov.au/data/dataset/be1c4de4-4517-4bd0-8a09-2965ddfc7179/resource/7bbb6461-e52d-4fe7-ace4-a15c30198de0/download/ev_20251216.csv,2026-09-06 00:51:11.506072+00:00
l_29c5fd7a40b2e8136221,r_e2eebe66b05ec79cbe31,586,AC,22.0,22.0,single,22 kW,data/raw/ev_20251216.csv,https://opendata.transport.nsw.gov.au/data/dataset/be1c4de4-4517-4bd0-8a09-2965ddfc7179/resource/7bbb6461-e52d-4fe7-ace4-a15c30198de0/download/ev_20251216.csv,2026-09-06 00:51:11.506072+00:00
l_c730199590b388ecc6f1,r_570caef43580031d775f,587,AC,22.0,22.0,single,22 kW,data/raw/ev_20251216.csv,https://opendata.transport.nsw.gov.au/data/dataset/be1c4de4-4517-4bd0-8a09-2965ddfc7179/resource/7bbb6461-e52d-4fe7-ace4-a15c30198de0/download/ev_20251216.csv,2026-09-06 00:51:11.506072+00:00
l_be07f0d563abefc38375,r_d639109bbdf53506b230,588,AC,6.0,6.0,single,6 kW,data/raw/ev_20251216.csv,https://opendata.transport.nsw.gov.au/data/dataset/be1c4de4-4517-4bd0-8a09-2965ddfc7179/resource/7bbb6461-e52d-4fe7-ace4-a15c30198de0/download/ev_20251216.csv,2026-09-06 00:51:11.506072+00:00
l_6c6131f547b8e5362203,r_2e099de5b341f01a77b4,589,DC,40.0,40.0,single,40 kW,data/raw/ev_20251216.csv,https://opendata.transport.nsw.gov.au/data/dataset/be1c4de4-4517-4bd0-8a09-2965ddfc7179/resource/7bbb6461-e52d-4fe7-ace4-a15c30198de0/download/ev_20251216.csv,2026-09-06 00:51:11.506072+00:00
l_10191bc8980ba6adb331,r_5dcce747ebaabebe8807,590,AC,22.0,22.0,single,22 kW,data/raw/ev_20251216.csv,https://opendata.transport.nsw.gov.au/data/dataset/be1c4de4-4517-4bd0-8a09-2965ddfc7179/resource/7bbb6461-e52d-4fe7-ace4-a15c30198de0/download/ev_20251216.csv,2026-09-06 00:51:11.506072+00:00
l_8659a385636a80b56b9b,r_b2143febc74f638db4ce,591,AC,22.0,22.0,single,22 kW,data/raw/ev_20251216.csv,https://opendata.transport.nsw.gov.au/data/dataset/be1c4de4-4517-4bd0-8a09-2965ddfc7179/resource/7bbb6461-e52d-4fe7-ace4-a15c30198de0/download/ev_20251216.csv,2026-09-06 00:51:11.506072+00:00
l_4235e7246068561ee36d,r_25e6a8a35491419e1fe9,592,DC,75.0,75.0,single,75 kW,data/raw/ev_20251216.csv,https://opendata.transport.nsw.gov.au/data/dataset/be1c4de4-4517-4bd0-8a09-2965ddfc7179/resource/7bbb6461-e52d-4fe7-ace4-a15c30198de0/download/ev_20251216.csv,2026-09-06 00:51:11.506072+00:00
l_2cb6da819a47f60aa3da,r_d051423772b3098f7752,593,DC,75.0,75.0,single,75 kW,data/raw/ev_20251216.csv,https://opendata.transport.nsw.gov.au/data/dataset/be1c4de4-4517-4bd0-8a09-2965ddfc7179/resource/7bbb6461-e52d-4fe7-ace4-a15c30198de0/download/ev_20251216.csv,2026-09-06 00:51:11.506072+00:00
l_ca476ce7f7ecd656aa79,r_46e2fc18eebb658e2ba7,594,AC,22.0,22.0,single,22 kW,data/raw/ev_20251216.csv,https://opendata.transport.nsw.gov.au/data/dataset/be1c4de4-4517-4bd0-8a09-2965ddfc7179/resource/7bbb6461-e52d-4fe7-ace4-a15c30198de0/download/ev_20251216.csv,2026-09-06 00:51:11.506072+00:00
l_f596f806e9bb6dd7e860,r_813726e37e28fdb415c5,595,DC,40.0,40.0,single,40 kW,data/raw/ev_20251216.csv,https://opendata.transport.nsw.gov.au/data/dataset/be1c4de4-4517-4bd0-8a09-2965ddfc7179/resource/7bbb6461-e52d-4fe7-ace4-a15c30198de0/download/ev_20251216.csv,2026-09-06 00:51:11.506072+00:00
l_22a6ee219a9be7d19ea1,r_669eadd3e88015eb7c10,596,AC,22.0,22.0,single,22 kW,data/raw/ev_20251216.csv,https://opendata.transport.nsw.gov.au/data/dataset/be1c4de4-4517-4bd0-8a09-2965ddfc7179/resource/7bbb6461-e52d-4fe7-ace4-a15c30198de0/download/ev_20251216.csv,2026-09-06 00:51:11.506072+00:00
l_7115e781313f5feef775,r_6e171d4f1ecdb4373b3a,597,AC,22.0,22.0,single,22 kW,data/raw/ev_20251216.csv,https://opendata.transport.nsw.gov.au/data/dataset/be1c4de4-4517-4bd0-8a09-2965ddfc7179/resource/7bbb6461-e52d-4fe7-ace4-a15c30198de0/download/ev_20251216.csv,2026-09-06 00:51:11.506072+00:00
l_669de34636619aeba944,r_dcb6b68f0903101b1ce6,598,AC,19.0,19.0,single,19 kW,data/raw/ev_20251216.csv,https://opendata.transport.nsw.gov.au/data/dataset/be1c4de4-4517-4bd0-8a09-2965ddfc7179/resource/7bbb6461-e52d-4fe7-ace4-a15c30198de0/download/ev_20251216.csv,2026-09-06 00:51:11.506072+00:00
l_a442eb6c34bcbbf48e94,r_fa0c544eeb7128a29eba,599,AC,22.0,22.0,single,22 kW,data/raw/ev_20251216.csv,https://opendata.transport.nsw.gov.au/data/dataset/be1c4de4-4517-4bd0-8a09-2965ddfc7179/resource/7bbb6461-e52d-4fe7-ace4-a15c30198de0/download/ev_20251216.csv,2026-09-06 00:51:11.506072+00:00
l_70d96124491d283d91bf,r_e9fe3239b4aba81165cc,600,AC,22.0,22.0,single,22 kW,data/raw/ev_20251216.csv,https://opendata.transport.nsw.gov.au/data/dataset/be1c4de4-4517-4bd0-8a09-2965ddfc7179/resource/7bbb6461-e52d-4fe7-ace4-a15c30198de0/download/ev_20251216.csv,2026-09-06 00:51:11.506072+00:00
l_295669b59d2d5e752167,r_72be694a6f4624feb4ff,601,DC,125.0,125.0,single,125 kW,data/raw/ev_20251216.csv,https://opendata.transport.nsw.gov.au/data/dataset/be1c4de4-4517-4bd0-8a09-2965ddfc7179/resource/7bbb6461-e52d-4fe7-ace4-a15c30198de0/download/ev_20251216.csv,2026-09-06 00:51:11.506072+00:00
l_b9ad8176a981a4b12999,r_00c40145518c29c56ede,602,AC,7.0,7.0,single,7 kW,data/raw/ev_20251216.csv,https://opendata.transport.nsw.gov.au/data/dataset/be1c4de4-4517-4bd0-8a09-2965ddfc7179/resource/7bbb6461-e52d-4fe7-ace4-a15c30198de0/download/ev_20251216.csv,2026-09-06 00:51:11.506072+00:00
l_6a677dbac073aaf411a9,r_4e27da64dca2e355cfc5,603,AC,22.0,22.0,single,22 kW,data/raw/ev_20251216.csv,https://opendata.transport.nsw.gov.au/data/dataset/be1c4de4-4517-4bd0-8a09-2965ddfc7179/resource/7bbb6461-e52d-4fe7-ace4-a15c30198de0/download/ev_20251216.csv,2026-09-06 00:51:11.506072+00:00
l_37968c6e0219f3f3658c,r_2cdbe3f7b21dc13300eb,604,AC,6.0,6.0,single,6 kW,data/raw/ev_20251216.csv,https://opendata.transport.nsw.gov.au/data/dataset/be1c4de4-4517-4bd0-8a09-2965ddfc7179/resource/7bbb6461-e52d-4fe7-ace4-a15c30198de0/download/ev_20251216.csv,2026-09-06 00:51:11.506072+00:00
l_6c3040d9e1f5d8f48bb9,r_55bf340bc40d0ee257e5,605,AC,22.0,22.0,single,22 kW,data/raw/ev_20251216.csv,https://opendata.transport.nsw.gov.au/data/dataset/be1c4de4-4517-4bd0-8a09-2965ddfc7179/resource/7bbb6461-e52d-4fe7-ace4-a15c30198de0/download/ev_20251216.csv,2026-09-06 00:51:11.506072+00:00
l_18cd5c4d2cbb2d421237,r_9aaf3f464b117e924c84,607,DC,50.0,50.0,single,50 kW,data/raw/ev_20251216.csv,https://opendata.transport.nsw.gov.au/data/dataset/be1c4de4-4517-4bd0-8a09-2965ddfc7179/resource/7bbb6461-e52d-4fe7-ace4-a15c30198de0/download/ev_20251216.csv,2026-09-06 00:51:11.506072+00:00
l_c2af1f7f45c7a67ca566,r_fc0504c603e3341a0ec2,608,AC,19.0,19.0,single,19 kW,data/raw/ev_20251216.csv,https://opendata.transport.nsw.gov.au/data/dataset/be1c4de4-4517-4bd0-8a09-2965ddfc7179/resource/7bbb6461-e52d-4fe7-ace4-a15c30198de0/download/ev_20251216.csv,2026-09-06 00:51:11.506072+00:00
l_fecb079219ddd03a34ed,r_dbd34587a5cec56d6d2c,609,AC,22.0,22.0,single,22 kW,data/raw/ev_20251216.csv,https://opendata.transport.nsw.gov.au/data/dataset/be1c4de4-4517-4bd0-8a09-2965ddfc7179/resource/7bbb6461-e52d-4fe7-ace4-a15c30198de0/download/ev_20251216.csv,2026-09-06 00:51:11.506072+00:00
l_48fcdc8e065f25652363,r_6987f0a445efcdc60918,610,DC,50.0,50.0,single,50 kW,data/raw/ev_20251216.csv,https://opendata.transport.nsw.gov.au/data/dataset/be1c4de4-4517-4bd0-8a09-2965ddfc7179/resource/7bbb6461-e52d-4fe7-ace4-a15c30198de0/download/ev_20251216.csv,2026-09-06 00:51:11.506072+00:00
l_a1e725bb6228d6be59be,r_fc036401d55bf9e09e88,611,AC,6.0,6.0,single,6 kW,data/raw/ev_20251216.csv,https://opendata.transport.nsw.gov.au/data/dataset/be1c4de4-4517-4bd0-8a09-2965ddfc7179/resource/7bbb6461-e52d-4fe7-ace4-a15c30198de0/download/ev_20251216.csv,2026-09-06 00:51:11.506072+00:00
l_ad70b168b573f9484a4e,r_a95cd817cf509ee3117b,612,AC,22.0,22.0,single,22 kW,data/raw/ev_20251216.csv,https://opendata.transport.nsw.gov.au/data/dataset/be1c4de4-4517-4bd0-8a09-2965ddfc7179/resource/7bbb6461-e52d-4fe7-ace4-a15c30198de0/download/ev_20251216.csv,2026-09-06 00:51:11.506072+00:00
l_0e7182202acba8dfe173,r_531a8cdb6b482f190a0d,613,DC,50.0,50.0,single,50 kW,data/raw/ev_20251216.csv,https://opendata.transport.nsw.gov.au/data/dataset/be1c4de4-4517-4bd0-8a09-2965ddfc7179/resource/7bbb6461-e52d-4fe7-ace4-a15c30198de0/download/ev_20251216.csv,2026-09-06 00:51:11.506072+00:00
l_d465760304eed49e1820,r_b6b3084fb3259ddd695a,614,DC,25.0,25.0,single,25 kW,data/raw/ev_20251216.csv,https://opendata.transport.nsw.gov.au/data/dataset/be1c4de4-4517-4bd0-8a09-2965ddfc7179/resource/7bbb6461-e52d-4fe7-ace4-a15c30198de0/download/ev_20251216.csv,2026-09-06 00:51:11.506072+00:00
l_e2817f75b4b2fabb7a3f,r_070084bb36885815a523,615,AC,22.0,22.0,single,22 kW,data/raw/ev_20251216.csv,https://opendata.transport.nsw.gov.au/data/dataset/be1c4de4-4517-4bd0-8a09-2965ddfc7179/resource/7bbb6461-e52d-4fe7-ace4-a15c30198de0/download/ev_20251216.csv,2026-09-06 00:51:11.506072+00:00
l_cebce0f1b1865824e9e0,r_935d271f77a5ca296212,616,AC,22.0,22.0,single,22 kW,data/raw/ev_20251216.csv,https://opendata.transport.nsw.gov.au/data/dataset/be1c4de4-4517-4bd0-8a09-2965ddfc7179/resource/7bbb6461-e52d-4fe7-ace4-a15c30198de0/download/ev_20251216.csv,2026-09-06 00:51:11.506072+00:00
l_e4fc09efdc0639205bea,r_55a5d0ac0747a4b05f6c,617,DC,150.0,150.0,single,150 kW,data/raw/ev_20251216.csv,https://opendata.transport.nsw.gov.au/data/dataset/be1c4de4-4517-4bd0-8a09-2965ddfc7179/resource/7bbb6461-e52d-4fe7-ace4-a15c30198de0/download/ev_20251216.csv,2026-09-06 00:51:11.506072+00:00
l_8b0120c8ede2dccc884c,r_2f4a8d8949a0c5b1478d,618,DC,75.0,75.0,single,75 kW,data/raw/ev_20251216.csv,https://opendata.transport.nsw.gov.au/data/dataset/be1c4de4-4517-4bd0-8a09-2965ddfc7179/resource/7bbb6461-e52d-4fe7-ace4-a15c30198de0/download/ev_20251216.csv,2026-09-06 00:51:11.506072+00:00
l_145405672e3e2af1a255,r_0c956070b28e0fe1a276,619,AC,6.0,6.0,single,6 kW,data/raw/ev_20251216.csv,https://opendata.transport.nsw.gov.au/data/dataset/be1c4de4-4517-4bd0-8a09-2965ddfc7179/resource/7bbb6461-e52d-4fe7-ace4-a15c30198de0/download/ev_20251216.csv,2026-09-06 00:51:11.506072+00:00
l_4ca174acd09b98c0e0d2,r_b95b415614bac08bfcca,620,AC,22.0,22.0,single,22 kW,data/raw/ev_20251216.csv,https://opendata.transport.nsw.gov.au/data/dataset/be1c4de4-4517-4bd0-8a09-2965ddfc7179/resource/7bbb6461-e52d-4fe7-ace4-a15c30198de0/download/ev_20251216.csv,2026-09-06 00:51:11.506072+00:00
l_fe1c1b694942b89c9119,r_456ea33cfc504efc538b,621,AC,22.0,22.0,single,22 kW,data/raw/ev_20251216.csv,https://opendata.transport.nsw.gov.au/data/dataset/be1c4de4-4517-4bd0-8a09-2965ddfc7179/resource/7bbb6461-e52d-4fe7-ace4-a15c30198de0/download/ev_20251216.csv,2026-09-06 00:51:11.506072+00:00
l_630de9176fc1dca64e4e,r_1728ab3d5a3fbc3e9847,622,AC,22.0,22.0,single,22 kW,data/raw/ev_20251216.csv,https://opendata.transport.nsw.gov.au/data/dataset/be1c4de4-4517-4bd0-8a09-2965ddfc7179/resource/7bbb6461-e52d-4fe7-ace4-a15c30198de0/download/ev_20251216.csv,2026-09-06 00:51:11.506072+00:00
l_2c8f1849230514db6fe6,r_5034bbe4573129b3c053,623,DC,25.0,25.0,single,25 kW,data/raw/ev_20251216.csv,https://opendata.transport.nsw.gov.au/data/dataset/be1c4de4-4517-4bd0-8a09-2965ddfc7179/resource/7bbb6461-e52d-4fe7-ace4-a15c30198de0/download/ev_20251216.csv,2026-09-06 00:51:11.506072+00:00
l_1d4f6326d3a0decd4193,r_1de9b1c36c5a84cf1c23,624,AC,22.0,22.0,single,22 kW,data/raw/ev_20251216.csv,https://opendata.transport.nsw.gov.au/data/dataset/be1c4de4-4517-4bd0-8a09-2965ddfc7179/resource/7bbb6461-e52d-4fe7-ace4-a15c30198de0/download/ev_20251216.csv,2026-09-06 00:51:11.506072+00:00
l_395dc8f2ce8bbcc777a4,r_b1a5b689627e88008486,625,AC,11.0,11.0,single,11 kW,data/raw/ev_20251216.csv,https://opendata.transport.nsw.gov.au/data/dataset/be1c4de4-4517-4bd0-8a09-2965ddfc7179/resource/7bbb6461-e52d-4fe7-ace4-a15c30198de0/download/ev_20251216.csv,2026-09-06 00:51:11.506072+00:00
l_3ec3949a911ef0693ea3,r_a0aa066ca9403781b634,626,AC,22.0,22.0,single,22 kW,data/raw/ev_20251216.csv,https://opendata.transport.nsw.gov.au/data/dataset/be1c4de4-4517-4bd0-8a09-2965ddfc7179/resource/7bbb6461-e52d-4fe7-ace4-a15c30198de0/download/ev_20251216.csv,2026-09-06 00:51:11.506072+00:00
l_bbb45e027c4946625f86,r_5ce84d32d74885426847,627,AC,22.0,22.0,single,22 kW,data/raw/ev_20251216.csv,https://opendata.transport.nsw.gov.au/data/dataset/be1c4de4-4517-4bd0-8a09-2965ddfc7179/resource/7bbb6461-e52d-4fe7-ace4-a15c30198de0/download/ev_20251216.csv,2026-09-06 00:51:11.506072+00:00
l_e9d9d981d53b62bc86f6,r_068adec8443c40827485,628,DC,130.0,130.0,single,130 kW,data/raw/ev_20251216.csv,https://opendata.transport.nsw.gov.au/data/dataset/be1c4de4-4517-4bd0-8a09-2965ddfc7179/resource/7bbb6461-e52d-4fe7-ace4-a15c30198de0/download/ev_20251216.csv,2026-09-06 00:51:11.506072+00:00
l_17ef4fa6865b00a5815f,r_200b56c8f90046625617,629,AC,22.0,22.0,single,22 kW,data/raw/ev_20251216.csv,https://opendata.transport.nsw.gov.au/data/dataset/be1c4de4-4517-4bd0-8a09-2965ddfc7179/resource/7bbb6461-e52d-4fe7-ace4-a15c30198de0/download/ev_20251216.csv,2026-09-06 00:51:11.506072+00:00
l_fb4c2f567e77a21c6198,r_41c81972a338516dfb55,630,AC,22.0,22.0,single,22 kW,data/raw/ev_20251216.csv,https://opendata.transport.nsw.gov.au/data/dataset/be1c4de4-4517-4bd0-8a09-2965ddfc7179/resource/7bbb6461-e52d-4fe7-ace4-a15c30198de0/download/ev_20251216.csv,2026-09-06 00:51:11.506072+00:00
l_99128d8b4f8bd02f8e62,r_6dff0c07f94c491cb5d7,631,AC,22.0,22.0,single,22 kW,data/raw/ev_20251216.csv,https://opendata.transport.nsw.gov.au/data/dataset/be1c4de4-4517-4bd0-8a09-2965ddfc7179/resource/7bbb6461-e52d-4fe7-ace4-a15c30198de0/download/ev_20251216.csv,2026-09-06 00:51:11.506072+00:00
l_d030e8bf2836382bc819,r_f4eba7216e7255903062,632,AC,19.0,19.0,single,19 kW,data/raw/ev_20251216.csv,https://opendata.transport.nsw.gov.au/data/dataset/be1c4de4-4517-4bd0-8a09-2965ddfc7179/resource/7bbb6461-e52d-4fe7-ace4-a15c30198de0/download/ev_20251216.csv,2026-09-06 00:51:11.506072+00:00
l_fd86486b3bec0b5c4651,r_4dde005df2186325e43e,633,AC,11.0,11.0,single,11 kW,data/raw/ev_20251216.csv,https://opendata.transport.nsw.gov.au/data/dataset/be1c4de4-4517-4bd0-8a09-2965ddfc7179/resource/7bbb6461-e52d-4fe7-ace4-a15c30198de0/download/ev_20251216.csv,2026-09-06 00:51:11.506072+00:00
l_267794c5923bae6fc81b,r_5cdfe39cfe3f8cb65760,634,AC,22.0,22.0,single,22 kW,data/raw/ev_20251216.csv,https://opendata.transport.nsw.gov.au/data/dataset/be1c4de4-4517-4bd0-8a09-2965ddfc7179/resource/7bbb6461-e52d-4fe7-ace4-a15c30198de0/download/ev_20251216.csv,2026-09-06 00:51:11.506072+00:00
l_49b20e00a8391245a76d,r_cf7c28fb04524891cdec,635,AC,6.0,6.0,single,6 kW,data/raw/ev_20251216.csv,https://opendata.transport.nsw.gov.au/data/dataset/be1c4de4-4517-4bd0-8a09-2965ddfc7179/resource/7bbb6461-e52d-4fe7-ace4-a15c30198de0/download/ev_20251216.csv,2026-09-06 00:51:11.506072+00:00
l_50b98952c63186cc14d3,r_03467cf1562d3e4c5dd1,636,AC,22.0,22.0,single,22 kW,data/raw/ev_20251216.csv,https://opendata.transport.nsw.gov.au/data/dataset/be1c4de4-4517-4bd0-8a09-2965ddfc7179/resource/7bbb6461-e52d-4fe7-ace4-a15c30198de0/download/ev_20251216.csv,2026-09-06 00:51:11.506072+00:00
l_c3a86fe148f60f960b43,r_3b8947b4fd50f6155c0f,637,DC,130.0,130.0,single,130 kW,data/raw/ev_20251216.csv,https://opendata.transport.nsw.gov.au/data/dataset/be1c4de4-4517-4bd0-8a09-2965ddfc7179/resource/7bbb6461-e52d-4fe7-ace4-a15c30198de0/download/ev_20251216.csv,2026-09-06 00:51:11.506072+00:00
l_fb625704b85a44f0bb0b,r_3bde40bcd100df859272,638,DC,75.0,75.0,single,75 kW,data/raw/ev_20251216.csv,https://opendata.transport.nsw.gov.au/data/dataset/be1c4de4-4517-4bd0-8a09-2965ddfc7179/resource/7bbb6461-e52d-4fe7-ace4-a15c30198de0/download/ev_20251216.csv,2026-09-06 00:51:11.506072+00:00
l_cdc4faf3cb83a0c69e07,r_ca4695297ed5ae3c96a8,639,DC,250.0,250.0,single,250 kW,data/raw/ev_20251216.csv,https://opendata.transport.nsw.gov.au/data/dataset/be1c4de4-4517-4bd0-8a09-2965ddfc7179/resource/7bbb6461-e52d-4fe7-ace4-a15c30198de0/download/ev_20251216.csv,2026-09-06 00:51:11.506072+00:00
l_07e82b5dfdf9a6709788,r_c19684d08300c49295bf,640,AC,22.0,22.0,single,22 kW,data/raw/ev_20251216.csv,https://opendata.transport.nsw.gov.au/data/dataset/be1c4de4-4517-4bd0-8a09-2965ddfc7179/resource/7bbb6461-e52d-4fe7-ace4-a15c30198de0/download/ev_20251216.csv,2026-09-06 00:51:11.506072+00:00
l_40adcdc1cd8bac03aed4,r_35b78642cbada5a0a361,641,DC,25.0,25.0,single,25 kW,data/raw/ev_20251216.csv,https://opendata.transport.nsw.gov.au/data/dataset/be1c4de4-4517-4bd0-8a09-2965ddfc7179/resource/7bbb6461-e52d-4fe7-ace4-a15c30198de0/download/ev_20251216.csv,2026-09-06 00:51:11.506072+00:00
l_1e777e9b6091640b0777,r_b3ba3a1d433c2acaeead,642,AC,22.0,22.0,single,22 kW,data/raw/ev_20251216.csv,https://opendata.transport.nsw.gov.au/data/dataset/be1c4de4-4517-4bd0-8a09-2965ddfc7179/resource/7bbb6461-e52d-4fe7-ace4-a15c30198de0/download/ev_20251216.csv,2026-09-06 00:51:11.506072+00:00
l_fbf90ba4934aba9bc8c1,r_a41a83f8ebf2405e47a9,643,DC,75.0,75.0,single,75 kW,data/raw/ev_20251216.csv,https://opendata.transport.nsw.gov.au/data/dataset/be1c4de4-4517-4bd0-8a09-2965ddfc7179/resource/7bbb6461-e52d-4fe7-ace4-a15c30198de0/download/ev_20251216.csv,2026-09-06 00:51:11.506072+00:00
l_d7be5e373b06278feb7a,r_70f9bcd174ad1afd1a37,644,DC,125.0,125.0,single,125 kW,data/raw/ev_20251216.csv,https://opendata.transport.nsw.gov.au/data/dataset/be1c4de4-4517-4bd0-8a09-2965ddfc7179/resource/7bbb6461-e52d-4fe7-ace4-a15c30198de0/download/ev_20251216.csv,2026-09-06 00:51:11.506072+00:00
l_c47a84a1c074a0ccf8b8,r_3c498d2e14ef1d82a707,645,AC,6.0,6.0,single,6 kW,data/raw/ev_20251216.csv,https://opendata.transport.nsw.gov.au/data/dataset/be1c4de4-4517-4bd0-8a09-2965ddfc7179/resource/7bbb6461-e52d-4fe7-ace4-a15c30198de0/download/ev_20251216.csv,2026-09-06 00:51:11.506072+00:00
l_2c987a11359715c2d057,r_537db2445ada2d382e8b,646,AC,22.0,22.0,single,22 kW,data/raw/ev_20251216.csv,https://opendata.transport.nsw.gov.au/data/dataset/be1c4de4-4517-4bd0-8a09-2965ddfc7179/resource/7bbb6461-e52d-4fe7-ace4-a15c30198de0/download/ev_20251216.csv,2026-09-06 00:51:11.506072+00:00
l_80a7b74da938f38c2212,r_3bdcddd11c67d055a5e6,647,AC,8.0,8.0,single,8 kW,data/raw/ev_20251216.csv,https://opendata.transport.nsw.gov.au/data/dataset/be1c4de4-4517-4bd0-8a09-2965ddfc7179/resource/7bbb6461-e52d-4fe7-ace4-a15c30198de0/download/ev_20251216.csv,2026-09-06 00:51:11.506072+00:00
l_28af1a4ab616ea376e9c,r_114f912cdc0c78336415,648,DC,75.0,75.0,single,75 kW,data/raw/ev_20251216.csv,https://opendata.transport.nsw.gov.au/data/dataset/be1c4de4-4517-4bd0-8a09-2965ddfc7179/resource/7bbb6461-e52d-4fe7-ace4-a15c30198de0/download/ev_20251216.csv,2026-09-06 00:51:11.506072+00:00
l_93b967669f1d57a720b7,r_30125b60c69cbb106de2,649,AC,6.0,6.0,single,6 kW,data/raw/ev_20251216.csv,https://opendata.transport.nsw.gov.au/data/dataset/be1c4de4-4517-4bd0-8a09-2965ddfc7179/resource/7bbb6461-e52d-4fe7-ace4-a15c30198de0/download/ev_20251216.csv,2026-09-06 00:51:11.506072+00:00
l_029e2e4689ea8dba33e5,r_060007bd0d9465e46dde,650,DC,75.0,75.0,single,75 kW,data/raw/ev_20251216.csv,https://opendata.transport.nsw.gov.au/data/dataset/be1c4de4-4517-4bd0-8a09-2965ddfc7179/resource/7bbb6461-e52d-4fe7-ace4-a15c30198de0/download/ev_20251216.csv,2026-09-06 00:51:11.506072+00:00
l_e18831b57b52bdb7cc54,r_c2c7cce3a01026bf5e93,651,AC,22.0,22.0,single,22 kW,data/raw/ev_20251216.csv,https://opendata.transport.nsw.gov.au/data/dataset/be1c4de4-4517-4bd0-8a09-2965ddfc7179/resource/7bbb6461-e52d-4fe7-ace4-a15c30198de0/download/ev_20251216.csv,2026-09-06 00:51:11.506072+00:00
l_589390d5b72561c0d1e3,r_1bcf6a61980edd9fafb9,652,AC,6.0,6.0,single,6 kW,data/raw/ev_20251216.csv,https://opendata.transport.nsw.gov.au/data/dataset/be1c4de4-4517-4bd0-8a09-2965ddfc7179/resource/7bbb6461-e52d-4fe7-ace4-a15c30198de0/download/ev_20251216.csv,2026-09-06 00:51:11.506072+00:00
l_f49d346ab16665729194,r_726db17e2064613e2af8,653,AC,22.0,22.0,single,22 kW,data/raw/ev_20251216.csv,https://opendata.transport.nsw.gov.au/data/dataset/be1c4de4-4517-4bd0-8a09-2965ddfc7179/resource/7bbb6461-e52d-4fe7-ace4-a15c30198de0/download/ev_20251216.csv,2026-09-06 00:51:11.506072+00:00
l_7d310d8aece783ab59dc,r_3bc61e281af1c0834dd4,654,DC,50.0,50.0,single,50 kW,data/raw/ev_20251216.csv,https://opendata.transport.nsw.gov.au/data/dataset/be1c4de4-4517-4bd0-8a09-2965ddfc7179/resource/7bbb6461-e52d-4fe7-ace4-a15c30198de0/download/ev_20251216.csv,2026-09-06 00:51:11.506072+00:00
l_f87cd3150201a0e4da41,r_2aebb4c183db764030cf,655,AC,22.0,22.0,single,22 kW,data/raw/ev_20251216.csv,https://opendata.transport.nsw.gov.au/data/dataset/be1c4de4-4517-4bd0-8a09-2965ddfc7179/resource/7bbb6461-e52d-4fe7-ace4-a15c30198de0/download/ev_20251216.csv,2026-09-06 00:51:11.506072+00:00
l_4dc35361b70945f02481,r_07f5229c089dc8036b4d,656,AC,19.0,19.0,single,19 kW,data/raw/ev_20251216.csv,https://opendata.transport.nsw.gov.au/data/dataset/be1c4de4-4517-4bd0-8a09-2965ddfc7179/resource/7bbb6461-e52d-4fe7-ace4-a15c30198de0/download/ev_20251216.csv,2026-09-06 00:51:11.506072+00:00
l_7db6e9d4cc1e82ef8b21,r_2b23a5b5533e44cf9abd,657,AC,22.0,22.0,single,22 kW,data/raw/ev_20251216.csv,https://opendata.transport.nsw.gov.au/data/dataset/be1c4de4-4517-4bd0-8a09-2965ddfc7179/resource/7bbb6461-e52d-4fe7-ace4-a15c30198de0/download/ev_20251216.csv,2026-09-06 00:51:11.506072+00:00
l_437fdac76ffdac31f9c6,r_d2fd79245901f9e0a6fe,658,DC,75.0,75.0,single,75 kW,data/raw/ev_20251216.csv,https://opendata.transport.nsw.gov.au/data/dataset/be1c4de4-4517-4bd0-8a09-2965ddfc7179/resource/7bbb6461-e52d-4fe7-ace4-a15c30198de0/download/ev_20251216.csv,2026-09-06 00:51:11.506072+00:00
l_8913c0d528ad98fb03bc,r_80601f4e3efe075b85c3,659,AC,22.0,22.0,single,22 kW,data/raw/ev_20251216.csv,https://opendata.transport.nsw.gov.au/data/dataset/be1c4de4-4517-4bd0-8a09-2965ddfc7179/resource/7bbb6461-e52d-4fe7-ace4-a15c30198de0/download/ev_20251216.csv,2026-09-06 00:51:11.506072+00:00
l_41b54309a7f459b36922,r_a34155e97c8b8f15da11,660,AC,22.0,22.0,single,22 kW,data/raw/ev_20251216.csv,https://opendata.transport.nsw.gov.au/data/dataset/be1c4de4-4517-4bd0-8a09-2965ddfc7179/resource/7bbb6461-e52d-4fe7-ace4-a15c30198de0/download/ev_20251216.csv,2026-09-06 00:51:11.506072+00:00
l_5238c6956dbc1836a62b,r_51f91829895a33cb936f,661,AC,22.0,22.0,single,22 kW,data/raw/ev_20251216.csv,https://opendata.transport.nsw.gov.au/data/dataset/be1c4de4-4517-4bd0-8a09-2965ddfc7179/resource/7bbb6461-e52d-4fe7-ace4-a15c30198de0/download/ev_20251216.csv,2026-09-06 00:51:11.506072+00:00
l_e53b2423db03de06f94c,r_9f3ec3746f68f5d3f6b7,662,AC,19.0,19.0,single,19 kW,data/raw/ev_20251216.csv,https://opendata.transport.nsw.gov.au/data/dataset/be1c4de4-4517-4bd0-8a09-2965ddfc7179/resource/7bbb6461-e52d-4fe7-ace4-a15c30198de0/download/ev_20251216.csv,2026-09-06 00:51:11.506072+00:00
l_481266885e20cadf58ae,r_72b2d23cee41ca3142df,663,DC,50.0,50.0,single,50 kW,data/raw/ev_20251216.csv,https://opendata.transport.nsw.gov.au/data/dataset/be1c4de4-4517-4bd0-8a09-2965ddfc7179/resource/7bbb6461-e52d-4fe7-ace4-a15c30198de0/download/ev_20251216.csv,2026-09-06 00:51:11.506072+00:00
l_2053d728d16533afc07f,r_0af71a389fe247938444,664,AC,6.0,6.0,single,6 kW,data/raw/ev_20251216.csv,https://opendata.transport.nsw.gov.au/data/dataset/be1c4de4-4517-4bd0-8a09-2965ddfc7179/resource/7bbb6461-e52d-4fe7-ace4-a15c30198de0/download/ev_20251216.csv,2026-09-06 00:51:11.506072+00:00
l_23ce0241b01267933f81,r_f61c133cdaf49f309c11,665,AC,7.0,7.0,single,7 kW,data/raw/ev_20251216.csv,https://opendata.transport.nsw.gov.au/data/dataset/be1c4de4-4517-4bd0-8a09-2965ddfc7179/resource/7bbb6461-e52d-4fe7-ace4-a15c30198de0/download/ev_20251216.csv,2026-09-06 00:51:11.506072+00:00
l_425743a016507be71891,r_d53b9c1821c74d30ff6d,666,DC,75.0,75.0,single,75 kW,data/raw/ev_20251216.csv,https://opendata.transport.nsw.gov.au/data/dataset/be1c4de4-4517-4bd0-8a09-2965ddfc7179/resource/7bbb6461-e52d-4fe7-ace4-a15c30198de0/download/ev_20251216.csv,2026-09-06 00:51:11.506072+00:00
l_172b058aa0039917a8c8,r_55467b4f520eb98ac88e,667,AC,22.0,22.0,single,22 kW,data/raw/ev_20251216.csv,https://opendata.transport.nsw.gov.au/data/dataset/be1c4de4-4517-4bd0-8a09-2965ddfc7179/resource/7bbb6461-e52d-4fe7-ace4-a15c30198de0/download/ev_20251216.csv,2026-09-06 00:51:11.506072+00:00
l_22efa02f2238af553a86,r_f12b5864b7eb804f2855,668,AC,22.0,22.0,single,22 kW,data/raw/ev_20251216.csv,https://opendata.transport.nsw.gov.au/data/dataset/be1c4de4-4517-4bd0-8a09-2965ddfc7179/resource/7bbb6461-e52d-4fe7-ace4-a15c30198de0/download/ev_20251216.csv,2026-09-06 00:51:11.506072+00:00
l_ea84ad1e514ffde53165,r_5b19d6a75a2549f88d6b,669,AC,22.0,22.0,single,22 kW,data/raw/ev_20251216.csv,https://opendata.transport.nsw.gov.au/data/dataset/be1c4de4-4517-4bd0-8a09-2965ddfc7179/resource/7bbb6461-e52d-4fe7-ace4-a15c30198de0/download/ev_20251216.csv,2026-09-06 00:51:11.506072+00:00
l_87401b22d3eee15648a2,r_3c9fd80623f6102bda62,670,DC,150.0,150.0,single,150 kW,data/raw/ev_20251216.csv,https://opendata.transport.nsw.gov.au/data/dataset/be1c4de4-4517-4bd0-8a09-2965ddfc7179/resource/7bbb6461-e52d-4fe7-ace4-a15c30198de0/download/ev_20251216.csv,2026-09-06 00:51:11.506072+00:00
l_5a1e9decb99d49379776,r_b398d164527ca49d66bc,671,AC,22.0,22.0,single,22 kW,data/raw/ev_20251216.csv,https://opendata.transport.nsw.gov.au/data/dataset/be1c4de4-4517-4bd0-8a09-2965ddfc7179/resource/7bbb6461-e52d-4fe7-ace4-a15c30198de0/download/ev_20251216.csv,2026-09-06 00:51:11.506072+00:00
l_0e5f8774c145ad0177fb,r_3b900ac41a3256625996,672,AC,11.0,11.0,single,11 kW,data/raw/ev_20251216.csv,https://opendata.transport.nsw.gov.au/data/dataset/be1c4de4-4517-4bd0-8a09-2965ddfc7179/resource/7bbb6461-e52d-4fe7-ace4-a15c30198de0/download/ev_20251216.csv,2026-09-06 00:51:11.506072+00:00
l_637a6e9574499fd01c3e,r_53ffa81972160cf5c8b5,673,DC,47.0,47.0,single,47 kW,data/raw/ev_20251216.csv,https://opendata.transport.nsw.gov.au/data/dataset/be1c4de4-4517-4bd0-8a09-2965ddfc7179/resource/7bbb6461-e52d-4fe7-ace4-a15c30198de0/download/ev_20251216.csv,2026-09-06 00:51:11.506072+00:00
l_e8788caf2972cff93777,r_9315eaa5d4809c05d784,674,AC,22.0,22.0,single,22 kW,data/raw/ev_20251216.csv,https://opendata.transport.nsw.gov.au/data/dataset/be1c4de4-4517-4bd0-8a09-2965ddfc7179/resource/7bbb6461-e52d-4fe7-ace4-a15c30198de0/download/ev_20251216.csv,2026-09-06 00:51:11.506072+00:00
l_807a4e4c8efff92c93a6,r_80311663288e4bedacbe,675,DC,120.0,120.0,single,120 kW,data/raw/ev_20251216.csv,https://opendata.transport.nsw.gov.au/data/dataset/be1c4de4-4517-4bd0-8a09-2965ddfc7179/resource/7bbb6461-e52d-4fe7-ace4-a15c30198de0/download/ev_20251216.csv,2026-09-06 00:51:11.506072+00:00
l_de6b9348858268353e2e,r_e617e7d1d1d4e63a1bf7,676,AC,6.0,6.0,single,6 kW,data/raw/ev_20251216.csv,https://opendata.transport.nsw.gov.au/data/dataset/be1c4de4-4517-4bd0-8a09-2965ddfc7179/resource/7bbb6461-e52d-4fe7-ace4-a15c30198de0/download/ev_20251216.csv,2026-09-06 00:51:11.506072+00:00
l_4e596486056f5806da44,r_e818116693718d992adc,677,AC,22.0,22.0,single,22 kW,data/raw/ev_20251216.csv,https://opendata.transport.nsw.gov.au/data/dataset/be1c4de4-4517-4bd0-8a09-2965ddfc7179/resource/7bbb6461-e52d-4fe7-ace4-a15c30198de0/download/ev_20251216.csv,2026-09-06 00:51:11.506072+00:00
l_63d806aa24fd4f9214d5,r_e236e257501e03c24747,678,DC,25.0,25.0,single,25 kW,data/raw/ev_20251216.csv,https://opendata.transport.nsw.gov.au/data/dataset/be1c4de4-4517-4bd0-8a09-2965ddfc7179/resource/7bbb6461-e52d-4fe7-ace4-a15c30198de0/download/ev_20251216.csv,2026-09-06 00:51:11.506072+00:00
l_15b45cc716316249161c,r_4bb80e7cacff23aad23d,679,AC,6.0,6.0,single,6 kW,data/raw/ev_20251216.csv,https://opendata.transport.nsw.gov.au/data/dataset/be1c4de4-4517-4bd0-8a09-2965ddfc7179/resource/7bbb6461-e52d-4fe7-ace4-a15c30198de0/download/ev_20251216.csv,2026-09-06 00:51:11.506072+00:00
l_0252dd305db58da3e177,r_c113882c253c543e19da,680,AC,22.0,22.0,single,22 kW,data/raw/ev_20251216.csv,https://opendata.transport.nsw.gov.au/data/dataset/be1c4de4-4517-4bd0-8a09-2965ddfc7179/resource/7bbb6461-e52d-4fe7-ace4-a15c30198de0/download/ev_20251216.csv,2026-09-06 00:51:11.506072+00:00
l_aaafc1dfb20d75e3b81f,r_43dc33a48ec2827abc63,681,DC,125.0,125.0,single,125 kW,data/raw/ev_20251216.csv,https://opendata.transport.nsw.gov.au/data/dataset/be1c4de4-4517-4bd0-8a09-2965ddfc7179/resource/7bbb6461-e52d-4fe7-ace4-a15c30198de0/download/ev_20251216.csv,2026-09-06 00:51:11.506072+00:00
l_9b34ff9cc84f6fae0e90,r_46c102d43e88afe240cc,682,DC,25.0,25.0,single,25 kW,data/raw/ev_20251216.csv,https://opendata.transport.nsw.gov.au/data/dataset/be1c4de4-4517-4bd0-8a09-2965ddfc7179/resource/7bbb6461-e52d-4fe7-ace4-a15c30198de0/download/ev_20251216.csv,2026-09-06 00:51:11.506072+00:00
l_7c681d356dada4f67881,r_a67611aaaf99161c5068,683,AC,22.0,22.0,single,22 kW,data/raw/ev_20251216.csv,https://opendata.transport.nsw.gov.au/data/dataset/be1c4de4-4517-4bd0-8a09-2965ddfc7179/resource/7bbb6461-e52d-4fe7-ace4-a15c30198de0/download/ev_20251216.csv,2026-09-06 00:51:11.506072+00:00
l_84543260ff7c7b684f8c,r_929385fc167309810b9f,684,AC,6.0,6.0,single,6 kW,data/raw/ev_20251216.csv,https://opendata.transport.nsw.gov.au/data/dataset/be1c4de4-4517-4bd0-8a09-2965ddfc7179/resource/7bbb6461-e52d-4fe7-ace4-a15c30198de0/download/ev_20251216.csv,2026-09-06 00:51:11.506072+00:00
l_24b8399f81c667d87b29,r_8e87d182e97923b95150,685,AC,22.0,22.0,single,22 kW,data/raw/ev_20251216.csv,https://opendata.transport.nsw.gov.au/data/dataset/be1c4de4-4517-4bd0-8a09-2965ddfc7179/resource/7bbb6461-e52d-4fe7-ace4-a15c30198de0/download/ev_20251216.csv,2026-09-06 00:51:11.506072+00:00
l_21e4d53078e1b59f1cef,r_974beebfc2ad8e5d1693,686,DC,40.0,40.0,single,40 kW,data/raw/ev_20251216.csv,https://opendata.transport.nsw.gov.au/data/dataset/be1c4de4-4517-4bd0-8a09-2965ddfc7179/resource/7bbb6461-e52d-4fe7-ace4-a15c30198de0/download/ev_20251216.csv,2026-09-06 00:51:11.506072+00:00
l_3504825258499689c414,r_76f5956ac3097618385b,687,AC,22.0,22.0,single,22 kW,data/raw/ev_20251216.csv,https://opendata.transport.nsw.gov.au/data/dataset/be1c4de4-4517-4bd0-8a09-2965ddfc7179/resource/7bbb6461-e52d-4fe7-ace4-a15c30198de0/download/ev_20251216.csv,2026-09-06 00:51:11.506072+00:00
l_2a06c0da0ced06a714b1,r_dfb25ee384e43115ca95,688,DC,50.0,50.0,single,50 kW,data/raw/ev_20251216.csv,https://opendata.transport.nsw.gov.au/data/dataset/be1c4de4-4517-4bd0-8a09-2965ddfc7179/resource/7bbb6461-e52d-4fe7-ace4-a15c30198de0/download/ev_20251216.csv,2026-09-06 00:51:11.506072+00:00
l_64d094f44f1442fcb36f,r_88f16b525157a0aa9ada,689,AC,22.0,22.0,single,22 kW,data/raw/ev_20251216.csv,https://opendata.transport.nsw.gov.au/data/dataset/be1c4de4-4517-4bd0-8a09-2965ddfc7179/resource/7bbb6461-e52d-4fe7-ace4-a15c30198de0/download/ev_20251216.csv,2026-09-06 00:51:11.506072+00:00
l_17c9edba53cee42c6f0d,r_08132dea34baedd56235,690,AC,22.0,22.0,single,22 kW,data/raw/ev_20251216.csv,https://opendata.transport.nsw.gov.au/data/dataset/be1c4de4-4517-4bd0-8a09-2965ddfc7179/resource/7bbb6461-e52d-4fe7-ace4-a15c30198de0/download/ev_20251216.csv,2026-09-06 00:51:11.506072+00:00
l_6a0ac394c475e9e9c076,r_519d6b86c152ce529804,691,AC,22.0,22.0,single,22 kW,data/raw/ev_20251216.csv,https://opendata.transport.nsw.gov.au/data/dataset/be1c4de4-4517-4bd0-8a09-2965ddfc7179/resource/7bbb6461-e52d-4fe7-ace4-a15c30198de0/download/ev_20251216.csv,2026-09-06 00:51:11.506072+00:00
l_ab2dcbdcd31cb79d4e72,r_da25f8fb41b9329e6222,692,AC,22.0,22.0,single,22 kW,data/raw/ev_20251216.csv,https://opendata.transport.nsw.gov.au/data/dataset/be1c4de4-4517-4bd0-8a09-2965ddfc7179/resource/7bbb6461-e52d-4fe7-ace4-a15c30198de0/download/ev_20251216.csv,2026-09-06 00:51:11.506072+00:00
l_896940c1e9a526f17a14,r_c9a0292abf5d9b7fc787,694,AC,22.0,22.0,single,22 kW,data/raw/ev_20251216.csv,https://opendata.transport.nsw.gov.au/data/dataset/be1c4de4-4517-4bd0-8a09-2965ddfc7179/resource/7bbb6461-e52d-4fe7-ace4-a15c30198de0/download/ev_20251216.csv,2026-09-06 00:51:11.506072+00:00
l_5b788a10a71c249a8a03,r_97fc667a5ef5da394f47,695,AC,22.0,22.0,single,22 kW,data/raw/ev_20251216.csv,https://opendata.transport.nsw.gov.au/data/dataset/be1c4de4-4517-4bd0-8a09-2965ddfc7179/resource/7bbb6461-e52d-4fe7-ace4-a15c30198de0/download/ev_20251216.csv,2026-09-06 00:51:11.506072+00:00
l_347eb4998e58fe46a120,r_6552d661f627a3fe5f1d,696,AC,22.0,22.0,single,22 kW,data/raw/ev_20251216.csv,https://opendata.transport.nsw.gov.au/data/dataset/be1c4de4-4517-4bd0-8a09-2965ddfc7179/resource/7bbb6461-e52d-4fe7-ace4-a15c30198de0/download/ev_20251216.csv,2026-09-06 00:51:11.506072+00:00
l_e80c0c3eb8aac38325c0,r_11bd4803f1186d9ab96b,697,DC,25.0,25.0,single,25 kW,data/raw/ev_20251216.csv,https://opendata.transport.nsw.gov.au/data/dataset/be1c4de4-4517-4bd0-8a09-2965ddfc7179/resource/7bbb6461-e52d-4fe7-ace4-a15c30198de0/download/ev_20251216.csv,2026-09-06 00:51:11.506072+00:00
l_4295e4e350397d4388e8,r_0835b22b7547fab78780,698,AC,23.0,23.0,single,23 kW,data/raw/ev_20251216.csv,https://opendata.transport.nsw.gov.au/data/dataset/be1c4de4-4517-4bd0-8a09-2965ddfc7179/resource/7bbb6461-e52d-4fe7-ace4-a15c30198de0/download/ev_20251216.csv,2026-09-06 00:51:11.506072+00:00
l_1d7851501ad5506d6004,r_522cf9b11764e2a7a883,699,DC,50.0,50.0,single,50 kW,data/raw/ev_20251216.csv,https://opendata.transport.nsw.gov.au/data/dataset/be1c4de4-4517-4bd0-8a09-2965ddfc7179/resource/7bbb6461-e52d-4fe7-ace4-a15c30198de0/download/ev_20251216.csv,2026-09-06 00:51:11.506072+00:00
l_e14a88d67bd087d0a879,r_49c3bf856b76ecb9cf34,700,DC,47.0,47.0,single,47 kW,data/raw/ev_20251216.csv,https://opendata.transport.nsw.gov.au/data/dataset/be1c4de4-4517-4bd0-8a09-2965ddfc7179/resource/7bbb6461-e52d-4fe7-ace4-a15c30198de0/download/ev_20251216.csv,2026-09-06 00:51:11.506072+00:00
l_808509042f530a13da96,r_b8867e4fc27f51029f94,701,AC,22.0,22.0,single,22 kW,data/raw/ev_20251216.csv,https://opendata.transport.nsw.gov.au/data/dataset/be1c4de4-4517-4bd0-8a09-2965ddfc7179/resource/7bbb6461-e52d-4fe7-ace4-a15c30198de0/download/ev_20251216.csv,2026-09-06 00:51:11.506072+00:00
l_a51d2fa280bc3eff5e19,r_730bf52f9b00cb08f688,703,DC,150.0,150.0,single,150 kW,data/raw/ev_20251216.csv,https://opendata.transport.nsw.gov.au/data/dataset/be1c4de4-4517-4bd0-8a09-2965ddfc7179/resource/7bbb6461-e52d-4fe7-ace4-a15c30198de0/download/ev_20251216.csv,2026-09-06 00:51:11.506072+00:00
l_1d0027e726e6fa1942ee,r_cc4843cdca60dfeee8c9,704,AC,22.0,22.0,single,22 kW,data/raw/ev_20251216.csv,https://opendata.transport.nsw.gov.au/data/dataset/be1c4de4-4517-4bd0-8a09-2965ddfc7179/resource/7bbb6461-e52d-4fe7-ace4-a15c30198de0/download/ev_20251216.csv,2026-09-06 00:51:11.506072+00:00
l_758587195e820219edca,r_865cfeafa2ccb58bc267,705,DC,50.0,50.0,single,50 kW,data/raw/ev_20251216.csv,https://opendata.transport.nsw.gov.au/data/dataset/be1c4de4-4517-4bd0-8a09-2965ddfc7179/resource/7bbb6461-e52d-4fe7-ace4-a15c30198de0/download/ev_20251216.csv,2026-09-06 00:51:11.506072+00:00
l_2179b3dfdd771b784fc7,r_b1a64e06b3507d483286,706,AC,22.0,22.0,single,22 kW,data/raw/ev_20251216.csv,https://opendata.transport.nsw.gov.au/data/dataset/be1c4de4-4517-4bd0-8a09-2965ddfc7179/resource/7bbb6461-e52d-4fe7-ace4-a15c30198de0/download/ev_20251216.csv,2026-09-06 00:51:11.506072+00:00
l_86933707e2b3b3c67eaa,r_247bb3a09a8b81d1a864,707,DC,130.0,130.0,single,130 kW,data/raw/ev_20251216.csv,https://opendata.transport.nsw.gov.au/data/dataset/be1c4de4-4517-4bd0-8a09-2965ddfc7179/resource/7bbb6461-e52d-4fe7-ace4-a15c30198de0/download/ev_20251216.csv,2026-09-06 00:51:11.506072+00:00
l_af2383f8330363405cd2,r_a91c6986c2515fd96d7b,708,AC,22.0,22.0,single,22 kW,data/raw/ev_20251216.csv,https://opendata.transport.nsw.gov.au/data/dataset/be1c4de4-4517-4bd0-8a09-2965ddfc7179/resource/7bbb6461-e52d-4fe7-ace4-a15c30198de0/download/ev_20251216.csv,2026-09-06 00:51:11.506072+00:00
l_8dd4f9550e32b973cda3,r_05032d2862c49d60bde6,709,DC,50.0,50.0,single,50 kW,data/raw/ev_20251216.csv,https://opendata.transport.nsw.gov.au/data/dataset/be1c4de4-4517-4bd0-8a09-2965ddfc7179/resource/7bbb6461-e52d-4fe7-ace4-a15c30198de0/download/ev_20251216.csv,2026-09-06 00:51:11.506072+00:00
l_6e6c8f62951e60a4e69c,r_d2325d0f65ad7936230f,710,AC,22.0,22.0,single,22 kW,data/raw/ev_20251216.csv,https://opendata.transport.nsw.gov.au/data/dataset/be1c4de4-4517-4bd0-8a09-2965ddfc7179/resource/7bbb6461-e52d-4fe7-ace4-a15c30198de0/download/ev_20251216.csv,2026-09-06 00:51:11.506072+00:00
l_fe7ca7311e0ea0c22b37,r_5e9134f9d3bede195d3d,711,DC,75.0,75.0,single,75 kW,data/raw/ev_20251216.csv,https://opendata.transport.nsw.gov.au/data/dataset/be1c4de4-4517-4bd0-8a09-2965ddfc7179/resource/7bbb6461-e52d-4fe7-ace4-a15c30198de0/download/ev_20251216.csv,2026-09-06 00:51:11.506072+00:00
l_04cad16c99c710dc9976,r_8ba885f5989822aa5920,712,DC,40.0,40.0,single,40 kW,data/raw/ev_20251216.csv,https://opendata.transport.nsw.gov.au/data/dataset/be1c4de4-4517-4bd0-8a09-2965ddfc7179/resource/7bbb6461-e52d-4fe7-ace4-a15c30198de0/download/ev_20251216.csv,2026-09-06 00:51:11.506072+00:00
l_07fee78731e7f7f2cffa,r_eb5ceb18c57a025920ab,713,AC,22.0,22.0,single,22 kW,data/raw/ev_20251216.csv,https://opendata.transport.nsw.gov.au/data/dataset/be1c4de4-4517-4bd0-8a09-2965ddfc7179/resource/7bbb6461-e52d-4fe7-ace4-a15c30198de0/download/ev_20251216.csv,2026-09-06 00:51:11.506072+00:00
l_90bc59c5864665a17c6a,r_c4151714c2a2a4fbd8d7,714,DC,125.0,125.0,single,125 kW,data/raw/ev_20251216.csv,https://opendata.transport.nsw.gov.au/data/dataset/be1c4de4-4517-4bd0-8a09-2965ddfc7179/resource/7bbb6461-e52d-4fe7-ace4-a15c30198de0/download/ev_20251216.csv,2026-09-06 00:51:11.506072+00:00
l_2c72548aaa5fa5518f05,r_397a7f50a6c8d0643c8c,715,DC,125.0,125.0,single,125 kW,data/raw/ev_20251216.csv,https://opendata.transport.nsw.gov.au/data/dataset/be1c4de4-4517-4bd0-8a09-2965ddfc7179/resource/7bbb6461-e52d-4fe7-ace4-a15c30198de0/download/ev_20251216.csv,2026-09-06 00:51:11.506072+00:00
l_f4516921d77fac42b455,r_55cef4f94f2c6fd79ed9,716,AC,22.0,22.0,single,22 kW,data/raw/ev_20251216.csv,https://opendata.transport.nsw.gov.au/data/dataset/be1c4de4-4517-4bd0-8a09-2965ddfc7179/resource/7bbb6461-e52d-4fe7-ace4-a15c30198de0/download/ev_20251216.csv,2026-09-06 00:51:11.506072+00:00
l_9092563e3af2780a877d,r_b785d7106ac126e1f87b,717,AC,22.0,22.0,single,22 kW,data/raw/ev_20251216.csv,https://opendata.transport.nsw.gov.au/data/dataset/be1c4de4-4517-4bd0-8a09-2965ddfc7179/resource/7bbb6461-e52d-4fe7-ace4-a15c30198de0/download/ev_20251216.csv,2026-09-06 00:51:11.506072+00:00
l_af14af01cf7021c8bb99,r_ddac30ed86db06a0ce7a,718,DC,120.0,120.0,single,120 kW,data/raw/ev_20251216.csv,https://opendata.transport.nsw.gov.au/data/dataset/be1c4de4-4517-4bd0-8a09-2965ddfc7179/resource/7bbb6461-e52d-4fe7-ace4-a15c30198de0/download/ev_20251216.csv,2026-09-06 00:51:11.506072+00:00
l_2ad1b0b4902ce0cfbc14,r_408ad7b4734aec788b5c,719,DC,50.0,50.0,single,50 kW,data/raw/ev_20251216.csv,https://opendata.transport.nsw.gov.au/data/dataset/be1c4de4-4517-4bd0-8a09-2965ddfc7179/resource/7bbb6461-e52d-4fe7-ace4-a15c30198de0/download/ev_20251216.csv,2026-09-06 00:51:11.506072+00:00
l_10dab02df1efd3a41986,r_852aa45f0f67c7c508e6,720,AC,22.0,22.0,single,22 kW,data/raw/ev_20251216.csv,https://opendata.transport.nsw.gov.au/data/dataset/be1c4de4-4517-4bd0-8a09-2965ddfc7179/resource/7bbb6461-e52d-4fe7-ace4-a15c30198de0/download/ev_20251216.csv,2026-09-06 00:51:11.506072+00:00
l_07d5dfd8abd733e7c9ed,r_720d064ea9609dcb769a,721,AC,6.0,6.0,single,6 kW,data/raw/ev_20251216.csv,https://opendata.transport.nsw.gov.au/data/dataset/be1c4de4-4517-4bd0-8a09-2965ddfc7179/resource/7bbb6461-e52d-4fe7-ace4-a15c30198de0/download/ev_20251216.csv,2026-09-06 00:51:11.506072+00:00
l_133d5a5a9acb5e739b2c,r_6a53a623c3c0cfe38b96,722,DC,75.0,75.0,single,75 kW,data/raw/ev_20251216.csv,https://opendata.transport.nsw.gov.au/data/dataset/be1c4de4-4517-4bd0-8a09-2965ddfc7179/resource/7bbb6461-e52d-4fe7-ace4-a15c30198de0/download/ev_20251216.csv,2026-09-06 00:51:11.506072+00:00
l_1035d52e224d7a8fe683,r_924f5c22c3063cb30537,723,AC,22.0,22.0,single,22 kW,data/raw/ev_20251216.csv,https://opendata.transport.nsw.gov.au/data/dataset/be1c4de4-4517-4bd0-8a09-2965ddfc7179/resource/7bbb6461-e52d-4fe7-ace4-a15c30198de0/download/ev_20251216.csv,2026-09-06 00:51:11.506072+00:00
l_b59e70429f3a163e1a1a,r_5b116684730bba5b7f74,724,AC,22.0,22.0,single,22 kW,data/raw/ev_20251216.csv,https://opendata.transport.nsw.gov.au/data/dataset/be1c4de4-4517-4bd0-8a09-2965ddfc7179/resource/7bbb6461-e52d-4fe7-ace4-a15c30198de0/download/ev_20251216.csv,2026-09-06 00:51:11.506072+00:00
l_037efedd60106f550a85,r_25a934eb1a7f6c20abdb,725,AC,22.0,22.0,single,22 kW,data/raw/ev_20251216.csv,https://opendata.transport.nsw.gov.au/data/dataset/be1c4de4-4517-4bd0-8a09-2965ddfc7179/resource/7bbb6461-e52d-4fe7-ace4-a15c30198de0/download/ev_20251216.csv,2026-09-06 00:51:11.506072+00:00
l_35c80dc0a4760c1c63e5,r_215859f09d889b9dee96,726,AC,13.0,13.0,single,13 kW,data/raw/ev_20251216.csv,https://opendata.transport.nsw.gov.au/data/dataset/be1c4de4-4517-4bd0-8a09-2965ddfc7179/resource/7bbb6461-e52d-4fe7-ace4-a15c30198de0/download/ev_20251216.csv,2026-09-06 00:51:11.506072+00:00
l_49b0a5a2a3f1fe176f67,r_873bc05df3ccbde0e683,727,DC,50.0,50.0,single,50 kW,data/raw/ev_20251216.csv,https://opendata.transport.nsw.gov.au/data/dataset/be1c4de4-4517-4bd0-8a09-2965ddfc7179/resource/7bbb6461-e52d-4fe7-ace4-a15c30198de0/download/ev_20251216.csv,2026-09-06 00:51:11.506072+00:00
l_e63dfce043b2cbe50f73,r_28592daaa2c9e106d99a,728,DC,50.0,50.0,single,50 kW,data/raw/ev_20251216.csv,https://opendata.transport.nsw.gov.au/data/dataset/be1c4de4-4517-4bd0-8a09-2965ddfc7179/resource/7bbb6461-e52d-4fe7-ace4-a15c30198de0/download/ev_20251216.csv,2026-09-06 00:51:11.506072+00:00
l_9d5bac4e4c14f97cdbcb,r_4f66086a76ca67ee8209,729,AC,22.0,22.0,single,22 kW,data/raw/ev_20251216.csv,https://opendata.transport.nsw.gov.au/data/dataset/be1c4de4-4517-4bd0-8a09-2965ddfc7179/resource/7bbb6461-e52d-4fe7-ace4-a15c30198de0/download/ev_20251216.csv,2026-09-06 00:51:11.506072+00:00
l_c81d973a2a4846de0390,r_ec4d5b86478c54a3f5d0,730,DC,75.0,75.0,single,75 kW,data/raw/ev_20251216.csv,https://opendata.transport.nsw.gov.au/data/dataset/be1c4de4-4517-4bd0-8a09-2965ddfc7179/resource/7bbb6461-e52d-4fe7-ace4-a15c30198de0/download/ev_20251216.csv,2026-09-06 00:51:11.506072+00:00
l_57579c6bf729ab6fc9e8,r_e09ee18e04d7d81f2aa7,731,DC,50.0,50.0,single,50 kW,data/raw/ev_20251216.csv,https://opendata.transport.nsw.gov.au/data/dataset/be1c4de4-4517-4bd0-8a09-2965ddfc7179/resource/7bbb6461-e52d-4fe7-ace4-a15c30198de0/download/ev_20251216.csv,2026-09-06 00:51:11.506072+00:00
l_eb5a882ec5bf4c5c6363,r_20db8f0bd54d66272a36,732,AC,22.0,22.0,single,22 kW,data/raw/ev_20251216.csv,https://opendata.transport.nsw.gov.au/data/dataset/be1c4de4-4517-4bd0-8a09-2965ddfc7179/resource/7bbb6461-e52d-4fe7-ace4-a15c30198de0/download/ev_20251216.csv,2026-09-06 00:51:11.506072+00:00
l_3b981ca602d16875cad4,r_f72ecfe5887a3acc0153,733,AC,6.0,6.0,single,6 kW,data/raw/ev_20251216.csv,https://opendata.transport.nsw.gov.au/data/dataset/be1c4de4-4517-4bd0-8a09-2965ddfc7179/resource/7bbb6461-e52d-4fe7-ace4-a15c30198de0/download/ev_20251216.csv,2026-09-06 00:51:11.506072+00:00
l_108b1ec0d9c559ed1473,r_7cace3253a40e1a8726c,734,AC,6.0,6.0,single,6 kW,data/raw/ev_20251216.csv,https://opendata.transport.nsw.gov.au/data/dataset/be1c4de4-4517-4bd0-8a09-2965ddfc7179/resource/7bbb6461-e52d-4fe7-ace4-a15c30198de0/download/ev_20251216.csv,2026-09-06 00:51:11.506072+00:00
l_74fbe0e1e32ee23786fb,r_f4430fe0a41cb50f672a,735,DC,25.0,25.0,single,25 kW,data/raw/ev_20251216.csv,https://opendata.transport.nsw.gov.au/data/dataset/be1c4de4-4517-4bd0-8a09-2965ddfc7179/resource/7bbb6461-e52d-4fe7-ace4-a15c30198de0/download/ev_20251216.csv,2026-09-06 00:51:11.506072+00:00
l_2283fbc5652d009f8aeb,r_3dee9f9190f28ef956e9,736,DC,50.0,50.0,single,50 kW,data/raw/ev_20251216.csv,https://opendata.transport.nsw.gov.au/data/dataset/be1c4de4-4517-4bd0-8a09-2965ddfc7179/resource/7bbb6461-e52d-4fe7-ace4-a15c30198de0/download/ev_20251216.csv,2026-09-06 00:51:11.506072+00:00
l_396adc8d248636738371,r_ca960c87d185dca29bfa,737,DC,50.0,50.0,single,50 kW,data/raw/ev_20251216.csv,https://opendata.transport.nsw.gov.au/data/dataset/be1c4de4-4517-4bd0-8a09-2965ddfc7179/resource/7bbb6461-e52d-4fe7-ace4-a15c30198de0/download/ev_20251216.csv,2026-09-06 00:51:11.506072+00:00
l_dd68f5e3724635d2a515,r_dc63dd86513f28251b8a,738,AC,22.0,22.0,single,22 kW,data/raw/ev_20251216.csv,https://opendata.transport.nsw.gov.au/data/dataset/be1c4de4-4517-4bd0-8a09-2965ddfc7179/resource/7bbb6461-e52d-4fe7-ace4-a15c30198de0/download/ev_20251216.csv,2026-09-06 00:51:11.506072+00:00
l_9fb72c5ed34e6ec8184a,r_6433a85811da8d0b06b5,739,AC,22.0,22.0,single,22 kW,data/raw/ev_20251216.csv,https://opendata.transport.nsw.gov.au/data/dataset/be1c4de4-4517-4bd0-8a09-2965ddfc7179/resource/7bbb6461-e52d-4fe7-ace4-a15c30198de0/download/ev_20251216.csv,2026-09-06 00:51:11.506072+00:00
l_cb36da8a2b4fd41ae0c5,r_7f4d3b39f20a9fbe6a09,740,DC,150.0,150.0,single,150 kW,data/raw/ev_20251216.csv,https://opendata.transport.nsw.gov.au/data/dataset/be1c4de4-4517-4bd0-8a09-2965ddfc7179/resource/7bbb6461-e52d-4fe7-ace4-a15c30198de0/download/ev_20251216.csv,2026-09-06 00:51:11.506072+00:00
l_84ecd12e6d4d7535cf22,r_574e9d9441895111501d,741,AC,22.0,22.0,single,22 kW,data/raw/ev_20251216.csv,https://opendata.transport.nsw.gov.au/data/dataset/be1c4de4-4517-4bd0-8a09-2965ddfc7179/resource/7bbb6461-e52d-4fe7-ace4-a15c30198de0/download/ev_20251216.csv,2026-09-06 00:51:11.506072+00:00
l_c4e32789a0207c324748,r_5f6fb6407793fbbbad55,742,AC,22.0,22.0,single,22 kW,data/raw/ev_20251216.csv,https://opendata.transport.nsw.gov.au/data/dataset/be1c4de4-4517-4bd0-8a09-2965ddfc7179/resource/7bbb6461-e52d-4fe7-ace4-a15c30198de0/download/ev_20251216.csv,2026-09-06 00:51:11.506072+00:00
l_048da951e57201882e6c,r_c9c758e41e07acd16786,743,AC,22.0,22.0,single,22 kW,data/raw/ev_20251216.csv,https://opendata.transport.nsw.gov.au/data/dataset/be1c4de4-4517-4bd0-8a09-2965ddfc7179/resource/7bbb6461-e52d-4fe7-ace4-a15c30198de0/download/ev_20251216.csv,2026-09-06 00:51:11.506072+00:00
l_02d4b3de4ca49138e9aa,r_1ab4d50aa7dc73d625cd,744,AC,22.0,22.0,single,22 kW,data/raw/ev_20251216.csv,https://opendata.transport.nsw.gov.au/data/dataset/be1c4de4-4517-4bd0-8a09-2965ddfc7179/resource/7bbb6461-e52d-4fe7-ace4-a15c30198de0/download/ev_20251216.csv,2026-09-06 00:51:11.506072+00:00
l_f26a690ab6d5d1de4f5d,r_1cd7af849a45efcf98a2,745,AC,22.0,22.0,single,22 kW,data/raw/ev_20251216.csv,https://opendata.transport.nsw.gov.au/data/dataset/be1c4de4-4517-4bd0-8a09-2965ddfc7179/resource/7bbb6461-e52d-4fe7-ace4-a15c30198de0/download/ev_20251216.csv,2026-09-06 00:51:11.506072+00:00
l_d5a7e7effa89f137384f,r_87a3705caae3f9ed73df,746,DC,25.0,25.0,single,25 kW,data/raw/ev_20251216.csv,https://opendata.transport.nsw.gov.au/data/dataset/be1c4de4-4517-4bd0-8a09-2965ddfc7179/resource/7bbb6461-e52d-4fe7-ace4-a15c30198de0/download/ev_20251216.csv,2026-09-06 00:51:11.506072+00:00
l_3dac50db68c7b9c1c02a,r_e5151781f24a99f698bf,747,DC,75.0,75.0,single,75 kW,data/raw/ev_20251216.csv,https://opendata.transport.nsw.gov.au/data/dataset/be1c4de4-4517-4bd0-8a09-2965ddfc7179/resource/7bbb6461-e52d-4fe7-ace4-a15c30198de0/download/ev_20251216.csv,2026-09-06 00:51:11.506072+00:00
l_afcf0c51c59697437c4b,r_e8e324acfa3c714c1a35,748,DC,125.0,125.0,single,125 kW,data/raw/ev_20251216.csv,https://opendata.transport.nsw.gov.au/data/dataset/be1c4de4-4517-4bd0-8a09-2965ddfc7179/resource/7bbb6461-e52d-4fe7-ace4-a15c30198de0/download/ev_20251216.csv,2026-09-06 00:51:11.506072+00:00
l_9de483f73c0a0d15d9f7,r_b4beff61cdcf17dd219d,749,DC,125.0,125.0,single,125 kW,data/raw/ev_20251216.csv,https://opendata.transport.nsw.gov.au/data/dataset/be1c4de4-4517-4bd0-8a09-2965ddfc7179/resource/7bbb6461-e52d-4fe7-ace4-a15c30198de0/download/ev_20251216.csv,2026-09-06 00:51:11.506072+00:00
l_72a41d0ebfe3a69a0635,r_68aafb5cf78043305082,750,AC,9.0,9.0,single,9 kW,data/raw/ev_20251216.csv,https://opendata.transport.nsw.gov.au/data/dataset/be1c4de4-4517-4bd0-8a09-2965ddfc7179/resource/7bbb6461-e52d-4fe7-ace4-a15c30198de0/download/ev_20251216.csv,2026-09-06 00:51:11.506072+00:00
l_73392c1fc201dc5d53f3,r_0513745b6340322974e7,751,DC,50.0,50.0,single,50 kW,data/raw/ev_20251216.csv,https://opendata.transport.nsw.gov.au/data/dataset/be1c4de4-4517-4bd0-8a09-2965ddfc7179/resource/7bbb6461-e52d-4fe7-ace4-a15c30198de0/download/ev_20251216.csv,2026-09-06 00:51:11.506072+00:00
l_6db937204545047f3bcc,r_2515f944f8eda599a23a,752,AC,22.0,22.0,single,22 kW,data/raw/ev_20251216.csv,https://opendata.transport.nsw.gov.au/data/dataset/be1c4de4-4517-4bd0-8a09-2965ddfc7179/resource/7bbb6461-e52d-4fe7-ace4-a15c30198de0/download/ev_20251216.csv,2026-09-06 00:51:11.506072+00:00
l_4f1b469b2b2c81dd2657,r_53abedb6eb3a5f7e5599,753,AC,22.0,22.0,single,22 kW,data/raw/ev_20251216.csv,https://opendata.transport.nsw.gov.au/data/dataset/be1c4de4-4517-4bd0-8a09-2965ddfc7179/resource/7bbb6461-e52d-4fe7-ace4-a15c30198de0/download/ev_20251216.csv,2026-09-06 00:51:11.506072+00:00
l_6c95fadb8ce41a0f8e4d,r_a1caee1657e4d6b88b8a,754,DC,250.0,250.0,single,250 kW,data/raw/ev_20251216.csv,https://opendata.transport.nsw.gov.au/data/dataset/be1c4de4-4517-4bd0-8a09-2965ddfc7179/resource/7bbb6461-e52d-4fe7-ace4-a15c30198de0/download/ev_20251216.csv,2026-09-06 00:51:11.506072+00:00
l_e1f047d32a0c03490cfc,r_af117c1cd7118dfbc81e,755,DC,50.0,50.0,single,50 kW,data/raw/ev_20251216.csv,https://opendata.transport.nsw.gov.au/data/dataset/be1c4de4-4517-4bd0-8a09-2965ddfc7179/resource/7bbb6461-e52d-4fe7-ace4-a15c30198de0/download/ev_20251216.csv,2026-09-06 00:51:11.506072+00:00
l_851bb80fba7b7b405db1,r_0983acf0fda42653dc7c,756,DC,50.0,50.0,single,50 kW,data/raw/ev_20251216.csv,https://opendata.transport.nsw.gov.au/data/dataset/be1c4de4-4517-4bd0-8a09-2965ddfc7179/resource/7bbb6461-e52d-4fe7-ace4-a15c30198de0/download/ev_20251216.csv,2026-09-06 00:51:11.506072+00:00
l_27981d4442a7bc636509,r_17cc790c1324fd1dc8de,757,DC,50.0,50.0,single,50 kW,data/raw/ev_20251216.csv,https://opendata.transport.nsw.gov.au/data/dataset/be1c4de4-4517-4bd0-8a09-2965ddfc7179/resource/7bbb6461-e52d-4fe7-ace4-a15c30198de0/download/ev_20251216.csv,2026-09-06 00:51:11.506072+00:00
l_cc4040349db1402e91cd,r_17ff312a7e9775e27191,758,DC,150.0,150.0,single,150 kW,data/raw/ev_20251216.csv,https://opendata.transport.nsw.gov.au/data/dataset/be1c4de4-4517-4bd0-8a09-2965ddfc7179/resource/7bbb6461-e52d-4fe7-ace4-a15c30198de0/download/ev_20251216.csv,2026-09-06 00:51:11.506072+00:00
l_86d363a34dff5ba1c14f,r_7881ea85245b6b206884,759,AC,22.0,22.0,single,22 kW,data/raw/ev_20251216.csv,https://opendata.transport.nsw.gov.au/data/dataset/be1c4de4-4517-4bd0-8a09-2965ddfc7179/resource/7bbb6461-e52d-4fe7-ace4-a15c30198de0/download/ev_20251216.csv,2026-09-06 00:51:11.506072+00:00
l_2421e1ad6f967d82e6c5,r_555cd0ea00836900a564,760,DC,165.0,165.0,single,165 kW,data/raw/ev_20251216.csv,https://opendata.transport.nsw.gov.au/data/dataset/be1c4de4-4517-4bd0-8a09-2965ddfc7179/resource/7bbb6461-e52d-4fe7-ace4-a15c30198de0/download/ev_20251216.csv,2026-09-06 00:51:11.506072+00:00
l_983ae5c60da63c259180,r_7aca6132a5b2a1a88091,761,AC,22.0,22.0,single,22 kW,data/raw/ev_20251216.csv,https://opendata.transport.nsw.gov.au/data/dataset/be1c4de4-4517-4bd0-8a09-2965ddfc7179/resource/7bbb6461-e52d-4fe7-ace4-a15c30198de0/download/ev_20251216.csv,2026-09-06 00:51:11.506072+00:00
l_2fcbd2774e1ef92e4eb7,r_47995274f9d99f6bacb9,762,AC,22.0,22.0,single,22 kW,data/raw/ev_20251216.csv,https://opendata.transport.nsw.gov.au/data/dataset/be1c4de4-4517-4bd0-8a09-2965ddfc7179/resource/7bbb6461-e52d-4fe7-ace4-a15c30198de0/download/ev_20251216.csv,2026-09-06 00:51:11.506072+00:00
l_d631413d088732971296,r_260f1323aef5a7691f9b,763,AC,22.0,22.0,single,22 kW,data/raw/ev_20251216.csv,https://opendata.transport.nsw.gov.au/data/dataset/be1c4de4-4517-4bd0-8a09-2965ddfc7179/resource/7bbb6461-e52d-4fe7-ace4-a15c30198de0/download/ev_20251216.csv,2026-09-06 00:51:11.506072+00:00
l_a5dc54c10eff8da88ade,r_da2a9db37b4473ad9889,764,AC,22.0,22.0,single,22 kW,data/raw/ev_20251216.csv,https://opendata.transport.nsw.gov.au/data/dataset/be1c4de4-4517-4bd0-8a09-2965ddfc7179/resource/7bbb6461-e52d-4fe7-ace4-a15c30198de0/download/ev_20251216.csv,2026-09-06 00:51:11.506072+00:00
l_c234117c6f0de82ae487,r_b9decc6b83a4cf2320d1,765,DC,50.0,50.0,single,50 kW,data/raw/ev_20251216.csv,https://opendata.transport.nsw.gov.au/data/dataset/be1c4de4-4517-4bd0-8a09-2965ddfc7179/resource/7bbb6461-e52d-4fe7-ace4-a15c30198de0/download/ev_20251216.csv,2026-09-06 00:51:11.506072+00:00
l_fa7c475e4fefc7c4b44a,r_cc9517f7cd57e97821cd,766,DC,125.0,125.0,single,125 kW,data/raw/ev_20251216.csv,https://opendata.transport.nsw.gov.au/data/dataset/be1c4de4-4517-4bd0-8a09-2965ddfc7179/resource/7bbb6461-e52d-4fe7-ace4-a15c30198de0/download/ev_20251216.csv,2026-09-06 00:51:11.506072+00:00
l_bdd96fd222fbf38d8abb,r_2d0b023d19636b169829,767,DC,25.0,25.0,single,25 kW,data/raw/ev_20251216.csv,https://opendata.transport.nsw.gov.au/data/dataset/be1c4de4-4517-4bd0-8a09-2965ddfc7179/resource/7bbb6461-e52d-4fe7-ace4-a15c30198de0/download/ev_20251216.csv,2026-09-06 00:51:11.506072+00:00
l_1d31ebcf1ced0f60d4bf,r_5878c9b1d452acdd2fac,768,AC,13.0,13.0,single,13 kW,data/raw/ev_20251216.csv,https://opendata.transport.nsw.gov.au/data/dataset/be1c4de4-4517-4bd0-8a09-2965ddfc7179/resource/7bbb6461-e52d-4fe7-ace4-a15c30198de0/download/ev_20251216.csv,2026-09-06 00:51:11.506072+00:00
l_b516eb75458d76ce5dd6,r_8edd43d81d71c7f95f58,769,AC,22.0,22.0,single,22 kW,data/raw/ev_20251216.csv,https://opendata.transport.nsw.gov.au/data/dataset/be1c4de4-4517-4bd0-8a09-2965ddfc7179/resource/7bbb6461-e52d-4fe7-ace4-a15c30198de0/download/ev_20251216.csv,2026-09-06 00:51:11.506072+00:00
l_3ff38e76eeb417368b37,r_6bea099decb5159232b4,770,DC,75.0,75.0,single,75 kW,data/raw/ev_20251216.csv,https://opendata.transport.nsw.gov.au/data/dataset/be1c4de4-4517-4bd0-8a09-2965ddfc7179/resource/7bbb6461-e52d-4fe7-ace4-a15c30198de0/download/ev_20251216.csv,2026-09-06 00:51:11.506072+00:00
l_36c950edb735b4aa3dc0,r_7ee9f3012fa348c2f272,771,AC,22.0,22.0,single,22 kW,data/raw/ev_20251216.csv,https://opendata.transport.nsw.gov.au/data/dataset/be1c4de4-4517-4bd0-8a09-2965ddfc7179/resource/7bbb6461-e52d-4fe7-ace4-a15c30198de0/download/ev_20251216.csv,2026-09-06 00:51:11.506072+00:00
l_fc094e3409fffcf3afe7,r_f230f6cde66dd43e311d,772,AC,22.0,22.0,single,22 kW,data/raw/ev_20251216.csv,https://opendata.transport.nsw.gov.au/data/dataset/be1c4de4-4517-4bd0-8a09-2965ddfc7179/resource/7bbb6461-e52d-4fe7-ace4-a15c30198de0/download/ev_20251216.csv,2026-09-06 00:51:11.506072+00:00
l_ed00398600d5eb9a8afc,r_265bdc661201eb6328f3,773,DC,75.0,75.0,single,75 kW,data/raw/ev_20251216.csv,https://opendata.transport.nsw.gov.au/data/dataset/be1c4de4-4517-4bd0-8a09-2965ddfc7179/resource/7bbb6461-e52d-4fe7-ace4-a15c30198de0/download/ev_20251216.csv,2026-09-06 00:51:11.506072+00:00
l_93256c25f2ff1fd0a115,r_59cdd0ef6c2d995a6430,774,AC,22.0,22.0,single,22 kW,data/raw/ev_20251216.csv,https://opendata.transport.nsw.gov.au/data/dataset/be1c4de4-4517-4bd0-8a09-2965ddfc7179/resource/7bbb6461-e52d-4fe7-ace4-a15c30198de0/download/ev_20251216.csv,2026-09-06 00:51:11.506072+00:00
l_34a7c1a247ea3036b133,r_c96f0d24a89c69194373,775,DC,125.0,125.0,single,125 kW,data/raw/ev_20251216.csv,https://opendata.transport.nsw.gov.au/data/dataset/be1c4de4-4517-4bd0-8a09-2965ddfc7179/resource/7bbb6461-e52d-4fe7-ace4-a15c30198de0/download/ev_20251216.csv,2026-09-06 00:51:11.506072+00:00
l_0f5e70eb56b6faeab877,r_597001bb9ac99959a17a,776,DC,50.0,50.0,single,50 kW,data/raw/ev_20251216.csv,https://opendata.transport.nsw.gov.au/data/dataset/be1c4de4-4517-4bd0-8a09-2965ddfc7179/resource/7bbb6461-e52d-4fe7-ace4-a15c30198de0/download/ev_20251216.csv,2026-09-06 00:51:11.506072+00:00
l_bd6ef1894c22d1363cb7,r_8322f4a1a48040dd7066,778,DC,50.0,50.0,single,50 kW,data/raw/ev_20251216.csv,https://opendata.transport.nsw.gov.au/data/dataset/be1c4de4-4517-4bd0-8a09-2965ddfc7179/resource/7bbb6461-e52d-4fe7-ace4-a15c30198de0/download/ev_20251216.csv,2026-09-06 00:51:11.506072+00:00
l_c8fbc277bca6a916a484,r_0ef0c92b71e43563b949,779,DC,25.0,25.0,single,25 kW,data/raw/ev_20251216.csv,https://opendata.transport.nsw.gov.au/data/dataset/be1c4de4-4517-4bd0-8a09-2965ddfc7179/resource/7bbb6461-e52d-4fe7-ace4-a15c30198de0/download/ev_20251216.csv,2026-09-06 00:51:11.506072+00:00
l_92994ee190adf43d20bf,r_15c8bd2efcc7d8334076,780,DC,75.0,75.0,single,75 kW,data/raw/ev_20251216.csv,https://opendata.transport.nsw.gov.au/data/dataset/be1c4de4-4517-4bd0-8a09-2965ddfc7179/resource/7bbb6461-e52d-4fe7-ace4-a15c30198de0/download/ev_20251216.csv,2026-09-06 00:51:11.506072+00:00
l_20a190d8243f2889a5e8,r_9aa21d46bfefcb17f9b5,781,AC,22.0,22.0,single,22 kW,data/raw/ev_20251216.csv,https://opendata.transport.nsw.gov.au/data/dataset/be1c4de4-4517-4bd0-8a09-2965ddfc7179/resource/7bbb6461-e52d-4fe7-ace4-a15c30198de0/download/ev_20251216.csv,2026-09-06 00:51:11.506072+00:00
l_50040883c1918163638b,r_c38c5249ba12fc3fa7ed,782,AC,6.0,6.0,single,6 kW,data/raw/ev_20251216.csv,https://opendata.transport.nsw.gov.au/data/dataset/be1c4de4-4517-4bd0-8a09-2965ddfc7179/resource/7bbb6461-e52d-4fe7-ace4-a15c30198de0/download/ev_20251216.csv,2026-09-06 00:51:11.506072+00:00
l_4d43e95d4a05277bff92,r_dea16b4931992fac8df6,783,AC,6.0,6.0,single,6 kW,data/raw/ev_20251216.csv,https://opendata.transport.nsw.gov.au/data/dataset/be1c4de4-4517-4bd0-8a09-2965ddfc7179/resource/7bbb6461-e52d-4fe7-ace4-a15c30198de0/download/ev_20251216.csv,2026-09-06 00:51:11.506072+00:00
l_4d011ad66e5c03718ea1,r_a47a1e6cfc0945b99ab6,784,DC,50.0,50.0,single,50 kW,data/raw/ev_20251216.csv,https://opendata.transport.nsw.gov.au/data/dataset/be1c4de4-4517-4bd0-8a09-2965ddfc7179/resource/7bbb6461-e52d-4fe7-ace4-a15c30198de0/download/ev_20251216.csv,2026-09-06 00:51:11.506072+00:00
l_6326e86e2a4ca2740561,r_e3e9f28f9d8595d4d7e5,785,AC,6.0,6.0,single,6 kW,data/raw/ev_20251216.csv,https://opendata.transport.nsw.gov.au/data/dataset/be1c4de4-4517-4bd0-8a09-2965ddfc7179/resource/7bbb6461-e52d-4fe7-ace4-a15c30198de0/download/ev_20251216.csv,2026-09-06 00:51:11.506072+00:00
l_70b62ce6672d7861923c,r_980004627430fdd3e367,786,DC,50.0,50.0,single,50 kW,data/raw/ev_20251216.csv,https://opendata.transport.nsw.gov.au/data/dataset/be1c4de4-4517-4bd0-8a09-2965ddfc7179/resource/7bbb6461-e52d-4fe7-ace4-a15c30198de0/download/ev_20251216.csv,2026-09-06 00:51:11.506072+00:00
l_d6f761922edabbc9f130,r_def87a1b3d7cc4858e8f,787,AC,22.0,22.0,single,22 kW,data/raw/ev_20251216.csv,https://opendata.transport.nsw.gov.au/data/dataset/be1c4de4-4517-4bd0-8a09-2965ddfc7179/resource/7bbb6461-e52d-4fe7-ace4-a15c30198de0/download/ev_20251216.csv,2026-09-06 00:51:11.506072+00:00
l_7db12512f4bd4baba525,r_2c3cd6518526a9e37905,788,DC,80.0,80.0,single,80 kW,data/raw/ev_20251216.csv,https://opendata.transport.nsw.gov.au/data/dataset/be1c4de4-4517-4bd0-8a09-2965ddfc7179/resource/7bbb6461-e52d-4fe7-ace4-a15c30198de0/download/ev_20251216.csv,2026-09-06 00:51:11.506072+00:00
l_51ba1b0a94114e8352c5,r_ca47d9e7c7500581acc4,789,AC,22.0,22.0,single,22 kW,data/raw/ev_20251216.csv,https://opendata.transport.nsw.gov.au/data/dataset/be1c4de4-4517-4bd0-8a09-2965ddfc7179/resource/7bbb6461-e52d-4fe7-ace4-a15c30198de0/download/ev_20251216.csv,2026-09-06 00:51:11.506072+00:00
l_e0aa5d210f08a36e440d,r_b080357eedcd0e2aafd1,790,AC,6.0,6.0,single,6 kW,data/raw/ev_20251216.csv,https://opendata.transport.nsw.gov.au/data/dataset/be1c4de4-4517-4bd0-8a09-2965ddfc7179/resource/7bbb6461-e52d-4fe7-ace4-a15c30198de0/download/ev_20251216.csv,2026-09-06 00:51:11.506072+00:00
l_6d79a064bd5d7abcee52,r_5187ba5f51e69119ec7f,791,AC,22.0,22.0,single,22 kW,data/raw/ev_20251216.csv,https://opendata.transport.nsw.gov.au/data/dataset/be1c4de4-4517-4bd0-8a09-2965ddfc7179/resource/7bbb6461-e52d-4fe7-ace4-a15c30198de0/download/ev_20251216.csv,2026-09-06 00:51:11.506072+00:00
l_8a7a327b085d26ad1726,r_f4fae9fae8f0302e002d,792,DC,42.0,42.0,single,42 kW,data/raw/ev_20251216.csv,https://opendata.transport.nsw.gov.au/data/dataset/be1c4de4-4517-4bd0-8a09-2965ddfc7179/resource/7bbb6461-e52d-4fe7-ace4-a15c30198de0/download/ev_20251216.csv,2026-09-06 00:51:11.506072+00:00
l_767790f8b941a57ed903,r_3af1d79e2afa64b6996f,793,DC,125.0,125.0,single,125 kW,data/raw/ev_20251216.csv,https://opendata.transport.nsw.gov.au/data/dataset/be1c4de4-4517-4bd0-8a09-2965ddfc7179/resource/7bbb6461-e52d-4fe7-ace4-a15c30198de0/download/ev_20251216.csv,2026-09-06 00:51:11.506072+00:00
l_2681c11bd56a6bdb82a0,r_6fa3c92884fb9cdf807e,794,AC,22.0,22.0,single,22 kW,data/raw/ev_20251216.csv,https://opendata.transport.nsw.gov.au/data/dataset/be1c4de4-4517-4bd0-8a09-2965ddfc7179/resource/7bbb6461-e52d-4fe7-ace4-a15c30198de0/download/ev_20251216.csv,2026-09-06 00:51:11.506072+00:00
l_36e70108d77f450ad957,r_ccdf015fedcf5fbbdf7e,795,AC,22.0,22.0,single,22 kW,data/raw/ev_20251216.csv,https://opendata.transport.nsw.gov.au/data/dataset/be1c4de4-4517-4bd0-8a09-2965ddfc7179/resource/7bbb6461-e52d-4fe7-ace4-a15c30198de0/download/ev_20251216.csv,2026-09-06 00:51:11.506072+00:00
l_7e349185b74163a9daf5,r_a85fb98ece613364e390,796,AC,6.0,6.0,single,6 kW,data/raw/ev_20251216.csv,https://opendata.transport.nsw.gov.au/data/dataset/be1c4de4-4517-4bd0-8a09-2965ddfc7179/resource/7bbb6461-e52d-4fe7-ace4-a15c30198de0/download/ev_20251216.csv,2026-09-06 00:51:11.506072+00:00
l_2de785fb55cd1abf300d,r_b18dc400529b9953cd20,797,AC,22.0,22.0,single,22 kW,data/raw/ev_20251216.csv,https://opendata.transport.nsw.gov.au/data/dataset/be1c4de4-4517-4bd0-8a09-2965ddfc7179/resource/7bbb6461-e52d-4fe7-ace4-a15c30198de0/download/ev_20251216.csv,2026-09-06 00:51:11.506072+00:00
l_99a294ded3edb29fe66d,r_be3ef17014bbcc353fa3,798,AC,22.0,22.0,single,22 kW,data/raw/ev_20251216.csv,https://opendata.transport.nsw.gov.au/data/dataset/be1c4de4-4517-4bd0-8a09-2965ddfc7179/resource/7bbb6461-e52d-4fe7-ace4-a15c30198de0/download/ev_20251216.csv,2026-09-06 00:51:11.506072+00:00
l_9cdfbd6b69a96dd0aa75,r_cebf57a2a62d809b80c1,799,AC,22.0,22.0,single,22 kW,data/raw/ev_20251216.csv,https://opendata.transport.nsw.gov.au/data/dataset/be1c4de4-4517-4bd0-8a09-2965ddfc7179/resource/7bbb6461-e52d-4fe7-ace4-a15c30198de0/download/ev_20251216.csv,2026-09-06 00:51:11.506072+00:00
l_e1b3520f7faaae34f683,r_bf52e70f40b1be86c9be,800,AC,22.0,22.0,single,22 kW,data/raw/ev_20251216.csv,https://opendata.transport.nsw.gov.au/data/dataset/be1c4de4-4517-4bd0-8a09-2965ddfc7179/resource/7bbb6461-e52d-4fe7-ace4-a15c30198de0/download/ev_20251216.csv,2026-09-06 00:51:11.506072+00:00
l_fd347711912078630087,r_c3f2753f2565eed54abd,801,AC,6.0,6.0,single,6 kW,data/raw/ev_20251216.csv,https://opendata.transport.nsw.gov.au/data/dataset/be1c4de4-4517-4bd0-8a09-2965ddfc7179/resource/7bbb6461-e52d-4fe7-ace4-a15c30198de0/download/ev_20251216.csv,2026-09-06 00:51:11.506072+00:00
l_0ebd164a90a35c16e4a4,r_7cf1e4f88084d5ee8d9e,802,DC,50.0,50.0,single,50 kW,data/raw/ev_20251216.csv,https://opendata.transport.nsw.gov.au/data/dataset/be1c4de4-4517-4bd0-8a09-2965ddfc7179/resource/7bbb6461-e52d-4fe7-ace4-a15c30198de0/download/ev_20251216.csv,2026-09-06 00:51:11.506072+00:00
l_57a99869918e9c6de1ba,r_d3e9116cd578256bca20,803,AC,11.0,11.0,single,11 kW,data/raw/ev_20251216.csv,https://opendata.transport.nsw.gov.au/data/dataset/be1c4de4-4517-4bd0-8a09-2965ddfc7179/resource/7bbb6461-e52d-4fe7-ace4-a15c30198de0/download/ev_20251216.csv,2026-09-06 00:51:11.506072+00:00
l_918ba134e512decabda5,r_3ffc425b5f875f53f277,804,AC,22.0,22.0,single,22 kW,data/raw/ev_20251216.csv,https://opendata.transport.nsw.gov.au/data/dataset/be1c4de4-4517-4bd0-8a09-2965ddfc7179/resource/7bbb6461-e52d-4fe7-ace4-a15c30198de0/download/ev_20251216.csv,2026-09-06 00:51:11.506072+00:00
l_c054e90134acb0ef6265,r_12efc83e07d5f2d88ecb,805,DC,75.0,75.0,single,75 kW,data/raw/ev_20251216.csv,https://opendata.transport.nsw.gov.au/data/dataset/be1c4de4-4517-4bd0-8a09-2965ddfc7179/resource/7bbb6461-e52d-4fe7-ace4-a15c30198de0/download/ev_20251216.csv,2026-09-06 00:51:11.506072+00:00
l_670a933bd0fd6afe1b3f,r_186fba83575f16aacecc,806,DC,130.0,130.0,single,130 kW,data/raw/ev_20251216.csv,https://opendata.transport.nsw.gov.au/data/dataset/be1c4de4-4517-4bd0-8a09-2965ddfc7179/resource/7bbb6461-e52d-4fe7-ace4-a15c30198de0/download/ev_20251216.csv,2026-09-06 00:51:11.506072+00:00
l_437878198b56aef68f50,r_8a7a7e63201c14fd5603,807,AC,22.0,22.0,single,22 kW,data/raw/ev_20251216.csv,https://opendata.transport.nsw.gov.au/data/dataset/be1c4de4-4517-4bd0-8a09-2965ddfc7179/resource/7bbb6461-e52d-4fe7-ace4-a15c30198de0/download/ev_20251216.csv,2026-09-06 00:51:11.506072+00:00
l_d9ed28af4de5b10731b3,r_6fe74faf8cd120089f56,808,AC,22.0,22.0,single,22 kW,data/raw/ev_20251216.csv,https://opendata.transport.nsw.gov.au/data/dataset/be1c4de4-4517-4bd0-8a09-2965ddfc7179/resource/7bbb6461-e52d-4fe7-ace4-a15c30198de0/download/ev_20251216.csv,2026-09-06 00:51:11.506072+00:00
l_7506ca9dcd6781813b50,r_75a41e220cf88148dbaf,809,AC,22.0,22.0,single,22 kW,data/raw/ev_20251216.csv,https://opendata.transport.nsw.gov.au/data/dataset/be1c4de4-4517-4bd0-8a09-2965ddfc7179/resource/7bbb6461-e52d-4fe7-ace4-a15c30198de0/download/ev_20251216.csv,2026-09-06 00:51:11.506072+00:00
l_a729a3806bb5a9a60e74,r_c0675196fc38aeb4a52c,810,AC,11.0,11.0,single,11 kW,data/raw/ev_20251216.csv,https://opendata.transport.nsw.gov.au/data/dataset/be1c4de4-4517-4bd0-8a09-2965ddfc7179/resource/7bbb6461-e52d-4fe7-ace4-a15c30198de0/download/ev_20251216.csv,2026-09-06 00:51:11.506072+00:00
l_b59ceb8e30b97b643258,r_53e0905e7dbfe679298a,811,DC,120.0,120.0,single,120 kW,data/raw/ev_20251216.csv,https://opendata.transport.nsw.gov.au/data/dataset/be1c4de4-4517-4bd0-8a09-2965ddfc7179/resource/7bbb6461-e52d-4fe7-ace4-a15c30198de0/download/ev_20251216.csv,2026-09-06 00:51:11.506072+00:00
l_7cd39b2dd85100bb238a,r_6783b52d23ee8e455105,812,DC,25.0,25.0,single,25 kW,data/raw/ev_20251216.csv,https://opendata.transport.nsw.gov.au/data/dataset/be1c4de4-4517-4bd0-8a09-2965ddfc7179/resource/7bbb6461-e52d-4fe7-ace4-a15c30198de0/download/ev_20251216.csv,2026-09-06 00:51:11.506072+00:00
l_973c2fa0b7b2002faf9e,r_351fd204f5252421b0b4,813,AC,22.0,22.0,single,22 kW,data/raw/ev_20251216.csv,https://opendata.transport.nsw.gov.au/data/dataset/be1c4de4-4517-4bd0-8a09-2965ddfc7179/resource/7bbb6461-e52d-4fe7-ace4-a15c30198de0/download/ev_20251216.csv,2026-09-06 00:51:11.506072+00:00
l_9345524f98d88e87488f,r_c3b138e3a11a63ca5555,814,AC,6.0,6.0,single,6 kW,data/raw/ev_20251216.csv,https://opendata.transport.nsw.gov.au/data/dataset/be1c4de4-4517-4bd0-8a09-2965ddfc7179/resource/7bbb6461-e52d-4fe7-ace4-a15c30198de0/download/ev_20251216.csv,2026-09-06 00:51:11.506072+00:00
l_ef5e9ca885d916a27d84,r_2fcdba0ac9413217114d,815,AC,6.0,6.0,single,6 kW,data/raw/ev_20251216.csv,https://opendata.transport.nsw.gov.au/data/dataset/be1c4de4-4517-4bd0-8a09-2965ddfc7179/resource/7bbb6461-e52d-4fe7-ace4-a15c30198de0/download/ev_20251216.csv,2026-09-06 00:51:11.506072+00:00
l_9538e5057439c6ff0cb4,r_83e546ea63cb478bb9d1,816,DC,130.0,130.0,single,130 kW,data/raw/ev_20251216.csv,https://opendata.transport.nsw.gov.au/data/dataset/be1c4de4-4517-4bd0-8a09-2965ddfc7179/resource/7bbb6461-e52d-4fe7-ace4-a15c30198de0/download/ev_20251216.csv,2026-09-06 00:51:11.506072+00:00
l_33ffbe2150b0821f9266,r_2101b2fc427e09907b6f,818,DC,40.0,40.0,single,40 kW,data/raw/ev_20251216.csv,https://opendata.transport.nsw.gov.au/data/dataset/be1c4de4-4517-4bd0-8a09-2965ddfc7179/resource/7bbb6461-e52d-4fe7-ace4-a15c30198de0/download/ev_20251216.csv,2026-09-06 00:51:11.506072+00:00
l_ba3c7d6f42433263f504,r_d19d35ddf43f30814b69,819,AC,22.0,22.0,single,22 kW,data/raw/ev_20251216.csv,https://opendata.transport.nsw.gov.au/data/dataset/be1c4de4-4517-4bd0-8a09-2965ddfc7179/resource/7bbb6461-e52d-4fe7-ace4-a15c30198de0/download/ev_20251216.csv,2026-09-06 00:51:11.506072+00:00
l_e813dc4295e8d0dcb035,r_84b606d329163a77e96c,820,DC,150.0,150.0,single,150 kW,data/raw/ev_20251216.csv,https://opendata.transport.nsw.gov.au/data/dataset/be1c4de4-4517-4bd0-8a09-2965ddfc7179/resource/7bbb6461-e52d-4fe7-ace4-a15c30198de0/download/ev_20251216.csv,2026-09-06 00:51:11.506072+00:00
l_a0b41e327bd819e11391,r_cad91a59112737bb7dad,821,AC,22.0,22.0,single,22 kW,data/raw/ev_20251216.csv,https://opendata.transport.nsw.gov.au/data/dataset/be1c4de4-4517-4bd0-8a09-2965ddfc7179/resource/7bbb6461-e52d-4fe7-ace4-a15c30198de0/download/ev_20251216.csv,2026-09-06 00:51:11.506072+00:00
l_1a14af4b564a876d23aa,r_0354b431d2292d6d13fb,822,DC,50.0,50.0,single,50 kW,data/raw/ev_20251216.csv,https://opendata.transport.nsw.gov.au/data/dataset/be1c4de4-4517-4bd0-8a09-2965ddfc7179/resource/7bbb6461-e52d-4fe7-ace4-a15c30198de0/download/ev_20251216.csv,2026-09-06 00:51:11.506072+00:00
l_dd70f0561f79ee1095d1,r_24333f7d2b86c04fbe70,823,DC,75.0,75.0,single,75 kW,data/raw/ev_20251216.csv,https://opendata.transport.nsw.gov.au/data/dataset/be1c4de4-4517-4bd0-8a09-2965ddfc7179/resource/7bbb6461-e52d-4fe7-ace4-a15c30198de0/download/ev_20251216.csv,2026-09-06 00:51:11.506072+00:00
l_d7e8a6739689bf98ee77,r_6113be01eb1ae30db904,824,DC,50.0,50.0,single,50 kW,data/raw/ev_20251216.csv,https://opendata.transport.nsw.gov.au/data/dataset/be1c4de4-4517-4bd0-8a09-2965ddfc7179/resource/7bbb6461-e52d-4fe7-ace4-a15c30198de0/download/ev_20251216.csv,2026-09-06 00:51:11.506072+00:00
l_23790085b17f7432664d,r_1a5657cc9afb3c7921dd,825,AC,22.0,22.0,single,22 kW,data/raw/ev_20251216.csv,https://opendata.transport.nsw.gov.au/data/dataset/be1c4de4-4517-4bd0-8a09-2965ddfc7179/resource/7bbb6461-e52d-4fe7-ace4-a15c30198de0/download/ev_20251216.csv,2026-09-06 00:51:11.506072+00:00
l_508197a6e65801e5a667,r_91eb8f1e1e113f6abf8b,826,DC,150.0,150.0,single,150 kW,data/raw/ev_20251216.csv,https://opendata.transport.nsw.gov.au/data/dataset/be1c4de4-4517-4bd0-8a09-2965ddfc7179/resource/7bbb6461-e52d-4fe7-ace4-a15c30198de0/download/ev_20251216.csv,2026-09-06 00:51:11.506072+00:00
l_8422a9ee7cb0f27a4eb0,r_370277eb8ca7ce4bdaeb,827,DC,150.0,150.0,single,150 kW,data/raw/ev_20251216.csv,https://opendata.transport.nsw.gov.au/data/dataset/be1c4de4-4517-4bd0-8a09-2965ddfc7179/resource/7bbb6461-e52d-4fe7-ace4-a15c30198de0/download/ev_20251216.csv,2026-09-06 00:51:11.506072+00:00
l_1408a9b5047fab19385d,r_93b48d6829e759366514,828,AC,22.0,22.0,single,22 kW,data/raw/ev_20251216.csv,https://opendata.transport.nsw.gov.au/data/dataset/be1c4de4-4517-4bd0-8a09-2965ddfc7179/resource/7bbb6461-e52d-4fe7-ace4-a15c30198de0/download/ev_20251216.csv,2026-09-06 00:51:11.506072+00:00
l_80966565225bcb785c89,r_2222b9c447178ea898f9,829,AC,22.0,22.0,single,22 kW,data/raw/ev_20251216.csv,https://opendata.transport.nsw.gov.au/data/dataset/be1c4de4-4517-4bd0-8a09-2965ddfc7179/resource/7bbb6461-e52d-4fe7-ace4-a15c30198de0/download/ev_20251216.csv,2026-09-06 00:51:11.506072+00:00
l_39e046cc16cbf99cf684,r_f5a69b7a3f61d4caad58,830,AC,6.0,6.0,single,6 kW,data/raw/ev_20251216.csv,https://opendata.transport.nsw.gov.au/data/dataset/be1c4de4-4517-4bd0-8a09-2965ddfc7179/resource/7bbb6461-e52d-4fe7-ace4-a15c30198de0/download/ev_20251216.csv,2026-09-06 00:51:11.506072+00:00
l_d6f7920370a67c39a81b,r_b74b6489f361bb19b9fb,831,AC,6.0,6.0,single,6 kW,data/raw/ev_20251216.csv,https://opendata.transport.nsw.gov.au/data/dataset/be1c4de4-4517-4bd0-8a09-2965ddfc7179/resource/7bbb6461-e52d-4fe7-ace4-a15c30198de0/download/ev_20251216.csv,2026-09-06 00:51:11.506072+00:00
l_737eb524a7a46eff20ba,r_9dd36854c994ba02ea66,832,AC,22.0,22.0,single,22 kW,data/raw/ev_20251216.csv,https://opendata.transport.nsw.gov.au/data/dataset/be1c4de4-4517-4bd0-8a09-2965ddfc7179/resource/7bbb6461-e52d-4fe7-ace4-a15c30198de0/download/ev_20251216.csv,2026-09-06 00:51:11.506072+00:00
l_9fc61b13f66f9d01b303,r_fb26f40a346a9f379693,833,DC,125.0,125.0,single,125 kW,data/raw/ev_20251216.csv,https://opendata.transport.nsw.gov.au/data/dataset/be1c4de4-4517-4bd0-8a09-2965ddfc7179/resource/7bbb6461-e52d-4fe7-ace4-a15c30198de0/download/ev_20251216.csv,2026-09-06 00:51:11.506072+00:00
l_adb7b60f8ecb77fd5d63,r_1187b4ba271be2c19557,834,DC,150.0,150.0,single,150 kW,data/raw/ev_20251216.csv,https://opendata.transport.nsw.gov.au/data/dataset/be1c4de4-4517-4bd0-8a09-2965ddfc7179/resource/7bbb6461-e52d-4fe7-ace4-a15c30198de0/download/ev_20251216.csv,2026-09-06 00:51:11.506072+00:00
l_81ac1c0eb40f1e500ff0,r_54058bfe525a4116c21f,835,DC,50.0,50.0,single,50 kW,data/raw/ev_20251216.csv,https://opendata.transport.nsw.gov.au/data/dataset/be1c4de4-4517-4bd0-8a09-2965ddfc7179/resource/7bbb6461-e52d-4fe7-ace4-a15c30198de0/download/ev_20251216.csv,2026-09-06 00:51:11.506072+00:00
l_d04d0a16f8a413c35ef0,r_8ba87e93c308cee53f00,836,DC,130.0,130.0,single,130 kW,data/raw/ev_20251216.csv,https://opendata.transport.nsw.gov.au/data/dataset/be1c4de4-4517-4bd0-8a09-2965ddfc7179/resource/7bbb6461-e52d-4fe7-ace4-a15c30198de0/download/ev_20251216.csv,2026-09-06 00:51:11.506072+00:00
l_095db3692993e39a2baf,r_c735e108e92b47b4ad5b,837,DC,75.0,75.0,single,75 kW,data/raw/ev_20251216.csv,https://opendata.transport.nsw.gov.au/data/dataset/be1c4de4-4517-4bd0-8a09-2965ddfc7179/resource/7bbb6461-e52d-4fe7-ace4-a15c30198de0/download/ev_20251216.csv,2026-09-06 00:51:11.506072+00:00
l_2499e0171bc15dfd2719,r_1b23d35b328c9347bfac,838,DC,50.0,50.0,single,50 kW,data/raw/ev_20251216.csv,https://opendata.transport.nsw.gov.au/data/dataset/be1c4de4-4517-4bd0-8a09-2965ddfc7179/resource/7bbb6461-e52d-4fe7-ace4-a15c30198de0/download/ev_20251216.csv,2026-09-06 00:51:11.506072+00:00
l_c568a6548781fde69e55,r_8f4c26897c23aaf57073,839,AC,22.0,22.0,single,22 kW,data/raw/ev_20251216.csv,https://opendata.transport.nsw.gov.au/data/dataset/be1c4de4-4517-4bd0-8a09-2965ddfc7179/resource/7bbb6461-e52d-4fe7-ace4-a15c30198de0/download/ev_20251216.csv,2026-09-06 00:51:11.506072+00:00
l_9e7a0beca84a7d9e019d,r_4534b85aa5fb35f0a62a,840,DC,50.0,50.0,single,50 kW,data/raw/ev_20251216.csv,https://opendata.transport.nsw.gov.au/data/dataset/be1c4de4-4517-4bd0-8a09-2965ddfc7179/resource/7bbb6461-e52d-4fe7-ace4-a15c30198de0/download/ev_20251216.csv,2026-09-06 00:51:11.506072+00:00
l_93b118be8b63f7927360,r_7a660c495d1ce9a8371e,841,AC,22.0,22.0,single,22 kW,data/raw/ev_20251216.csv,https://opendata.transport.nsw.gov.au/data/dataset/be1c4de4-4517-4bd0-8a09-2965ddfc7179/resource/7bbb6461-e52d-4fe7-ace4-a15c30198de0/download/ev_20251216.csv,2026-09-06 00:51:11.506072+00:00
l_afdf5670ac33c6469f91,r_411270c7e797c9029fd4,842,DC,25.0,25.0,single,25 kW,data/raw/ev_20251216.csv,https://opendata.transport.nsw.gov.au/data/dataset/be1c4de4-4517-4bd0-8a09-2965ddfc7179/resource/7bbb6461-e52d-4fe7-ace4-a15c30198de0/download/ev_20251216.csv,2026-09-06 00:51:11.506072+00:00
l_1985bc0afc762a942f80,r_da8c0b510966adc38860,843,AC,6.0,6.0,single,6 kW,data/raw/ev_20251216.csv,https://opendata.transport.nsw.gov.au/data/dataset/be1c4de4-4517-4bd0-8a09-2965ddfc7179/resource/7bbb6461-e52d-4fe7-ace4-a15c30198de0/download/ev_20251216.csv,2026-09-06 00:51:11.506072+00:00
l_5da82ed9b10e3a7f7cbe,r_42f83b15b4bbc7889e27,844,DC,75.0,75.0,single,75 kW,data/raw/ev_20251216.csv,https://opendata.transport.nsw.gov.au/data/dataset/be1c4de4-4517-4bd0-8a09-2965ddfc7179/resource/7bbb6461-e52d-4fe7-ace4-a15c30198de0/download/ev_20251216.csv,2026-09-06 00:51:11.506072+00:00
l_707d51500800e49e4fda,r_7f0aa4d7ddbe722dc141,845,AC,22.0,22.0,single,22 kW,data/raw/ev_20251216.csv,https://opendata.transport.nsw.gov.au/data/dataset/be1c4de4-4517-4bd0-8a09-2965ddfc7179/resource/7bbb6461-e52d-4fe7-ace4-a15c30198de0/download/ev_20251216.csv,2026-09-06 00:51:11.506072+00:00
l_26438f6aac5de9467e73,r_e9968d7a776e52fd4f34,846,AC,22.0,22.0,single,22 kW,data/raw/ev_20251216.csv,https://opendata.transport.nsw.gov.au/data/dataset/be1c4de4-4517-4bd0-8a09-2965ddfc7179/resource/7bbb6461-e52d-4fe7-ace4-a15c30198de0/download/ev_20251216.csv,2026-09-06 00:51:11.506072+00:00
l_abb5df3e2443a5903a76,r_9c0e0d87c0d9a1249951,847,AC,22.0,22.0,single,22 kW,data/raw/ev_20251216.csv,https://opendata.transport.nsw.gov.au/data/dataset/be1c4de4-4517-4bd0-8a09-2965ddfc7179/resource/7bbb6461-e52d-4fe7-ace4-a15c30198de0/download/ev_20251216.csv,2026-09-06 00:51:11.506072+00:00
l_a1c9428d82e771875583,r_60c232f00c28238b73a8,848,AC,6.0,6.0,single,6 kW,data/raw/ev_20251216.csv,https://opendata.transport.nsw.gov.au/data/dataset/be1c4de4-4517-4bd0-8a09-2965ddfc7179/resource/7bbb6461-e52d-4fe7-ace4-a15c30198de0/download/ev_20251216.csv,2026-09-06 00:51:11.506072+00:00
l_c78107320e0813ae79ca,r_d1dd9ad82506d3e8ab00,849,AC,22.0,22.0,single,22 kW,data/raw/ev_20251216.csv,https://opendata.transport.nsw.gov.au/data/dataset/be1c4de4-4517-4bd0-8a09-2965ddfc7179/resource/7bbb6461-e52d-4fe7-ace4-a15c30198de0/download/ev_20251216.csv,2026-09-06 00:51:11.506072+00:00
l_93b8ef757e1aa3f2cb31,r_66dddc12ee1e31925fb4,850,AC,22.0,22.0,single,22 kW,data/raw/ev_20251216.csv,https://opendata.transport.nsw.gov.au/data/dataset/be1c4de4-4517-4bd0-8a09-2965ddfc7179/resource/7bbb6461-e52d-4fe7-ace4-a15c30198de0/download/ev_20251216.csv,2026-09-06 00:51:11.506072+00:00
l_b95fda2a5dfd50021d16,r_9ca234dcd94fa2e2b3e2,851,DC,75.0,75.0,single,75 kW,data/raw/ev_20251216.csv,https://opendata.transport.nsw.gov.au/data/dataset/be1c4de4-4517-4bd0-8a09-2965ddfc7179/resource/7bbb6461-e52d-4fe7-ace4-a15c30198de0/download/ev_20251216.csv,2026-09-06 00:51:11.506072+00:00
l_e8d404de19b1519b6ccd,r_ca5af1ff1c8b9ee7cea1,852,AC,22.0,22.0,single,22 kW,data/raw/ev_20251216.csv,https://opendata.transport.nsw.gov.au/data/dataset/be1c4de4-4517-4bd0-8a09-2965ddfc7179/resource/7bbb6461-e52d-4fe7-ace4-a15c30198de0/download/ev_20251216.csv,2026-09-06 00:51:11.506072+00:00
l_9c853428cee96cd5bac2,r_9ebc321cdd6edad1359b,853,DC,180.0,180.0,single,180 kW,data/raw/ev_20251216.csv,https://opendata.transport.nsw.gov.au/data/dataset/be1c4de4-4517-4bd0-8a09-2965ddfc7179/resource/7bbb6461-e52d-4fe7-ace4-a15c30198de0/download/ev_20251216.csv,2026-09-06 00:51:11.506072+00:00
l_fdbc3ac1498f235c3c76,r_71fe67e6ac1b1ba85e52,854,DC,130.0,130.0,single,130 kW,data/raw/ev_20251216.csv,https://opendata.transport.nsw.gov.au/data/dataset/be1c4de4-4517-4bd0-8a09-2965ddfc7179/resource/7bbb6461-e52d-4fe7-ace4-a15c30198de0/download/ev_20251216.csv,2026-09-06 00:51:11.506072+00:00
l_d2b2ac7898cb662a369e,r_62139d18d56e69c85dac,855,AC,11.0,11.0,single,11 kW,data/raw/ev_20251216.csv,https://opendata.transport.nsw.gov.au/data/dataset/be1c4de4-4517-4bd0-8a09-2965ddfc7179/resource/7bbb6461-e52d-4fe7-ace4-a15c30198de0/download/ev_20251216.csv,2026-09-06 00:51:11.506072+00:00
l_bfc0aadbb02226fd9b35,r_bdf3ba5337e222837798,856,AC,11.0,11.0,single,11 kW,data/raw/ev_20251216.csv,https://opendata.transport.nsw.gov.au/data/dataset/be1c4de4-4517-4bd0-8a09-2965ddfc7179/resource/7bbb6461-e52d-4fe7-ace4-a15c30198de0/download/ev_20251216.csv,2026-09-06 00:51:11.506072+00:00
l_306723767e6819217140,r_5625beb2cdaf06ea409a,857,DC,75.0,75.0,single,75 kW,data/raw/ev_20251216.csv,https://opendata.transport.nsw.gov.au/data/dataset/be1c4de4-4517-4bd0-8a09-2965ddfc7179/resource/7bbb6461-e52d-4fe7-ace4-a15c30198de0/download/ev_20251216.csv,2026-09-06 00:51:11.506072+00:00
l_eef5a1f301ba626d6775,r_221c0b9c8d98b7720b87,858,AC,22.0,22.0,single,22 kW,data/raw/ev_20251216.csv,https://opendata.transport.nsw.gov.au/data/dataset/be1c4de4-4517-4bd0-8a09-2965ddfc7179/resource/7bbb6461-e52d-4fe7-ace4-a15c30198de0/download/ev_20251216.csv,2026-09-06 00:51:11.506072+00:00
l_29a8eecc85684b5f97c6,r_73c94ffb754ca31cadbc,859,DC,25.0,25.0,single,25 kW,data/raw/ev_20251216.csv,https://opendata.transport.nsw.gov.au/data/dataset/be1c4de4-4517-4bd0-8a09-2965ddfc7179/resource/7bbb6461-e52d-4fe7-ace4-a15c30198de0/download/ev_20251216.csv,2026-09-06 00:51:11.506072+00:00
l_4718a5a8373d9d0b8d97,r_9043a6ebca39124d2c79,860,DC,25.0,25.0,single,25 kW,data/raw/ev_20251216.csv,https://opendata.transport.nsw.gov.au/data/dataset/be1c4de4-4517-4bd0-8a09-2965ddfc7179/resource/7bbb6461-e52d-4fe7-ace4-a15c30198de0/download/ev_20251216.csv,2026-09-06 00:51:11.506072+00:00
l_3fadc375708cf321924a,r_99d83a07b33f6c39fa8b,861,AC,22.0,22.0,single,22 kW,data/raw/ev_20251216.csv,https://opendata.transport.nsw.gov.au/data/dataset/be1c4de4-4517-4bd0-8a09-2965ddfc7179/resource/7bbb6461-e52d-4fe7-ace4-a15c30198de0/download/ev_20251216.csv,2026-09-06 00:51:11.506072+00:00
l_bab6f0f232d08a6bbeb9,r_239c057f9a597b32a4ca,862,DC,50.0,50.0,single,50 kW,data/raw/ev_20251216.csv,https://opendata.transport.nsw.gov.au/data/dataset/be1c4de4-4517-4bd0-8a09-2965ddfc7179/resource/7bbb6461-e52d-4fe7-ace4-a15c30198de0/download/ev_20251216.csv,2026-09-06 00:51:11.506072+00:00
l_49393ecaec8f6f344c46,r_805f0f8385a0736cf85c,863,AC,22.0,22.0,single,22 kW,data/raw/ev_20251216.csv,https://opendata.transport.nsw.gov.au/data/dataset/be1c4de4-4517-4bd0-8a09-2965ddfc7179/resource/7bbb6461-e52d-4fe7-ace4-a15c30198de0/download/ev_20251216.csv,2026-09-06 00:51:11.506072+00:00
l_884c49e510dc2df89dd6,r_79faf16adf68e12e43b7,864,AC,11.0,11.0,single,11 kW,data/raw/ev_20251216.csv,https://opendata.transport.nsw.gov.au/data/dataset/be1c4de4-4517-4bd0-8a09-2965ddfc7179/resource/7bbb6461-e52d-4fe7-ace4-a15c30198de0/download/ev_20251216.csv,2026-09-06 00:51:11.506072+00:00
l_b2664a12950048580c82,r_3148e980da6d65234aac,865,AC,11.0,11.0,single,11 kW,data/raw/ev_20251216.csv,https://opendata.transport.nsw.gov.au/data/dataset/be1c4de4-4517-4bd0-8a09-2965ddfc7179/resource/7bbb6461-e52d-4fe7-ace4-a15c30198de0/download/ev_20251216.csv,2026-09-06 00:51:11.506072+00:00
l_0d05faab06506979db20,r_5683726a9c176354f156,866,AC,22.0,22.0,single,22 kW,data/raw/ev_20251216.csv,https://opendata.transport.nsw.gov.au/data/dataset/be1c4de4-4517-4bd0-8a09-2965ddfc7179/resource/7bbb6461-e52d-4fe7-ace4-a15c30198de0/download/ev_20251216.csv,2026-09-06 00:51:11.506072+00:00
l_623d399086e56081a581,r_0e04d5612b58aa32a2c3,867,AC,11.0,11.0,single,11 kW,data/raw/ev_20251216.csv,https://opendata.transport.nsw.gov.au/data/dataset/be1c4de4-4517-4bd0-8a09-2965ddfc7179/resource/7bbb6461-e52d-4fe7-ace4-a15c30198de0/download/ev_20251216.csv,2026-09-06 00:51:11.506072+00:00
l_d0a819b95a2a2f3fb46a,r_e0ad58910c14e6e4fd53,868,DC,350.0,350.0,single,350 kW,data/raw/ev_20251216.csv,https://opendata.transport.nsw.gov.au/data/dataset/be1c4de4-4517-4bd0-8a09-2965ddfc7179/resource/7bbb6461-e52d-4fe7-ace4-a15c30198de0/download/ev_20251216.csv,2026-09-06 00:51:11.506072+00:00
l_1cc092cb94d3d011a9d3,r_eb08472bf2198b3918b4,869,DC,150.0,150.0,single,150 kW,data/raw/ev_20251216.csv,https://opendata.transport.nsw.gov.au/data/dataset/be1c4de4-4517-4bd0-8a09-2965ddfc7179/resource/7bbb6461-e52d-4fe7-ace4-a15c30198de0/download/ev_20251216.csv,2026-09-06 00:51:11.506072+00:00
l_21b540521adb40fdbe53,r_1b7c5aacdc7592750477,870,DC,150.0,150.0,single,150 kW,data/raw/ev_20251216.csv,https://opendata.transport.nsw.gov.au/data/dataset/be1c4de4-4517-4bd0-8a09-2965ddfc7179/resource/7bbb6461-e52d-4fe7-ace4-a15c30198de0/download/ev_20251216.csv,2026-09-06 00:51:11.506072+00:00
l_1148a02a4d19f0e6f78e,r_b24e61ff82896c8f98c1,871,DC,60.0,60.0,single,60 kW,data/raw/ev_20251216.csv,https://opendata.transport.nsw.gov.au/data/dataset/be1c4de4-4517-4bd0-8a09-2965ddfc7179/resource/7bbb6461-e52d-4fe7-ace4-a15c30198de0/download/ev_20251216.csv,2026-09-06 00:51:11.506072+00:00
l_deab95b41a5ea98316bc,r_1341df3e8f45d058251d,872,AC,23.0,23.0,single,23 kW,data/raw/ev_20251216.csv,https://opendata.transport.nsw.gov.au/data/dataset/be1c4de4-4517-4bd0-8a09-2965ddfc7179/resource/7bbb6461-e52d-4fe7-ace4-a15c30198de0/download/ev_20251216.csv,2026-09-06 00:51:11.506072+00:00
l_07646270a5e5fdf34d91,r_e291903357f6282741c7,873,AC,22.0,22.0,single,22 kW,data/raw/ev_20251216.csv,https://opendata.transport.nsw.gov.au/data/dataset/be1c4de4-4517-4bd0-8a09-2965ddfc7179/resource/7bbb6461-e52d-4fe7-ace4-a15c30198de0/download/ev_20251216.csv,2026-09-06 00:51:11.506072+00:00
l_a5b47985d2b2146ebe96,r_1ad1e431430b9942572f,874,AC,6.0,6.0,single,6 kW,data/raw/ev_20251216.csv,https://opendata.transport.nsw.gov.au/data/dataset/be1c4de4-4517-4bd0-8a09-2965ddfc7179/resource/7bbb6461-e52d-4fe7-ace4-a15c30198de0/download/ev_20251216.csv,2026-09-06 00:51:11.506072+00:00
l_58e1e5af75ee9f059e21,r_0054a7c1f99f5f2e503a,875,AC,22.0,22.0,single,22 kW,data/raw/ev_20251216.csv,https://opendata.transport.nsw.gov.au/data/dataset/be1c4de4-4517-4bd0-8a09-2965ddfc7179/resource/7bbb6461-e52d-4fe7-ace4-a15c30198de0/download/ev_20251216.csv,2026-09-06 00:51:11.506072+00:00
l_2787fb72701b1502f64e,r_9f10c2d749ce4bcab524,876,AC,17.0,17.0,single,17 kW,data/raw/ev_20251216.csv,https://opendata.transport.nsw.gov.au/data/dataset/be1c4de4-4517-4bd0-8a09-2965ddfc7179/resource/7bbb6461-e52d-4fe7-ace4-a15c30198de0/download/ev_20251216.csv,2026-09-06 00:51:11.506072+00:00
l_013e127f5146fc072294,r_6f9445cd9779368b7207,877,AC,11.0,11.0,single,11 kW,data/raw/ev_20251216.csv,https://opendata.transport.nsw.gov.au/data/dataset/be1c4de4-4517-4bd0-8a09-2965ddfc7179/resource/7bbb6461-e52d-4fe7-ace4-a15c30198de0/download/ev_20251216.csv,2026-09-06 00:51:11.506072+00:00
l_d4078fc4eb2f6a6b0d67,r_53880f4ad079ad208a03,878,DC,150.0,150.0,single,150 kW,data/raw/ev_20251216.csv,https://opendata.transport.nsw.gov.au/data/dataset/be1c4de4-4517-4bd0-8a09-2965ddfc7179/resource/7bbb6461-e52d-4fe7-ace4-a15c30198de0/download/ev_20251216.csv,2026-09-06 00:51:11.506072+00:00
l_fa8a38c47074d7037feb,r_3d86872e3332472ea8d1,879,AC,11.0,11.0,single,11 kW,data/raw/ev_20251216.csv,https://opendata.transport.nsw.gov.au/data/dataset/be1c4de4-4517-4bd0-8a09-2965ddfc7179/resource/7bbb6461-e52d-4fe7-ace4-a15c30198de0/download/ev_20251216.csv,2026-09-06 00:51:11.506072+00:00
l_489ae1c90174e92bf09e,r_20f7958a76b35360a164,880,DC,180.0,180.0,single,180 kW,data/raw/ev_20251216.csv,https://opendata.transport.nsw.gov.au/data/dataset/be1c4de4-4517-4bd0-8a09-2965ddfc7179/resource/7bbb6461-e52d-4fe7-ace4-a15c30198de0/download/ev_20251216.csv,2026-09-06 00:51:11.506072+00:00
l_0d5b3adefe5f7ce63994,r_04ea6b2186da730d659b,881,AC,22.0,22.0,single,22 kW,data/raw/ev_20251216.csv,https://opendata.transport.nsw.gov.au/data/dataset/be1c4de4-4517-4bd0-8a09-2965ddfc7179/resource/7bbb6461-e52d-4fe7-ace4-a15c30198de0/download/ev_20251216.csv,2026-09-06 00:51:11.506072+00:00
l_9be809db1a1a29023bf8,r_79e275bd8c08572d1730,882,DC,75.0,75.0,single,75 kW,data/raw/ev_20251216.csv,https://opendata.transport.nsw.gov.au/data/dataset/be1c4de4-4517-4bd0-8a09-2965ddfc7179/resource/7bbb6461-e52d-4fe7-ace4-a15c30198de0/download/ev_20251216.csv,2026-09-06 00:51:11.506072+00:00
l_28327fad6aaa75b24f4b,r_17bbfda28901e365b7f8,883,AC,22.0,22.0,single,22 kW,data/raw/ev_20251216.csv,https://opendata.transport.nsw.gov.au/data/dataset/be1c4de4-4517-4bd0-8a09-2965ddfc7179/resource/7bbb6461-e52d-4fe7-ace4-a15c30198de0/download/ev_20251216.csv,2026-09-06 00:51:11.506072+00:00
l_e16fb42c5bf2ad04a583,r_9e1ba191c2f0ec5be722,884,DC,75.0,75.0,single,75 kW,data/raw/ev_20251216.csv,https://opendata.transport.nsw.gov.au/data/dataset/be1c4de4-4517-4bd0-8a09-2965ddfc7179/resource/7bbb6461-e52d-4fe7-ace4-a15c30198de0/download/ev_20251216.csv,2026-09-06 00:51:11.506072+00:00
l_bc7c5d331c7f6c793775,r_41edbbdb7287340f8cd8,885,DC,50.0,50.0,single,50 kW,data/raw/ev_20251216.csv,https://opendata.transport.nsw.gov.au/data/dataset/be1c4de4-4517-4bd0-8a09-2965ddfc7179/resource/7bbb6461-e52d-4fe7-ace4-a15c30198de0/download/ev_20251216.csv,2026-09-06 00:51:11.506072+00:00
l_980db725973a4ce1fa18,r_cb6f68582b1a34b70217,886,DC,50.0,50.0,single,50 kW,data/raw/ev_20251216.csv,https://opendata.transport.nsw.gov.au/data/dataset/be1c4de4-4517-4bd0-8a09-2965ddfc7179/resource/7bbb6461-e52d-4fe7-ace4-a15c30198de0/download/ev_20251216.csv,2026-09-06 00:51:11.506072+00:00
l_9a073af7c348fc5d6044,r_28f61dff4a02df8fbe1b,887,AC,11.0,11.0,single,11 kW,data/raw/ev_20251216.csv,https://opendata.transport.nsw.gov.au/data/dataset/be1c4de4-4517-4bd0-8a09-2965ddfc7179/resource/7bbb6461-e52d-4fe7-ace4-a15c30198de0/download/ev_20251216.csv,2026-09-06 00:51:11.506072+00:00
l_5b334947cac0d4a7bb17,r_250187e8f01a85272764,888,DC,50.0,50.0,single,50 kW,data/raw/ev_20251216.csv,https://opendata.transport.nsw.gov.au/data/dataset/be1c4de4-4517-4bd0-8a09-2965ddfc7179/resource/7bbb6461-e52d-4fe7-ace4-a15c30198de0/download/ev_20251216.csv,2026-09-06 00:51:11.506072+00:00
l_6c697a211014dac9323e,r_2e9b6dba24e8e1bce373,889,AC,22.0,22.0,single,22 kW,data/raw/ev_20251216.csv,https://opendata.transport.nsw.gov.au/data/dataset/be1c4de4-4517-4bd0-8a09-2965ddfc7179/resource/7bbb6461-e52d-4fe7-ace4-a15c30198de0/download/ev_20251216.csv,2026-09-06 00:51:11.506072+00:00
l_cda6c22e460b1a5b98f3,r_3ac59c5fdde875e1c288,890,DC,50.0,50.0,single,50 kW,data/raw/ev_20251216.csv,https://opendata.transport.nsw.gov.au/data/dataset/be1c4de4-4517-4bd0-8a09-2965ddfc7179/resource/7bbb6461-e52d-4fe7-ace4-a15c30198de0/download/ev_20251216.csv,2026-09-06 00:51:11.506072+00:00
l_0d9cbebe9219b1d97290,r_dd9626b298cead587039,891,AC,22.0,22.0,single,22 kW,data/raw/ev_20251216.csv,https://opendata.transport.nsw.gov.au/data/dataset/be1c4de4-4517-4bd0-8a09-2965ddfc7179/resource/7bbb6461-e52d-4fe7-ace4-a15c30198de0/download/ev_20251216.csv,2026-09-06 00:51:11.506072+00:00
l_694e3515e424ae8585b1,r_2c24f95a05c73f505cfc,892,DC,150.0,150.0,single,150 kW,data/raw/ev_20251216.csv,https://opendata.transport.nsw.gov.au/data/dataset/be1c4de4-4517-4bd0-8a09-2965ddfc7179/resource/7bbb6461-e52d-4fe7-ace4-a15c30198de0/download/ev_20251216.csv,2026-09-06 00:51:11.506072+00:00
l_25d1669847d10fab69fb,r_401c575ff09419a748f6,893,AC,22.0,22.0,single,22 kW,data/raw/ev_20251216.csv,https://opendata.transport.nsw.gov.au/data/dataset/be1c4de4-4517-4bd0-8a09-2965ddfc7179/resource/7bbb6461-e52d-4fe7-ace4-a15c30198de0/download/ev_20251216.csv,2026-09-06 00:51:11.506072+00:00
l_15c1465f5dbdd6707b49,r_4bfc8da31edc9a0f70ac,894,AC,11.0,11.0,single,11 kW,data/raw/ev_20251216.csv,https://opendata.transport.nsw.gov.au/data/dataset/be1c4de4-4517-4bd0-8a09-2965ddfc7179/resource/7bbb6461-e52d-4fe7-ace4-a15c30198de0/download/ev_20251216.csv,2026-09-06 00:51:11.506072+00:00
l_cb8d878a5b38f0f26308,r_4568abf4d307c243bd2d,895,DC,100.0,100.0,single,100 kW,data/raw/ev_20251216.csv,https://opendata.transport.nsw.gov.au/data/dataset/be1c4de4-4517-4bd0-8a09-2965ddfc7179/resource/7bbb6461-e52d-4fe7-ace4-a15c30198de0/download/ev_20251216.csv,2026-09-06 00:51:11.506072+00:00
l_e8f4fc54a6e0e5f0cfeb,r_5a1b1cf87ba78578ac42,896,AC,22.0,22.0,single,22 kW,data/raw/ev_20251216.csv,https://opendata.transport.nsw.gov.au/data/dataset/be1c4de4-4517-4bd0-8a09-2965ddfc7179/resource/7bbb6461-e52d-4fe7-ace4-a15c30198de0/download/ev_20251216.csv,2026-09-06 00:51:11.506072+00:00
l_084aacf9897d74ef9103,r_8398f4821c9e6ed5defa,897,AC,6.0,6.0,single,6 kW,data/raw/ev_20251216.csv,https://opendata.transport.nsw.gov.au/data/dataset/be1c4de4-4517-4bd0-8a09-2965ddfc7179/resource/7bbb6461-e52d-4fe7-ace4-a15c30198de0/download/ev_20251216.csv,2026-09-06 00:51:11.506072+00:00
l_925803a5a105558d35a5,r_fdbda16d71b9993d2390,898,AC,22.0,22.0,single,22 kW,data/raw/ev_20251216.csv,https://opendata.transport.nsw.gov.au/data/dataset/be1c4de4-4517-4bd0-8a09-2965ddfc7179/resource/7bbb6461-e52d-4fe7-ace4-a15c30198de0/download/ev_20251216.csv,2026-09-06 00:51:11.506072+00:00
l_1793b634e9ada07d9c41,r_6add0fc5c9c4dc6051ef,899,AC,11.0,11.0,single,11 kW,data/raw/ev_20251216.csv,https://opendata.transport.nsw.gov.au/data/dataset/be1c4de4-4517-4bd0-8a09-2965ddfc7179/resource/7bbb6461-e52d-4fe7-ace4-a15c30198de0/download/ev_20251216.csv,2026-09-06 00:51:11.506072+00:00
l_7db26718bcad6ce8bf53,r_5faa993644cf2671fd4f,900,DC,400.0,400.0,single,400 kW,data/raw/ev_20251216.csv,https://opendata.transport.nsw.gov.au/data/dataset/be1c4de4-4517-4bd0-8a09-2965ddfc7179/resource/7bbb6461-e52d-4fe7-ace4-a15c30198de0/download/ev_20251216.csv,2026-09-06 00:51:11.506072+00:00
l_cd09c129e92e28e81d61,r_87c0b143fec46b1b293a,901,AC,6.0,6.0,single,6 kW,data/raw/ev_20251216.csv,https://opendata.transport.nsw.gov.au/data/dataset/be1c4de4-4517-4bd0-8a09-2965ddfc7179/resource/7bbb6461-e52d-4fe7-ace4-a15c30198de0/download/ev_20251216.csv,2026-09-06 00:51:11.506072+00:00
l_0d57ca9ad72a2d2259be,r_cb3243ed40a7274a091c,902,AC,22.0,22.0,single,22 kW,data/raw/ev_20251216.csv,https://opendata.transport.nsw.gov.au/data/dataset/be1c4de4-4517-4bd0-8a09-2965ddfc7179/resource/7bbb6461-e52d-4fe7-ace4-a15c30198de0/download/ev_20251216.csv,2026-09-06 00:51:11.506072+00:00
l_22d2886e38dc2fa074fd,r_00cdc7ad1e0d9e671590,903,AC,22.0,22.0,single,22 kW,data/raw/ev_20251216.csv,https://opendata.transport.nsw.gov.au/data/dataset/be1c4de4-4517-4bd0-8a09-2965ddfc7179/resource/7bbb6461-e52d-4fe7-ace4-a15c30198de0/download/ev_20251216.csv,2026-09-06 00:51:11.506072+00:00
l_344081795f73e481638c,r_bd2fb64b390571e29795,904,AC,22.0,22.0,single,22 kW,data/raw/ev_20251216.csv,https://opendata.transport.nsw.gov.au/data/dataset/be1c4de4-4517-4bd0-8a09-2965ddfc7179/resource/7bbb6461-e52d-4fe7-ace4-a15c30198de0/download/ev_20251216.csv,2026-09-06 00:51:11.506072+00:00
l_e926b96286a519747b25,r_6a298e5fc70bbf1ebcfa,905,AC,6.0,6.0,single,6 kW,data/raw/ev_20251216.csv,https://opendata.transport.nsw.gov.au/data/dataset/be1c4de4-4517-4bd0-8a09-2965ddfc7179/resource/7bbb6461-e52d-4fe7-ace4-a15c30198de0/download/ev_20251216.csv,2026-09-06 00:51:11.506072+00:00
l_948baf6352bf603393f7,r_ce78d20d79e651152408,906,AC,6.0,6.0,single,6 kW,data/raw/ev_20251216.csv,https://opendata.transport.nsw.gov.au/data/dataset/be1c4de4-4517-4bd0-8a09-2965ddfc7179/resource/7bbb6461-e52d-4fe7-ace4-a15c30198de0/download/ev_20251216.csv,2026-09-06 00:51:11.506072+00:00
l_9148f44c9d3bb1786ae5,r_d2f123cedba214e5e5e4,907,AC,22.0,22.0,single,22 kW,data/raw/ev_20251216.csv,https://opendata.transport.nsw.gov.au/data/dataset/be1c4de4-4517-4bd0-8a09-2965ddfc7179/resource/7bbb6461-e52d-4fe7-ace4-a15c30198de0/download/ev_20251216.csv,2026-09-06 00:51:11.506072+00:00
l_864ca36a72274eb6755f,r_2032abad98e53faae149,908,AC,22.0,22.0,single,22 kW,data/raw/ev_20251216.csv,https://opendata.transport.nsw.gov.au/data/dataset/be1c4de4-4517-4bd0-8a09-2965ddfc7179/resource/7bbb6461-e52d-4fe7-ace4-a15c30198de0/download/ev_20251216.csv,2026-09-06 00:51:11.506072+00:00
l_ca1a30937624edb54e79,r_b58df835d6ded594bf9f,909,AC,11.0,11.0,single,11 kW,data/raw/ev_20251216.csv,https://opendata.transport.nsw.gov.au/data/dataset/be1c4de4-4517-4bd0-8a09-2965ddfc7179/resource/7bbb6461-e52d-4fe7-ace4-a15c30198de0/download/ev_20251216.csv,2026-09-06 00:51:11.506072+00:00
l_bdddd26944f9730bfdc5,r_f85a041c08381de5e8f3,910,AC,22.0,22.0,single,22 kW,data/raw/ev_20251216.csv,https://opendata.transport.nsw.gov.au/data/dataset/be1c4de4-4517-4bd0-8a09-2965ddfc7179/resource/7bbb6461-e52d-4fe7-ace4-a15c30198de0/download/ev_20251216.csv,2026-09-06 00:51:11.506072+00:00
l_bc48e5356bc48752d739,r_a7d07e56b3ad8ce11cfb,911,DC,50.0,50.0,single,50 kW,data/raw/ev_20251216.csv,https://opendata.transport.nsw.gov.au/data/dataset/be1c4de4-4517-4bd0-8a09-2965ddfc7179/resource/7bbb6461-e52d-4fe7-ace4-a15c30198de0/download/ev_20251216.csv,2026-09-06 00:51:11.506072+00:00
l_b1e8a840aac16b6192e4,r_062fbf912cf5f7d0e8a0,912,AC,6.0,6.0,single,6 kW,data/raw/ev_20251216.csv,https://opendata.transport.nsw.gov.au/data/dataset/be1c4de4-4517-4bd0-8a09-2965ddfc7179/resource/7bbb6461-e52d-4fe7-ace4-a15c30198de0/download/ev_20251216.csv,2026-09-06 00:51:11.506072+00:00
l_e8302269ef400c00661a,r_a68320a14755a18888b8,913,AC,22.0,22.0,single,22 kW,data/raw/ev_20251216.csv,https://opendata.transport.nsw.gov.au/data/dataset/be1c4de4-4517-4bd0-8a09-2965ddfc7179/resource/7bbb6461-e52d-4fe7-ace4-a15c30198de0/download/ev_20251216.csv,2026-09-06 00:51:11.506072+00:00
l_54be1dd0d0c2c775ae6a,r_102ec6da2c014badb517,914,AC,6.0,6.0,single,6 kW,data/raw/ev_20251216.csv,https://opendata.transport.nsw.gov.au/data/dataset/be1c4de4-4517-4bd0-8a09-2965ddfc7179/resource/7bbb6461-e52d-4fe7-ace4-a15c30198de0/download/ev_20251216.csv,2026-09-06 00:51:11.506072+00:00
l_791c871f8cd8c6cb0214,r_1af7a6b417c3f570ad49,915,AC,22.0,22.0,single,22 kW,data/raw/ev_20251216.csv,https://opendata.transport.nsw.gov.au/data/dataset/be1c4de4-4517-4bd0-8a09-2965ddfc7179/resource/7bbb6461-e52d-4fe7-ace4-a15c30198de0/download/ev_20251216.csv,2026-09-06 00:51:11.506072+00:00
l_828c50ea7a5f58a7b7d8,r_99c0f84e2a27895ea102,916,DC,50.0,50.0,single,50 kW,data/raw/ev_20251216.csv,https://opendata.transport.nsw.gov.au/data/dataset/be1c4de4-4517-4bd0-8a09-2965ddfc7179/resource/7bbb6461-e52d-4fe7-ace4-a15c30198de0/download/ev_20251216.csv,2026-09-06 00:51:11.506072+00:00
l_b7ab3847cc3e20ba8d6e,r_a8d549592b4172f0fe21,917,AC,22.0,22.0,single,22 kW,data/raw/ev_20251216.csv,https://opendata.transport.nsw.gov.au/data/dataset/be1c4de4-4517-4bd0-8a09-2965ddfc7179/resource/7bbb6461-e52d-4fe7-ace4-a15c30198de0/download/ev_20251216.csv,2026-09-06 00:51:11.506072+00:00
l_ae8414370c21e9d1a591,r_1b8c5edb72ec07127969,918,DC,150.0,150.0,single,150 kW,data/raw/ev_20251216.csv,https://opendata.transport.nsw.gov.au/data/dataset/be1c4de4-4517-4bd0-8a09-2965ddfc7179/resource/7bbb6461-e52d-4fe7-ace4-a15c30198de0/download/ev_20251216.csv,2026-09-06 00:51:11.506072+00:00
l_2ba6c9ec7c0fff4bf689,r_5d3259649df9314e9436,919,DC,150.0,150.0,single,150 kW,data/raw/ev_20251216.csv,https://opendata.transport.nsw.gov.au/data/dataset/be1c4de4-4517-4bd0-8a09-2965ddfc7179/resource/7bbb6461-e52d-4fe7-ace4-a15c30198de0/download/ev_20251216.csv,2026-09-06 00:51:11.506072+00:00
l_c86eee654e576c9d2c72,r_bf812a7868e2f3469eed,920,DC,200.0,200.0,single,200 kW,data/raw/ev_20251216.csv,https://opendata.transport.nsw.gov.au/data/dataset/be1c4de4-4517-4bd0-8a09-2965ddfc7179/resource/7bbb6461-e52d-4fe7-ace4-a15c30198de0/download/ev_20251216.csv,2026-09-06 00:51:11.506072+00:00
l_869e6e5a871eb2c09267,r_8396d5fae0e689e64524,921,AC,11.0,11.0,single,11 kW,data/raw/ev_20251216.csv,https://opendata.transport.nsw.gov.au/data/dataset/be1c4de4-4517-4bd0-8a09-2965ddfc7179/resource/7bbb6461-e52d-4fe7-ace4-a15c30198de0/download/ev_20251216.csv,2026-09-06 00:51:11.506072+00:00
l_4daecd0397a35fc0048a,r_285c8a72e6f02195db86,922,DC,25.0,25.0,single,25 kW,data/raw/ev_20251216.csv,https://opendata.transport.nsw.gov.au/data/dataset/be1c4de4-4517-4bd0-8a09-2965ddfc7179/resource/7bbb6461-e52d-4fe7-ace4-a15c30198de0/download/ev_20251216.csv,2026-09-06 00:51:11.506072+00:00
l_0674a4af4096847b94ea,r_6c8c7addf1a65f0fe929,923,AC,22.0,22.0,single,22 kW,data/raw/ev_20251216.csv,https://opendata.transport.nsw.gov.au/data/dataset/be1c4de4-4517-4bd0-8a09-2965ddfc7179/resource/7bbb6461-e52d-4fe7-ace4-a15c30198de0/download/ev_20251216.csv,2026-09-06 00:51:11.506072+00:00
l_ba79e588b579d676c3b6,r_5756e15afeede3f4635e,924,AC,22.0,22.0,single,22 kW,data/raw/ev_20251216.csv,https://opendata.transport.nsw.gov.au/data/dataset/be1c4de4-4517-4bd0-8a09-2965ddfc7179/resource/7bbb6461-e52d-4fe7-ace4-a15c30198de0/download/ev_20251216.csv,2026-09-06 00:51:11.506072+00:00
l_0381f7fb2767fcd561f6,r_260e3d7ae94ca11f6d9b,925,DC,120.0,120.0,single,120 kW,data/raw/ev_20251216.csv,https://opendata.transport.nsw.gov.au/data/dataset/be1c4de4-4517-4bd0-8a09-2965ddfc7179/resource/7bbb6461-e52d-4fe7-ace4-a15c30198de0/download/ev_20251216.csv,2026-09-06 00:51:11.506072+00:00
l_fbbf87865be94e353b1e,r_affe0bc0c20f87710fa3,926,AC,22.0,22.0,single,22 kW,data/raw/ev_20251216.csv,https://opendata.transport.nsw.gov.au/data/dataset/be1c4de4-4517-4bd0-8a09-2965ddfc7179/resource/7bbb6461-e52d-4fe7-ace4-a15c30198de0/download/ev_20251216.csv,2026-09-06 00:51:11.506072+00:00
l_e8bbf337bf47d35e6221,r_d0df2431d571ae358fd7,927,DC,125.0,125.0,single,125 kW,data/raw/ev_20251216.csv,https://opendata.transport.nsw.gov.au/data/dataset/be1c4de4-4517-4bd0-8a09-2965ddfc7179/resource/7bbb6461-e52d-4fe7-ace4-a15c30198de0/download/ev_20251216.csv,2026-09-06 00:51:11.506072+00:00
l_749d8c0cc4c947ffdc97,r_bb7e13fd94732fa074be,928,DC,270.0,270.0,single,270 kW,data/raw/ev_20251216.csv,https://opendata.transport.nsw.gov.au/data/dataset/be1c4de4-4517-4bd0-8a09-2965ddfc7179/resource/7bbb6461-e52d-4fe7-ace4-a15c30198de0/download/ev_20251216.csv,2026-09-06 00:51:11.506072+00:00
l_a7d11396ec58cb710c38,r_66796337993cb60e254f,929,DC,60.0,60.0,single,60 kW,data/raw/ev_20251216.csv,https://opendata.transport.nsw.gov.au/data/dataset/be1c4de4-4517-4bd0-8a09-2965ddfc7179/resource/7bbb6461-e52d-4fe7-ace4-a15c30198de0/download/ev_20251216.csv,2026-09-06 00:51:11.506072+00:00
l_a2a03a1ddf37874d0119,r_23979d9cbcaef19fa93e,930,DC,25.0,25.0,single,25 kW,data/raw/ev_20251216.csv,https://opendata.transport.nsw.gov.au/data/dataset/be1c4de4-4517-4bd0-8a09-2965ddfc7179/resource/7bbb6461-e52d-4fe7-ace4-a15c30198de0/download/ev_20251216.csv,2026-09-06 00:51:11.506072+00:00
l_3a1879a3bfbf0fe504ac,r_e925aa8af15f978ddae8,931,AC,22.0,22.0,single,22 kW,data/raw/ev_20251216.csv,https://opendata.transport.nsw.gov.au/data/dataset/be1c4de4-4517-4bd0-8a09-2965ddfc7179/resource/7bbb6461-e52d-4fe7-ace4-a15c30198de0/download/ev_20251216.csv,2026-09-06 00:51:11.506072+00:00
l_8f58931cf945392bd70e,r_3dc5962e81a89f4bf9ff,932,DC,25.0,25.0,single,25 kW,data/raw/ev_20251216.csv,https://opendata.transport.nsw.gov.au/data/dataset/be1c4de4-4517-4bd0-8a09-2965ddfc7179/resource/7bbb6461-e52d-4fe7-ace4-a15c30198de0/download/ev_20251216.csv,2026-09-06 00:51:11.506072+00:00
l_52980b7c8f66f02c17dc,r_962034ea270d96ca45e8,933,DC,75.0,75.0,single,75 kW,data/raw/ev_20251216.csv,https://opendata.transport.nsw.gov.au/data/dataset/be1c4de4-4517-4bd0-8a09-2965ddfc7179/resource/7bbb6461-e52d-4fe7-ace4-a15c30198de0/download/ev_20251216.csv,2026-09-06 00:51:11.506072+00:00
l_48d871063b483c35a2f0,r_d974a7e3b46e52338466,934,AC,6.0,6.0,single,6 kW,data/raw/ev_20251216.csv,https://opendata.transport.nsw.gov.au/data/dataset/be1c4de4-4517-4bd0-8a09-2965ddfc7179/resource/7bbb6461-e52d-4fe7-ace4-a15c30198de0/download/ev_20251216.csv,2026-09-06 00:51:11.506072+00:00
l_8b8fc53043f30288e8e5,r_dcfe308e6da5fdf0ddcc,935,DC,60.0,60.0,single,60 kW,data/raw/ev_20251216.csv,https://opendata.transport.nsw.gov.au/data/dataset/be1c4de4-4517-4bd0-8a09-2965ddfc7179/resource/7bbb6461-e52d-4fe7-ace4-a15c30198de0/download/ev_20251216.csv,2026-09-06 00:51:11.506072+00:00
l_96a9a93c467fa06afe41,r_ea8b7c0c84cd2829b58f,936,AC,11.0,11.0,single,11 kW,data/raw/ev_20251216.csv,https://opendata.transport.nsw.gov.au/data/dataset/be1c4de4-4517-4bd0-8a09-2965ddfc7179/resource/7bbb6461-e52d-4fe7-ace4-a15c30198de0/download/ev_20251216.csv,2026-09-06 00:51:11.506072+00:00
l_89e7bb12912d228537b2,r_681ef6def250932a2eea,937,AC,22.0,22.0,single,22 kW,data/raw/ev_20251216.csv,https://opendata.transport.nsw.gov.au/data/dataset/be1c4de4-4517-4bd0-8a09-2965ddfc7179/resource/7bbb6461-e52d-4fe7-ace4-a15c30198de0/download/ev_20251216.csv,2026-09-06 00:51:11.506072+00:00
l_dc2f0f2e62ef181a9d09,r_2a8576f4eb90e368fcd1,938,AC,22.0,22.0,single,22 kW,data/raw/ev_20251216.csv,https://opendata.transport.nsw.gov.au/data/dataset/be1c4de4-4517-4bd0-8a09-2965ddfc7179/resource/7bbb6461-e52d-4fe7-ace4-a15c30198de0/download/ev_20251216.csv,2026-09-06 00:51:11.506072+00:00
l_2b7abbfc1277536bcba1,r_c649c160eb1424735e3a,939,DC,50.0,50.0,single,50 kW,data/raw/ev_20251216.csv,https://opendata.transport.nsw.gov.au/data/dataset/be1c4de4-4517-4bd0-8a09-2965ddfc7179/resource/7bbb6461-e52d-4fe7-ace4-a15c30198de0/download/ev_20251216.csv,2026-09-06 00:51:11.506072+00:00
l_e20ace84f62a039524a2,r_df0d6b12d6e6b5eab6d5,940,AC,6.0,6.0,single,6 kW,data/raw/ev_20251216.csv,https://opendata.transport.nsw.gov.au/data/dataset/be1c4de4-4517-4bd0-8a09-2965ddfc7179/resource/7bbb6461-e52d-4fe7-ace4-a15c30198de0/download/ev_20251216.csv,2026-09-06 00:51:11.506072+00:00
l_8cb464c9c30fb563f647,r_dcffd372edd59af83749,941,AC,6.0,6.0,single,6 kW,data/raw/ev_20251216.csv,https://opendata.transport.nsw.gov.au/data/dataset/be1c4de4-4517-4bd0-8a09-2965ddfc7179/resource/7bbb6461-e52d-4fe7-ace4-a15c30198de0/download/ev_20251216.csv,2026-09-06 00:51:11.506072+00:00
l_3c8cd224ed080f1aa289,r_0668628b7135cbc29576,942,AC,22.0,22.0,single,22 kW,data/raw/ev_20251216.csv,https://opendata.transport.nsw.gov.au/data/dataset/be1c4de4-4517-4bd0-8a09-2965ddfc7179/resource/7bbb6461-e52d-4fe7-ace4-a15c30198de0/download/ev_20251216.csv,2026-09-06 00:51:11.506072+00:00
l_c3b89a1652e2312b50e4,r_fe5e3b565ed340988314,943,AC,22.0,22.0,single,22 kW,data/raw/ev_20251216.csv,https://opendata.transport.nsw.gov.au/data/dataset/be1c4de4-4517-4bd0-8a09-2965ddfc7179/resource/7bbb6461-e52d-4fe7-ace4-a15c30198de0/download/ev_20251216.csv,2026-09-06 00:51:11.506072+00:00
l_23a291542d287073b9fa,r_1596dc16f23d62770cd2,944,DC,50.0,50.0,single,50 kW,data/raw/ev_20251216.csv,https://opendata.transport.nsw.gov.au/data/dataset/be1c4de4-4517-4bd0-8a09-2965ddfc7179/resource/7bbb6461-e52d-4fe7-ace4-a15c30198de0/download/ev_20251216.csv,2026-09-06 00:51:11.506072+00:00
l_6a57a5d7c7f2f78daf1e,r_a2baf750cc44bcd3585b,945,AC,7.0,7.0,single,7 kW,data/raw/ev_20251216.csv,https://opendata.transport.nsw.gov.au/data/dataset/be1c4de4-4517-4bd0-8a09-2965ddfc7179/resource/7bbb6461-e52d-4fe7-ace4-a15c30198de0/download/ev_20251216.csv,2026-09-06 00:51:11.506072+00:00
l_441632168889d2424f4a,r_5efc8b1d37e17881e53b,946,AC,6.0,6.0,single,6 kW,data/raw/ev_20251216.csv,https://opendata.transport.nsw.gov.au/data/dataset/be1c4de4-4517-4bd0-8a09-2965ddfc7179/resource/7bbb6461-e52d-4fe7-ace4-a15c30198de0/download/ev_20251216.csv,2026-09-06 00:51:11.506072+00:00
l_bad37c5230a82b6f4b4c,r_51d03eb0cbd345f15b42,947,DC,50.0,50.0,single,50 kW,data/raw/ev_20251216.csv,https://opendata.transport.nsw.gov.au/data/dataset/be1c4de4-4517-4bd0-8a09-2965ddfc7179/resource/7bbb6461-e52d-4fe7-ace4-a15c30198de0/download/ev_20251216.csv,2026-09-06 00:51:11.506072+00:00
l_0df753d1b53086db050d,r_6945441f83be71e4b840,948,DC,25.0,25.0,single,25 kW,data/raw/ev_20251216.csv,https://opendata.transport.nsw.gov.au/data/dataset/be1c4de4-4517-4bd0-8a09-2965ddfc7179/resource/7bbb6461-e52d-4fe7-ace4-a15c30198de0/download/ev_20251216.csv,2026-09-06 00:51:11.506072+00:00
l_76d1a586b32fa4cd40fa,r_471c8f1929b47a963a88,949,AC,3.0,3.0,single,3 kW,data/raw/ev_20251216.csv,https://opendata.transport.nsw.gov.au/data/dataset/be1c4de4-4517-4bd0-8a09-2965ddfc7179/resource/7bbb6461-e52d-4fe7-ace4-a15c30198de0/download/ev_20251216.csv,2026-09-06 00:51:11.506072+00:00
l_453a37b25d2065310d3b,r_eccf8d890e5180d0efdc,950,AC,11.0,11.0,single,11 kW,data/raw/ev_20251216.csv,https://opendata.transport.nsw.gov.au/data/dataset/be1c4de4-4517-4bd0-8a09-2965ddfc7179/resource/7bbb6461-e52d-4fe7-ace4-a15c30198de0/download/ev_20251216.csv,2026-09-06 00:51:11.506072+00:00
l_c728a9b6243f7d2e1e0e,r_3695c5b8fda9469fc457,951,AC,22.0,22.0,single,22 kW,data/raw/ev_20251216.csv,https://opendata.transport.nsw.gov.au/data/dataset/be1c4de4-4517-4bd0-8a09-2965ddfc7179/resource/7bbb6461-e52d-4fe7-ace4-a15c30198de0/download/ev_20251216.csv,2026-09-06 00:51:11.506072+00:00
l_420ca068eca2fb5b0437,r_317c82bbc7dc68208032,952,AC,6.0,6.0,single,6 kW,data/raw/ev_20251216.csv,https://opendata.transport.nsw.gov.au/data/dataset/be1c4de4-4517-4bd0-8a09-2965ddfc7179/resource/7bbb6461-e52d-4fe7-ace4-a15c30198de0/download/ev_20251216.csv,2026-09-06 00:51:11.506072+00:00
l_98af0b98434bdf876e53,r_9a8e0228c4fec837ccdc,953,DC,50.0,50.0,single,50 kW,data/raw/ev_20251216.csv,https://opendata.transport.nsw.gov.au/data/dataset/be1c4de4-4517-4bd0-8a09-2965ddfc7179/resource/7bbb6461-e52d-4fe7-ace4-a15c30198de0/download/ev_20251216.csv,2026-09-06 00:51:11.506072+00:00
l_a20bc0147ac67ab3461b,r_6417db785dd42aacd35d,954,DC,60.0,60.0,single,60 kW,data/raw/ev_20251216.csv,https://opendata.transport.nsw.gov.au/data/dataset/be1c4de4-4517-4bd0-8a09-2965ddfc7179/resource/7bbb6461-e52d-4fe7-ace4-a15c30198de0/download/ev_20251216.csv,2026-09-06 00:51:11.506072+00:00
l_07c8e1fedef617b1e41f,r_da5ad437a0af289f7a55,955,DC,125.0,125.0,single,125 kW,data/raw/ev_20251216.csv,https://opendata.transport.nsw.gov.au/data/dataset/be1c4de4-4517-4bd0-8a09-2965ddfc7179/resource/7bbb6461-e52d-4fe7-ace4-a15c30198de0/download/ev_20251216.csv,2026-09-06 00:51:11.506072+00:00
l_a3d8a2a0aa5efec25839,r_4a1ff1bb4413b75bd478,956,DC,50.0,50.0,single,50 kW,data/raw/ev_20251216.csv,https://opendata.transport.nsw.gov.au/data/dataset/be1c4de4-4517-4bd0-8a09-2965ddfc7179/resource/7bbb6461-e52d-4fe7-ace4-a15c30198de0/download/ev_20251216.csv,2026-09-06 00:51:11.506072+00:00
l_bc77e5f6c4c60359b971,r_eaf42e4a1317dca5b845,957,AC,22.0,22.0,single,22 kW,data/raw/ev_20251216.csv,https://opendata.transport.nsw.gov.au/data/dataset/be1c4de4-4517-4bd0-8a09-2965ddfc7179/resource/7bbb6461-e52d-4fe7-ace4-a15c30198de0/download/ev_20251216.csv,2026-09-06 00:51:11.506072+00:00
l_8d38ec12e9993a3deec1,r_db275f0b3f26d39a42d5,958,AC,22.0,22.0,single,22 kW,data/raw/ev_20251216.csv,https://opendata.transport.nsw.gov.au/data/dataset/be1c4de4-4517-4bd0-8a09-2965ddfc7179/resource/7bbb6461-e52d-4fe7-ace4-a15c30198de0/download/ev_20251216.csv,2026-09-06 00:51:11.506072+00:00
l_489934c39ded9fc39c17,r_50accc056e7a68be9019,959,AC,11.0,11.0,single,11 kW,data/raw/ev_20251216.csv,https://opendata.transport.nsw.gov.au/data/dataset/be1c4de4-4517-4bd0-8a09-2965ddfc7179/resource/7bbb6461-e52d-4fe7-ace4-a15c30198de0/download/ev_20251216.csv,2026-09-06 00:51:11.506072+00:00
l_342f228d276725e07657,r_78412a51e49edd1a5557,960,DC,50.0,50.0,single,50 kW,data/raw/ev_20251216.csv,https://opendata.transport.nsw.gov.au/data/dataset/be1c4de4-4517-4bd0-8a09-2965ddfc7179/resource/7bbb6461-e52d-4fe7-ace4-a15c30198de0/download/ev_20251216.csv,2026-09-06 00:51:11.506072+00:00
l_735a16aa26926d7826fa,r_0655be1dc5cbdad09582,961,DC,25.0,25.0,single,25 kW,data/raw/ev_20251216.csv,https://opendata.transport.nsw.gov.au/data/dataset/be1c4de4-4517-4bd0-8a09-2965ddfc7179/resource/7bbb6461-e52d-4fe7-ace4-a15c30198de0/download/ev_20251216.csv,2026-09-06 00:51:11.506072+00:00
l_aa4b4d09b4f43305fbb3,r_6cfcc3d045a48b0c17a2,962,DC,24.0,24.0,single,24 kW,data/raw/ev_20251216.csv,https://opendata.transport.nsw.gov.au/data/dataset/be1c4de4-4517-4bd0-8a09-2965ddfc7179/resource/7bbb6461-e52d-4fe7-ace4-a15c30198de0/download/ev_20251216.csv,2026-09-06 00:51:11.506072+00:00
l_657e7772f1f2446826a4,r_b669ac8be0a9caf0c81a,963,AC,22.0,22.0,single,22 kW,data/raw/ev_20251216.csv,https://opendata.transport.nsw.gov.au/data/dataset/be1c4de4-4517-4bd0-8a09-2965ddfc7179/resource/7bbb6461-e52d-4fe7-ace4-a15c30198de0/download/ev_20251216.csv,2026-09-06 00:51:11.506072+00:00
l_548bac8c840538cbf6f0,r_9c5ef5b74c94d2ac6991,964,AC,22.0,22.0,single,22 kW,data/raw/ev_20251216.csv,https://opendata.transport.nsw.gov.au/data/dataset/be1c4de4-4517-4bd0-8a09-2965ddfc7179/resource/7bbb6461-e52d-4fe7-ace4-a15c30198de0/download/ev_20251216.csv,2026-09-06 00:51:11.506072+00:00
l_86ec5c8fc42b347d31f7,r_28652ff2b58274910169,965,AC,22.0,22.0,single,22 kW,data/raw/ev_20251216.csv,https://opendata.transport.nsw.gov.au/data/dataset/be1c4de4-4517-4bd0-8a09-2965ddfc7179/resource/7bbb6461-e52d-4fe7-ace4-a15c30198de0/download/ev_20251216.csv,2026-09-06 00:51:11.506072+00:00
l_8e584a3e5126339dad7f,r_892445f143a5d97dec9c,966,AC,22.0,22.0,single,22 kW,data/raw/ev_20251216.csv,https://opendata.transport.nsw.gov.au/data/dataset/be1c4de4-4517-4bd0-8a09-2965ddfc7179/resource/7bbb6461-e52d-4fe7-ace4-a15c30198de0/download/ev_20251216.csv,2026-09-06 00:51:11.506072+00:00
l_9fd963f0f216b551f05f,r_db895ea3dddab94b5b27,967,AC,6.0,6.0,single,6 kW,data/raw/ev_20251216.csv,https://opendata.transport.nsw.gov.au/data/dataset/be1c4de4-4517-4bd0-8a09-2965ddfc7179/resource/7bbb6461-e52d-4fe7-ace4-a15c30198de0/download/ev_20251216.csv,2026-09-06 00:51:11.506072+00:00
l_3e0729db1fd2785e8ae8,r_23c925027b441eed2c3d,968,AC,22.0,22.0,single,22 kW,data/raw/ev_20251216.csv,https://opendata.transport.nsw.gov.au/data/dataset/be1c4de4-4517-4bd0-8a09-2965ddfc7179/resource/7bbb6461-e52d-4fe7-ace4-a15c30198de0/download/ev_20251216.csv,2026-09-06 00:51:11.506072+00:00
l_5fd65ab2685cf3a0f3a9,r_855b91b43f1581f6991d,969,DC,175.0,175.0,single,175 kW,data/raw/ev_20251216.csv,https://opendata.transport.nsw.gov.au/data/dataset/be1c4de4-4517-4bd0-8a09-2965ddfc7179/resource/7bbb6461-e52d-4fe7-ace4-a15c30198de0/download/ev_20251216.csv,2026-09-06 00:51:11.506072+00:00
l_07daca70382507ea7502,r_e21599589a776d6078a6,970,DC,120.0,120.0,single,120 kW,data/raw/ev_20251216.csv,https://opendata.transport.nsw.gov.au/data/dataset/be1c4de4-4517-4bd0-8a09-2965ddfc7179/resource/7bbb6461-e52d-4fe7-ace4-a15c30198de0/download/ev_20251216.csv,2026-09-06 00:51:11.506072+00:00
l_ed0df2fad12f7a17f5cb,r_5855dbf4113f70572c2c,971,DC,75.0,75.0,single,75 kW,data/raw/ev_20251216.csv,https://opendata.transport.nsw.gov.au/data/dataset/be1c4de4-4517-4bd0-8a09-2965ddfc7179/resource/7bbb6461-e52d-4fe7-ace4-a15c30198de0/download/ev_20251216.csv,2026-09-06 00:51:11.506072+00:00
l_c5bee75a2dcafb8ddfd9,r_0b4152f2df403b6985b8,972,AC,22.0,22.0,single,22 kW,data/raw/ev_20251216.csv,https://opendata.transport.nsw.gov.au/data/dataset/be1c4de4-4517-4bd0-8a09-2965ddfc7179/resource/7bbb6461-e52d-4fe7-ace4-a15c30198de0/download/ev_20251216.csv,2026-09-06 00:51:11.506072+00:00
l_1bb0e6da9a5f954b43b0,r_e8a1c9e0912b288c126a,973,DC,50.0,50.0,single,50 kW,data/raw/ev_20251216.csv,https://opendata.transport.nsw.gov.au/data/dataset/be1c4de4-4517-4bd0-8a09-2965ddfc7179/resource/7bbb6461-e52d-4fe7-ace4-a15c30198de0/download/ev_20251216.csv,2026-09-06 00:51:11.506072+00:00
l_11153482c70c743667e2,r_8558244bc4c63f715158,974,AC,11.0,11.0,single,11 kW,data/raw/ev_20251216.csv,https://opendata.transport.nsw.gov.au/data/dataset/be1c4de4-4517-4bd0-8a09-2965ddfc7179/resource/7bbb6461-e52d-4fe7-ace4-a15c30198de0/download/ev_20251216.csv,2026-09-06 00:51:11.506072+00:00
l_11a62538f07076be4260,r_1c8b5351d81dd5b1e774,975,DC,50.0,50.0,single,50 kW,data/raw/ev_20251216.csv,https://opendata.transport.nsw.gov.au/data/dataset/be1c4de4-4517-4bd0-8a09-2965ddfc7179/resource/7bbb6461-e52d-4fe7-ace4-a15c30198de0/download/ev_20251216.csv,2026-09-06 00:51:11.506072+00:00
l_f3de993021435cf66317,r_57a36681e27f828af826,976,DC,240.0,240.0,single,240 kW,data/raw/ev_20251216.csv,https://opendata.transport.nsw.gov.au/data/dataset/be1c4de4-4517-4bd0-8a09-2965ddfc7179/resource/7bbb6461-e52d-4fe7-ace4-a15c30198de0/download/ev_20251216.csv,2026-09-06 00:51:11.506072+00:00
l_81f63ead85ad719be04b,r_34ed4ccf904aa7d9c99f,977,DC,75.0,75.0,single,75 kW,data/raw/ev_20251216.csv,https://opendata.transport.nsw.gov.au/data/dataset/be1c4de4-4517-4bd0-8a09-2965ddfc7179/resource/7bbb6461-e52d-4fe7-ace4-a15c30198de0/download/ev_20251216.csv,2026-09-06 00:51:11.506072+00:00
l_9725f8739754cc2e95f6,r_caf0b094e09bc3895e15,978,DC,50.0,50.0,single,50 kW,data/raw/ev_20251216.csv,https://opendata.transport.nsw.gov.au/data/dataset/be1c4de4-4517-4bd0-8a09-2965ddfc7179/resource/7bbb6461-e52d-4fe7-ace4-a15c30198de0/download/ev_20251216.csv,2026-09-06 00:51:11.506072+00:00
l_43c1cc3cf5af4c94f586,r_ae4d9c1783339379eb8d,979,AC,11.0,11.0,single,11 kW,data/raw/ev_20251216.csv,https://opendata.transport.nsw.gov.au/data/dataset/be1c4de4-4517-4bd0-8a09-2965ddfc7179/resource/7bbb6461-e52d-4fe7-ace4-a15c30198de0/download/ev_20251216.csv,2026-09-06 00:51:11.506072+00:00
l_3e875a721540f3243515,r_b376ceed38b4ab24d4a2,980,AC,22.0,22.0,single,22 kW,data/raw/ev_20251216.csv,https://opendata.transport.nsw.gov.au/data/dataset/be1c4de4-4517-4bd0-8a09-2965ddfc7179/resource/7bbb6461-e52d-4fe7-ace4-a15c30198de0/download/ev_20251216.csv,2026-09-06 00:51:11.506072+00:00
l_78442ed7458f1f3ea314,r_2e8c16f5869815773880,981,DC,75.0,75.0,single,75 kW,data/raw/ev_20251216.csv,https://opendata.transport.nsw.gov.au/data/dataset/be1c4de4-4517-4bd0-8a09-2965ddfc7179/resource/7bbb6461-e52d-4fe7-ace4-a15c30198de0/download/ev_20251216.csv,2026-09-06 00:51:11.506072+00:00
l_fd99883d1dcf07170aab,r_fc7ef4e50e161ed689f0,985,UPCOMING,175.0,350.0,multiple,2x350kW & 2x175kW,data/raw/ev_20251216.csv,https://opendata.transport.nsw.gov.au/data/dataset/be1c4de4-4517-4bd0-8a09-2965ddfc7179/resource/7bbb6461-e52d-4fe7-ace4-a15c30198de0/download/ev_20251216.csv,2026-09-06 00:51:11.506072+00:00
l_2108fffb243ef682b037,r_ac2a5f384ddbb4b18b4a,986,UPCOMING,175.0,350.0,multiple,2x350kW & 2x175kW,data/raw/ev_20251216.csv,https://opendata.transport.nsw.gov.au/data/dataset/be1c4de4-4517-4bd0-8a09-2965ddfc7179/resource/7bbb6461-e52d-4fe7-ace4-a15c30198de0/download/ev_20251216.csv,2026-09-06 00:51:11.506072+00:00
l_6a8925b746e56760a8ae,r_d93e3dd4ffe3e969341c,987,UPCOMING,175.0,350.0,multiple,2x350kW & 2x175kW,data/raw/ev_20251216.csv,https://opendata.transport.nsw.gov.au/data/dataset/be1c4de4-4517-4bd0-8a09-2965ddfc7179/resource/7bbb6461-e52d-4fe7-ace4-a15c30198de0/download/ev_20251216.csv,2026-09-06 00:51:11.506072+00:00
l_d36ddb171388aafdf744,r_b8563b76e3ca91956e4d,988,UPCOMING,175.0,350.0,multiple,2x350kW & 2x175kW,data/raw/ev_20251216.csv,https://opendata.transport.nsw.gov.au/data/dataset/be1c4de4-4517-4bd0-8a09-2965ddfc7179/resource/7bbb6461-e52d-4fe7-ace4-a15c30198de0/download/ev_20251216.csv,2026-09-06 00:51:11.506072+00:00
l_2b03ccf55fa763e2df3a,r_99b4dba924b080d7b41b,989,UPCOMING,175.0,350.0,multiple,2x350kW & 6x175kW,data/raw/ev_20251216.csv,https://opendata.transport.nsw.gov.au/data/dataset/be1c4de4-4517-4bd0-8a09-2965ddfc7179/resource/7bbb6461-e52d-4fe7-ace4-a15c30198de0/download/ev_20251216.csv,2026-09-06 00:51:11.506072+00:00
l_3a9b8d523cfa4da15d42,r_8fb83a8159369e9113c4,990,UPCOMING,175.0,350.0,multiple,2x350kW & 2x175kW,data/raw/ev_20251216.csv,https://opendata.transport.nsw.gov.au/data/dataset/be1c4de4-4517-4bd0-8a09-2965ddfc7179/resource/7bbb6461-e52d-4fe7-ace4-a15c30198de0/download/ev_20251216.csv,2026-09-06 00:51:11.506072+00:00
l_b72be71b60579e75bfd1,r_078ca90d7274dbbf788b,991,UPCOMING,175.0,350.0,multiple,2x350kW & 2x175kW,data/raw/ev_20251216.csv,https://opendata.transport.nsw.gov.au/data/dataset/be1c4de4-4517-4bd0-8a09-2965ddfc7179/resource/7bbb6461-e52d-4fe7-ace4-a15c30198de0/download/ev_20251216.csv,2026-09-06 00:51:11.506072+00:00
l_b499386711792d61095d,r_325cd8f23f5a114345ff,992,UPCOMING,175.0,350.0,multiple,2x350kW & 2x175kW,data/raw/ev_20251216.csv,https://opendata.transport.nsw.gov.au/data/dataset/be1c4de4-4517-4bd0-8a09-2965ddfc7179/resource/7bbb6461-e52d-4fe7-ace4-a15c30198de0/download/ev_20251216.csv,2026-09-06 00:51:11.506072+00:00
l_a858f1b71c60f5026aaf,r_51a1153afce26a5ac6f4,993,UPCOMING,175.0,350.0,multiple,2x350kW & 6x175kW,data/raw/ev_20251216.csv,https://opendata.transport.nsw.gov.au/data/dataset/be1c4de4-4517-4bd0-8a09-2965ddfc7179/resource/7bbb6461-e52d-4fe7-ace4-a15c30198de0/download/ev_20251216.csv,2026-09-06 00:51:11.506072+00:00
l_0a56b6c926c71f2769e6,r_56245c314ccf086fbbe2,994,UPCOMING,175.0,350.0,multiple,2x350kW & 6x175kW,data/raw/ev_20251216.csv,https://opendata.transport.nsw.gov.au/data/dataset/be1c4de4-4517-4bd0-8a09-2965ddfc7179/resource/7bbb6461-e52d-4fe7-ace4-a15c30198de0/download/ev_20251216.csv,2026-09-06 00:51:11.506072+00:00
l_20839aab0c28ab136705,r_915b54a74cbf82bdbf6f,995,UPCOMING,175.0,350.0,multiple,2x350kW & 2x175kW,data/raw/ev_20251216.csv,https://opendata.transport.nsw.gov.au/data/dataset/be1c4de4-4517-4bd0-8a09-2965ddfc7179/resource/7bbb6461-e52d-4fe7-ace4-a15c30198de0/download/ev_20251216.csv,2026-09-06 00:51:11.506072+00:00
l_39fdd34f0e74f24decaa,r_6309812a6e0fc6ba4d18,996,UPCOMING,175.0,350.0,multiple,2x350kW & 2x175kW,data/raw/ev_20251216.csv,https://opendata.transport.nsw.gov.au/data/dataset/be1c4de4-4517-4bd0-8a09-2965ddfc7179/resource/7bbb6461-e52d-4fe7-ace4-a15c30198de0/download/ev_20251216.csv,2026-09-06 00:51:11.506072+00:00
l_94f45c62fc3065340c1e,r_5a0476e7f521e2ca0329,997,UPCOMING,175.0,350.0,multiple,2x350kW & 2x175kW,data/raw/ev_20251216.csv,https://opendata.transport.nsw.gov.au/data/dataset/be1c4de4-4517-4bd0-8a09-2965ddfc7179/resource/7bbb6461-e52d-4fe7-ace4-a15c30198de0/download/ev_20251216.csv,2026-09-06 00:51:11.506072+00:00
l_f2ca627f6f92c2e495e9,r_87dbf5e477f5273c5010,998,UPCOMING,175.0,350.0,multiple,2x350kW & 2x175kW,data/raw/ev_20251216.csv,https://opendata.transport.nsw.gov.au/data/dataset/be1c4de4-4517-4bd0-8a09-2965ddfc7179/resource/7bbb6461-e52d-4fe7-ace4-a15c30198de0/download/ev_20251216.csv,2026-09-06 00:51:11.506072+00:00
l_d174aa0c1262a90d144c,r_a98bdc75d29c698c61d3,999,UPCOMING,175.0,350.0,multiple,2x350kW & 2x175kW,data/raw/ev_20251216.csv,https://opendata.transport.nsw.gov.au/data/dataset/be1c4de4-4517-4bd0-8a09-2965ddfc7179/resource/7bbb6461-e52d-4fe7-ace4-a15c30198de0/download/ev_20251216.csv,2026-09-06 00:51:11.506072+00:00
l_33ac2c3793b8a7758e99,r_3a97e82907762706f94f,1000,UPCOMING,175.0,350.0,multiple,2x350kW & 2x175kW,data/raw/ev_20251216.csv,https://opendata.transport.nsw.gov.au/data/dataset/be1c4de4-4517-4bd0-8a09-2965ddfc7179/resource/7bbb6461-e52d-4fe7-ace4-a15c30198de0/download/ev_20251216.csv,2026-09-06 00:51:11.506072+00:00
l_6a677dbac073aaf411a9,r_e7d46739f863a9bb7d21,1001,AC,22.0,22.0,single,22,data/raw/ev_20251216.csv,https://opendata.transport.nsw.gov.au/data/dataset/be1c4de4-4517-4bd0-8a09-2965ddfc7179/resource/7bbb6461-e52d-4fe7-ace4-a15c30198de0/download/ev_20251216.csv,2026-09-06 00:51:11.506072+00:00
l_3ce338d79dde894053bd,r_0bd01ace96bb23066ef8,1002,UPCOMING,175.0,350.0,multiple,2x350kW & 2x175kW,data/raw/ev_20251216.csv,https://opendata.transport.nsw.gov.au/data/dataset/be1c4de4-4517-4bd0-8a09-2965ddfc7179/resource/7bbb6461-e52d-4fe7-ace4-a15c30198de0/download/ev_20251216.csv,2026-09-06 00:51:11.506072+00:00
l_38fb9fefa34a42615a13,r_726e4fce2f87678ff760,1003,UPCOMING,175.0,350.0,multiple,2x350kW & 2x175kW,data/raw/ev_20251216.csv,https://opendata.transport.nsw.gov.au/data/dataset/be1c4de4-4517-4bd0-8a09-2965ddfc7179/resource/7bbb6461-e52d-4fe7-ace4-a15c30198de0/download/ev_20251216.csv,2026-09-06 00:51:11.506072+00:00
l_2fc28e1cd919ffaea977,r_acefa8487f17a3768608,1004,UPCOMING,175.0,350.0,multiple,2x350kW & 2x175kW,data/raw/ev_20251216.csv,https://opendata.transport.nsw.gov.au/data/dataset/be1c4de4-4517-4bd0-8a09-2965ddfc7179/resource/7bbb6461-e52d-4fe7-ace4-a15c30198de0/download/ev_20251216.csv,2026-09-06 00:51:11.506072+00:00
l_1be2cc01224a0c4b68c0,r_271ed2feb50854d97bd0,1005,UPCOMING,175.0,350.0,multiple,2x350kW & 2x175kW,data/raw/ev_20251216.csv,https://opendata.transport.nsw.gov.au/data/dataset/be1c4de4-4517-4bd0-8a09-2965ddfc7179/resource/7bbb6461-e52d-4fe7-ace4-a15c30198de0/download/ev_20251216.csv,2026-09-06 00:51:11.506072+00:00
l_00a4b89e493a7b7e5f68,r_9dab31b2d2b2a71c9a8c,1006,UPCOMING,175.0,350.0,multiple,2x350kW & 2x175kW,data/raw/ev_20251216.csv,https://opendata.transport.nsw.gov.au/data/dataset/be1c4de4-4517-4bd0-8a09-2965ddfc7179/resource/7bbb6461-e52d-4fe7-ace4-a15c30198de0/download/ev_20251216.csv,2026-09-06 00:51:11.506072+00:00
l_99c3060f98356e22d96f,r_674ed5fedb105f8ac332,1007,UPCOMING,175.0,350.0,multiple,2x350kW & 6x175kW,data/raw/ev_20251216.csv,https://opendata.transport.nsw.gov.au/data/dataset/be1c4de4-4517-4bd0-8a09-2965ddfc7179/resource/7bbb6461-e52d-4fe7-ace4-a15c30198de0/download/ev_20251216.csv,2026-09-06 00:51:11.506072+00:00
l_a6690500ed1a630e0386,r_ba1614ded9d4a03f98f6,1008,UPCOMING,175.0,350.0,multiple,2x350kW & 2x175kW,data/raw/ev_20251216.csv,https://opendata.transport.nsw.gov.au/data/dataset/be1c4de4-4517-4bd0-8a09-2965ddfc7179/resource/7bbb6461-e52d-4fe7-ace4-a15c30198de0/download/ev_20251216.csv,2026-09-06 00:51:11.506072+00:00
l_838b7c57e8aa191f45c9,r_1472dd550367227ecb67,1009,UPCOMING,175.0,350.0,multiple,2x350kW & 2x175kW,data/raw/ev_20251216.csv,https://opendata.transport.nsw.gov.au/data/dataset/be1c4de4-4517-4bd0-8a09-2965ddfc7179/resource/7bbb6461-e52d-4fe7-ace4-a15c30198de0/download/ev_20251216.csv,2026-09-06 00:51:11.506072+00:00
l_12b2a63113939274795c,r_247bcf15be048d827549,1010,UPCOMING,175.0,350.0,multiple,2x350kW & 2x175kW,data/raw/ev_20251216.csv,https://opendata.transport.nsw.gov.au/data/dataset/be1c4de4-4517-4bd0-8a09-2965ddfc7179/resource/7bbb6461-e52d-4fe7-ace4-a15c30198de0/download/ev_20251216.csv,2026-09-06 00:51:11.506072+00:00
l_b8d14cb60a7df0d57d5c,r_d140a4035910fc791965,1011,UPCOMING,175.0,350.0,multiple,2x350kW & 2x175kW,data/raw/ev_20251216.csv,https://opendata.transport.nsw.gov.au/data/dataset/be1c4de4-4517-4bd0-8a09-2965ddfc7179/resource/7bbb6461-e52d-4fe7-ace4-a15c30198de0/download/ev_20251216.csv,2026-09-06 00:51:11.506072+00:00
l_35b94af5266b77903bbd,r_0496ddcfff0b44cf2383,1012,AC,22.0,22.0,single,22,data/raw/ev_20251216.csv,https://opendata.transport.nsw.gov.au/data/dataset/be1c4de4-4517-4bd0-8a09-2965ddfc7179/resource/7bbb6461-e52d-4fe7-ace4-a15c30198de0/download/ev_20251216.csv,2026-09-06 00:51:11.506072+00:00
l_034b809e86c94d0d2f46,r_8443ee9fb83b7f3f43c5,1013,UPCOMING,175.0,350.0,multiple,2x350kW & 2x175kW,data/raw/ev_20251216.csv,https://opendata.transport.nsw.gov.au/data/dataset/be1c4de4-4517-4bd0-8a09-2965ddfc7179/resource/7bbb6461-e52d-4fe7-ace4-a15c30198de0/download/ev_20251216.csv,2026-09-06 00:51:11.506072+00:00
l_ef561983cf1feb3d9e14,r_9ab2c5783058e466d051,1014,UPCOMING,175.0,350.0,multiple,2x350kW & 2x175kW,data/raw/ev_20251216.csv,https://opendata.transport.nsw.gov.au/data/dataset/be1c4de4-4517-4bd0-8a09-2965ddfc7179/resource/7bbb6461-e52d-4fe7-ace4-a15c30198de0/download/ev_20251216.csv,2026-09-06 00:51:11.506072+00:00
l_a413baa9b49545b2a606,r_13421f67e734edffc150,1015,UPCOMING,175.0,350.0,multiple,2x350kW & 2x175kW,data/raw/ev_20251216.csv,https://opendata.transport.nsw.gov.au/data/dataset/be1c4de4-4517-4bd0-8a09-2965ddfc7179/resource/7bbb6461-e52d-4fe7-ace4-a15c30198de0/download/ev_20251216.csv,2026-09-06 00:51:11.506072+00:00
l_1c4a94370c24e06d1112,r_1e85702d362f8a77d801,1016,UPCOMING,175.0,350.0,multiple,2x350kW & 2x175kW,data/raw/ev_20251216.csv,https://opendata.transport.nsw.gov.au/data/dataset/be1c4de4-4517-4bd0-8a09-2965ddfc7179/resource/7bbb6461-e52d-4fe7-ace4-a15c30198de0/download/ev_20251216.csv,2026-09-06 00:51:11.506072+00:00
l_a2ff8a280974268771b4,r_9cc08a49095abfad7252,1017,UPCOMING,175.0,350.0,multiple,2x350kW & 2x175kW,data/raw/ev_20251216.csv,https://opendata.transport.nsw.gov.au/data/dataset/be1c4de4-4517-4bd0-8a09-2965ddfc7179/resource/7bbb6461-e52d-4fe7-ace4-a15c30198de0/download/ev_20251216.csv,2026-09-06 00:51:11.506072+00:00
l_0fae8bd47833563576e6,r_4352a43b1819fbc10167,1018,UPCOMING,175.0,350.0,multiple,2x350kW & 2x175kW,data/raw/ev_20251216.csv,https://opendata.transport.nsw.gov.au/data/dataset/be1c4de4-4517-4bd0-8a09-2965ddfc7179/resource/7bbb6461-e52d-4fe7-ace4-a15c30198de0/download/ev_20251216.csv,2026-09-06 00:51:11.506072+00:00
l_f9382ca44ec6afa09efe,r_90f628c4317fb0f0b784,1019,UPCOMING,175.0,350.0,multiple,2x350kW & 2x175kW,data/raw/ev_20251216.csv,https://opendata.transport.nsw.gov.au/data/dataset/be1c4de4-4517-4bd0-8a09-2965ddfc7179/resource/7bbb6461-e52d-4fe7-ace4-a15c30198de0/download/ev_20251216.csv,2026-09-06 00:51:11.506072+00:00
l_c5a11cb962cb5aff5d92,r_d92d354693b2853a49ea,1020,AC,7.0,7.0,single,7,data/raw/ev_20251216.csv,https://opendata.transport.nsw.gov.au/data/dataset/be1c4de4-4517-4bd0-8a09-2965ddfc7179/resource/7bbb6461-e52d-4fe7-ace4-a15c30198de0/download/ev_20251216.csv,2026-09-06 00:51:11.506072+00:00
l_392ff8b809c3db48b272,r_eaa5817c40c14c1bc6c7,1021,UPCOMING,175.0,350.0,multiple,2x350kW & 6x175kW,data/raw/ev_20251216.csv,https://opendata.transport.nsw.gov.au/data/dataset/be1c4de4-4517-4bd0-8a09-2965ddfc7179/resource/7bbb6461-e52d-4fe7-ace4-a15c30198de0/download/ev_20251216.csv,2026-09-06 00:51:11.506072+00:00
l_76e507a6bb917ed4c21d,r_b0f411ea142b768c8e4a,1022,UPCOMING,175.0,350.0,multiple,2x350kW & 2x175kW,data/raw/ev_20251216.csv,https://opendata.transport.nsw.gov.au/data/dataset/be1c4de4-4517-4bd0-8a09-2965ddfc7179/resource/7bbb6461-e52d-4fe7-ace4-a15c30198de0/download/ev_20251216.csv,2026-09-06 00:51:11.506072+00:00
l_27d327cccf6d65740111,r_7e5ff26461b0a371633d,1023,UPCOMING,175.0,350.0,multiple,2x350kW & 2x175kW,data/raw/ev_20251216.csv,https://opendata.transport.nsw.gov.au/data/dataset/be1c4de4-4517-4bd0-8a09-2965ddfc7179/resource/7bbb6461-e52d-4fe7-ace4-a15c30198de0/download/ev_20251216.csv,2026-09-06 00:51:11.506072+00:00
l_ca72b8271f8a8be8c309,r_ae2ab00114101867702e,1024,UPCOMING,175.0,350.0,multiple,2x350kW & 2x175kW,data/raw/ev_20251216.csv,https://opendata.transport.nsw.gov.au/data/dataset/be1c4de4-4517-4bd0-8a09-2965ddfc7179/resource/7bbb6461-e52d-4fe7-ace4-a15c30198de0/download/ev_20251216.csv,2026-09-06 00:51:11.506072+00:00
l_ba1fda80beb376d60fae,r_d4a217b299b6736c08de,1025,UPCOMING,175.0,350.0,multiple,2x350kW & 2x175kW,data/raw/ev_20251216.csv,https://opendata.transport.nsw.gov.au/data/dataset/be1c4de4-4517-4bd0-8a09-2965ddfc7179/resource/7bbb6461-e52d-4fe7-ace4-a15c30198de0/download/ev_20251216.csv,2026-09-06 00:51:11.506072+00:00
l_958984e098eae4b40964,r_2cccc4f5f3ae89ec21d6,1026,UPCOMING,22.0,22.0,single,22,data/raw/ev_20251216.csv,https://opendata.transport.nsw.gov.au/data/dataset/be1c4de4-4517-4bd0-8a09-2965ddfc7179/resource/7bbb6461-e52d-4fe7-ace4-a15c30198de0/download/ev_20251216.csv,2026-09-06 00:51:11.506072+00:00
l_4b008425308777a803d9,r_6a2ae8bf501769cec970,1027,UPCOMING,175.0,350.0,multiple,2x350kW & 2x175kW,data/raw/ev_20251216.csv,https://opendata.transport.nsw.gov.au/data/dataset/be1c4de4-4517-4bd0-8a09-2965ddfc7179/resource/7bbb6461-e52d-4fe7-ace4-a15c30198de0/download/ev_20251216.csv,2026-09-06 00:51:11.506072+00:00
l_cb16ac7539944c019413,r_d6b7264d49f6fac62c0f,1028,UPCOMING,175.0,350.0,multiple,2x350kW & 2x175kW,data/raw/ev_20251216.csv,https://opendata.transport.nsw.gov.au/data/dataset/be1c4de4-4517-4bd0-8a09-2965ddfc7179/resource/7bbb6461-e52d-4fe7-ace4-a15c30198de0/download/ev_20251216.csv,2026-09-06 00:51:11.506072+00:00
l_defd6413f416b79df233,r_7ba4af49de14547f514e,1029,UPCOMING,175.0,350.0,multiple,2x350kW & 2x175kW,data/raw/ev_20251216.csv,https://opendata.transport.nsw.gov.au/data/dataset/be1c4de4-4517-4bd0-8a09-2965ddfc7179/resource/7bbb6461-e52d-4fe7-ace4-a15c30198de0/download/ev_20251216.csv,2026-09-06 00:51:11.506072+00:00
l_ac758e7e1d32ec6e1a5f,r_589d201212f382fff474,1030,UPCOMING,175.0,350.0,multiple,2x350kW & 2x175kW,data/raw/ev_20251216.csv,https://opendata.transport.nsw.gov.au/data/dataset/be1c4de4-4517-4bd0-8a09-2965ddfc7179/resource/7bbb6461-e52d-4fe7-ace4-a15c30198de0/download/ev_20251216.csv,2026-09-06 00:51:11.506072+00:00
l_b305629587038a7bf931,r_284bc792af8d64d87e53,1031,UPCOMING,175.0,350.0,multiple,2x350kW & 2x175kW,data/raw/ev_20251216.csv,https://opendata.transport.nsw.gov.au/data/dataset/be1c4de4-4517-4bd0-8a09-2965ddfc7179/resource/7bbb6461-e52d-4fe7-ace4-a15c30198de0/download/ev_20251216.csv,2026-09-06 00:51:11.506072+00:00
l_3b333a42780dd662c71d,r_e969898a32d625600cc6,1032,UPCOMING,175.0,350.0,multiple,2x350kW & 6x175kW,data/raw/ev_20251216.csv,https://opendata.transport.nsw.gov.au/data/dataset/be1c4de4-4517-4bd0-8a09-2965ddfc7179/resource/7bbb6461-e52d-4fe7-ace4-a15c30198de0/download/ev_20251216.csv,2026-09-06 00:51:11.506072+00:00
l_7c30e8299a32c81c6f2c,r_58a5566544ef1a70edae,1033,UPCOMING,175.0,350.0,multiple,2x350kW & 2x175kW,data/raw/ev_20251216.csv,https://opendata.transport.nsw.gov.au/data/dataset/be1c4de4-4517-4bd0-8a09-2965ddfc7179/resource/7bbb6461-e52d-4fe7-ace4-a15c30198de0/download/ev_20251216.csv,2026-09-06 00:51:11.506072+00:00
l_a593cd051d3bb599919b,r_0d3cedf556def41c7cc1,1034,UPCOMING,175.0,350.0,multiple,2x350kW & 2x175kW,data/raw/ev_20251216.csv,https://opendata.transport.nsw.gov.au/data/dataset/be1c4de4-4517-4bd0-8a09-2965ddfc7179/resource/7bbb6461-e52d-4fe7-ace4-a15c30198de0/download/ev_20251216.csv,2026-09-06 00:51:11.506072+00:00
l_a3520d525b4e50f97a3d,r_2dce8e44dd9e2f61edde,1035,AC,22.0,22.0,single,22,data/raw/ev_20251216.csv,https://opendata.transport.nsw.gov.au/data/dataset/be1c4de4-4517-4bd0-8a09-2965ddfc7179/resource/7bbb6461-e52d-4fe7-ace4-a15c30198de0/download/ev_20251216.csv,2026-09-06 00:51:11.506072+00:00
l_bfdc1d955b7bc681318d,r_7a22bc958c524c4cb495,1036,UPCOMING,175.0,350.0,multiple,2x350kW & 2x175kW,data/raw/ev_20251216.csv,https://opendata.transport.nsw.gov.au/data/dataset/be1c4de4-4517-4bd0-8a09-2965ddfc7179/resource/7bbb6461-e52d-4fe7-ace4-a15c30198de0/download/ev_20251216.csv,2026-09-06 00:51:11.506072+00:00
l_0f5e70eb56b6faeab877,r_587a321c9b68f80526da,1037,DC,50.0,50.0,single,50,data/raw/ev_20251216.csv,https://opendata.transport.nsw.gov.au/data/dataset/be1c4de4-4517-4bd0-8a09-2965ddfc7179/resource/7bbb6461-e52d-4fe7-ace4-a15c30198de0/download/ev_20251216.csv,2026-09-06 00:51:11.506072+00:00
l_0b6179f063ab127126c4,r_9d2b07f3e641ea26d425,1038,UPCOMING,175.0,350.0,multiple,2x350kW & 6x175kW,data/raw/ev_20251216.csv,https://opendata.transport.nsw.gov.au/data/dataset/be1c4de4-4517-4bd0-8a09-2965ddfc7179/resource/7bbb6461-e52d-4fe7-ace4-a15c30198de0/download/ev_20251216.csv,2026-09-06 00:51:11.506072+00:00
l_6f81cdf1839df204be4e,r_b5d5b66a3b81773c08d8,1039,UPCOMING,175.0,350.0,multiple,2x350kW & 2x175kW,data/raw/ev_20251216.csv,https://opendata.transport.nsw.gov.au/data/dataset/be1c4de4-4517-4bd0-8a09-2965ddfc7179/resource/7bbb6461-e52d-4fe7-ace4-a15c30198de0/download/ev_20251216.csv,2026-09-06 00:51:11.506072+00:00
l_b3f3cf4f2933cf4fbaff,r_f0d6bbbdb817cc06debc,1040,UPCOMING,175.0,350.0,multiple,2x350kW & 2x175kW,data/raw/ev_20251216.csv,https://opendata.transport.nsw.gov.au/data/dataset/be1c4de4-4517-4bd0-8a09-2965ddfc7179/resource/7bbb6461-e52d-4fe7-ace4-a15c30198de0/download/ev_20251216.csv,2026-09-06 00:51:11.506072+00:00
l_a3a1edf3621aeff8f7df,r_f83d1eb261d99540fbf0,1041,UPCOMING,175.0,350.0,multiple,2x350kW & 2x175kW,data/raw/ev_20251216.csv,https://opendata.transport.nsw.gov.au/data/dataset/be1c4de4-4517-4bd0-8a09-2965ddfc7179/resource/7bbb6461-e52d-4fe7-ace4-a15c30198de0/download/ev_20251216.csv,2026-09-06 00:51:11.506072+00:00
l_961b2b4ba6577063907c,r_b9f923057db298d15820,1042,UPCOMING,175.0,350.0,multiple,2x350kW & 2x175kW,data/raw/ev_20251216.csv,https://opendata.transport.nsw.gov.au/data/dataset/be1c4de4-4517-4bd0-8a09-2965ddfc7179/resource/7bbb6461-e52d-4fe7-ace4-a15c30198de0/download/ev_20251216.csv,2026-09-06 00:51:11.506072+00:00
l_932a718a9a800e538d59,r_018a43997e843361636d,1043,UPCOMING,175.0,350.0,multiple,2x350kW & 2x175kW,data/raw/ev_20251216.csv,https://opendata.transport.nsw.gov.au/data/dataset/be1c4de4-4517-4bd0-8a09-2965ddfc7179/resource/7bbb6461-e52d-4fe7-ace4-a15c30198de0/download/ev_20251216.csv,2026-09-06 00:51:11.506072+00:00
l_c1b84dd9f2c38b37cda3,r_6a04610151f21be2f2c4,1044,UPCOMING,7.0,7.0,single,7,data/raw/ev_20251216.csv,https://opendata.transport.nsw.gov.au/data/dataset/be1c4de4-4517-4bd0-8a09-2965ddfc7179/resource/7bbb6461-e52d-4fe7-ace4-a15c30198de0/download/ev_20251216.csv,2026-09-06 00:51:11.506072+00:00
l_f4cb1c029b7a38f1d3c6,r_2eefd27f22cc11746498,1045,UPCOMING,175.0,350.0,multiple,2x350kW & 2x175kW,data/raw/ev_20251216.csv,https://opendata.transport.nsw.gov.au/data/dataset/be1c4de4-4517-4bd0-8a09-2965ddfc7179/resource/7bbb6461-e52d-4fe7-ace4-a15c30198de0/download/ev_20251216.csv,2026-09-06 00:51:11.506072+00:00
l_1db61b2f54ee32cb6cab,r_6962923ff761199f19bc,1046,UPCOMING,175.0,350.0,multiple,2x350kW & 2x175kW,data/raw/ev_20251216.csv,https://opendata.transport.nsw.gov.au/data/dataset/be1c4de4-4517-4bd0-8a09-2965ddfc7179/resource/7bbb6461-e52d-4fe7-ace4-a15c30198de0/download/ev_20251216.csv,2026-09-06 00:51:11.506072+00:00
l_54e1fb9b01b9c89aa8cf,r_6182a89f6de5884b084b,1047,UPCOMING,175.0,350.0,multiple,2x350kW & 2x175kW,data/raw/ev_20251216.csv,https://opendata.transport.nsw.gov.au/data/dataset/be1c4de4-4517-4bd0-8a09-2965ddfc7179/resource/7bbb6461-e52d-4fe7-ace4-a15c30198de0/download/ev_20251216.csv,2026-09-06 00:51:11.506072+00:00
l_e9bd123338ac93ae5479,r_66aa4dac6501587dfc57,1048,UPCOMING,175.0,350.0,multiple,2x350kW & 2x175kW,data/raw/ev_20251216.csv,https://opendata.transport.nsw.gov.au/data/dataset/be1c4de4-4517-4bd0-8a09-2965ddfc7179/resource/7bbb6461-e52d-4fe7-ace4-a15c30198de0/download/ev_20251216.csv,2026-09-06 00:51:11.506072+00:00
l_9af3d0a19bec187dbbd7,r_3bda40493d0fc9b78b34,1049,UPCOMING,175.0,350.0,multiple,2x350kW & 6x175kW,data/raw/ev_20251216.csv,https://opendata.transport.nsw.gov.au/data/dataset/be1c4de4-4517-4bd0-8a09-2965ddfc7179/resource/7bbb6461-e52d-4fe7-ace4-a15c30198de0/download/ev_20251216.csv,2026-09-06 00:51:11.506072+00:00
l_ef4240d6373167a88c66,r_c6c4e97a676db6a4c6a8,1050,UPCOMING,22.0,22.0,single,22,data/raw/ev_20251216.csv,https://opendata.transport.nsw.gov.au/data/dataset/be1c4de4-4517-4bd0-8a09-2965ddfc7179/resource/7bbb6461-e52d-4fe7-ace4-a15c30198de0/download/ev_20251216.csv,2026-09-06 00:51:11.506072+00:00
l_94c213ba9128e4d38d37,r_52ea3fb6a2eadf29e023,1051,DC,175.0,350.0,multiple,2x350kW & 2x175kW,data/raw/ev_20251216.csv,https://opendata.transport.nsw.gov.au/data/dataset/be1c4de4-4517-4bd0-8a09-2965ddfc7179/resource/7bbb6461-e52d-4fe7-ace4-a15c30198de0/download/ev_20251216.csv,2026-09-06 00:51:11.506072+00:00
l_7db6e9d4cc1e82ef8b21,r_ac60e64d6909cf215b34,1052,AC,22.0,22.0,single,22,data/raw/ev_20251216.csv,https://opendata.transport.nsw.gov.au/data/dataset/be1c4de4-4517-4bd0-8a09-2965ddfc7179/resource/7bbb6461-e52d-4fe7-ace4-a15c30198de0/download/ev_20251216.csv,2026-09-06 00:51:11.506072+00:00
l_2f1f11f3049fa8f79c1e,r_30a5175d617af43741b5,1053,UPCOMING,175.0,350.0,multiple,2x350kW & 6x175kW,data/raw/ev_20251216.csv,https://opendata.transport.nsw.gov.au/data/dataset/be1c4de4-4517-4bd0-8a09-2965ddfc7179/resource/7bbb6461-e52d-4fe7-ace4-a15c30198de0/download/ev_20251216.csv,2026-09-06 00:51:11.506072+00:00
l_ec8c2e9816a0882befc7,r_84469cbaa43ccdeb5f24,1054,UPCOMING,175.0,350.0,multiple,2x350kW & 2x175kW,data/raw/ev_20251216.csv,https://opendata.transport.nsw.gov.au/data/dataset/be1c4de4-4517-4bd0-8a09-2965ddfc7179/resource/7bbb6461-e52d-4fe7-ace4-a15c30198de0/download/ev_20251216.csv,2026-09-06 00:51:11.506072+00:00
l_bbb8e03be128ac5ad9b6,r_9b05bbe38e9e24e37565,1055,UPCOMING,175.0,350.0,multiple,2x350kW & 2x175kW,data/raw/ev_20251216.csv,https://opendata.transport.nsw.gov.au/data/dataset/be1c4de4-4517-4bd0-8a09-2965ddfc7179/resource/7bbb6461-e52d-4fe7-ace4-a15c30198de0/download/ev_20251216.csv,2026-09-06 00:51:11.506072+00:00
l_37b28e6900547e5c804a,r_e1904416d7d1887f2964,1056,UPCOMING,175.0,350.0,multiple,2x350kW & 2x175kW,data/raw/ev_20251216.csv,https://opendata.transport.nsw.gov.au/data/dataset/be1c4de4-4517-4bd0-8a09-2965ddfc7179/resource/7bbb6461-e52d-4fe7-ace4-a15c30198de0/download/ev_20251216.csv,2026-09-06 00:51:11.506072+00:00
l_f0b4b2a66dc524d8053a,r_55ef670c8ea350fcede3,1057,AC,22.0,22.0,single,22,data/raw/ev_20251216.csv,https://opendata.transport.nsw.gov.au/data/dataset/be1c4de4-4517-4bd0-8a09-2965ddfc7179/resource/7bbb6461-e52d-4fe7-ace4-a15c30198de0/download/ev_20251216.csv,2026-09-06 00:51:11.506072+00:00
l_951290f4725da3dd2373,r_e7994cb87a408ed7fedb,1058,UPCOMING,175.0,350.0,multiple,2x350kW & 2x175kW,data/raw/ev_20251216.csv,https://opendata.transport.nsw.gov.au/data/dataset/be1c4de4-4517-4bd0-8a09-2965ddfc7179/resource/7bbb6461-e52d-4fe7-ace4-a15c30198de0/download/ev_20251216.csv,2026-09-06 00:51:11.506072+00:00
l_2ecb3993fe78bfad7d61,r_333f4e1f8033075c8182,1059,UPCOMING,175.0,350.0,multiple,2x350kW & 2x175kW,data/raw/ev_20251216.csv,https://opendata.transport.nsw.gov.au/data/dataset/be1c4de4-4517-4bd0-8a09-2965ddfc7179/resource/7bbb6461-e52d-4fe7-ace4-a15c30198de0/download/ev_20251216.csv,2026-09-06 00:51:11.506072+00:00
l_eaca74bc0b3e11885ee6,r_2f4983818a648dcbc7b1,1060,UPCOMING,175.0,350.0,multiple,2x350kW & 2x175kW,data/raw/ev_20251216.csv,https://opendata.transport.nsw.gov.au/data/dataset/be1c4de4-4517-4bd0-8a09-2965ddfc7179/resource/7bbb6461-e52d-4fe7-ace4-a15c30198de0/download/ev_20251216.csv,2026-09-06 00:51:11.506072+00:00
l_b1fa41e78d8a7ed854ac,r_eb1f9bcd6c8a23ecd93c,1061,AC,22.0,22.0,single,22,data/raw/ev_20251216.csv,https://opendata.transport.nsw.gov.au/data/dataset/be1c4de4-4517-4bd0-8a09-2965ddfc7179/resource/7bbb6461-e52d-4fe7-ace4-a15c30198de0/download/ev_20251216.csv,2026-09-06 00:51:11.506072+00:00
l_b8cc8bdb1fd78a479df7,r_f18e2b9e6c0c88978b32,1062,UPCOMING,175.0,350.0,multiple,2x350kW & 2x175kW,data/raw/ev_20251216.csv,https://opendata.transport.nsw.gov.au/data/dataset/be1c4de4-4517-4bd0-8a09-2965ddfc7179/resource/7bbb6461-e52d-4fe7-ace4-a15c30198de0/download/ev_20251216.csv,2026-09-06 00:51:11.506072+00:00
l_0cafeeeeb1469022c784,r_266b98b985adbb7038c0,1063,DC,175.0,350.0,multiple,2x350kW & 2x175kW,data/raw/ev_20251216.csv,https://opendata.transport.nsw.gov.au/data/dataset/be1c4de4-4517-4bd0-8a09-2965ddfc7179/resource/7bbb6461-e52d-4fe7-ace4-a15c30198de0/download/ev_20251216.csv,2026-09-06 00:51:11.506072+00:00
l_f17827739877c6f720cb,r_514f9f81cfa98d69982c,1064,UPCOMING,175.0,350.0,multiple,2x350kW & 2x175kW,data/raw/ev_20251216.csv,https://opendata.transport.nsw.gov.au/data/dataset/be1c4de4-4517-4bd0-8a09-2965ddfc7179/resource/7bbb6461-e52d-4fe7-ace4-a15c30198de0/download/ev_20251216.csv,2026-09-06 00:51:11.506072+00:00
l_58842dbacc2b603f83df,r_753e0a01eb84d0eec78d,1065,UPCOMING,175.0,350.0,multiple,2x350kW & 2x175kW,data/raw/ev_20251216.csv,https://opendata.transport.nsw.gov.au/data/dataset/be1c4de4-4517-4bd0-8a09-2965ddfc7179/resource/7bbb6461-e52d-4fe7-ace4-a15c30198de0/download/ev_20251216.csv,2026-09-06 00:51:11.506072+00:00
l_5d53c530d9a2abf79826,r_ea0016e0314c77ad0e98,1066,AC,22.0,22.0,single,22,data/raw/ev_20251216.csv,https://opendata.transport.nsw.gov.au/data/dataset/be1c4de4-4517-4bd0-8a09-2965ddfc7179/resource/7bbb6461-e52d-4fe7-ace4-a15c30198de0/download/ev_20251216.csv,2026-09-06 00:51:11.506072+00:00
l_f3e545aac21e57e04af3,r_4774634567d0439a876b,1067,UPCOMING,175.0,350.0,multiple,2x350kW & 6x175kW,data/raw/ev_20251216.csv,https://opendata.transport.nsw.gov.au/data/dataset/be1c4de4-4517-4bd0-8a09-2965ddfc7179/resource/7bbb6461-e52d-4fe7-ace4-a15c30198de0/download/ev_20251216.csv,2026-09-06 00:51:11.506072+00:00
l_a3076e389ef32dbd4e11,r_8e7c1af4f0b525e4f811,1068,AC,7.0,7.0,single,7,data/raw/ev_20251216.csv,https://opendata.transport.nsw.gov.au/data/dataset/be1c4de4-4517-4bd0-8a09-2965ddfc7179/resource/7bbb6461-e52d-4fe7-ace4-a15c30198de0/download/ev_20251216.csv,2026-09-06 00:51:11.506072+00:00
l_f07f13525e27647ca6a6,r_4c5e09cc0249d2441efe,1069,UPCOMING,175.0,350.0,multiple,2x350kW & 2x175kW,data/raw/ev_20251216.csv,https://opendata.transport.nsw.gov.au/data/dataset/be1c4de4-4517-4bd0-8a09-2965ddfc7179/resource/7bbb6461-e52d-4fe7-ace4-a15c30198de0/download/ev_20251216.csv,2026-09-06 00:51:11.506072+00:00
l_d5004ed591c2ca448416,r_627bca3c39560aaf1e7e,1070,UPCOMING,175.0,350.0,multiple,2x350kW & 2x175kW,data/raw/ev_20251216.csv,https://opendata.transport.nsw.gov.au/data/dataset/be1c4de4-4517-4bd0-8a09-2965ddfc7179/resource/7bbb6461-e52d-4fe7-ace4-a15c30198de0/download/ev_20251216.csv,2026-09-06 00:51:11.506072+00:00
l_7d30355180351a2e417e,r_337076ba364ac79e97e8,1071,AC,22.0,22.0,single,22,data/raw/ev_20251216.csv,https://opendata.transport.nsw.gov.au/data/dataset/be1c4de4-4517-4bd0-8a09-2965ddfc7179/resource/7bbb6461-e52d-4fe7-ace4-a15c30198de0/download/ev_20251216.csv,2026-09-06 00:51:11.506072+00:00
l_dade24a00136b64808f9,r_d9411f46b3dbedb44f31,1072,UPCOMING,175.0,350.0,multiple,2x350kW & 2x175kW,data/raw/ev_20251216.csv,https://opendata.transport.nsw.gov.au/data/dataset/be1c4de4-4517-4bd0-8a09-2965ddfc7179/resource/7bbb6461-e52d-4fe7-ace4-a15c30198de0/download/ev_20251216.csv,2026-09-06 00:51:11.506072+00:00
l_f501bbe73f8c17af1d72,r_812857eedbbcfc37e72e,1073,UPCOMING,175.0,350.0,multiple,2x350kW & 2x175kW,data/raw/ev_20251216.csv,https://opendata.transport.nsw.gov.au/data/dataset/be1c4de4-4517-4bd0-8a09-2965ddfc7179/resource/7bbb6461-e52d-4fe7-ace4-a15c30198de0/download/ev_20251216.csv,2026-09-06 00:51:11.506072+00:00
l_36cb24993074ff5998aa,r_9a26e0c8f0f20f0fbe24,1074,UPCOMING,175.0,350.0,multiple,2x350kW & 2x175kW,data/raw/ev_20251216.csv,https://opendata.transport.nsw.gov.au/data/dataset/be1c4de4-4517-4bd0-8a09-2965ddfc7179/resource/7bbb6461-e52d-4fe7-ace4-a15c30198de0/download/ev_20251216.csv,2026-09-06 00:51:11.506072+00:00
l_1bb727ebd0d512d34daf,r_d4d0204724e911710f31,1075,AC,22.0,22.0,single,22,data/raw/ev_20251216.csv,https://opendata.transport.nsw.gov.au/data/dataset/be1c4de4-4517-4bd0-8a09-2965ddfc7179/resource/7bbb6461-e52d-4fe7-ace4-a15c30198de0/download/ev_20251216.csv,2026-09-06 00:51:11.506072+00:00
l_fb9c1fce6161a97f8fb1,r_ef2fa4859c7499527ba1,1076,AC,22.0,22.0,single,22,data/raw/ev_20251216.csv,https://opendata.transport.nsw.gov.au/data/dataset/be1c4de4-4517-4bd0-8a09-2965ddfc7179/resource/7bbb6461-e52d-4fe7-ace4-a15c30198de0/download/ev_20251216.csv,2026-09-06 00:51:11.506072+00:00
l_61f32a319bbc9b809bd6,r_f92ce15b72c57a57f94b,1077,DC,175.0,350.0,multiple,2x350kW & 2x175kW,data/raw/ev_20251216.csv,https://opendata.transport.nsw.gov.au/data/dataset/be1c4de4-4517-4bd0-8a09-2965ddfc7179/resource/7bbb6461-e52d-4fe7-ace4-a15c30198de0/download/ev_20251216.csv,2026-09-06 00:51:11.506072+00:00
l_072b36780b8903d0e68b,r_e21ed7146187996264a0,1078,AC,22.0,22.0,single,22,data/raw/ev_20251216.csv,https://opendata.transport.nsw.gov.au/data/dataset/be1c4de4-4517-4bd0-8a09-2965ddfc7179/resource/7bbb6461-e52d-4fe7-ace4-a15c30198de0/download/ev_20251216.csv,2026-09-06 00:51:11.506072+00:00
l_d047e387096a0af8412a,r_9e80821bb293ea53712e,1079,UPCOMING,175.0,350.0,multiple,2x350kW & 2x175kW,data/raw/ev_20251216.csv,https://opendata.transport.nsw.gov.au/data/dataset/be1c4de4-4517-4bd0-8a09-2965ddfc7179/resource/7bbb6461-e52d-4fe7-ace4-a15c30198de0/download/ev_20251216.csv,2026-09-06 00:51:11.506072+00:00
l_0caa5affa7ced7b6cd72,r_e1c3d44f9d3e807d120f,1080,UPCOMING,175.0,350.0,multiple,2x350kW & 6x175kW,data/raw/ev_20251216.csv,https://opendata.transport.nsw.gov.au/data/dataset/be1c4de4-4517-4bd0-8a09-2965ddfc7179/resource/7bbb6461-e52d-4fe7-ace4-a15c30198de0/download/ev_20251216.csv,2026-09-06 00:51:11.506072+00:00
l_44589c126adad6233ca8,r_bf70f33af48d4ff70df9,1081,UPCOMING,175.0,350.0,multiple,2x350kW & 2x175kW,data/raw/ev_20251216.csv,https://opendata.transport.nsw.gov.au/data/dataset/be1c4de4-4517-4bd0-8a09-2965ddfc7179/resource/7bbb6461-e52d-4fe7-ace4-a15c30198de0/download/ev_20251216.csv,2026-09-06 00:51:11.506072+00:00
l_ac66c7ec22107d6d0fa7,r_2794875ce0cd2b98e038,1082,UPCOMING,175.0,350.0,multiple,2x350kW & 2x175kW,data/raw/ev_20251216.csv,https://opendata.transport.nsw.gov.au/data/dataset/be1c4de4-4517-4bd0-8a09-2965ddfc7179/resource/7bbb6461-e52d-4fe7-ace4-a15c30198de0/download/ev_20251216.csv,2026-09-06 00:51:11.506072+00:00
l_e26d29f268c6bf4681aa,r_1127b01baba9b9fd0a4c,1083,UPCOMING,22.0,22.0,single,22,data/raw/ev_20251216.csv,https://opendata.transport.nsw.gov.au/data/dataset/be1c4de4-4517-4bd0-8a09-2965ddfc7179/resource/7bbb6461-e52d-4fe7-ace4-a15c30198de0/download/ev_20251216.csv,2026-09-06 00:51:11.506072+00:00
l_edaa1ff6d0470631ea5a,r_a3c86e455c5f729d2fc2,1084,UPCOMING,175.0,350.0,multiple,2x350kW & 2x175kW,data/raw/ev_20251216.csv,https://opendata.transport.nsw.gov.au/data/dataset/be1c4de4-4517-4bd0-8a09-2965ddfc7179/resource/7bbb6461-e52d-4fe7-ace4-a15c30198de0/download/ev_20251216.csv,2026-09-06 00:51:11.506072+00:00
l_732b9ecad22a0b149579,r_d163f0cf5fc2315db2ca,1085,UPCOMING,175.0,350.0,multiple,2x350kW & 2x175kW,data/raw/ev_20251216.csv,https://opendata.transport.nsw.gov.au/data/dataset/be1c4de4-4517-4bd0-8a09-2965ddfc7179/resource/7bbb6461-e52d-4fe7-ace4-a15c30198de0/download/ev_20251216.csv,2026-09-06 00:51:11.506072+00:00
l_51d68daf4e9789b06215,r_227080829ca894ae65f3,1086,UPCOMING,175.0,350.0,multiple,2x350kW & 2x175kW,data/raw/ev_20251216.csv,https://opendata.transport.nsw.gov.au/data/dataset/be1c4de4-4517-4bd0-8a09-2965ddfc7179/resource/7bbb6461-e52d-4fe7-ace4-a15c30198de0/download/ev_20251216.csv,2026-09-06 00:51:11.506072+00:00
l_175d88202efb0dc1aac8,r_e66d4074b67769feddae,1087,UPCOMING,175.0,350.0,multiple,2x350kW & 2x175kW,data/raw/ev_20251216.csv,https://opendata.transport.nsw.gov.au/data/dataset/be1c4de4-4517-4bd0-8a09-2965ddfc7179/resource/7bbb6461-e52d-4fe7-ace4-a15c30198de0/download/ev_20251216.csv,2026-09-06 00:51:11.506072+00:00
l_64a0cba3a8bda610eeed,r_ae49145695dbcec7c6e2,1088,DC,175.0,350.0,multiple,2x350kW & 2x175kW,data/raw/ev_20251216.csv,https://opendata.transport.nsw.gov.au/data/dataset/be1c4de4-4517-4bd0-8a09-2965ddfc7179/resource/7bbb6461-e52d-4fe7-ace4-a15c30198de0/download/ev_20251216.csv,2026-09-06 00:51:11.506072+00:00
l_dc8c8b12743a6196a5ec,r_c7a6da7fe2fbf26df92b,1089,AC,7.0,7.0,single,7,data/raw/ev_20251216.csv,https://opendata.transport.nsw.gov.au/data/dataset/be1c4de4-4517-4bd0-8a09-2965ddfc7179/resource/7bbb6461-e52d-4fe7-ace4-a15c30198de0/download/ev_20251216.csv,2026-09-06 00:51:11.506072+00:00
l_ef816b6b5395942c25c9,r_798e3fc8bcfc8188967e,1090,DC,175.0,350.0,multiple,2x350kW & 2x175kW,data/raw/ev_20251216.csv,https://opendata.transport.nsw.gov.au/data/dataset/be1c4de4-4517-4bd0-8a09-2965ddfc7179/resource/7bbb6461-e52d-4fe7-ace4-a15c30198de0/download/ev_20251216.csv,2026-09-06 00:51:11.506072+00:00
l_5de9de3bac2bf4ebe887,r_257381ae7e8f37727df6,1091,UPCOMING,175.0,350.0,multiple,2x350kW & 2x175kW,data/raw/ev_20251216.csv,https://opendata.transport.nsw.gov.au/data/dataset/be1c4de4-4517-4bd0-8a09-2965ddfc7179/resource/7bbb6461-e52d-4fe7-ace4-a15c30198de0/download/ev_20251216.csv,2026-09-06 00:51:11.506072+00:00
l_a671d905baec821a14cd,r_efdd3de1fce0aa41ccb8,1092,UPCOMING,175.0,350.0,multiple,2x350kW & 2x175kW,data/raw/ev_20251216.csv,https://opendata.transport.nsw.gov.au/data/dataset/be1c4de4-4517-4bd0-8a09-2965ddfc7179/resource/7bbb6461-e52d-4fe7-ace4-a15c30198de0/download/ev_20251216.csv,2026-09-06 00:51:11.506072+00:00
l_f558c269e230c74becd4,r_59effdea14f552831223,1093,UPCOMING,175.0,350.0,multiple,2x350kW & 2x175kW,data/raw/ev_20251216.csv,https://opendata.transport.nsw.gov.au/data/dataset/be1c4de4-4517-4bd0-8a09-2965ddfc7179/resource/7bbb6461-e52d-4fe7-ace4-a15c30198de0/download/ev_20251216.csv,2026-09-06 00:51:11.506072+00:00
l_09241b1be04ae6a25b5d,r_eb1484823f9e98be4ad8,1094,UPCOMING,175.0,350.0,multiple,2x350kW & 2x175kW,data/raw/ev_20251216.csv,https://opendata.transport.nsw.gov.au/data/dataset/be1c4de4-4517-4bd0-8a09-2965ddfc7179/resource/7bbb6461-e52d-4fe7-ace4-a15c30198de0/download/ev_20251216.csv,2026-09-06 00:51:11.506072+00:00
l_79fb09d7fc6724e4eea8,r_d4526808d2d8f183ceb6,1095,UPCOMING,175.0,350.0,multiple,2x350kW & 6x175kW,data/raw/ev_20251216.csv,https://opendata.transport.nsw.gov.au/data/dataset/be1c4de4-4517-4bd0-8a09-2965ddfc7179/resource/7bbb6461-e52d-4fe7-ace4-a15c30198de0/download/ev_20251216.csv,2026-09-06 00:51:11.506072+00:00
l_51fea3b417d7bc64b4bb,r_270cc0a8346de5a71300,1096,AC,7.0,7.0,single,7,data/raw/ev_20251216.csv,https://opendata.transport.nsw.gov.au/data/dataset/be1c4de4-4517-4bd0-8a09-2965ddfc7179/resource/7bbb6461-e52d-4fe7-ace4-a15c30198de0/download/ev_20251216.csv,2026-09-06 00:51:11.506072+00:00
l_b7c0edb55c51d2772ec4,r_8581fa614c8019c2abcb,1097,UPCOMING,175.0,350.0,multiple,2x350kW & 2x175kW,data/raw/ev_20251216.csv,https://opendata.transport.nsw.gov.au/data/dataset/be1c4de4-4517-4bd0-8a09-2965ddfc7179/resource/7bbb6461-e52d-4fe7-ace4-a15c30198de0/download/ev_20251216.csv,2026-09-06 00:51:11.506072+00:00
l_70dde87835324b1311cf,r_b136253dff0bb64b3af3,1098,UPCOMING,175.0,350.0,multiple,2x350kW & 2x175kW,data/raw/ev_20251216.csv,https://opendata.transport.nsw.gov.au/data/dataset/be1c4de4-4517-4bd0-8a09-2965ddfc7179/resource/7bbb6461-e52d-4fe7-ace4-a15c30198de0/download/ev_20251216.csv,2026-09-06 00:51:11.506072+00:00
l_db78b70e55e21e3bdf1f,r_9e475264f5b80a633591,1099,UPCOMING,175.0,350.0,multiple,2x350kW & 6x175kW,data/raw/ev_20251216.csv,https://opendata.transport.nsw.gov.au/data/dataset/be1c4de4-4517-4bd0-8a09-2965ddfc7179/resource/7bbb6461-e52d-4fe7-ace4-a15c30198de0/download/ev_20251216.csv,2026-09-06 00:51:11.506072+00:00
l_0a971edb6d3f39745795,r_986d36b1b342ee113c59,1100,UPCOMING,175.0,350.0,multiple,2x350kW & 2x175kW,data/raw/ev_20251216.csv,https://opendata.transport.nsw.gov.au/data/dataset/be1c4de4-4517-4bd0-8a09-2965ddfc7179/resource/7bbb6461-e52d-4fe7-ace4-a15c30198de0/download/ev_20251216.csv,2026-09-06 00:51:11.506072+00:00
l_f4a60bb0c0de260159fa,r_06080846773d95893141,1101,AC,22.0,22.0,single,22,data/raw/ev_20251216.csv,https://opendata.transport.nsw.gov.au/data/dataset/be1c4de4-4517-4bd0-8a09-2965ddfc7179/resource/7bbb6461-e52d-4fe7-ace4-a15c30198de0/download/ev_20251216.csv,2026-09-06 00:51:11.506072+00:00
l_2740d69801600a9e5c90,r_3aabddec18806609f2a3,1102,UPCOMING,175.0,350.0,multiple,2x350kW & 2x175kW,data/raw/ev_20251216.csv,https://opendata.transport.nsw.gov.au/data/dataset/be1c4de4-4517-4bd0-8a09-2965ddfc7179/resource/7bbb6461-e52d-4fe7-ace4-a15c30198de0/download/ev_20251216.csv,2026-09-06 00:51:11.506072+00:00
l_a1f0bf547ba1a1a2cee7,r_bd2c24ce723f312e6b9d,1103,AC,22.0,22.0,single,22,data/raw/ev_20251216.csv,https://opendata.transport.nsw.gov.au/data/dataset/be1c4de4-4517-4bd0-8a09-2965ddfc7179/resource/7bbb6461-e52d-4fe7-ace4-a15c30198de0/download/ev_20251216.csv,2026-09-06 00:51:11.506072+00:00
l_ef6fb828633ecd5827df,r_d816856db52dae1a80ba,1104,UPCOMING,175.0,350.0,multiple,2x350kW & 6x175kW,data/raw/ev_20251216.csv,https://opendata.transport.nsw.gov.au/data/dataset/be1c4de4-4517-4bd0-8a09-2965ddfc7179/resource/7bbb6461-e52d-4fe7-ace4-a15c30198de0/download/ev_20251216.csv,2026-09-06 00:51:11.506072+00:00
l_df54108a4c73beb53354,r_1128ff8c8b33cc58e26b,1105,UPCOMING,175.0,350.0,multiple,2x350kW & 2x175kW,data/raw/ev_20251216.csv,https://opendata.transport.nsw.gov.au/data/dataset/be1c4de4-4517-4bd0-8a09-2965ddfc7179/resource/7bbb6461-e52d-4fe7-ace4-a15c30198de0/download/ev_20251216.csv,2026-09-06 00:51:11.506072+00:00
l_802f743ec46618e9f6e3,r_1a64b5c84bae4ef1091e,1293,AC,7.0,7.0,single,7 kW,data/raw/ev_20251216.csv,https://opendata.transport.nsw.gov.au/data/dataset/be1c4de4-4517-4bd0-8a09-2965ddfc7179/resource/7bbb6461-e52d-4fe7-ace4-a15c30198de0/download/ev_20251216.csv,2026-09-06 00:51:11.506072+00:00
l_c225d334e9ce7c1e261d,r_377b8c885e99ac4ff24d,1295,AC,22.0,22.0,single,22 kW,data/raw/ev_20251216.csv,https://opendata.transport.nsw.gov.au/data/dataset/be1c4de4-4517-4bd0-8a09-2965ddfc7179/resource/7bbb6461-e52d-4fe7-ace4-a15c30198de0/download/ev_20251216.csv,2026-09-06 00:51:11.506072+00:00
l_b2a414e16d79d6243d2a,r_41b7149ca79962d12a74,1296,AC,22.0,22.0,single,22 kW,data/raw/ev_20251216.csv,https://opendata.transport.nsw.gov.au/data/dataset/be1c4de4-4517-4bd0-8a09-2965ddfc7179/resource/7bbb6461-e52d-4fe7-ace4-a15c30198de0/download/ev_20251216.csv,2026-09-06 00:51:11.506072+00:00
l_e6fb2587809b7ea0cace,r_ecae52d9e3129dbb6391,1297,AC,7.0,7.0,single,7 kW,data/raw/ev_20251216.csv,https://opendata.transport.nsw.gov.au/data/dataset/be1c4de4-4517-4bd0-8a09-2965ddfc7179/resource/7bbb6461-e52d-4fe7-ace4-a15c30198de0/download/ev_20251216.csv,2026-09-06 00:51:11.506072+00:00
l_0cfb4cdcdc61aad0682c,r_2509fb72e390caf4a0a0,1299,AC,22.0,22.0,single,22 kW,data/raw/ev_20251216.csv,https://opendata.transport.nsw.gov.au/data/dataset/be1c4de4-4517-4bd0-8a09-2965ddfc7179/resource/7bbb6461-e52d-4fe7-ace4-a15c30198de0/download/ev_20251216.csv,2026-09-06 00:51:11.506072+00:00
l_0e54f68c8cebc26be2a4,r_b47aa5c451d9d053f2cf,1300,DC,175.0,175.0,single,175 kW,data/raw/ev_20251216.csv,https://opendata.transport.nsw.gov.au/data/dataset/be1c4de4-4517-4bd0-8a09-2965ddfc7179/resource/7bbb6461-e52d-4fe7-ace4-a15c30198de0/download/ev_20251216.csv,2026-09-06 00:51:11.506072+00:00
l_cce64b7311b0b837375b,r_2afe886ce1143be0152d,1303,AC,22.0,22.0,single,22 kW,data/raw/ev_20251216.csv,https://opendata.transport.nsw.gov.au/data/dataset/be1c4de4-4517-4bd0-8a09-2965ddfc7179/resource/7bbb6461-e52d-4fe7-ace4-a15c30198de0/download/ev_20251216.csv,2026-09-06 00:51:11.506072+00:00
l_7980d545a5d259b3ad23,r_0e40033f2e3e49b87f97,1304,AC,22.0,22.0,single,22 kW,data/raw/ev_20251216.csv,https://opendata.transport.nsw.gov.au/data/dataset/be1c4de4-4517-4bd0-8a09-2965ddfc7179/resource/7bbb6461-e52d-4fe7-ace4-a15c30198de0/download/ev_20251216.csv,2026-09-06 00:51:11.506072+00:00
l_b74d2f674b5543116ab4,r_3bd95ee0e993f0706ee2,1305,AC,22.0,22.0,single,22 kW,data/raw/ev_20251216.csv,https://opendata.transport.nsw.gov.au/data/dataset/be1c4de4-4517-4bd0-8a09-2965ddfc7179/resource/7bbb6461-e52d-4fe7-ace4-a15c30198de0/download/ev_20251216.csv,2026-09-06 00:51:11.506072+00:00
l_e3e23abe4e636b3bd683,r_202110e89c3afad875a5,1307,AC,22.0,22.0,single,22 kW,data/raw/ev_20251216.csv,https://opendata.transport.nsw.gov.au/data/dataset/be1c4de4-4517-4bd0-8a09-2965ddfc7179/resource/7bbb6461-e52d-4fe7-ace4-a15c30198de0/download/ev_20251216.csv,2026-09-06 00:51:11.506072+00:00
l_51967fa50fe906492641,r_86b0088690bec6020cef,1309,DC,175.0,175.0,single,175 kW,data/raw/ev_20251216.csv,https://opendata.transport.nsw.gov.au/data/dataset/be1c4de4-4517-4bd0-8a09-2965ddfc7179/resource/7bbb6461-e52d-4fe7-ace4-a15c30198de0/download/ev_20251216.csv,2026-09-06 00:51:11.506072+00:00
l_9e9e5377af6ec8251080,r_8a9d27cdc0df1e5845d3,1310,AC,22.0,22.0,single,22 kW,data/raw/ev_20251216.csv,https://opendata.transport.nsw.gov.au/data/dataset/be1c4de4-4517-4bd0-8a09-2965ddfc7179/resource/7bbb6461-e52d-4fe7-ace4-a15c30198de0/download/ev_20251216.csv,2026-09-06 00:51:11.506072+00:00
l_46878d3909e821bbe2d4,r_d11a5ecd11524933cc1c,1311,AC,22.0,22.0,single,22 kW,data/raw/ev_20251216.csv,https://opendata.transport.nsw.gov.au/data/dataset/be1c4de4-4517-4bd0-8a09-2965ddfc7179/resource/7bbb6461-e52d-4fe7-ace4-a15c30198de0/download/ev_20251216.csv,2026-09-06 00:51:11.506072+00:00
l_fa8b5afed244e9bc257b,r_bcd1b59e7a53f3bcf179,1314,AC,22.0,22.0,single,22 kW,data/raw/ev_20251216.csv,https://opendata.transport.nsw.gov.au/data/dataset/be1c4de4-4517-4bd0-8a09-2965ddfc7179/resource/7bbb6461-e52d-4fe7-ace4-a15c30198de0/download/ev_20251216.csv,2026-09-06 00:51:11.506072+00:00
l_efd668e0ff493a4c29ac,r_fb90b21f8259c188f60b,1316,AC,22.0,22.0,single,22 kW,data/raw/ev_20251216.csv,https://opendata.transport.nsw.gov.au/data/dataset/be1c4de4-4517-4bd0-8a09-2965ddfc7179/resource/7bbb6461-e52d-4fe7-ace4-a15c30198de0/download/ev_20251216.csv,2026-09-06 00:51:11.506072+00:00
l_51fea3b417d7bc64b4bb,r_3f543181ca9d22f76790,1317,AC,7.0,7.0,single,7 kW,data/raw/ev_20251216.csv,https://opendata.transport.nsw.gov.au/data/dataset/be1c4de4-4517-4bd0-8a09-2965ddfc7179/resource/7bbb6461-e52d-4fe7-ace4-a15c30198de0/download/ev_20251216.csv,2026-09-06 00:51:11.506072+00:00
l_9c1c4df8e50ce7ab4692,r_8506e0f3c5926d0b083a,1320,AC,22.0,22.0,single,22 kW,data/raw/ev_20251216.csv,https://opendata.transport.nsw.gov.au/data/dataset/be1c4de4-4517-4bd0-8a09-2965ddfc7179/resource/7bbb6461-e52d-4fe7-ace4-a15c30198de0/download/ev_20251216.csv,2026-09-06 00:51:11.506072+00:00
l_413cec7c91cece102991,r_a2fb1fa0fa37e7cebf93,1324,AC,22.0,22.0,single,22 kW,data/raw/ev_20251216.csv,https://opendata.transport.nsw.gov.au/data/dataset/be1c4de4-4517-4bd0-8a09-2965ddfc7179/resource/7bbb6461-e52d-4fe7-ace4-a15c30198de0/download/ev_20251216.csv,2026-09-06 00:51:11.506072+00:00
l_d09213256b366fb15017,r_92d4fd0faa8a0abd485c,1326,AC,22.0,22.0,single,22 kW,data/raw/ev_20251216.csv,https://opendata.transport.nsw.gov.au/data/dataset/be1c4de4-4517-4bd0-8a09-2965ddfc7179/resource/7bbb6461-e52d-4fe7-ace4-a15c30198de0/download/ev_20251216.csv,2026-09-06 00:51:11.506072+00:00
l_9480589138e27915442e,r_468b05218c0c2bf17602,1327,DC,175.0,175.0,single,175 kW,data/raw/ev_20251216.csv,https://opendata.transport.nsw.gov.au/data/dataset/be1c4de4-4517-4bd0-8a09-2965ddfc7179/resource/7bbb6461-e52d-4fe7-ace4-a15c30198de0/download/ev_20251216.csv,2026-09-06 00:51:11.506072+00:00
l_2f06b13fe53d83d2551b,r_21c8149488aed259e4d1,1329,AC,22.0,22.0,single,22 kW,data/raw/ev_20251216.csv,https://opendata.transport.nsw.gov.au/data/dataset/be1c4de4-4517-4bd0-8a09-2965ddfc7179/resource/7bbb6461-e52d-4fe7-ace4-a15c30198de0/download/ev_20251216.csv,2026-09-06 00:51:11.506072+00:00
l_83a3bd35be89b0e05daf,r_a8346951317433f91470,1330,AC,22.0,22.0,single,22 kW,data/raw/ev_20251216.csv,https://opendata.transport.nsw.gov.au/data/dataset/be1c4de4-4517-4bd0-8a09-2965ddfc7179/resource/7bbb6461-e52d-4fe7-ace4-a15c30198de0/download/ev_20251216.csv,2026-09-06 00:51:11.506072+00:00
l_80569abd812a4aea4a9f,r_c2b04d4598b30a635343,1331,AC,22.0,22.0,single,22 kW,data/raw/ev_20251216.csv,https://opendata.transport.nsw.gov.au/data/dataset/be1c4de4-4517-4bd0-8a09-2965ddfc7179/resource/7bbb6461-e52d-4fe7-ace4-a15c30198de0/download/ev_20251216.csv,2026-09-06 00:51:11.506072+00:00
l_dadbf2504f1f4c08f816,r_001f05cf0edd9c95f029,1337,AC,22.0,22.0,single,22 kW,data/raw/ev_20251216.csv,https://opendata.transport.nsw.gov.au/data/dataset/be1c4de4-4517-4bd0-8a09-2965ddfc7179/resource/7bbb6461-e52d-4fe7-ace4-a15c30198de0/download/ev_20251216.csv,2026-09-06 00:51:11.506072+00:00
l_99923fd69b051e0471a6,r_4da48e1d58f64077a6a2,1338,AC,22.0,22.0,single,22 kW,data/raw/ev_20251216.csv,https://opendata.transport.nsw.gov.au/data/dataset/be1c4de4-4517-4bd0-8a09-2965ddfc7179/resource/7bbb6461-e52d-4fe7-ace4-a15c30198de0/download/ev_20251216.csv,2026-09-06 00:51:11.506072+00:00
l_d5f89340137b06ea01b0,r_62bb0aadc322c2a9db89,1339,AC,22.0,22.0,single,22 kW,data/raw/ev_20251216.csv,https://opendata.transport.nsw.gov.au/data/dataset/be1c4de4-4517-4bd0-8a09-2965ddfc7179/resource/7bbb6461-e52d-4fe7-ace4-a15c30198de0/download/ev_20251216.csv,2026-09-06 00:51:11.506072+00:00
l_98aad71bd1e57f6908f8,r_0ff4bfe0ca83d9737b33,1340,AC,22.0,22.0,single,22 kW,data/raw/ev_20251216.csv,https://opendata.transport.nsw.gov.au/data/dataset/be1c4de4-4517-4bd0-8a09-2965ddfc7179/resource/7bbb6461-e52d-4fe7-ace4-a15c30198de0/download/ev_20251216.csv,2026-09-06 00:51:11.506072+00:00
l_d5c1e6df77c05237a6a1,r_209819289f5d0dff94c3,1345,DC,175.0,175.0,single,175 kW,data/raw/ev_20251216.csv,https://opendata.transport.nsw.gov.au/data/dataset/be1c4de4-4517-4bd0-8a09-2965ddfc7179/resource/7bbb6461-e52d-4fe7-ace4-a15c30198de0/download/ev_20251216.csv,2026-09-06 00:51:11.506072+00:00
l_2570f5d52623fdf40743,r_a876583dd43c61851c57,1346,AC,22.0,22.0,single,22 kW,data/raw/ev_20251216.csv,https://opendata.transport.nsw.gov.au/data/dataset/be1c4de4-4517-4bd0-8a09-2965ddfc7179/resource/7bbb6461-e52d-4fe7-ace4-a15c30198de0/download/ev_20251216.csv,2026-09-06 00:51:11.506072+00:00
l_ff52127e9ef9c31fc670,r_5a5b5553cf688385df93,1348,DC,75.0,75.0,single,75 kW,data/raw/ev_20251216.csv,https://opendata.transport.nsw.gov.au/data/dataset/be1c4de4-4517-4bd0-8a09-2965ddfc7179/resource/7bbb6461-e52d-4fe7-ace4-a15c30198de0/download/ev_20251216.csv,2026-09-06 00:51:11.506072+00:00
l_d9dd4b187ca995db08b1,r_4e2fc10ab78c2cf03a26,1350,AC,22.0,22.0,single,22 kW,data/raw/ev_20251216.csv,https://opendata.transport.nsw.gov.au/data/dataset/be1c4de4-4517-4bd0-8a09-2965ddfc7179/resource/7bbb6461-e52d-4fe7-ace4-a15c30198de0/download/ev_20251216.csv,2026-09-06 00:51:11.506072+00:00
l_91ae7825aabd120af8f8,r_a30190ee4f6ece6e8b14,1351,AC,22.0,22.0,single,22 kW,data/raw/ev_20251216.csv,https://opendata.transport.nsw.gov.au/data/dataset/be1c4de4-4517-4bd0-8a09-2965ddfc7179/resource/7bbb6461-e52d-4fe7-ace4-a15c30198de0/download/ev_20251216.csv,2026-09-06 00:51:11.506072+00:00
l_2818bc017ed5fe5cad67,r_42df990b0ac44d03be2e,1352,AC,7.0,7.0,single,7 kW,data/raw/ev_20251216.csv,https://opendata.transport.nsw.gov.au/data/dataset/be1c4de4-4517-4bd0-8a09-2965ddfc7179/resource/7bbb6461-e52d-4fe7-ace4-a15c30198de0/download/ev_20251216.csv,2026-09-06 00:51:11.506072+00:00
l_4b0f68c168d2620edfc1,r_d9f7496bfc45872d2a6d,1353,AC,22.0,22.0,single,22 kW,data/raw/ev_20251216.csv,https://opendata.transport.nsw.gov.au/data/dataset/be1c4de4-4517-4bd0-8a09-2965ddfc7179/resource/7bbb6461-e52d-4fe7-ace4-a15c30198de0/download/ev_20251216.csv,2026-09-06 00:51:11.506072+00:00
l_3e1205acde55013ed909,r_ba616c573855a0cad255,1354,AC,7.0,7.0,single,7 kW,data/raw/ev_20251216.csv,https://opendata.transport.nsw.gov.au/data/dataset/be1c4de4-4517-4bd0-8a09-2965ddfc7179/resource/7bbb6461-e52d-4fe7-ace4-a15c30198de0/download/ev_20251216.csv,2026-09-06 00:51:11.506072+00:00
l_551f09553e0553959117,r_a752ea57040239baa3f8,1355,AC,22.0,22.0,single,22 kW,data/raw/ev_20251216.csv,https://opendata.transport.nsw.gov.au/data/dataset/be1c4de4-4517-4bd0-8a09-2965ddfc7179/resource/7bbb6461-e52d-4fe7-ace4-a15c30198de0/download/ev_20251216.csv,2026-09-06 00:51:11.506072+00:00
l_5016c1a232561a70b6b9,r_659d6c3df39b567b3554,1356,AC,22.0,22.0,single,22 kW,data/raw/ev_20251216.csv,https://opendata.transport.nsw.gov.au/data/dataset/be1c4de4-4517-4bd0-8a09-2965ddfc7179/resource/7bbb6461-e52d-4fe7-ace4-a15c30198de0/download/ev_20251216.csv,2026-09-06 00:51:11.506072+00:00
l_b8cb4c7add608fbd79ac,r_cd4891035b42d9d2bac2,1357,AC,22.0,22.0,single,22 kW,data/raw/ev_20251216.csv,https://opendata.transport.nsw.gov.au/data/dataset/be1c4de4-4517-4bd0-8a09-2965ddfc7179/resource/7bbb6461-e52d-4fe7-ace4-a15c30198de0/download/ev_20251216.csv,2026-09-06 00:51:11.506072+00:00
l_0bd57784821314a8dc46,r_3bde67581b5a717f5b8d,1358,AC,22.0,22.0,single,22 kW,data/raw/ev_20251216.csv,https://opendata.transport.nsw.gov.au/data/dataset/be1c4de4-4517-4bd0-8a09-2965ddfc7179/resource/7bbb6461-e52d-4fe7-ace4-a15c30198de0/download/ev_20251216.csv,2026-09-06 00:51:11.506072+00:00
l_7b41f16b1e7c13f0bf4a,r_f26e53dda169309ca2b1,1360,DC,175.0,175.0,single,175 kW,data/raw/ev_20251216.csv,https://opendata.transport.nsw.gov.au/data/dataset/be1c4de4-4517-4bd0-8a09-2965ddfc7179/resource/7bbb6461-e52d-4fe7-ace4-a15c30198de0/download/ev_20251216.csv,2026-09-06 00:51:11.506072+00:00
l_25312ea4b99af4000822,r_b7ffbe42bdc3a374672e,1361,AC,7.0,7.0,single,7 kW,data/raw/ev_20251216.csv,https://opendata.transport.nsw.gov.au/data/dataset/be1c4de4-4517-4bd0-8a09-2965ddfc7179/resource/7bbb6461-e52d-4fe7-ace4-a15c30198de0/download/ev_20251216.csv,2026-09-06 00:51:11.506072+00:00
l_4f4878cd14c201fcad57,r_5af4601bfc37dfcfb32b,1362,AC,22.0,22.0,single,22 kW,data/raw/ev_20251216.csv,https://opendata.transport.nsw.gov.au/data/dataset/be1c4de4-4517-4bd0-8a09-2965ddfc7179/resource/7bbb6461-e52d-4fe7-ace4-a15c30198de0/download/ev_20251216.csv,2026-09-06 00:51:11.506072+00:00
l_e08df5ab11b54dfa818c,r_cc5a239a2ae8b196f461,1364,AC,22.0,22.0,single,22 kW,data/raw/ev_20251216.csv,https://opendata.transport.nsw.gov.au/data/dataset/be1c4de4-4517-4bd0-8a09-2965ddfc7179/resource/7bbb6461-e52d-4fe7-ace4-a15c30198de0/download/ev_20251216.csv,2026-09-06 00:51:11.506072+00:00
l_a65b85735b325f758c34,r_abeef16bc56f3d63add5,1367,AC,22.0,22.0,single,22 kW,data/raw/ev_20251216.csv,https://opendata.transport.nsw.gov.au/data/dataset/be1c4de4-4517-4bd0-8a09-2965ddfc7179/resource/7bbb6461-e52d-4fe7-ace4-a15c30198de0/download/ev_20251216.csv,2026-09-06 00:51:11.506072+00:00
l_96f90e83e3b8efc31aa3,r_42fed8f1498648b1d897,1371,AC,22.0,22.0,single,22 kW,data/raw/ev_20251216.csv,https://opendata.transport.nsw.gov.au/data/dataset/be1c4de4-4517-4bd0-8a09-2965ddfc7179/resource/7bbb6461-e52d-4fe7-ace4-a15c30198de0/download/ev_20251216.csv,2026-09-06 00:51:11.506072+00:00
l_f8042822a6e659affbe0,r_c9a0fe926f45d8c53ce7,1373,AC,22.0,22.0,single,22 kW,data/raw/ev_20251216.csv,https://opendata.transport.nsw.gov.au/data/dataset/be1c4de4-4517-4bd0-8a09-2965ddfc7179/resource/7bbb6461-e52d-4fe7-ace4-a15c30198de0/download/ev_20251216.csv,2026-09-06 00:51:11.506072+00:00
l_b4ddea8a86fe8dbdde42,r_244809ec2891f5e17e27,1374,AC,22.0,22.0,single,22 kW,data/raw/ev_20251216.csv,https://opendata.transport.nsw.gov.au/data/dataset/be1c4de4-4517-4bd0-8a09-2965ddfc7179/resource/7bbb6461-e52d-4fe7-ace4-a15c30198de0/download/ev_20251216.csv,2026-09-06 00:51:11.506072+00:00
l_97696ae8a5cfd3f9ea30,r_67f1b5d1dc496dc9cf61,1375,AC,7.0,7.0,single,7 kW,data/raw/ev_20251216.csv,https://opendata.transport.nsw.gov.au/data/dataset/be1c4de4-4517-4bd0-8a09-2965ddfc7179/resource/7bbb6461-e52d-4fe7-ace4-a15c30198de0/download/ev_20251216.csv,2026-09-06 00:51:11.506072+00:00
l_dab2aace887a499d2642,r_67fa0bab2386afe5ebf6,1381,AC,22.0,22.0,single,22 kW,data/raw/ev_20251216.csv,https://opendata.transport.nsw.gov.au/data/dataset/be1c4de4-4517-4bd0-8a09-2965ddfc7179/resource/7bbb6461-e52d-4fe7-ace4-a15c30198de0/download/ev_20251216.csv,2026-09-06 00:51:11.506072+00:00
l_05ee46dfc7478803bb84,r_0396ec8bf298c46f6b7a,1386,AC,22.0,22.0,single,22 kW,data/raw/ev_20251216.csv,https://opendata.transport.nsw.gov.au/data/dataset/be1c4de4-4517-4bd0-8a09-2965ddfc7179/resource/7bbb6461-e52d-4fe7-ace4-a15c30198de0/download/ev_20251216.csv,2026-09-06 00:51:11.506072+00:00
l_d5dd4a8b9dd3660757f7,r_345021bf570fbd944c5c,1387,AC,7.0,7.0,single,7 kW,data/raw/ev_20251216.csv,https://opendata.transport.nsw.gov.au/data/dataset/be1c4de4-4517-4bd0-8a09-2965ddfc7179/resource/7bbb6461-e52d-4fe7-ace4-a15c30198de0/download/ev_20251216.csv,2026-09-06 00:51:11.506072+00:00
l_2f750c1aa432379d558f,r_6d5d21e6f0f826963e77,1390,DC,175.0,175.0,single,175 kW,data/raw/ev_20251216.csv,https://opendata.transport.nsw.gov.au/data/dataset/be1c4de4-4517-4bd0-8a09-2965ddfc7179/resource/7bbb6461-e52d-4fe7-ace4-a15c30198de0/download/ev_20251216.csv,2026-09-06 00:51:11.506072+00:00
l_6b878b61405b03f24100,r_22a50f23345b937b679c,1391,AC,22.0,22.0,single,22 kW,data/raw/ev_20251216.csv,https://opendata.transport.nsw.gov.au/data/dataset/be1c4de4-4517-4bd0-8a09-2965ddfc7179/resource/7bbb6461-e52d-4fe7-ace4-a15c30198de0/download/ev_20251216.csv,2026-09-06 00:51:11.506072+00:00
l_2ce8daa776279d84eabe,r_891a2e295668d6882bdd,1393,AC,22.0,22.0,single,22 kW,data/raw/ev_20251216.csv,https://opendata.transport.nsw.gov.au/data/dataset/be1c4de4-4517-4bd0-8a09-2965ddfc7179/resource/7bbb6461-e52d-4fe7-ace4-a15c30198de0/download/ev_20251216.csv,2026-09-06 00:51:11.506072+00:00
l_2dd89cae5962dbb73481,r_c2aa33c43b4c0c34191c,1394,AC,22.0,22.0,single,22 kW,data/raw/ev_20251216.csv,https://opendata.transport.nsw.gov.au/data/dataset/be1c4de4-4517-4bd0-8a09-2965ddfc7179/resource/7bbb6461-e52d-4fe7-ace4-a15c30198de0/download/ev_20251216.csv,2026-09-06 00:51:11.506072+00:00
l_d26fd1bbf135e5b1584b,r_8a86c9e1c178c5b38659,1396,AC,22.0,22.0,single,22 kW,data/raw/ev_20251216.csv,https://opendata.transport.nsw.gov.au/data/dataset/be1c4de4-4517-4bd0-8a09-2965ddfc7179/resource/7bbb6461-e52d-4fe7-ace4-a15c30198de0/download/ev_20251216.csv,2026-09-06 00:51:11.506072+00:00
l_365de60c775690e98b4d,r_da3dc3817988f6026a81,1397,AC,7.0,7.0,single,7 kW,data/raw/ev_20251216.csv,https://opendata.transport.nsw.gov.au/data/dataset/be1c4de4-4517-4bd0-8a09-2965ddfc7179/resource/7bbb6461-e52d-4fe7-ace4-a15c30198de0/download/ev_20251216.csv,2026-09-06 00:51:11.506072+00:00
l_1404b5ceea8a7dcf3fbb,r_a5d9299ceb814dbf6eaf,1400,AC,22.0,22.0,single,22 kW,data/raw/ev_20251216.csv,https://opendata.transport.nsw.gov.au/data/dataset/be1c4de4-4517-4bd0-8a09-2965ddfc7179/resource/7bbb6461-e52d-4fe7-ace4-a15c30198de0/download/ev_20251216.csv,2026-09-06 00:51:11.506072+00:00
l_008ac5fb98365b432464,r_9d2857bbee605f131fc1,1401,AC,22.0,22.0,single,22 kW,data/raw/ev_20251216.csv,https://opendata.transport.nsw.gov.au/data/dataset/be1c4de4-4517-4bd0-8a09-2965ddfc7179/resource/7bbb6461-e52d-4fe7-ace4-a15c30198de0/download/ev_20251216.csv,2026-09-06 00:51:11.506072+00:00
l_19ca1d00baee0f522e07,r_c116dec2d4922f659f76,1402,AC,22.0,22.0,single,22 kW,data/raw/ev_20251216.csv,https://opendata.transport.nsw.gov.au/data/dataset/be1c4de4-4517-4bd0-8a09-2965ddfc7179/resource/7bbb6461-e52d-4fe7-ace4-a15c30198de0/download/ev_20251216.csv,2026-09-06 00:51:11.506072+00:00
l_4e13ed41019f01c676c2,r_3c1125526dbff02d6b2b,1403,AC,22.0,22.0,single,22 kW,data/raw/ev_20251216.csv,https://opendata.transport.nsw.gov.au/data/dataset/be1c4de4-4517-4bd0-8a09-2965ddfc7179/resource/7bbb6461-e52d-4fe7-ace4-a15c30198de0/download/ev_20251216.csv,2026-09-06 00:51:11.506072+00:00
l_d8fb98799bdaaacc4f14,r_3978bc3bc50d48ca6f3f,1404,AC,22.0,22.0,single,22 kW,data/raw/ev_20251216.csv,https://opendata.transport.nsw.gov.au/data/dataset/be1c4de4-4517-4bd0-8a09-2965ddfc7179/resource/7bbb6461-e52d-4fe7-ace4-a15c30198de0/download/ev_20251216.csv,2026-09-06 00:51:11.506072+00:00
l_7a89b905b9aa4b521e64,r_a74b7315f9048b8265bb,1406,DC,75.0,75.0,single,75 kW,data/raw/ev_20251216.csv,https://opendata.transport.nsw.gov.au/data/dataset/be1c4de4-4517-4bd0-8a09-2965ddfc7179/resource/7bbb6461-e52d-4fe7-ace4-a15c30198de0/download/ev_20251216.csv,2026-09-06 00:51:11.506072+00:00
l_fb03ba2d6a02769d7fd5,r_7be8b5801df48798879a,1407,AC,22.0,22.0,single,22 kW,data/raw/ev_20251216.csv,https://opendata.transport.nsw.gov.au/data/dataset/be1c4de4-4517-4bd0-8a09-2965ddfc7179/resource/7bbb6461-e52d-4fe7-ace4-a15c30198de0/download/ev_20251216.csv,2026-09-06 00:51:11.506072+00:00
l_be0d6831b6f921c74141,r_a49104b3f5a10c4cfc5f,1410,AC,22.0,22.0,single,22 kW,data/raw/ev_20251216.csv,https://opendata.transport.nsw.gov.au/data/dataset/be1c4de4-4517-4bd0-8a09-2965ddfc7179/resource/7bbb6461-e52d-4fe7-ace4-a15c30198de0/download/ev_20251216.csv,2026-09-06 00:51:11.506072+00:00
l_219b3680b6bd70df878d,r_32d48dfe961635e98826,1419,DC,175.0,175.0,single,175 kW,data/raw/ev_20251216.csv,https://opendata.transport.nsw.gov.au/data/dataset/be1c4de4-4517-4bd0-8a09-2965ddfc7179/resource/7bbb6461-e52d-4fe7-ace4-a15c30198de0/download/ev_20251216.csv,2026-09-06 00:51:11.506072+00:00
l_a8e2297be670714ef7fd,r_a08d9a6bdff96134e725,1421,AC,22.0,22.0,single,22 kW,data/raw/ev_20251216.csv,https://opendata.transport.nsw.gov.au/data/dataset/be1c4de4-4517-4bd0-8a09-2965ddfc7179/resource/7bbb6461-e52d-4fe7-ace4-a15c30198de0/download/ev_20251216.csv,2026-09-06 00:51:11.506072+00:00
l_8d64efdbab76f61b694c,r_4ffd6ae9fa53c025b9ae,1430,AC,7.0,7.0,single,7 kW,data/raw/ev_20251216.csv,https://opendata.transport.nsw.gov.au/data/dataset/be1c4de4-4517-4bd0-8a09-2965ddfc7179/resource/7bbb6461-e52d-4fe7-ace4-a15c30198de0/download/ev_20251216.csv,2026-09-06 00:51:11.506072+00:00
l_02dd3e6b25f8f1fa4468,r_fdf399d91ceb922891aa,1431,AC,22.0,22.0,single,22 kW,data/raw/ev_20251216.csv,https://opendata.transport.nsw.gov.au/data/dataset/be1c4de4-4517-4bd0-8a09-2965ddfc7179/resource/7bbb6461-e52d-4fe7-ace4-a15c30198de0/download/ev_20251216.csv,2026-09-06 00:51:11.506072+00:00
l_6882be724af965c3b7ec,r_c09e096ad5016ef84fbe,1432,AC,22.0,22.0,single,22 kW,data/raw/ev_20251216.csv,https://opendata.transport.nsw.gov.au/data/dataset/be1c4de4-4517-4bd0-8a09-2965ddfc7179/resource/7bbb6461-e52d-4fe7-ace4-a15c30198de0/download/ev_20251216.csv,2026-09-06 00:51:11.506072+00:00
l_af458e97293e54bdebb1,r_a99b24ffbeeea0f468ee,1433,DC,175.0,175.0,single,175 kW,data/raw/ev_20251216.csv,https://opendata.transport.nsw.gov.au/data/dataset/be1c4de4-4517-4bd0-8a09-2965ddfc7179/resource/7bbb6461-e52d-4fe7-ace4-a15c30198de0/download/ev_20251216.csv,2026-09-06 00:51:11.506072+00:00
l_90e9d5c49ef6b2c84c62,r_d90068f953188c0a9d03,1434,AC,22.0,22.0,single,22 kW,data/raw/ev_20251216.csv,https://opendata.transport.nsw.gov.au/data/dataset/be1c4de4-4517-4bd0-8a09-2965ddfc7179/resource/7bbb6461-e52d-4fe7-ace4-a15c30198de0/download/ev_20251216.csv,2026-09-06 00:51:11.506072+00:00
l_20c89e1c51d00f23cdd7,r_ffdcd45bafb06261cb33,1437,AC,22.0,22.0,single,22 kW,data/raw/ev_20251216.csv,https://opendata.transport.nsw.gov.au/data/dataset/be1c4de4-4517-4bd0-8a09-2965ddfc7179/resource/7bbb6461-e52d-4fe7-ace4-a15c30198de0/download/ev_20251216.csv,2026-09-06 00:51:11.506072+00:00
l_0c77cf04cbe3746d164b,r_40f5bea19237a1f7debb,1438,AC,7.0,7.0,single,7 kW,data/raw/ev_20251216.csv,https://opendata.transport.nsw.gov.au/data/dataset/be1c4de4-4517-4bd0-8a09-2965ddfc7179/resource/7bbb6461-e52d-4fe7-ace4-a15c30198de0/download/ev_20251216.csv,2026-09-06 00:51:11.506072+00:00
l_b7c6b72b99bc29793cdc,r_fdbe4bd0d8de12923779,1439,AC,7.0,7.0,single,7 kW,data/raw/ev_20251216.csv,https://opendata.transport.nsw.gov.au/data/dataset/be1c4de4-4517-4bd0-8a09-2965ddfc7179/resource/7bbb6461-e52d-4fe7-ace4-a15c30198de0/download/ev_20251216.csv,2026-09-06 00:51:11.506072+00:00
l_fbbb31bf926cc0a1e187,r_30b54aaad01c59bd3fbe,1440,AC,22.0,22.0,single,22 kW,data/raw/ev_20251216.csv,https://opendata.transport.nsw.gov.au/data/dataset/be1c4de4-4517-4bd0-8a09-2965ddfc7179/resource/7bbb6461-e52d-4fe7-ace4-a15c30198de0/download/ev_20251216.csv,2026-09-06 00:51:11.506072+00:00
l_90373c458e5824d62a4b,r_b8106eb70eb82fbf09be,1441,AC,22.0,22.0,single,22 kW,data/raw/ev_20251216.csv,https://opendata.transport.nsw.gov.au/data/dataset/be1c4de4-4517-4bd0-8a09-2965ddfc7179/resource/7bbb6461-e52d-4fe7-ace4-a15c30198de0/download/ev_20251216.csv,2026-09-06 00:51:11.506072+00:00
l_437868b51f5ae7bc6a16,r_98a0a9df30d053977139,1442,AC,22.0,22.0,single,22 kW,data/raw/ev_20251216.csv,https://opendata.transport.nsw.gov.au/data/dataset/be1c4de4-4517-4bd0-8a09-2965ddfc7179/resource/7bbb6461-e52d-4fe7-ace4-a15c30198de0/download/ev_20251216.csv,2026-09-06 00:51:11.506072+00:00
l_bd0fdc85bff0929e3964,r_9f2dd21dbc74f67ca466,1443,AC,7.0,7.0,single,7 kW,data/raw/ev_20251216.csv,https://opendata.transport.nsw.gov.au/data/dataset/be1c4de4-4517-4bd0-8a09-2965ddfc7179/resource/7bbb6461-e52d-4fe7-ace4-a15c30198de0/download/ev_20251216.csv,2026-09-06 00:51:11.506072+00:00
l_6a253a6cd19b319119fb,r_93fb72ffcd54670d9c88,1446,AC,22.0,22.0,single,22 kW,data/raw/ev_20251216.csv,https://opendata.transport.nsw.gov.au/data/dataset/be1c4de4-4517-4bd0-8a09-2965ddfc7179/resource/7bbb6461-e52d-4fe7-ace4-a15c30198de0/download/ev_20251216.csv,2026-09-06 00:51:11.506072+00:00
l_ead54cb37dc2a4e842b4,r_8ddbb48265a4aef95a08,1447,DC,75.0,75.0,single,75 kW,data/raw/ev_20251216.csv,https://opendata.transport.nsw.gov.au/data/dataset/be1c4de4-4517-4bd0-8a09-2965ddfc7179/resource/7bbb6461-e52d-4fe7-ace4-a15c30198de0/download/ev_20251216.csv,2026-09-06 00:51:11.506072+00:00
l_5736650d7078ab8dd9e2,r_0422a03e0b6603191949,1448,AC,22.0,22.0,single,22 kW,data/raw/ev_20251216.csv,https://opendata.transport.nsw.gov.au/data/dataset/be1c4de4-4517-4bd0-8a09-2965ddfc7179/resource/7bbb6461-e52d-4fe7-ace4-a15c30198de0/download/ev_20251216.csv,2026-09-06 00:51:11.506072+00:00
l_b9dfdd696e958a5195f0,r_db63fd571f07c284956a,1449,AC,22.0,22.0,single,22 kW,data/raw/ev_20251216.csv,https://opendata.transport.nsw.gov.au/data/dataset/be1c4de4-4517-4bd0-8a09-2965ddfc7179/resource/7bbb6461-e52d-4fe7-ace4-a15c30198de0/download/ev_20251216.csv,2026-09-06 00:51:11.506072+00:00
l_35c430157768bc491e5a,r_b1908a5a58453c202bb3,1452,AC,22.0,22.0,single,22 kW,data/raw/ev_20251216.csv,https://opendata.transport.nsw.gov.au/data/dataset/be1c4de4-4517-4bd0-8a09-2965ddfc7179/resource/7bbb6461-e52d-4fe7-ace4-a15c30198de0/download/ev_20251216.csv,2026-09-06 00:51:11.506072+00:00
l_ff8c02100cff519a2129,r_5e9b63a2a76f9739361a,1453,AC,7.0,7.0,single,7 kW,data/raw/ev_20251216.csv,https://opendata.transport.nsw.gov.au/data/dataset/be1c4de4-4517-4bd0-8a09-2965ddfc7179/resource/7bbb6461-e52d-4fe7-ace4-a15c30198de0/download/ev_20251216.csv,2026-09-06 00:51:11.506072+00:00
l_94251512d4270c77f4a3,r_61f0e282bca1a4ef7dac,1454,DC,175.0,175.0,single,175 kW,data/raw/ev_20251216.csv,https://opendata.transport.nsw.gov.au/data/dataset/be1c4de4-4517-4bd0-8a09-2965ddfc7179/resource/7bbb6461-e52d-4fe7-ace4-a15c30198de0/download/ev_20251216.csv,2026-09-06 00:51:11.506072+00:00
l_587cf7158192f326aeb4,r_cb4631d2af5f06c3ab38,1459,AC,22.0,22.0,single,22 kW,data/raw/ev_20251216.csv,https://opendata.transport.nsw.gov.au/data/dataset/be1c4de4-4517-4bd0-8a09-2965ddfc7179/resource/7bbb6461-e52d-4fe7-ace4-a15c30198de0/download/ev_20251216.csv,2026-09-06 00:51:11.506072+00:00
l_c255f440a94afadb0020,r_5d115e7dc3e45ba18a34,1460,AC,22.0,22.0,single,22 kW,data/raw/ev_20251216.csv,https://opendata.transport.nsw.gov.au/data/dataset/be1c4de4-4517-4bd0-8a09-2965ddfc7179/resource/7bbb6461-e52d-4fe7-ace4-a15c30198de0/download/ev_20251216.csv,2026-09-06 00:51:11.506072+00:00
l_382e73896820d05714ee,r_60dd65367e0f4ac8e4ce,1461,AC,22.0,22.0,single,22 kW,data/raw/ev_20251216.csv,https://opendata.transport.nsw.gov.au/data/dataset/be1c4de4-4517-4bd0-8a09-2965ddfc7179/resource/7bbb6461-e52d-4fe7-ace4-a15c30198de0/download/ev_20251216.csv,2026-09-06 00:51:11.506072+00:00
l_ece8d66b82ebb9f1d1b2,r_d59df10cc2e68b322ac5,1465,AC,22.0,22.0,single,22 kW,data/raw/ev_20251216.csv,https://opendata.transport.nsw.gov.au/data/dataset/be1c4de4-4517-4bd0-8a09-2965ddfc7179/resource/7bbb6461-e52d-4fe7-ace4-a15c30198de0/download/ev_20251216.csv,2026-09-06 00:51:11.506072+00:00
l_df76b00c3ba0720b0938,r_08e3bff217a455e61745,1466,AC,7.0,7.0,single,7 kW,data/raw/ev_20251216.csv,https://opendata.transport.nsw.gov.au/data/dataset/be1c4de4-4517-4bd0-8a09-2965ddfc7179/resource/7bbb6461-e52d-4fe7-ace4-a15c30198de0/download/ev_20251216.csv,2026-09-06 00:51:11.506072+00:00
l_c518c40e5e29d8ad15c7,r_09380eb3e08682b67ee8,1467,AC,22.0,22.0,single,22 kW,data/raw/ev_20251216.csv,https://opendata.transport.nsw.gov.au/data/dataset/be1c4de4-4517-4bd0-8a09-2965ddfc7179/resource/7bbb6461-e52d-4fe7-ace4-a15c30198de0/download/ev_20251216.csv,2026-09-06 00:51:11.506072+00:00
l_0f9f00a6c2885d1c0b33,r_f7402efecd916052dfc0,1468,AC,7.0,7.0,single,7 kW,data/raw/ev_20251216.csv,https://opendata.transport.nsw.gov.au/data/dataset/be1c4de4-4517-4bd0-8a09-2965ddfc7179/resource/7bbb6461-e52d-4fe7-ace4-a15c30198de0/download/ev_20251216.csv,2026-09-06 00:51:11.506072+00:00
l_20571c0de653257b7d62,r_a78b3c78d53147352278,1469,AC,22.0,22.0,single,22 kW,data/raw/ev_20251216.csv,https://opendata.transport.nsw.gov.au/data/dataset/be1c4de4-4517-4bd0-8a09-2965ddfc7179/resource/7bbb6461-e52d-4fe7-ace4-a15c30198de0/download/ev_20251216.csv,2026-09-06 00:51:11.506072+00:00
l_f6947a304cd9a59ea5c0,r_4594232582a21ad0d2cd,1470,AC,7.0,7.0,single,7 kW,data/raw/ev_20251216.csv,https://opendata.transport.nsw.gov.au/data/dataset/be1c4de4-4517-4bd0-8a09-2965ddfc7179/resource/7bbb6461-e52d-4fe7-ace4-a15c30198de0/download/ev_20251216.csv,2026-09-06 00:51:11.506072+00:00
l_433699340dcfd0b7cbf3,r_8f4dfe36ae0e331ab926,1474,AC,22.0,22.0,single,22 kW,data/raw/ev_20251216.csv,https://opendata.transport.nsw.gov.au/data/dataset/be1c4de4-4517-4bd0-8a09-2965ddfc7179/resource/7bbb6461-e52d-4fe7-ace4-a15c30198de0/download/ev_20251216.csv,2026-09-06 00:51:11.506072+00:00
l_b560aca589f1bb12e49d,r_24fd472a47bc20f82b39,1475,AC,7.0,7.0,single,7 kW,data/raw/ev_20251216.csv,https://opendata.transport.nsw.gov.au/data/dataset/be1c4de4-4517-4bd0-8a09-2965ddfc7179/resource/7bbb6461-e52d-4fe7-ace4-a15c30198de0/download/ev_20251216.csv,2026-09-06 00:51:11.506072+00:00
l_c9f268b9d5b94866d815,r_d3d806519b9e264f2c19,1476,AC,22.0,22.0,single,22 kW,data/raw/ev_20251216.csv,https://opendata.transport.nsw.gov.au/data/dataset/be1c4de4-4517-4bd0-8a09-2965ddfc7179/resource/7bbb6461-e52d-4fe7-ace4-a15c30198de0/download/ev_20251216.csv,2026-09-06 00:51:11.506072+00:00
l_de98ca8b04ba67ba1775,r_2c2815d41579a60fb17f,1477,AC,22.0,22.0,single,22 kW,data/raw/ev_20251216.csv,https://opendata.transport.nsw.gov.au/data/dataset/be1c4de4-4517-4bd0-8a09-2965ddfc7179/resource/7bbb6461-e52d-4fe7-ace4-a15c30198de0/download/ev_20251216.csv,2026-09-06 00:51:11.506072+00:00
l_ff20bfc9848a5afcab01,r_9755953d117547cb846f,1481,AC,7.0,7.0,single,7 kW,data/raw/ev_20251216.csv,https://opendata.transport.nsw.gov.au/data/dataset/be1c4de4-4517-4bd0-8a09-2965ddfc7179/resource/7bbb6461-e52d-4fe7-ace4-a15c30198de0/download/ev_20251216.csv,2026-09-06 00:51:11.506072+00:00
l_59a62645b60d7edd3a1e,r_b576779c76f18e7784b1,1484,AC,7.0,7.0,single,7 kW,data/raw/ev_20251216.csv,https://opendata.transport.nsw.gov.au/data/dataset/be1c4de4-4517-4bd0-8a09-2965ddfc7179/resource/7bbb6461-e52d-4fe7-ace4-a15c30198de0/download/ev_20251216.csv,2026-09-06 00:51:11.506072+00:00
l_398b0b9810e46cd06f59,r_f24df5f32279ab232df2,1485,AC,22.0,22.0,single,22 kW,data/raw/ev_20251216.csv,https://opendata.transport.nsw.gov.au/data/dataset/be1c4de4-4517-4bd0-8a09-2965ddfc7179/resource/7bbb6461-e52d-4fe7-ace4-a15c30198de0/download/ev_20251216.csv,2026-09-06 00:51:11.506072+00:00
l_dc330c3fbe293cf016ba,r_56f4634756c03a20e74a,1486,AC,7.0,7.0,single,7 kW,data/raw/ev_20251216.csv,https://opendata.transport.nsw.gov.au/data/dataset/be1c4de4-4517-4bd0-8a09-2965ddfc7179/resource/7bbb6461-e52d-4fe7-ace4-a15c30198de0/download/ev_20251216.csv,2026-09-06 00:51:11.506072+00:00
l_d2164e9017d058e1ff22,r_957c2e9784c4cdfaaae6,1487,DC,60.0,60.0,single,60 kW,data/raw/ev_20251216.csv,https://opendata.transport.nsw.gov.au/data/dataset/be1c4de4-4517-4bd0-8a09-2965ddfc7179/resource/7bbb6461-e52d-4fe7-ace4-a15c30198de0/download/ev_20251216.csv,2026-09-06 00:51:11.506072+00:00
l_f91453c5f8239954d8c8,r_52ec9dacdf1ca52a5897,1490,AC,7.0,7.0,single,7 kW,data/raw/ev_20251216.csv,https://opendata.transport.nsw.gov.au/data/dataset/be1c4de4-4517-4bd0-8a09-2965ddfc7179/resource/7bbb6461-e52d-4fe7-ace4-a15c30198de0/download/ev_20251216.csv,2026-09-06 00:51:11.506072+00:00
l_b53096b7a100da0280ad,r_e2fdf3a62e2e40dab094,1491,AC,7.0,7.0,single,7 kW,data/raw/ev_20251216.csv,https://opendata.transport.nsw.gov.au/data/dataset/be1c4de4-4517-4bd0-8a09-2965ddfc7179/resource/7bbb6461-e52d-4fe7-ace4-a15c30198de0/download/ev_20251216.csv,2026-09-06 00:51:11.506072+00:00
l_7bbf684bea2156102e9c,r_5cdff0532af2d4ca5444,1492,AC,22.0,22.0,single,22 kW,data/raw/ev_20251216.csv,https://opendata.transport.nsw.gov.au/data/dataset/be1c4de4-4517-4bd0-8a09-2965ddfc7179/resource/7bbb6461-e52d-4fe7-ace4-a15c30198de0/download/ev_20251216.csv,2026-09-06 00:51:11.506072+00:00
l_5a26884dcf239516ce6f,r_315ba627ed1b04c79d5f,1493,AC,22.0,22.0,single,22 kW,data/raw/ev_20251216.csv,https://opendata.transport.nsw.gov.au/data/dataset/be1c4de4-4517-4bd0-8a09-2965ddfc7179/resource/7bbb6461-e52d-4fe7-ace4-a15c30198de0/download/ev_20251216.csv,2026-09-06 00:51:11.506072+00:00
l_6787fe95c070304d927c,r_4e392ff735ff4d7a99a8,1494,AC,7.0,7.0,single,7 kW,data/raw/ev_20251216.csv,https://opendata.transport.nsw.gov.au/data/dataset/be1c4de4-4517-4bd0-8a09-2965ddfc7179/resource/7bbb6461-e52d-4fe7-ace4-a15c30198de0/download/ev_20251216.csv,2026-09-06 00:51:11.506072+00:00
l_632fb625f4f151273694,r_7c015c6976c2bde3a6c1,1499,AC,7.0,7.0,single,7 kW,data/raw/ev_20251216.csv,https://opendata.transport.nsw.gov.au/data/dataset/be1c4de4-4517-4bd0-8a09-2965ddfc7179/resource/7bbb6461-e52d-4fe7-ace4-a15c30198de0/download/ev_20251216.csv,2026-09-06 00:51:11.506072+00:00
l_87d6d791cca5f994f497,r_e02580ca0269a016476f,1500,AC,22.0,22.0,single,22 kW,data/raw/ev_20251216.csv,https://opendata.transport.nsw.gov.au/data/dataset/be1c4de4-4517-4bd0-8a09-2965ddfc7179/resource/7bbb6461-e52d-4fe7-ace4-a15c30198de0/download/ev_20251216.csv,2026-09-06 00:51:11.506072+00:00
l_71720f7538b7900fb193,r_cd8df4cbb20a61ea0b39,1501,AC,22.0,22.0,single,22 kW,data/raw/ev_20251216.csv,https://opendata.transport.nsw.gov.au/data/dataset/be1c4de4-4517-4bd0-8a09-2965ddfc7179/resource/7bbb6461-e52d-4fe7-ace4-a15c30198de0/download/ev_20251216.csv,2026-09-06 00:51:11.506072+00:00
l_78165f34858fc427b778,r_cee37083bfdfc47f3c06,1502,AC,22.0,22.0,single,22 kW,data/raw/ev_20251216.csv,https://opendata.transport.nsw.gov.au/data/dataset/be1c4de4-4517-4bd0-8a09-2965ddfc7179/resource/7bbb6461-e52d-4fe7-ace4-a15c30198de0/download/ev_20251216.csv,2026-09-06 00:51:11.506072+00:00
l_95f732573fe898dd77a1,r_dafadf00cca4ba8063f0,1503,AC,7.0,7.0,single,7 kW,data/raw/ev_20251216.csv,https://opendata.transport.nsw.gov.au/data/dataset/be1c4de4-4517-4bd0-8a09-2965ddfc7179/resource/7bbb6461-e52d-4fe7-ace4-a15c30198de0/download/ev_20251216.csv,2026-09-06 00:51:11.506072+00:00
l_54d92f90a822b84ea807,r_adad3a9b72d01b7e6920,1504,AC,22.0,22.0,single,22 kW,data/raw/ev_20251216.csv,https://opendata.transport.nsw.gov.au/data/dataset/be1c4de4-4517-4bd0-8a09-2965ddfc7179/resource/7bbb6461-e52d-4fe7-ace4-a15c30198de0/download/ev_20251216.csv,2026-09-06 00:51:11.506072+00:00
l_f3339b0acf0153caab4b,r_83007afa563b16c436b4,1505,AC,22.0,22.0,single,22 kW,data/raw/ev_20251216.csv,https://opendata.transport.nsw.gov.au/data/dataset/be1c4de4-4517-4bd0-8a09-2965ddfc7179/resource/7bbb6461-e52d-4fe7-ace4-a15c30198de0/download/ev_20251216.csv,2026-09-06 00:51:11.506072+00:00
l_068d1399893c432f0337,r_eb2d5963e749d8b1fadd,1506,AC,22.0,22.0,single,22 kW,data/raw/ev_20251216.csv,https://opendata.transport.nsw.gov.au/data/dataset/be1c4de4-4517-4bd0-8a09-2965ddfc7179/resource/7bbb6461-e52d-4fe7-ace4-a15c30198de0/download/ev_20251216.csv,2026-09-06 00:51:11.506072+00:00
l_ae8686aaa6fc8bf73954,r_242a283c13e78ad6753c,1508,AC,22.0,22.0,single,22 kW,data/raw/ev_20251216.csv,https://opendata.transport.nsw.gov.au/data/dataset/be1c4de4-4517-4bd0-8a09-2965ddfc7179/resource/7bbb6461-e52d-4fe7-ace4-a15c30198de0/download/ev_20251216.csv,2026-09-06 00:51:11.506072+00:00
l_1235bb7a38fb5f9bedf4,r_a1cfe0d14b6af6696fcc,1510,AC,22.0,22.0,single,22 kW,data/raw/ev_20251216.csv,https://opendata.transport.nsw.gov.au/data/dataset/be1c4de4-4517-4bd0-8a09-2965ddfc7179/resource/7bbb6461-e52d-4fe7-ace4-a15c30198de0/download/ev_20251216.csv,2026-09-06 00:51:11.506072+00:00
l_f464418bc0161f5e0002,r_ddcbf2de71237f4140c1,1513,AC,22.0,22.0,single,22 kW,data/raw/ev_20251216.csv,https://opendata.transport.nsw.gov.au/data/dataset/be1c4de4-4517-4bd0-8a09-2965ddfc7179/resource/7bbb6461-e52d-4fe7-ace4-a15c30198de0/download/ev_20251216.csv,2026-09-06 00:51:11.506072+00:00
l_ee8a147191e54d9a6aa4,r_f8761c0b7e639baf6de1,1514,AC,22.0,22.0,single,22 kW,data/raw/ev_20251216.csv,https://opendata.transport.nsw.gov.au/data/dataset/be1c4de4-4517-4bd0-8a09-2965ddfc7179/resource/7bbb6461-e52d-4fe7-ace4-a15c30198de0/download/ev_20251216.csv,2026-09-06 00:51:11.506072+00:00
l_65fe1bc32f172262e4d8,r_7a865562fd2a65354349,1517,AC,22.0,22.0,single,22 kW,data/raw/ev_20251216.csv,https://opendata.transport.nsw.gov.au/data/dataset/be1c4de4-4517-4bd0-8a09-2965ddfc7179/resource/7bbb6461-e52d-4fe7-ace4-a15c30198de0/download/ev_20251216.csv,2026-09-06 00:51:11.506072+00:00
l_5770ecb7c9c66dff6288,r_0ecb0c0dfc3db308af2b,1518,AC,22.0,22.0,single,22 kW,data/raw/ev_20251216.csv,https://opendata.transport.nsw.gov.au/data/dataset/be1c4de4-4517-4bd0-8a09-2965ddfc7179/resource/7bbb6461-e52d-4fe7-ace4-a15c30198de0/download/ev_20251216.csv,2026-09-06 00:51:11.506072+00:00
l_31282b7862f2f25d96c4,r_cdef7234beb418b7df35,1520,DC,175.0,175.0,single,175 kW,data/raw/ev_20251216.csv,https://opendata.transport.nsw.gov.au/data/dataset/be1c4de4-4517-4bd0-8a09-2965ddfc7179/resource/7bbb6461-e52d-4fe7-ace4-a15c30198de0/download/ev_20251216.csv,2026-09-06 00:51:11.506072+00:00
l_7177562b6915cb8a2294,r_df540c38e8db309760a8,1522,AC,22.0,22.0,single,22 kW,data/raw/ev_20251216.csv,https://opendata.transport.nsw.gov.au/data/dataset/be1c4de4-4517-4bd0-8a09-2965ddfc7179/resource/7bbb6461-e52d-4fe7-ace4-a15c30198de0/download/ev_20251216.csv,2026-09-06 00:51:11.506072+00:00
l_470cde0be437159d0029,r_57432368a2a011eef9f8,1523,AC,22.0,22.0,single,22 kW,data/raw/ev_20251216.csv,https://opendata.transport.nsw.gov.au/data/dataset/be1c4de4-4517-4bd0-8a09-2965ddfc7179/resource/7bbb6461-e52d-4fe7-ace4-a15c30198de0/download/ev_20251216.csv,2026-09-06 00:51:11.506072+00:00
l_c6e50e0548338070a865,r_a269b09e54d83c425156,1524,AC,22.0,22.0,single,22 kW,data/raw/ev_20251216.csv,https://opendata.transport.nsw.gov.au/data/dataset/be1c4de4-4517-4bd0-8a09-2965ddfc7179/resource/7bbb6461-e52d-4fe7-ace4-a15c30198de0/download/ev_20251216.csv,2026-09-06 00:51:11.506072+00:00
l_4397075d670cc490811e,r_5d9b4e722beda60a3846,1525,DC,175.0,175.0,single,175 kW,data/raw/ev_20251216.csv,https://opendata.transport.nsw.gov.au/data/dataset/be1c4de4-4517-4bd0-8a09-2965ddfc7179/resource/7bbb6461-e52d-4fe7-ace4-a15c30198de0/download/ev_20251216.csv,2026-09-06 00:51:11.506072+00:00
l_6aed0340389f402656b2,r_250504535681ca80f8b2,1526,AC,22.0,22.0,single,22 kW,data/raw/ev_20251216.csv,https://opendata.transport.nsw.gov.au/data/dataset/be1c4de4-4517-4bd0-8a09-2965ddfc7179/resource/7bbb6461-e52d-4fe7-ace4-a15c30198de0/download/ev_20251216.csv,2026-09-06 00:51:11.506072+00:00
l_cf2fd012b6b93bd68f29,r_414226d0528ed81a9d83,1528,DC,75.0,75.0,single,75 kW,data/raw/ev_20251216.csv,https://opendata.transport.nsw.gov.au/data/dataset/be1c4de4-4517-4bd0-8a09-2965ddfc7179/resource/7bbb6461-e52d-4fe7-ace4-a15c30198de0/download/ev_20251216.csv,2026-09-06 00:51:11.506072+00:00
l_af768c0bd187521a24b5,r_5dfacdee2cd3a7b1d4fe,1529,AC,7.0,7.0,single,7 kW,data/raw/ev_20251216.csv,https://opendata.transport.nsw.gov.au/data/dataset/be1c4de4-4517-4bd0-8a09-2965ddfc7179/resource/7bbb6461-e52d-4fe7-ace4-a15c30198de0/download/ev_20251216.csv,2026-09-06 00:51:11.506072+00:00
l_a0081802db332ca5f970,r_1c630137db40ecbbe5d0,1531,AC,22.0,22.0,single,22 kW,data/raw/ev_20251216.csv,https://opendata.transport.nsw.gov.au/data/dataset/be1c4de4-4517-4bd0-8a09-2965ddfc7179/resource/7bbb6461-e52d-4fe7-ace4-a15c30198de0/download/ev_20251216.csv,2026-09-06 00:51:11.506072+00:00
l_6d3a8d0f8000b777f236,r_61f47eac43f52dbad051,1532,AC,22.0,22.0,single,22 kW,data/raw/ev_20251216.csv,https://opendata.transport.nsw.gov.au/data/dataset/be1c4de4-4517-4bd0-8a09-2965ddfc7179/resource/7bbb6461-e52d-4fe7-ace4-a15c30198de0/download/ev_20251216.csv,2026-09-06 00:51:11.506072+00:00
l_5c83258c9054c496762b,r_6a73a10ef26532fcdf78,1534,AC,22.0,22.0,single,22 kW,data/raw/ev_20251216.csv,https://opendata.transport.nsw.gov.au/data/dataset/be1c4de4-4517-4bd0-8a09-2965ddfc7179/resource/7bbb6461-e52d-4fe7-ace4-a15c30198de0/download/ev_20251216.csv,2026-09-06 00:51:11.506072+00:00
l_d08083108f8098b3ab42,r_5d8aefcfd179e7c01f5f,1535,AC,22.0,22.0,single,22 kW,data/raw/ev_20251216.csv,https://opendata.transport.nsw.gov.au/data/dataset/be1c4de4-4517-4bd0-8a09-2965ddfc7179/resource/7bbb6461-e52d-4fe7-ace4-a15c30198de0/download/ev_20251216.csv,2026-09-06 00:51:11.506072+00:00
l_3e7e0fabeaa1b6f55deb,r_d217fd1632f49a9f7a08,1536,AC,22.0,22.0,single,22 kW,data/raw/ev_20251216.csv,https://opendata.transport.nsw.gov.au/data/dataset/be1c4de4-4517-4bd0-8a09-2965ddfc7179/resource/7bbb6461-e52d-4fe7-ace4-a15c30198de0/download/ev_20251216.csv,2026-09-06 00:51:11.506072+00:00
l_bd4a37daf500a2098918,r_c2b671f64ecc46fc6315,1537,AC,7.0,7.0,single,7 kW,data/raw/ev_20251216.csv,https://opendata.transport.nsw.gov.au/data/dataset/be1c4de4-4517-4bd0-8a09-2965ddfc7179/resource/7bbb6461-e52d-4fe7-ace4-a15c30198de0/download/ev_20251216.csv,2026-09-06 00:51:11.506072+00:00
l_cf5fd2e61bc9423988b6,r_9309aa6aff98583ac21a,1540,AC,22.0,22.0,single,22 kW,data/raw/ev_20251216.csv,https://opendata.transport.nsw.gov.au/data/dataset/be1c4de4-4517-4bd0-8a09-2965ddfc7179/resource/7bbb6461-e52d-4fe7-ace4-a15c30198de0/download/ev_20251216.csv,2026-09-06 00:51:11.506072+00:00
l_d43e4b7ccbb35ec21f5e,r_8e43c7ea645d3a2cfbf1,1543,AC,7.0,7.0,single,7 kW,data/raw/ev_20251216.csv,https://opendata.transport.nsw.gov.au/data/dataset/be1c4de4-4517-4bd0-8a09-2965ddfc7179/resource/7bbb6461-e52d-4fe7-ace4-a15c30198de0/download/ev_20251216.csv,2026-09-06 00:51:11.506072+00:00
l_3c8ce7392606c2865fec,r_5e0063edfa121022616e,1545,AC,22.0,22.0,single,22 kW,data/raw/ev_20251216.csv,https://opendata.transport.nsw.gov.au/data/dataset/be1c4de4-4517-4bd0-8a09-2965ddfc7179/resource/7bbb6461-e52d-4fe7-ace4-a15c30198de0/download/ev_20251216.csv,2026-09-06 00:51:11.506072+00:00
l_58b24d0889a4466e567b,r_875b56319127b394e615,1548,AC,7.0,7.0,single,7 kW,data/raw/ev_20251216.csv,https://opendata.transport.nsw.gov.au/data/dataset/be1c4de4-4517-4bd0-8a09-2965ddfc7179/resource/7bbb6461-e52d-4fe7-ace4-a15c30198de0/download/ev_20251216.csv,2026-09-06 00:51:11.506072+00:00
l_9bb5760457091e7e8d71,r_aa9630ad67d2a4e01de1,1549,DC,175.0,175.0,single,175 kW,data/raw/ev_20251216.csv,https://opendata.transport.nsw.gov.au/data/dataset/be1c4de4-4517-4bd0-8a09-2965ddfc7179/resource/7bbb6461-e52d-4fe7-ace4-a15c30198de0/download/ev_20251216.csv,2026-09-06 00:51:11.506072+00:00
l_4f2c2ac69e78ef659331,r_2e7f1c7e96a901fb4b08,1552,AC,22.0,22.0,single,22 kW,data/raw/ev_20251216.csv,https://opendata.transport.nsw.gov.au/data/dataset/be1c4de4-4517-4bd0-8a09-2965ddfc7179/resource/7bbb6461-e52d-4fe7-ace4-a15c30198de0/download/ev_20251216.csv,2026-09-06 00:51:11.506072+00:00
l_305162dd408194399a34,r_749cca2cc037d702fec4,1555,AC,22.0,22.0,single,22 kW,data/raw/ev_20251216.csv,https://opendata.transport.nsw.gov.au/data/dataset/be1c4de4-4517-4bd0-8a09-2965ddfc7179/resource/7bbb6461-e52d-4fe7-ace4-a15c30198de0/download/ev_20251216.csv,2026-09-06 00:51:11.506072+00:00
l_8c5c159947cdbcd047ca,r_97ba8219985b22318905,1558,AC,7.0,7.0,single,7 kW,data/raw/ev_20251216.csv,https://opendata.transport.nsw.gov.au/data/dataset/be1c4de4-4517-4bd0-8a09-2965ddfc7179/resource/7bbb6461-e52d-4fe7-ace4-a15c30198de0/download/ev_20251216.csv,2026-09-06 00:51:11.506072+00:00
l_5fc20065eb2541c94590,r_4be59958d3b0794536b1,1563,DC,175.0,175.0,single,175 kW,data/raw/ev_20251216.csv,https://opendata.transport.nsw.gov.au/data/dataset/be1c4de4-4517-4bd0-8a09-2965ddfc7179/resource/7bbb6461-e52d-4fe7-ace4-a15c30198de0/download/ev_20251216.csv,2026-09-06 00:51:11.506072+00:00
l_741d1717634bef221cb3,r_9b6537afd3eec8de81bf,1564,AC,22.0,22.0,single,22 kW,data/raw/ev_20251216.csv,https://opendata.transport.nsw.gov.au/data/dataset/be1c4de4-4517-4bd0-8a09-2965ddfc7179/resource/7bbb6461-e52d-4fe7-ace4-a15c30198de0/download/ev_20251216.csv,2026-09-06 00:51:11.506072+00:00
l_04198039f157ec10eea7,r_50392b73ec77634aa2ab,1565,DC,60.0,60.0,single,60 kW,data/raw/ev_20251216.csv,https://opendata.transport.nsw.gov.au/data/dataset/be1c4de4-4517-4bd0-8a09-2965ddfc7179/resource/7bbb6461-e52d-4fe7-ace4-a15c30198de0/download/ev_20251216.csv,2026-09-06 00:51:11.506072+00:00
l_4d0dcff3a3f0cac850b8,r_0eda849f14301ed0eb0a,1566,DC,175.0,175.0,single,175 kW,data/raw/ev_20251216.csv,https://opendata.transport.nsw.gov.au/data/dataset/be1c4de4-4517-4bd0-8a09-2965ddfc7179/resource/7bbb6461-e52d-4fe7-ace4-a15c30198de0/download/ev_20251216.csv,2026-09-06 00:51:11.506072+00:00
l_19e1ee1978bd9cc6be12,r_e6f246bc673a5b728c23,1569,DC,175.0,175.0,single,175 kW,data/raw/ev_20251216.csv,https://opendata.transport.nsw.gov.au/data/dataset/be1c4de4-4517-4bd0-8a09-2965ddfc7179/resource/7bbb6461-e52d-4fe7-ace4-a15c30198de0/download/ev_20251216.csv,2026-09-06 00:51:11.506072+00:00
l_d0ccabbee425053f0a80,r_146ba09d2a8407ef485a,1572,AC,22.0,22.0,single,22 kW,data/raw/ev_20251216.csv,https://opendata.transport.nsw.gov.au/data/dataset/be1c4de4-4517-4bd0-8a09-2965ddfc7179/resource/7bbb6461-e52d-4fe7-ace4-a15c30198de0/download/ev_20251216.csv,2026-09-06 00:51:11.506072+00:00
l_e0e5f67c02f28b6a837c,r_1e25bb2f2fd4d7ce5f62,1573,AC,22.0,22.0,single,22 kW,data/raw/ev_20251216.csv,https://opendata.transport.nsw.gov.au/data/dataset/be1c4de4-4517-4bd0-8a09-2965ddfc7179/resource/7bbb6461-e52d-4fe7-ace4-a15c30198de0/download/ev_20251216.csv,2026-09-06 00:51:11.506072+00:00
l_3d877e02513f424e9823,r_efd40ca6217b6a3142c6,1575,AC,22.0,22.0,single,22 kW,data/raw/ev_20251216.csv,https://opendata.transport.nsw.gov.au/data/dataset/be1c4de4-4517-4bd0-8a09-2965ddfc7179/resource/7bbb6461-e52d-4fe7-ace4-a15c30198de0/download/ev_20251216.csv,2026-09-06 00:51:11.506072+00:00
l_e3407e360e0aec5bd012,r_ff094be3c67487b5d012,1578,AC,7.0,7.0,single,7 kW,data/raw/ev_20251216.csv,https://opendata.transport.nsw.gov.au/data/dataset/be1c4de4-4517-4bd0-8a09-2965ddfc7179/resource/7bbb6461-e52d-4fe7-ace4-a15c30198de0/download/ev_20251216.csv,2026-09-06 00:51:11.506072+00:00
l_90edae6b2f8ff9925535,r_ac83440525269695de22,1580,AC,22.0,22.0,single,22 kW,data/raw/ev_20251216.csv,https://opendata.transport.nsw.gov.au/data/dataset/be1c4de4-4517-4bd0-8a09-2965ddfc7179/resource/7bbb6461-e52d-4fe7-ace4-a15c30198de0/download/ev_20251216.csv,2026-09-06 00:51:11.506072+00:00
l_b74861fcd404408096e2,r_7e2e6592958863a77d19,1581,AC,22.0,22.0,single,22 kW,data/raw/ev_20251216.csv,https://opendata.transport.nsw.gov.au/data/dataset/be1c4de4-4517-4bd0-8a09-2965ddfc7179/resource/7bbb6461-e52d-4fe7-ace4-a15c30198de0/download/ev_20251216.csv,2026-09-06 00:51:11.506072+00:00
l_a9017dc5ed82492a945b,r_5ec8583d4a6fa05f1f9e,1582,AC,22.0,22.0,single,22 kW,data/raw/ev_20251216.csv,https://opendata.transport.nsw.gov.au/data/dataset/be1c4de4-4517-4bd0-8a09-2965ddfc7179/resource/7bbb6461-e52d-4fe7-ace4-a15c30198de0/download/ev_20251216.csv,2026-09-06 00:51:11.506072+00:00
l_9805678ff4da6b1b1f08,r_99d8e75ddc4eb20eab60,1583,AC,22.0,22.0,single,22 kW,data/raw/ev_20251216.csv,https://opendata.transport.nsw.gov.au/data/dataset/be1c4de4-4517-4bd0-8a09-2965ddfc7179/resource/7bbb6461-e52d-4fe7-ace4-a15c30198de0/download/ev_20251216.csv,2026-09-06 00:51:11.506072+00:00
l_b2fa85462933559650ab,r_f7acd864927e5cd2d573,1584,AC,22.0,22.0,single,22 kW,data/raw/ev_20251216.csv,https://opendata.transport.nsw.gov.au/data/dataset/be1c4de4-4517-4bd0-8a09-2965ddfc7179/resource/7bbb6461-e52d-4fe7-ace4-a15c30198de0/download/ev_20251216.csv,2026-09-06 00:51:11.506072+00:00
l_1363ba4803a3bbce8e16,r_a106857eeb883acd1859,1585,AC,7.0,7.0,single,7 kW,data/raw/ev_20251216.csv,https://opendata.transport.nsw.gov.au/data/dataset/be1c4de4-4517-4bd0-8a09-2965ddfc7179/resource/7bbb6461-e52d-4fe7-ace4-a15c30198de0/download/ev_20251216.csv,2026-09-06 00:51:11.506072+00:00
l_e7d2239f8659c7caab21,r_55118398db4056d11011,1587,AC,22.0,22.0,single,22 kW,data/raw/ev_20251216.csv,https://opendata.transport.nsw.gov.au/data/dataset/be1c4de4-4517-4bd0-8a09-2965ddfc7179/resource/7bbb6461-e52d-4fe7-ace4-a15c30198de0/download/ev_20251216.csv,2026-09-06 00:51:11.506072+00:00
l_3ebe8f39b3f5179534ea,r_4000a705d7316e54d7d6,1588,AC,22.0,22.0,single,22 kW,data/raw/ev_20251216.csv,https://opendata.transport.nsw.gov.au/data/dataset/be1c4de4-4517-4bd0-8a09-2965ddfc7179/resource/7bbb6461-e52d-4fe7-ace4-a15c30198de0/download/ev_20251216.csv,2026-09-06 00:51:11.506072+00:00
l_64e016edfd9f5359e622,r_03ef651556f18c87f8a8,1589,AC,22.0,22.0,single,22 kW,data/raw/ev_20251216.csv,https://opendata.transport.nsw.gov.au/data/dataset/be1c4de4-4517-4bd0-8a09-2965ddfc7179/resource/7bbb6461-e52d-4fe7-ace4-a15c30198de0/download/ev_20251216.csv,2026-09-06 00:51:11.506072+00:00
l_b7fe3f1b0df812363b02,r_81b5f55ec4a59e05c8f2,1595,AC,22.0,22.0,single,22 kW,data/raw/ev_20251216.csv,https://opendata.transport.nsw.gov.au/data/dataset/be1c4de4-4517-4bd0-8a09-2965ddfc7179/resource/7bbb6461-e52d-4fe7-ace4-a15c30198de0/download/ev_20251216.csv,2026-09-06 00:51:11.506072+00:00
l_bba1dd5b47baa55637ba,r_9f523d2530a6d21808f1,1597,AC,22.0,22.0,single,22 kW,data/raw/ev_20251216.csv,https://opendata.transport.nsw.gov.au/data/dataset/be1c4de4-4517-4bd0-8a09-2965ddfc7179/resource/7bbb6461-e52d-4fe7-ace4-a15c30198de0/download/ev_20251216.csv,2026-09-06 00:51:11.506072+00:00
l_0632ac23a4b325ef608e,r_e77d56ba162b8156240b,1601,AC,22.0,22.0,single,22 kW,data/raw/ev_20251216.csv,https://opendata.transport.nsw.gov.au/data/dataset/be1c4de4-4517-4bd0-8a09-2965ddfc7179/resource/7bbb6461-e52d-4fe7-ace4-a15c30198de0/download/ev_20251216.csv,2026-09-06 00:51:11.506072+00:00
l_590d04866b4e4f791ef2,r_8d6b39b3b73a48fde1de,1602,AC,22.0,22.0,single,22 kW,data/raw/ev_20251216.csv,https://opendata.transport.nsw.gov.au/data/dataset/be1c4de4-4517-4bd0-8a09-2965ddfc7179/resource/7bbb6461-e52d-4fe7-ace4-a15c30198de0/download/ev_20251216.csv,2026-09-06 00:51:11.506072+00:00
l_451af58f6ec0c9ac167d,r_00583f1b54fd3eeb1b94,1608,AC,22.0,22.0,single,22 kW,data/raw/ev_20251216.csv,https://opendata.transport.nsw.gov.au/data/dataset/be1c4de4-4517-4bd0-8a09-2965ddfc7179/resource/7bbb6461-e52d-4fe7-ace4-a15c30198de0/download/ev_20251216.csv,2026-09-06 00:51:11.506072+00:00
l_f265ff547e202f9aa9de,r_a41f633bea496c50d63d,1609,AC,22.0,22.0,single,22 kW,data/raw/ev_20251216.csv,https://opendata.transport.nsw.gov.au/data/dataset/be1c4de4-4517-4bd0-8a09-2965ddfc7179/resource/7bbb6461-e52d-4fe7-ace4-a15c30198de0/download/ev_20251216.csv,2026-09-06 00:51:11.506072+00:00
l_8f9fbc225b48bae357ad,r_23da9ccd32a4588bc752,1610,AC,22.0,22.0,single,22 kW,data/raw/ev_20251216.csv,https://opendata.transport.nsw.gov.au/data/dataset/be1c4de4-4517-4bd0-8a09-2965ddfc7179/resource/7bbb6461-e52d-4fe7-ace4-a15c30198de0/download/ev_20251216.csv,2026-09-06 00:51:11.506072+00:00
l_9700cce27b27f22d7577,r_3d4dadbc316462f7415e,1611,AC,22.0,22.0,single,22 kW,data/raw/ev_20251216.csv,https://opendata.transport.nsw.gov.au/data/dataset/be1c4de4-4517-4bd0-8a09-2965ddfc7179/resource/7bbb6461-e52d-4fe7-ace4-a15c30198de0/download/ev_20251216.csv,2026-09-06 00:51:11.506072+00:00
l_b3db129d699719dc8d33,r_62b21fb4a10d2280a830,1614,AC,22.0,22.0,single,22 kW,data/raw/ev_20251216.csv,https://opendata.transport.nsw.gov.au/data/dataset/be1c4de4-4517-4bd0-8a09-2965ddfc7179/resource/7bbb6461-e52d-4fe7-ace4-a15c30198de0/download/ev_20251216.csv,2026-09-06 00:51:11.506072+00:00
l_865e149e2abf4c05c985,r_be32b9f05eba82bad267,1616,AC,7.0,7.0,single,7 kW,data/raw/ev_20251216.csv,https://opendata.transport.nsw.gov.au/data/dataset/be1c4de4-4517-4bd0-8a09-2965ddfc7179/resource/7bbb6461-e52d-4fe7-ace4-a15c30198de0/download/ev_20251216.csv,2026-09-06 00:51:11.506072+00:00
l_66c13f282b07320e4550,r_8af16f5ac8101a69ee69,1617,AC,7.0,7.0,single,7 kW,data/raw/ev_20251216.csv,https://opendata.transport.nsw.gov.au/data/dataset/be1c4de4-4517-4bd0-8a09-2965ddfc7179/resource/7bbb6461-e52d-4fe7-ace4-a15c30198de0/download/ev_20251216.csv,2026-09-06 00:51:11.506072+00:00
l_bde02e32d7c60cadad9c,r_257b4084989046469227,1619,AC,22.0,22.0,single,22 kW,data/raw/ev_20251216.csv,https://opendata.transport.nsw.gov.au/data/dataset/be1c4de4-4517-4bd0-8a09-2965ddfc7179/resource/7bbb6461-e52d-4fe7-ace4-a15c30198de0/download/ev_20251216.csv,2026-09-06 00:51:11.506072+00:00
l_05d14a6431afef13c07c,r_2de8112d918bc8ace5e3,1620,AC,22.0,22.0,single,22 kW,data/raw/ev_20251216.csv,https://opendata.transport.nsw.gov.au/data/dataset/be1c4de4-4517-4bd0-8a09-2965ddfc7179/resource/7bbb6461-e52d-4fe7-ace4-a15c30198de0/download/ev_20251216.csv,2026-09-06 00:51:11.506072+00:00
l_2e7bbef707f787aa0f02,r_c377872663dced219747,1621,AC,22.0,22.0,single,22 kW,data/raw/ev_20251216.csv,https://opendata.transport.nsw.gov.au/data/dataset/be1c4de4-4517-4bd0-8a09-2965ddfc7179/resource/7bbb6461-e52d-4fe7-ace4-a15c30198de0/download/ev_20251216.csv,2026-09-06 00:51:11.506072+00:00
l_e763114ff0904476bad0,r_77604fbebf4960229124,1622,AC,7.0,7.0,single,7 kW,data/raw/ev_20251216.csv,https://opendata.transport.nsw.gov.au/data/dataset/be1c4de4-4517-4bd0-8a09-2965ddfc7179/resource/7bbb6461-e52d-4fe7-ace4-a15c30198de0/download/ev_20251216.csv,2026-09-06 00:51:11.506072+00:00
l_1995e1a6c4976cfbee6d,r_02aa688be8e2aaa6fb22,1623,DC,75.0,75.0,single,75 kW,data/raw/ev_20251216.csv,https://opendata.transport.nsw.gov.au/data/dataset/be1c4de4-4517-4bd0-8a09-2965ddfc7179/resource/7bbb6461-e52d-4fe7-ace4-a15c30198de0/download/ev_20251216.csv,2026-09-06 00:51:11.506072+00:00
l_c43bdad53a3fb6ea9c8f,r_3aa757723d1c5f4089d3,1624,AC,22.0,22.0,single,22 kW,data/raw/ev_20251216.csv,https://opendata.transport.nsw.gov.au/data/dataset/be1c4de4-4517-4bd0-8a09-2965ddfc7179/resource/7bbb6461-e52d-4fe7-ace4-a15c30198de0/download/ev_20251216.csv,2026-09-06 00:51:11.506072+00:00
l_673089b8205c8ce1b46d,r_ac3748873cb7a8baa2c5,1629,DC,50.0,50.0,single,50 kW,data/raw/ev_20251216.csv,https://opendata.transport.nsw.gov.au/data/dataset/be1c4de4-4517-4bd0-8a09-2965ddfc7179/resource/7bbb6461-e52d-4fe7-ace4-a15c30198de0/download/ev_20251216.csv,2026-09-06 00:51:11.506072+00:00
l_3837f3ffd66cb7c0a1db,r_5e2d5af5a88618777099,1630,AC,22.0,22.0,single,22 kW,data/raw/ev_20251216.csv,https://opendata.transport.nsw.gov.au/data/dataset/be1c4de4-4517-4bd0-8a09-2965ddfc7179/resource/7bbb6461-e52d-4fe7-ace4-a15c30198de0/download/ev_20251216.csv,2026-09-06 00:51:11.506072+00:00
l_fa63169954991ddc5f09,r_6abbfd6c0aed65fbb42d,1632,AC,22.0,22.0,single,22 kW,data/raw/ev_20251216.csv,https://opendata.transport.nsw.gov.au/data/dataset/be1c4de4-4517-4bd0-8a09-2965ddfc7179/resource/7bbb6461-e52d-4fe7-ace4-a15c30198de0/download/ev_20251216.csv,2026-09-06 00:51:11.506072+00:00
l_df304c7cb30586f66cfd,r_e8ea5f0fcfd077929751,1635,DC,175.0,175.0,single,175 kW,data/raw/ev_20251216.csv,https://opendata.transport.nsw.gov.au/data/dataset/be1c4de4-4517-4bd0-8a09-2965ddfc7179/resource/7bbb6461-e52d-4fe7-ace4-a15c30198de0/download/ev_20251216.csv,2026-09-06 00:51:11.506072+00:00
l_970681e29b1e033f434b,r_439af92803f38c8a7782,1638,AC,22.0,22.0,single,22 kW,data/raw/ev_20251216.csv,https://opendata.transport.nsw.gov.au/data/dataset/be1c4de4-4517-4bd0-8a09-2965ddfc7179/resource/7bbb6461-e52d-4fe7-ace4-a15c30198de0/download/ev_20251216.csv,2026-09-06 00:51:11.506072+00:00
l_f1d1eb07fd810d8f5113,r_c62c94b94fcf6859174d,1640,AC,22.0,22.0,single,22 kW,data/raw/ev_20251216.csv,https://opendata.transport.nsw.gov.au/data/dataset/be1c4de4-4517-4bd0-8a09-2965ddfc7179/resource/7bbb6461-e52d-4fe7-ace4-a15c30198de0/download/ev_20251216.csv,2026-09-06 00:51:11.506072+00:00
l_cfedb7369b2a36a10e3c,r_e6e9672f868b83d76b43,1641,AC,22.0,22.0,single,22 kW,data/raw/ev_20251216.csv,https://opendata.transport.nsw.gov.au/data/dataset/be1c4de4-4517-4bd0-8a09-2965ddfc7179/resource/7bbb6461-e52d-4fe7-ace4-a15c30198de0/download/ev_20251216.csv,2026-09-06 00:51:11.506072+00:00
l_6589d1203603f797c3c2,r_7a5823ae1eddc357d74d,1643,AC,7.0,7.0,single,7 kW,data/raw/ev_20251216.csv,https://opendata.transport.nsw.gov.au/data/dataset/be1c4de4-4517-4bd0-8a09-2965ddfc7179/resource/7bbb6461-e52d-4fe7-ace4-a15c30198de0/download/ev_20251216.csv,2026-09-06 00:51:11.506072+00:00
l_49950ef9329276e421f5,r_41ced0b674c0ac371ce1,1644,AC,22.0,22.0,single,22 kW,data/raw/ev_20251216.csv,https://opendata.transport.nsw.gov.au/data/dataset/be1c4de4-4517-4bd0-8a09-2965ddfc7179/resource/7bbb6461-e52d-4fe7-ace4-a15c30198de0/download/ev_20251216.csv,2026-09-06 00:51:11.506072+00:00
l_c9dcca45557accc7fdbf,r_05eec57ac1ed9576976c,1645,AC,7.0,7.0,single,7 kW,data/raw/ev_20251216.csv,https://opendata.transport.nsw.gov.au/data/dataset/be1c4de4-4517-4bd0-8a09-2965ddfc7179/resource/7bbb6461-e52d-4fe7-ace4-a15c30198de0/download/ev_20251216.csv,2026-09-06 00:51:11.506072+00:00
l_d667a480d19d6ac64260,r_4dd02fbffc918dcb47eb,1646,AC,22.0,22.0,single,22 kW,data/raw/ev_20251216.csv,https://opendata.transport.nsw.gov.au/data/dataset/be1c4de4-4517-4bd0-8a09-2965ddfc7179/resource/7bbb6461-e52d-4fe7-ace4-a15c30198de0/download/ev_20251216.csv,2026-09-06 00:51:11.506072+00:00
l_8879d79a26f0cf5f31a4,r_a3951e796506d8b06ad7,1647,AC,22.0,22.0,single,22 kW,data/raw/ev_20251216.csv,https://opendata.transport.nsw.gov.au/data/dataset/be1c4de4-4517-4bd0-8a09-2965ddfc7179/resource/7bbb6461-e52d-4fe7-ace4-a15c30198de0/download/ev_20251216.csv,2026-09-06 00:51:11.506072+00:00
l_fd1c645a4c6adad04f5b,r_64634beccda9e767eb6c,1648,DC,75.0,75.0,single,75 kW,data/raw/ev_20251216.csv,https://opendata.transport.nsw.gov.au/data/dataset/be1c4de4-4517-4bd0-8a09-2965ddfc7179/resource/7bbb6461-e52d-4fe7-ace4-a15c30198de0/download/ev_20251216.csv,2026-09-06 00:51:11.506072+00:00
l_1993b1e9d427ca65363a,r_4eb8e3293ade4b226437,1649,AC,22.0,22.0,single,22 kW,data/raw/ev_20251216.csv,https://opendata.transport.nsw.gov.au/data/dataset/be1c4de4-4517-4bd0-8a09-2965ddfc7179/resource/7bbb6461-e52d-4fe7-ace4-a15c30198de0/download/ev_20251216.csv,2026-09-06 00:51:11.506072+00:00
l_5b283226ae23613e9f45,r_2f1990b6d07812bfd135,1651,AC,22.0,22.0,single,22 kW,data/raw/ev_20251216.csv,https://opendata.transport.nsw.gov.au/data/dataset/be1c4de4-4517-4bd0-8a09-2965ddfc7179/resource/7bbb6461-e52d-4fe7-ace4-a15c30198de0/download/ev_20251216.csv,2026-09-06 00:51:11.506072+00:00
l_e912b9efa6db6c893aa0,r_fa4e1a40e729be9b2d66,1652,AC,22.0,22.0,single,22 kW,data/raw/ev_20251216.csv,https://opendata.transport.nsw.gov.au/data/dataset/be1c4de4-4517-4bd0-8a09-2965ddfc7179/resource/7bbb6461-e52d-4fe7-ace4-a15c30198de0/download/ev_20251216.csv,2026-09-06 00:51:11.506072+00:00
l_56a10fe75efcfa0bb244,r_93e5b3bcb966393e9406,1653,AC,22.0,22.0,single,22 kW,data/raw/ev_20251216.csv,https://opendata.transport.nsw.gov.au/data/dataset/be1c4de4-4517-4bd0-8a09-2965ddfc7179/resource/7bbb6461-e52d-4fe7-ace4-a15c30198de0/download/ev_20251216.csv,2026-09-06 00:51:11.506072+00:00
l_6846d447591a6d0434e6,r_037a8e833674b10415f4,1654,AC,22.0,22.0,single,22 kW,data/raw/ev_20251216.csv,https://opendata.transport.nsw.gov.au/data/dataset/be1c4de4-4517-4bd0-8a09-2965ddfc7179/resource/7bbb6461-e52d-4fe7-ace4-a15c30198de0/download/ev_20251216.csv,2026-09-06 00:51:11.506072+00:00
l_9aa3a2f47fd3c7772fd7,r_a50c411e38c7c1ea6420,1658,DC,175.0,175.0,single,175 kW,data/raw/ev_20251216.csv,https://opendata.transport.nsw.gov.au/data/dataset/be1c4de4-4517-4bd0-8a09-2965ddfc7179/resource/7bbb6461-e52d-4fe7-ace4-a15c30198de0/download/ev_20251216.csv,2026-09-06 00:51:11.506072+00:00
l_29a2f66231fb8a694eba,r_b2a7a219ca1ee17f9825,1660,AC,22.0,22.0,single,22 kW,data/raw/ev_20251216.csv,https://opendata.transport.nsw.gov.au/data/dataset/be1c4de4-4517-4bd0-8a09-2965ddfc7179/resource/7bbb6461-e52d-4fe7-ace4-a15c30198de0/download/ev_20251216.csv,2026-09-06 00:51:11.506072+00:00
l_3bde63502eff00cefb64,r_b90af6d7e2184137dd15,1662,AC,22.0,22.0,single,22 kW,data/raw/ev_20251216.csv,https://opendata.transport.nsw.gov.au/data/dataset/be1c4de4-4517-4bd0-8a09-2965ddfc7179/resource/7bbb6461-e52d-4fe7-ace4-a15c30198de0/download/ev_20251216.csv,2026-09-06 00:51:11.506072+00:00
l_5dae0158cc8b537ba75b,r_d4d1f707c42e54e68ba0,1665,AC,22.0,22.0,single,22 kW,data/raw/ev_20251216.csv,https://opendata.transport.nsw.gov.au/data/dataset/be1c4de4-4517-4bd0-8a09-2965ddfc7179/resource/7bbb6461-e52d-4fe7-ace4-a15c30198de0/download/ev_20251216.csv,2026-09-06 00:51:11.506072+00:00
l_ee2c88f74b94c4c99ce2,r_10b954d68513027bbc7a,1666,AC,22.0,22.0,single,22 kW,data/raw/ev_20251216.csv,https://opendata.transport.nsw.gov.au/data/dataset/be1c4de4-4517-4bd0-8a09-2965ddfc7179/resource/7bbb6461-e52d-4fe7-ace4-a15c30198de0/download/ev_20251216.csv,2026-09-06 00:51:11.506072+00:00
l_18474834ae314570e032,r_4f6a52ce43727dae7137,1667,AC,22.0,22.0,single,22 kW,data/raw/ev_20251216.csv,https://opendata.transport.nsw.gov.au/data/dataset/be1c4de4-4517-4bd0-8a09-2965ddfc7179/resource/7bbb6461-e52d-4fe7-ace4-a15c30198de0/download/ev_20251216.csv,2026-09-06 00:51:11.506072+00:00
l_17f908982cce1c898a43,r_dc16d6867a7372bb651f,1670,DC,175.0,175.0,single,175 kW,data/raw/ev_20251216.csv,https://opendata.transport.nsw.gov.au/data/dataset/be1c4de4-4517-4bd0-8a09-2965ddfc7179/resource/7bbb6461-e52d-4fe7-ace4-a15c30198de0/download/ev_20251216.csv,2026-09-06 00:51:11.506072+00:00
l_defb9614142ce2cb8a69,r_7739ae3f7fdd4ad69ec4,1673,AC,22.0,22.0,single,22 kW,data/raw/ev_20251216.csv,https://opendata.transport.nsw.gov.au/data/dataset/be1c4de4-4517-4bd0-8a09-2965ddfc7179/resource/7bbb6461-e52d-4fe7-ace4-a15c30198de0/download/ev_20251216.csv,2026-09-06 00:51:11.506072+00:00
l_5c13ea0a9b82151ef235,r_dd6c810d7f9c3c0a1ff7,1679,DC,175.0,175.0,single,175 kW,data/raw/ev_20251216.csv,https://opendata.transport.nsw.gov.au/data/dataset/be1c4de4-4517-4bd0-8a09-2965ddfc7179/resource/7bbb6461-e52d-4fe7-ace4-a15c30198de0/download/ev_20251216.csv,2026-09-06 00:51:11.506072+00:00
l_64fd9f1973b53f7dad68,r_a19bf62a34b55d2d6ad9,1680,AC,22.0,22.0,single,22 kW,data/raw/ev_20251216.csv,https://opendata.transport.nsw.gov.au/data/dataset/be1c4de4-4517-4bd0-8a09-2965ddfc7179/resource/7bbb6461-e52d-4fe7-ace4-a15c30198de0/download/ev_20251216.csv,2026-09-06 00:51:11.506072+00:00
l_4f92f6c255136d562354,r_69e3208ab97264c308db,1681,AC,22.0,22.0,single,22 kW,data/raw/ev_20251216.csv,https://opendata.transport.nsw.gov.au/data/dataset/be1c4de4-4517-4bd0-8a09-2965ddfc7179/resource/7bbb6461-e52d-4fe7-ace4-a15c30198de0/download/ev_20251216.csv,2026-09-06 00:51:11.506072+00:00
l_48a68ba9e101e73f1821,r_ee4ccd8f3a0be40b25c8,1684,AC,22.0,22.0,single,22 kW,data/raw/ev_20251216.csv,https://opendata.transport.nsw.gov.au/data/dataset/be1c4de4-4517-4bd0-8a09-2965ddfc7179/resource/7bbb6461-e52d-4fe7-ace4-a15c30198de0/download/ev_20251216.csv,2026-09-06 00:51:11.506072+00:00
l_8f7c4187c4cd065f7569,r_02f4ce928503b4f8398a,1685,AC,22.0,22.0,single,22 kW,data/raw/ev_20251216.csv,https://opendata.transport.nsw.gov.au/data/dataset/be1c4de4-4517-4bd0-8a09-2965ddfc7179/resource/7bbb6461-e52d-4fe7-ace4-a15c30198de0/download/ev_20251216.csv,2026-09-06 00:51:11.506072+00:00
l_545ce1fb21a9cf76bfd1,r_44192793681992026f34,1689,DC,175.0,175.0,single,175 kW,data/raw/ev_20251216.csv,https://opendata.transport.nsw.gov.au/data/dataset/be1c4de4-4517-4bd0-8a09-2965ddfc7179/resource/7bbb6461-e52d-4fe7-ace4-a15c30198de0/download/ev_20251216.csv,2026-09-06 00:51:11.506072+00:00
l_78d08871d74395d05c34,r_9374c9b8bd2743e44c1a,1694,AC,22.0,22.0,single,22 kW,data/raw/ev_20251216.csv,https://opendata.transport.nsw.gov.au/data/dataset/be1c4de4-4517-4bd0-8a09-2965ddfc7179/resource/7bbb6461-e52d-4fe7-ace4-a15c30198de0/download/ev_20251216.csv,2026-09-06 00:51:11.506072+00:00
l_07ac1a7d9397d492a212,r_eddc8185bdc8c8b14bbb,1695,AC,22.0,22.0,single,22 kW,data/raw/ev_20251216.csv,https://opendata.transport.nsw.gov.au/data/dataset/be1c4de4-4517-4bd0-8a09-2965ddfc7179/resource/7bbb6461-e52d-4fe7-ace4-a15c30198de0/download/ev_20251216.csv,2026-09-06 00:51:11.506072+00:00
l_f5f3139072cce175987c,r_d2860a906c37ec92a27f,1696,DC,60.0,60.0,single,60 kW,data/raw/ev_20251216.csv,https://opendata.transport.nsw.gov.au/data/dataset/be1c4de4-4517-4bd0-8a09-2965ddfc7179/resource/7bbb6461-e52d-4fe7-ace4-a15c30198de0/download/ev_20251216.csv,2026-09-06 00:51:11.506072+00:00
l_fc501c5b9a4e95cde768,r_f55d1de6718d580f78fa,1697,AC,7.0,7.0,single,7 kW,data/raw/ev_20251216.csv,https://opendata.transport.nsw.gov.au/data/dataset/be1c4de4-4517-4bd0-8a09-2965ddfc7179/resource/7bbb6461-e52d-4fe7-ace4-a15c30198de0/download/ev_20251216.csv,2026-09-06 00:51:11.506072+00:00
l_b9f7ba39ac4cfe799425,r_ff60441c9dab4fb80eea,1698,AC,22.0,22.0,single,22 kW,data/raw/ev_20251216.csv,https://opendata.transport.nsw.gov.au/data/dataset/be1c4de4-4517-4bd0-8a09-2965ddfc7179/resource/7bbb6461-e52d-4fe7-ace4-a15c30198de0/download/ev_20251216.csv,2026-09-06 00:51:11.506072+00:00
l_fc6e53d34a4135bb6a18,r_78e57811ea14570881ad,1700,DC,175.0,175.0,single,175 kW,data/raw/ev_20251216.csv,https://opendata.transport.nsw.gov.au/data/dataset/be1c4de4-4517-4bd0-8a09-2965ddfc7179/resource/7bbb6461-e52d-4fe7-ace4-a15c30198de0/download/ev_20251216.csv,2026-09-06 00:51:11.506072+00:00
l_0b9879e8ee6c79d58b58,r_b7150820cb1124a07585,1701,AC,22.0,22.0,single,22 kW,data/raw/ev_20251216.csv,https://opendata.transport.nsw.gov.au/data/dataset/be1c4de4-4517-4bd0-8a09-2965ddfc7179/resource/7bbb6461-e52d-4fe7-ace4-a15c30198de0/download/ev_20251216.csv,2026-09-06 00:51:11.506072+00:00
l_2fff288d38e3cd398366,r_71a9cc79014436edaeda,1703,DC,50.0,50.0,single,50 kW,data/raw/ev_20251216.csv,https://opendata.transport.nsw.gov.au/data/dataset/be1c4de4-4517-4bd0-8a09-2965ddfc7179/resource/7bbb6461-e52d-4fe7-ace4-a15c30198de0/download/ev_20251216.csv,2026-09-06 00:51:11.506072+00:00
l_72d7361671dbff3039bd,r_069fa4828c05a6125fb4,1705,AC,7.0,7.0,single,7 kW,data/raw/ev_20251216.csv,https://opendata.transport.nsw.gov.au/data/dataset/be1c4de4-4517-4bd0-8a09-2965ddfc7179/resource/7bbb6461-e52d-4fe7-ace4-a15c30198de0/download/ev_20251216.csv,2026-09-06 00:51:11.506072+00:00
l_62d5f34984c841c2f5b3,r_c91de78924ffe2db9391,1709,DC,175.0,175.0,single,175 kW,data/raw/ev_20251216.csv,https://opendata.transport.nsw.gov.au/data/dataset/be1c4de4-4517-4bd0-8a09-2965ddfc7179/resource/7bbb6461-e52d-4fe7-ace4-a15c30198de0/download/ev_20251216.csv,2026-09-06 00:51:11.506072+00:00
l_2a84bd360ea3fa78f784,r_b8849ef769b7c91abce5,1711,DC,175.0,175.0,single,175 kW,data/raw/ev_20251216.csv,https://opendata.transport.nsw.gov.au/data/dataset/be1c4de4-4517-4bd0-8a09-2965ddfc7179/resource/7bbb6461-e52d-4fe7-ace4-a15c30198de0/download/ev_20251216.csv,2026-09-06 00:51:11.506072+00:00
l_77955739e444d8f7deed,r_e4849030142785534dae,1715,AC,22.0,22.0,single,22 kW,data/raw/ev_20251216.csv,https://opendata.transport.nsw.gov.au/data/dataset/be1c4de4-4517-4bd0-8a09-2965ddfc7179/resource/7bbb6461-e52d-4fe7-ace4-a15c30198de0/download/ev_20251216.csv,2026-09-06 00:51:11.506072+00:00
l_e896f32bcca160e93b87,r_9f4ee68a790887597eda,1717,AC,22.0,22.0,single,22 kW,data/raw/ev_20251216.csv,https://opendata.transport.nsw.gov.au/data/dataset/be1c4de4-4517-4bd0-8a09-2965ddfc7179/resource/7bbb6461-e52d-4fe7-ace4-a15c30198de0/download/ev_20251216.csv,2026-09-06 00:51:11.506072+00:00
l_85a8cfb4b69117c90a87,r_584f0716616e24ceb1eb,1718,AC,22.0,22.0,single,22 kW,data/raw/ev_20251216.csv,https://opendata.transport.nsw.gov.au/data/dataset/be1c4de4-4517-4bd0-8a09-2965ddfc7179/resource/7bbb6461-e52d-4fe7-ace4-a15c30198de0/download/ev_20251216.csv,2026-09-06 00:51:11.506072+00:00
l_1c7fcbf725de8ea9ae41,r_111e709f84ddf96d0ec3,1719,DC,175.0,175.0,single,175 kW,data/raw/ev_20251216.csv,https://opendata.transport.nsw.gov.au/data/dataset/be1c4de4-4517-4bd0-8a09-2965ddfc7179/resource/7bbb6461-e52d-4fe7-ace4-a15c30198de0/download/ev_20251216.csv,2026-09-06 00:51:11.506072+00:00
l_fca5756c31bf279c79e2,r_83adde345908446014d1,1720,DC,175.0,175.0,single,175 kW,data/raw/ev_20251216.csv,https://opendata.transport.nsw.gov.au/data/dataset/be1c4de4-4517-4bd0-8a09-2965ddfc7179/resource/7bbb6461-e52d-4fe7-ace4-a15c30198de0/download/ev_20251216.csv,2026-09-06 00:51:11.506072+00:00
l_3df023a39200b264b31b,r_8653f5ab78b474dca49d,1722,AC,7.0,7.0,single,7 kW,data/raw/ev_20251216.csv,https://opendata.transport.nsw.gov.au/data/dataset/be1c4de4-4517-4bd0-8a09-2965ddfc7179/resource/7bbb6461-e52d-4fe7-ace4-a15c30198de0/download/ev_20251216.csv,2026-09-06 00:51:11.506072+00:00
l_676e925031a605f309a5,r_774baec299bcc17cfe80,1724,DC,75.0,75.0,single,75 kW,data/raw/ev_20251216.csv,https://opendata.transport.nsw.gov.au/data/dataset/be1c4de4-4517-4bd0-8a09-2965ddfc7179/resource/7bbb6461-e52d-4fe7-ace4-a15c30198de0/download/ev_20251216.csv,2026-09-06 00:51:11.506072+00:00
l_ef00858d5d74aa194046,r_18d1cc81bb29a9c5aee4,1725,AC,22.0,22.0,single,22 kW,data/raw/ev_20251216.csv,https://opendata.transport.nsw.gov.au/data/dataset/be1c4de4-4517-4bd0-8a09-2965ddfc7179/resource/7bbb6461-e52d-4fe7-ace4-a15c30198de0/download/ev_20251216.csv,2026-09-06 00:51:11.506072+00:00
l_ecec756f8d88436d6c32,r_2744df26ff6013f8aed1,1726,AC,22.0,22.0,single,22 kW,data/raw/ev_20251216.csv,https://opendata.transport.nsw.gov.au/data/dataset/be1c4de4-4517-4bd0-8a09-2965ddfc7179/resource/7bbb6461-e52d-4fe7-ace4-a15c30198de0/download/ev_20251216.csv,2026-09-06 00:51:11.506072+00:00
l_f7df5d60b78a8a406a4c,r_235867f3bb23d1a7899a,1727,AC,7.0,7.0,single,7 kW,data/raw/ev_20251216.csv,https://opendata.transport.nsw.gov.au/data/dataset/be1c4de4-4517-4bd0-8a09-2965ddfc7179/resource/7bbb6461-e52d-4fe7-ace4-a15c30198de0/download/ev_20251216.csv,2026-09-06 00:51:11.506072+00:00
l_209da7810ed6c4b51036,r_0d42b99f125694550a25,1728,AC,22.0,22.0,single,22 kW,data/raw/ev_20251216.csv,https://opendata.transport.nsw.gov.au/data/dataset/be1c4de4-4517-4bd0-8a09-2965ddfc7179/resource/7bbb6461-e52d-4fe7-ace4-a15c30198de0/download/ev_20251216.csv,2026-09-06 00:51:11.506072+00:00
l_9e0fcf03e9e1c1c1e17f,r_9c5ea9c7d7abd2294563,1729,AC,20.0,20.0,single,20 kW,data/raw/ev_20251216.csv,https://opendata.transport.nsw.gov.au/data/dataset/be1c4de4-4517-4bd0-8a09-2965ddfc7179/resource/7bbb6461-e52d-4fe7-ace4-a15c30198de0/download/ev_20251216.csv,2026-09-06 00:51:11.506072+00:00
l_c6cb7af5523e22d2037c,r_d3700442479854c9cff3,1730,AC,22.0,22.0,single,22 kW,data/raw/ev_20251216.csv,https://opendata.transport.nsw.gov.au/data/dataset/be1c4de4-4517-4bd0-8a09-2965ddfc7179/resource/7bbb6461-e52d-4fe7-ace4-a15c30198de0/download/ev_20251216.csv,2026-09-06 00:51:11.506072+00:00
l_e889be038aab17516592,r_7291d0c417b149145a0e,1733,AC,7.0,7.0,single,7 kW,data/raw/ev_20251216.csv,https://opendata.transport.nsw.gov.au/data/dataset/be1c4de4-4517-4bd0-8a09-2965ddfc7179/resource/7bbb6461-e52d-4fe7-ace4-a15c30198de0/download/ev_20251216.csv,2026-09-06 00:51:11.506072+00:00
l_79d7b42ffa3ce65c6c83,r_8574ab101369b04e3e52,1735,DC,75.0,75.0,single,75 kW,data/raw/ev_20251216.csv,https://opendata.transport.nsw.gov.au/data/dataset/be1c4de4-4517-4bd0-8a09-2965ddfc7179/resource/7bbb6461-e52d-4fe7-ace4-a15c30198de0/download/ev_20251216.csv,2026-09-06 00:51:11.506072+00:00
l_f909b8b3e580d24e3401,r_2c709e28968b584da8b1,1736,AC,22.0,22.0,single,22 kW,data/raw/ev_20251216.csv,https://opendata.transport.nsw.gov.au/data/dataset/be1c4de4-4517-4bd0-8a09-2965ddfc7179/resource/7bbb6461-e52d-4fe7-ace4-a15c30198de0/download/ev_20251216.csv,2026-09-06 00:51:11.506072+00:00
l_53fcdcd078b646523307,r_71123910b4629d6c8953,1738,AC,7.0,7.0,single,7 kW,data/raw/ev_20251216.csv,https://opendata.transport.nsw.gov.au/data/dataset/be1c4de4-4517-4bd0-8a09-2965ddfc7179/resource/7bbb6461-e52d-4fe7-ace4-a15c30198de0/download/ev_20251216.csv,2026-09-06 00:51:11.506072+00:00
l_c641fd47f22268982106,r_43867aa852e079b41e69,1739,AC,22.0,22.0,single,22 kW,data/raw/ev_20251216.csv,https://opendata.transport.nsw.gov.au/data/dataset/be1c4de4-4517-4bd0-8a09-2965ddfc7179/resource/7bbb6461-e52d-4fe7-ace4-a15c30198de0/download/ev_20251216.csv,2026-09-06 00:51:11.506072+00:00
l_2a8bce0f20868afb7c89,r_5f86b0a1e59724868717,1741,AC,22.0,22.0,single,22 kW,data/raw/ev_20251216.csv,https://opendata.transport.nsw.gov.au/data/dataset/be1c4de4-4517-4bd0-8a09-2965ddfc7179/resource/7bbb6461-e52d-4fe7-ace4-a15c30198de0/download/ev_20251216.csv,2026-09-06 00:51:11.506072+00:00
l_96c745c3f95f444c2914,r_9e59feb5c2b387e92904,1742,DC,175.0,175.0,single,175 kW,data/raw/ev_20251216.csv,https://opendata.transport.nsw.gov.au/data/dataset/be1c4de4-4517-4bd0-8a09-2965ddfc7179/resource/7bbb6461-e52d-4fe7-ace4-a15c30198de0/download/ev_20251216.csv,2026-09-06 00:51:11.506072+00:00
l_b4a12ab004b6d7395619,r_04732a2a3345e80fabce,1743,DC,75.0,75.0,single,75 kW,data/raw/ev_20251216.csv,https://opendata.transport.nsw.gov.au/data/dataset/be1c4de4-4517-4bd0-8a09-2965ddfc7179/resource/7bbb6461-e52d-4fe7-ace4-a15c30198de0/download/ev_20251216.csv,2026-09-06 00:51:11.506072+00:00
l_9e06548ce3afd6a6bb56,r_44cde3928faf5e5a3b07,1745,AC,22.0,22.0,single,22 kW,data/raw/ev_20251216.csv,https://opendata.transport.nsw.gov.au/data/dataset/be1c4de4-4517-4bd0-8a09-2965ddfc7179/resource/7bbb6461-e52d-4fe7-ace4-a15c30198de0/download/ev_20251216.csv,2026-09-06 00:51:11.506072+00:00
l_73e7966bb21a6cd00581,r_601732e22475e296a482,1748,AC,22.0,22.0,single,22 kW,data/raw/ev_20251216.csv,https://opendata.transport.nsw.gov.au/data/dataset/be1c4de4-4517-4bd0-8a09-2965ddfc7179/resource/7bbb6461-e52d-4fe7-ace4-a15c30198de0/download/ev_20251216.csv,2026-09-06 00:51:11.506072+00:00
l_469d8d90229a52bf41a3,r_6b0132f0be60570d0171,1749,AC,22.0,22.0,single,22 kW,data/raw/ev_20251216.csv,https://opendata.transport.nsw.gov.au/data/dataset/be1c4de4-4517-4bd0-8a09-2965ddfc7179/resource/7bbb6461-e52d-4fe7-ace4-a15c30198de0/download/ev_20251216.csv,2026-09-06 00:51:11.506072+00:00
l_a83fcdbb0606db454687,r_580f3057b3a598af5766,1753,AC,7.0,7.0,single,7 kW,data/raw/ev_20251216.csv,https://opendata.transport.nsw.gov.au/data/dataset/be1c4de4-4517-4bd0-8a09-2965ddfc7179/resource/7bbb6461-e52d-4fe7-ace4-a15c30198de0/download/ev_20251216.csv,2026-09-06 00:51:11.506072+00:00
l_b1cb33a782642ab1a625,r_1ade6da56c79da70e435,1758,AC,22.0,22.0,single,22 kW,data/raw/ev_20251216.csv,https://opendata.transport.nsw.gov.au/data/dataset/be1c4de4-4517-4bd0-8a09-2965ddfc7179/resource/7bbb6461-e52d-4fe7-ace4-a15c30198de0/download/ev_20251216.csv,2026-09-06 00:51:11.506072+00:00
l_fe6316ce802f85a7e9dd,r_58a4ed0a25fb1e20d522,1760,DC,75.0,75.0,single,75 kW,data/raw/ev_20251216.csv,https://opendata.transport.nsw.gov.au/data/dataset/be1c4de4-4517-4bd0-8a09-2965ddfc7179/resource/7bbb6461-e52d-4fe7-ace4-a15c30198de0/download/ev_20251216.csv,2026-09-06 00:51:11.506072+00:00
l_d61269ad92070b68141e,r_15f2a3e0c4f797759186,1765,DC,175.0,175.0,single,175 kW,data/raw/ev_20251216.csv,https://opendata.transport.nsw.gov.au/data/dataset/be1c4de4-4517-4bd0-8a09-2965ddfc7179/resource/7bbb6461-e52d-4fe7-ace4-a15c30198de0/download/ev_20251216.csv,2026-09-06 00:51:11.506072+00:00
l_5fa6bda966daf369546e,r_4cda405fff10c7bdfe0c,1768,DC,175.0,175.0,single,175 kW,data/raw/ev_20251216.csv,https://opendata.transport.nsw.gov.au/data/dataset/be1c4de4-4517-4bd0-8a09-2965ddfc7179/resource/7bbb6461-e52d-4fe7-ace4-a15c30198de0/download/ev_20251216.csv,2026-09-06 00:51:11.506072+00:00
l_3c6e58d2f5c4c5469289,r_92ea673305979c93feed,1770,DC,50.0,50.0,single,50 kW,data/raw/ev_20251216.csv,https://opendata.transport.nsw.gov.au/data/dataset/be1c4de4-4517-4bd0-8a09-2965ddfc7179/resource/7bbb6461-e52d-4fe7-ace4-a15c30198de0/download/ev_20251216.csv,2026-09-06 00:51:11.506072+00:00
l_9faf5dd65d8e18b735f3,r_da5d50a5aa67ca41070c,1771,DC,175.0,175.0,single,175 kW,data/raw/ev_20251216.csv,https://opendata.transport.nsw.gov.au/data/dataset/be1c4de4-4517-4bd0-8a09-2965ddfc7179/resource/7bbb6461-e52d-4fe7-ace4-a15c30198de0/download/ev_20251216.csv,2026-09-06 00:51:11.506072+00:00
l_d48dde625a6bc9bea8cd,r_de5b562bef0e34753ea7,1772,DC,175.0,175.0,single,175 kW,data/raw/ev_20251216.csv,https://opendata.transport.nsw.gov.au/data/dataset/be1c4de4-4517-4bd0-8a09-2965ddfc7179/resource/7bbb6461-e52d-4fe7-ace4-a15c30198de0/download/ev_20251216.csv,2026-09-06 00:51:11.506072+00:00
l_75bc9dca7330b23168e1,r_32019f0f4db499f4fe21,1778,AC,22.0,22.0,single,22 kW,data/raw/ev_20251216.csv,https://opendata.transport.nsw.gov.au/data/dataset/be1c4de4-4517-4bd0-8a09-2965ddfc7179/resource/7bbb6461-e52d-4fe7-ace4-a15c30198de0/download/ev_20251216.csv,2026-09-06 00:51:11.506072+00:00
l_f856a7a51b109d4937fa,r_7eb6095ca62c817b9326,1780,DC,175.0,175.0,single,175 kW,data/raw/ev_20251216.csv,https://opendata.transport.nsw.gov.au/data/dataset/be1c4de4-4517-4bd0-8a09-2965ddfc7179/resource/7bbb6461-e52d-4fe7-ace4-a15c30198de0/download/ev_20251216.csv,2026-09-06 00:51:11.506072+00:00
l_611ca40500e33ca885b8,r_480237e9d8bc2f931377,1784,DC,75.0,75.0,single,75 kW,data/raw/ev_20251216.csv,https://opendata.transport.nsw.gov.au/data/dataset/be1c4de4-4517-4bd0-8a09-2965ddfc7179/resource/7bbb6461-e52d-4fe7-ace4-a15c30198de0/download/ev_20251216.csv,2026-09-06 00:51:11.506072+00:00
l_9f7d8443d2a153ab0819,r_f78b30a8a563ecea51ae,1789,DC,175.0,175.0,single,175 kW,data/raw/ev_20251216.csv,https://opendata.transport.nsw.gov.au/data/dataset/be1c4de4-4517-4bd0-8a09-2965ddfc7179/resource/7bbb6461-e52d-4fe7-ace4-a15c30198de0/download/ev_20251216.csv,2026-09-06 00:51:11.506072+00:00
l_e81517695cb9719b6f9c,r_5c0d18066774faa9b4da,1790,DC,175.0,175.0,single,175 kW,data/raw/ev_20251216.csv,https://opendata.transport.nsw.gov.au/data/dataset/be1c4de4-4517-4bd0-8a09-2965ddfc7179/resource/7bbb6461-e52d-4fe7-ace4-a15c30198de0/download/ev_20251216.csv,2026-09-06 00:51:11.506072+00:00
l_83d24a577943ce09a811,r_2faea5a1ea6af143187b,1797,DC,75.0,75.0,single,75 kW,data/raw/ev_20251216.csv,https://opendata.transport.nsw.gov.au/data/dataset/be1c4de4-4517-4bd0-8a09-2965ddfc7179/resource/7bbb6461-e52d-4fe7-ace4-a15c30198de0/download/ev_20251216.csv,2026-09-06 00:51:11.506072+00:00
l_2eca8c089ee9e94b1242,r_a87833fdc81af4bded84,1807,AC,6.0,6.0,single,6 kW,data/raw/ev_20251216.csv,https://opendata.transport.nsw.gov.au/data/dataset/be1c4de4-4517-4bd0-8a09-2965ddfc7179/resource/7bbb6461-e52d-4fe7-ace4-a15c30198de0/download/ev_20251216.csv,2026-09-06 00:51:11.506072+00:00
l_d2e7af148f48f07cc474,r_afc0ee5d3f4455fddd61,1815,AC,22.0,22.0,single,22 kW,data/raw/ev_20251216.csv,https://opendata.transport.nsw.gov.au/data/dataset/be1c4de4-4517-4bd0-8a09-2965ddfc7179/resource/7bbb6461-e52d-4fe7-ace4-a15c30198de0/download/ev_20251216.csv,2026-09-06 00:51:11.506072+00:00
l_7dd863236de0c8a54d9e,r_f427d2f974633c19ff8c,1816,AC,22.0,22.0,single,22 kW,data/raw/ev_20251216.csv,https://opendata.transport.nsw.gov.au/data/dataset/be1c4de4-4517-4bd0-8a09-2965ddfc7179/resource/7bbb6461-e52d-4fe7-ace4-a15c30198de0/download/ev_20251216.csv,2026-09-06 00:51:11.506072+00:00
l_e556153ac852c4b79419,r_9776d71795be14d53e82,1818,AC,22.0,22.0,single,22 kW,data/raw/ev_20251216.csv,https://opendata.transport.nsw.gov.au/data/dataset/be1c4de4-4517-4bd0-8a09-2965ddfc7179/resource/7bbb6461-e52d-4fe7-ace4-a15c30198de0/download/ev_20251216.csv,2026-09-06 00:51:11.506072+00:00
l_61426a635cc6c75e334d,r_69bd5b2fa76452013584,1822,AC,22.0,22.0,single,22 kW,data/raw/ev_20251216.csv,https://opendata.transport.nsw.gov.au/data/dataset/be1c4de4-4517-4bd0-8a09-2965ddfc7179/resource/7bbb6461-e52d-4fe7-ace4-a15c30198de0/download/ev_20251216.csv,2026-09-06 00:51:11.506072+00:00
l_9e972a90d9c046302d2d,r_15881f25018e4d1af36f,1824,DC,130.0,130.0,single,130 kW,data/raw/ev_20251216.csv,https://opendata.transport.nsw.gov.au/data/dataset/be1c4de4-4517-4bd0-8a09-2965ddfc7179/resource/7bbb6461-e52d-4fe7-ace4-a15c30198de0/download/ev_20251216.csv,2026-09-06 00:51:11.506072+00:00
l_186fb0152eafb21824f9,r_ce54ad13d1d6bd83311b,1825,DC,50.0,50.0,single,50 kW,data/raw/ev_20251216.csv,https://opendata.transport.nsw.gov.au/data/dataset/be1c4de4-4517-4bd0-8a09-2965ddfc7179/resource/7bbb6461-e52d-4fe7-ace4-a15c30198de0/download/ev_20251216.csv,2026-09-06 00:51:11.506072+00:00
l_7073e2987994a39e1b4b,r_cc135480265ec2111bd8,1826,AC,22.0,22.0,single,22 kW,data/raw/ev_20251216.csv,https://opendata.transport.nsw.gov.au/data/dataset/be1c4de4-4517-4bd0-8a09-2965ddfc7179/resource/7bbb6461-e52d-4fe7-ace4-a15c30198de0/download/ev_20251216.csv,2026-09-06 00:51:11.506072+00:00
l_7c978977c12dcbe5e7b9,r_c33958334d8f51466a47,1831,AC,6.0,6.0,single,6 kW,data/raw/ev_20251216.csv,https://opendata.transport.nsw.gov.au/data/dataset/be1c4de4-4517-4bd0-8a09-2965ddfc7179/resource/7bbb6461-e52d-4fe7-ace4-a15c30198de0/download/ev_20251216.csv,2026-09-06 00:51:11.506072+00:00
l_8ccb14f6aa6b3f727515,r_2a1a79dff1d1444312da,1834,AC,22.0,22.0,single,22 kW,data/raw/ev_20251216.csv,https://opendata.transport.nsw.gov.au/data/dataset/be1c4de4-4517-4bd0-8a09-2965ddfc7179/resource/7bbb6461-e52d-4fe7-ace4-a15c30198de0/download/ev_20251216.csv,2026-09-06 00:51:11.506072+00:00
l_86b6830036a67563ea12,r_edb3e5a80156a3131eb8,1835,AC,22.0,22.0,single,22 kW,data/raw/ev_20251216.csv,https://opendata.transport.nsw.gov.au/data/dataset/be1c4de4-4517-4bd0-8a09-2965ddfc7179/resource/7bbb6461-e52d-4fe7-ace4-a15c30198de0/download/ev_20251216.csv,2026-09-06 00:51:11.506072+00:00
l_e580bc3d50242ff774f8,r_d6412e51fa7bac9c1b06,1837,AC,22.0,22.0,single,22 kW,data/raw/ev_20251216.csv,https://opendata.transport.nsw.gov.au/data/dataset/be1c4de4-4517-4bd0-8a09-2965ddfc7179/resource/7bbb6461-e52d-4fe7-ace4-a15c30198de0/download/ev_20251216.csv,2026-09-06 00:51:11.506072+00:00
l_b968027079594c1cc4a3,r_16df539c3c8ea020c0aa,1840,DC,175.0,175.0,single,175 kW,data/raw/ev_20251216.csv,https://opendata.transport.nsw.gov.au/data/dataset/be1c4de4-4517-4bd0-8a09-2965ddfc7179/resource/7bbb6461-e52d-4fe7-ace4-a15c30198de0/download/ev_20251216.csv,2026-09-06 00:51:11.506072+00:00
l_366fccca56a60213f7f6,r_de2abe28247bf2e8cd01,1843,AC,22.0,22.0,single,22 kW,data/raw/ev_20251216.csv,https://opendata.transport.nsw.gov.au/data/dataset/be1c4de4-4517-4bd0-8a09-2965ddfc7179/resource/7bbb6461-e52d-4fe7-ace4-a15c30198de0/download/ev_20251216.csv,2026-09-06 00:51:11.506072+00:00
l_2688ec2a58857f91448b,r_4643c72794dde94aec47,1844,DC,175.0,175.0,single,175 kW,data/raw/ev_20251216.csv,https://opendata.transport.nsw.gov.au/data/dataset/be1c4de4-4517-4bd0-8a09-2965ddfc7179/resource/7bbb6461-e52d-4fe7-ace4-a15c30198de0/download/ev_20251216.csv,2026-09-06 00:51:11.506072+00:00
l_fb7200bbc60149518670,r_9e0e7cfc7c84aed949ef,1845,AC,7.0,7.0,single,7 kW,data/raw/ev_20251216.csv,https://opendata.transport.nsw.gov.au/data/dataset/be1c4de4-4517-4bd0-8a09-2965ddfc7179/resource/7bbb6461-e52d-4fe7-ace4-a15c30198de0/download/ev_20251216.csv,2026-09-06 00:51:11.506072+00:00
l_2fb9692ea4913f4a3b86,r_98e852f7b64ef3c7b04f,1846,AC,22.0,22.0,single,22 kW,data/raw/ev_20251216.csv,https://opendata.transport.nsw.gov.au/data/dataset/be1c4de4-4517-4bd0-8a09-2965ddfc7179/resource/7bbb6461-e52d-4fe7-ace4-a15c30198de0/download/ev_20251216.csv,2026-09-06 00:51:11.506072+00:00
l_c472d487010d97b2e534,r_fd4929c3a90870da512e,1849,AC,7.0,7.0,single,7 kW,data/raw/ev_20251216.csv,https://opendata.transport.nsw.gov.au/data/dataset/be1c4de4-4517-4bd0-8a09-2965ddfc7179/resource/7bbb6461-e52d-4fe7-ace4-a15c30198de0/download/ev_20251216.csv,2026-09-06 00:51:11.506072+00:00
l_4f221bcd746e99c52e75,r_13e596ae2b05222e57b1,1852,AC,7.0,7.0,single,7 kW,data/raw/ev_20251216.csv,https://opendata.transport.nsw.gov.au/data/dataset/be1c4de4-4517-4bd0-8a09-2965ddfc7179/resource/7bbb6461-e52d-4fe7-ace4-a15c30198de0/download/ev_20251216.csv,2026-09-06 00:51:11.506072+00:00
l_0baf65cc247e1d628d30,r_f3d1987c04e2d43cf0c4,1853,AC,7.0,7.0,single,7 kW,data/raw/ev_20251216.csv,https://opendata.transport.nsw.gov.au/data/dataset/be1c4de4-4517-4bd0-8a09-2965ddfc7179/resource/7bbb6461-e52d-4fe7-ace4-a15c30198de0/download/ev_20251216.csv,2026-09-06 00:51:11.506072+00:00
l_807e9c930d5ba072c9a6,r_8af2d28cd6902cb9540b,1856,AC,22.0,22.0,single,22 kW,data/raw/ev_20251216.csv,https://opendata.transport.nsw.gov.au/data/dataset/be1c4de4-4517-4bd0-8a09-2965ddfc7179/resource/7bbb6461-e52d-4fe7-ace4-a15c30198de0/download/ev_20251216.csv,2026-09-06 00:51:11.506072+00:00
l_362ed62645ca74ecaedd,r_cf172525c4b132a64ad0,1857,AC,22.0,22.0,single,22 kW,data/raw/ev_20251216.csv,https://opendata.transport.nsw.gov.au/data/dataset/be1c4de4-4517-4bd0-8a09-2965ddfc7179/resource/7bbb6461-e52d-4fe7-ace4-a15c30198de0/download/ev_20251216.csv,2026-09-06 00:51:11.506072+00:00
l_1b56bc844b22049d706d,r_2def962253c2465e6b04,1858,AC,22.0,22.0,single,22 kW,data/raw/ev_20251216.csv,https://opendata.transport.nsw.gov.au/data/dataset/be1c4de4-4517-4bd0-8a09-2965ddfc7179/resource/7bbb6461-e52d-4fe7-ace4-a15c30198de0/download/ev_20251216.csv,2026-09-06 00:51:11.506072+00:00
l_0c3816b48ac55c57196a,r_6982883cac9b1c9c5452,1859,DC,25.0,25.0,single,25 kW,data/raw/ev_20251216.csv,https://opendata.transport.nsw.gov.au/data/dataset/be1c4de4-4517-4bd0-8a09-2965ddfc7179/resource/7bbb6461-e52d-4fe7-ace4-a15c30198de0/download/ev_20251216.csv,2026-09-06 00:51:11.506072+00:00
l_6e3d9ca76b87b7e64a7a,r_7eb57f92ab6f23667688,1861,DC,75.0,75.0,single,75 kW,data/raw/ev_20251216.csv,https://opendata.transport.nsw.gov.au/data/dataset/be1c4de4-4517-4bd0-8a09-2965ddfc7179/resource/7bbb6461-e52d-4fe7-ace4-a15c30198de0/download/ev_20251216.csv,2026-09-06 00:51:11.506072+00:00
l_609c33694d2bbc5826a3,r_155ad1222e7d82ed71e5,1867,AC,22.0,22.0,single,22 kW,data/raw/ev_20251216.csv,https://opendata.transport.nsw.gov.au/data/dataset/be1c4de4-4517-4bd0-8a09-2965ddfc7179/resource/7bbb6461-e52d-4fe7-ace4-a15c30198de0/download/ev_20251216.csv,2026-09-06 00:51:11.506072+00:00
l_cbb708c21cf195bb329b,r_95b0c7fc1b6f2c85a8ce,1868,AC,22.0,22.0,single,22 kW,data/raw/ev_20251216.csv,https://opendata.transport.nsw.gov.au/data/dataset/be1c4de4-4517-4bd0-8a09-2965ddfc7179/resource/7bbb6461-e52d-4fe7-ace4-a15c30198de0/download/ev_20251216.csv,2026-09-06 00:51:11.506072+00:00
l_3acdd3d5e680cd5cdf27,r_40a306f555882cfd1e41,1869,AC,22.0,22.0,single,22 kW,data/raw/ev_20251216.csv,https://opendata.transport.nsw.gov.au/data/dataset/be1c4de4-4517-4bd0-8a09-2965ddfc7179/resource/7bbb6461-e52d-4fe7-ace4-a15c30198de0/download/ev_20251216.csv,2026-09-06 00:51:11.506072+00:00
l_531b35e1141b14c905b4,r_b7d2374ba8b4203ed5ab,1875,AC,22.0,22.0,single,22 kW,data/raw/ev_20251216.csv,https://opendata.transport.nsw.gov.au/data/dataset/be1c4de4-4517-4bd0-8a09-2965ddfc7179/resource/7bbb6461-e52d-4fe7-ace4-a15c30198de0/download/ev_20251216.csv,2026-09-06 00:51:11.506072+00:00
l_d89edee82f3cd3c0a483,r_f39d1e1fe53cb85a0aea,1876,AC,22.0,22.0,single,22 kW,data/raw/ev_20251216.csv,https://opendata.transport.nsw.gov.au/data/dataset/be1c4de4-4517-4bd0-8a09-2965ddfc7179/resource/7bbb6461-e52d-4fe7-ace4-a15c30198de0/download/ev_20251216.csv,2026-09-06 00:51:11.506072+00:00
l_d736119ffaecdce8d1b6,r_e1d73d24fe2b031bb387,1879,AC,22.0,22.0,single,22 kW,data/raw/ev_20251216.csv,https://opendata.transport.nsw.gov.au/data/dataset/be1c4de4-4517-4bd0-8a09-2965ddfc7179/resource/7bbb6461-e52d-4fe7-ace4-a15c30198de0/download/ev_20251216.csv,2026-09-06 00:51:11.506072+00:00
l_224fee812fe9719223d8,r_d035a92c896e385a5312,1884,AC,22.0,22.0,single,22 kW,data/raw/ev_20251216.csv,https://opendata.transport.nsw.gov.au/data/dataset/be1c4de4-4517-4bd0-8a09-2965ddfc7179/resource/7bbb6461-e52d-4fe7-ace4-a15c30198de0/download/ev_20251216.csv,2026-09-06 00:51:11.506072+00:00
l_f6918e39dd984b94f460,r_96639f9171b3f86b5e5e,1886,DC,175.0,175.0,single,175 kW,data/raw/ev_20251216.csv,https://opendata.transport.nsw.gov.au/data/dataset/be1c4de4-4517-4bd0-8a09-2965ddfc7179/resource/7bbb6461-e52d-4fe7-ace4-a15c30198de0/download/ev_20251216.csv,2026-09-06 00:51:11.506072+00:00
l_e726137730c5df83f162,r_44911ee227141c1b8ce2,1887,AC,22.0,22.0,single,22 kW,data/raw/ev_20251216.csv,https://opendata.transport.nsw.gov.au/data/dataset/be1c4de4-4517-4bd0-8a09-2965ddfc7179/resource/7bbb6461-e52d-4fe7-ace4-a15c30198de0/download/ev_20251216.csv,2026-09-06 00:51:11.506072+00:00
l_51bff8453eedb369f763,r_59b16d408eb1dd493fbe,1888,AC,22.0,22.0,single,22 kW,data/raw/ev_20251216.csv,https://opendata.transport.nsw.gov.au/data/dataset/be1c4de4-4517-4bd0-8a09-2965ddfc7179/resource/7bbb6461-e52d-4fe7-ace4-a15c30198de0/download/ev_20251216.csv,2026-09-06 00:51:11.506072+00:00
l_1f36c022333a66c9a82d,r_4f37e69a7d9705085246,1891,AC,22.0,22.0,single,22 kW,data/raw/ev_20251216.csv,https://opendata.transport.nsw.gov.au/data/dataset/be1c4de4-4517-4bd0-8a09-2965ddfc7179/resource/7bbb6461-e52d-4fe7-ace4-a15c30198de0/download/ev_20251216.csv,2026-09-06 00:51:11.506072+00:00
l_8b78ca6ec33002f5b36c,r_60c0b4cb2a48468f76c8,1892,AC,7.0,7.0,single,7 kW,data/raw/ev_20251216.csv,https://opendata.transport.nsw.gov.au/data/dataset/be1c4de4-4517-4bd0-8a09-2965ddfc7179/resource/7bbb6461-e52d-4fe7-ace4-a15c30198de0/download/ev_20251216.csv,2026-09-06 00:51:11.506072+00:00
l_6cccaf12061354fa06c2,r_bd2d90c26e14bdc59946,1893,AC,22.0,22.0,single,22 kW,data/raw/ev_20251216.csv,https://opendata.transport.nsw.gov.au/data/dataset/be1c4de4-4517-4bd0-8a09-2965ddfc7179/resource/7bbb6461-e52d-4fe7-ace4-a15c30198de0/download/ev_20251216.csv,2026-09-06 00:51:11.506072+00:00
l_4444b4d783aa116660d8,r_6bc954842dd543999611,1894,AC,22.0,22.0,single,22 kW,data/raw/ev_20251216.csv,https://opendata.transport.nsw.gov.au/data/dataset/be1c4de4-4517-4bd0-8a09-2965ddfc7179/resource/7bbb6461-e52d-4fe7-ace4-a15c30198de0/download/ev_20251216.csv,2026-09-06 00:51:11.506072+00:00
l_48e95a426efe6a42056f,r_b643b885d8e18b267975,1896,AC,7.0,7.0,single,7 kW,data/raw/ev_20251216.csv,https://opendata.transport.nsw.gov.au/data/dataset/be1c4de4-4517-4bd0-8a09-2965ddfc7179/resource/7bbb6461-e52d-4fe7-ace4-a15c30198de0/download/ev_20251216.csv,2026-09-06 00:51:11.506072+00:00
l_af4bffc87aa86061db68,r_96875684b1b455d22570,1897,AC,22.0,22.0,single,22 kW,data/raw/ev_20251216.csv,https://opendata.transport.nsw.gov.au/data/dataset/be1c4de4-4517-4bd0-8a09-2965ddfc7179/resource/7bbb6461-e52d-4fe7-ace4-a15c30198de0/download/ev_20251216.csv,2026-09-06 00:51:11.506072+00:00
l_e233e72e9bc71516eb34,r_6d484d99442aab82b823,1898,AC,22.0,22.0,single,22 kW,data/raw/ev_20251216.csv,https://opendata.transport.nsw.gov.au/data/dataset/be1c4de4-4517-4bd0-8a09-2965ddfc7179/resource/7bbb6461-e52d-4fe7-ace4-a15c30198de0/download/ev_20251216.csv,2026-09-06 00:51:11.506072+00:00
l_42aa8fa8eaccbbaae172,r_8f7f8a07853896b9e82c,1899,AC,22.0,22.0,single,22 kW,data/raw/ev_20251216.csv,https://opendata.transport.nsw.gov.au/data/dataset/be1c4de4-4517-4bd0-8a09-2965ddfc7179/resource/7bbb6461-e52d-4fe7-ace4-a15c30198de0/download/ev_20251216.csv,2026-09-06 00:51:11.506072+00:00
l_384a8450b3a68de73286,r_82446259af9cba4ca726,1900,DC,75.0,75.0,single,75 kW,data/raw/ev_20251216.csv,https://opendata.transport.nsw.gov.au/data/dataset/be1c4de4-4517-4bd0-8a09-2965ddfc7179/resource/7bbb6461-e52d-4fe7-ace4-a15c30198de0/download/ev_20251216.csv,2026-09-06 00:51:11.506072+00:00
l_b66e84f0e63044df33b3,r_02909b49db5b34f9bc13,1903,DC,175.0,175.0,single,175 kW,data/raw/ev_20251216.csv,https://opendata.transport.nsw.gov.au/data/dataset/be1c4de4-4517-4bd0-8a09-2965ddfc7179/resource/7bbb6461-e52d-4fe7-ace4-a15c30198de0/download/ev_20251216.csv,2026-09-06 00:51:11.506072+00:00
l_9dba4affc6e49c90859a,r_791fb7f7d6a1bfd76310,1904,DC,175.0,175.0,single,175 kW,data/raw/ev_20251216.csv,https://opendata.transport.nsw.gov.au/data/dataset/be1c4de4-4517-4bd0-8a09-2965ddfc7179/resource/7bbb6461-e52d-4fe7-ace4-a15c30198de0/download/ev_20251216.csv,2026-09-06 00:51:11.506072+00:00
l_170892f80eca9c38d1e3,r_e083cab5eeaadd59b2f9,1905,AC,22.0,22.0,single,22 kW,data/raw/ev_20251216.csv,https://opendata.transport.nsw.gov.au/data/dataset/be1c4de4-4517-4bd0-8a09-2965ddfc7179/resource/7bbb6461-e52d-4fe7-ace4-a15c30198de0/download/ev_20251216.csv,2026-09-06 00:51:11.506072+00:00
l_734b28e911bb52c8e69d,r_5af6500c146f2cd255c2,1907,AC,7.0,7.0,single,7 kW,data/raw/ev_20251216.csv,https://opendata.transport.nsw.gov.au/data/dataset/be1c4de4-4517-4bd0-8a09-2965ddfc7179/resource/7bbb6461-e52d-4fe7-ace4-a15c30198de0/download/ev_20251216.csv,2026-09-06 00:51:11.506072+00:00
l_761da18965587a8e1963,r_186551a1f28f7f727187,1908,AC,22.0,22.0,single,22 kW,data/raw/ev_20251216.csv,https://opendata.transport.nsw.gov.au/data/dataset/be1c4de4-4517-4bd0-8a09-2965ddfc7179/resource/7bbb6461-e52d-4fe7-ace4-a15c30198de0/download/ev_20251216.csv,2026-09-06 00:51:11.506072+00:00
l_0a517eda2a01e70f4a7f,r_e391ab99e0126766813f,1909,AC,22.0,22.0,single,22 kW,data/raw/ev_20251216.csv,https://opendata.transport.nsw.gov.au/data/dataset/be1c4de4-4517-4bd0-8a09-2965ddfc7179/resource/7bbb6461-e52d-4fe7-ace4-a15c30198de0/download/ev_20251216.csv,2026-09-06 00:51:11.506072+00:00
l_15eab1124a3eb528b4d7,r_0bd80dbc73c5091ba388,1910,AC,22.0,22.0,single,22 kW,data/raw/ev_20251216.csv,https://opendata.transport.nsw.gov.au/data/dataset/be1c4de4-4517-4bd0-8a09-2965ddfc7179/resource/7bbb6461-e52d-4fe7-ace4-a15c30198de0/download/ev_20251216.csv,2026-09-06 00:51:11.506072+00:00
l_cae4f0f9f9135808389b,r_e746216739eefe78e07c,1911,DC,175.0,175.0,single,175 kW,data/raw/ev_20251216.csv,https://opendata.transport.nsw.gov.au/data/dataset/be1c4de4-4517-4bd0-8a09-2965ddfc7179/resource/7bbb6461-e52d-4fe7-ace4-a15c30198de0/download/ev_20251216.csv,2026-09-06 00:51:11.506072+00:00
l_fb36c566298b3905e86b,r_06aaf7f2fc13da24b87a,1912,AC,22.0,22.0,single,22 kW,data/raw/ev_20251216.csv,https://opendata.transport.nsw.gov.au/data/dataset/be1c4de4-4517-4bd0-8a09-2965ddfc7179/resource/7bbb6461-e52d-4fe7-ace4-a15c30198de0/download/ev_20251216.csv,2026-09-06 00:51:11.506072+00:00
l_df8e90ecf52e7721bfe8,r_379541d77c689d529e16,1914,AC,7.0,7.0,single,7 kW,data/raw/ev_20251216.csv,https://opendata.transport.nsw.gov.au/data/dataset/be1c4de4-4517-4bd0-8a09-2965ddfc7179/resource/7bbb6461-e52d-4fe7-ace4-a15c30198de0/download/ev_20251216.csv,2026-09-06 00:51:11.506072+00:00
l_5a6907485aa733f09403,r_d9dbae1483a7373c3567,1915,AC,22.0,22.0,single,22 kW,data/raw/ev_20251216.csv,https://opendata.transport.nsw.gov.au/data/dataset/be1c4de4-4517-4bd0-8a09-2965ddfc7179/resource/7bbb6461-e52d-4fe7-ace4-a15c30198de0/download/ev_20251216.csv,2026-09-06 00:51:11.506072+00:00
l_aee0f527479d90645b3c,r_32707c4584ea990abdf2,1920,DC,50.0,50.0,single,50 kW,data/raw/ev_20251216.csv,https://opendata.transport.nsw.gov.au/data/dataset/be1c4de4-4517-4bd0-8a09-2965ddfc7179/resource/7bbb6461-e52d-4fe7-ace4-a15c30198de0/download/ev_20251216.csv,2026-09-06 00:51:11.506072+00:00
l_a409ad8d42ea496d8be8,r_039b877298ef49c0cd90,1923,AC,22.0,22.0,single,22 kW,data/raw/ev_20251216.csv,https://opendata.transport.nsw.gov.au/data/dataset/be1c4de4-4517-4bd0-8a09-2965ddfc7179/resource/7bbb6461-e52d-4fe7-ace4-a15c30198de0/download/ev_20251216.csv,2026-09-06 00:51:11.506072+00:00
l_4bdf1db06fac4e25a7d8,r_6bbbdcbf47f257d73a2e,1924,AC,22.0,22.0,single,22 kW,data/raw/ev_20251216.csv,https://opendata.transport.nsw.gov.au/data/dataset/be1c4de4-4517-4bd0-8a09-2965ddfc7179/resource/7bbb6461-e52d-4fe7-ace4-a15c30198de0/download/ev_20251216.csv,2026-09-06 00:51:11.506072+00:00
l_4273d1476c8e3cde70f7,r_e7d6ee2a55748d86f13a,1926,AC,22.0,22.0,single,22 kW,data/raw/ev_20251216.csv,https://opendata.transport.nsw.gov.au/data/dataset/be1c4de4-4517-4bd0-8a09-2965ddfc7179/resource/7bbb6461-e52d-4fe7-ace4-a15c30198de0/download/ev_20251216.csv,2026-09-06 00:51:11.506072+00:00
l_e8f30d6522a7c0b11d72,r_ca91fff0ec3378658017,1927,AC,22.0,22.0,single,22 kW,data/raw/ev_20251216.csv,https://opendata.transport.nsw.gov.au/data/dataset/be1c4de4-4517-4bd0-8a09-2965ddfc7179/resource/7bbb6461-e52d-4fe7-ace4-a15c30198de0/download/ev_20251216.csv,2026-09-06 00:51:11.506072+00:00
l_efb77dc859776886856e,r_2412b303dc7ef736a480,1928,AC,7.0,7.0,single,7 kW,data/raw/ev_20251216.csv,https://opendata.transport.nsw.gov.au/data/dataset/be1c4de4-4517-4bd0-8a09-2965ddfc7179/resource/7bbb6461-e52d-4fe7-ace4-a15c30198de0/download/ev_20251216.csv,2026-09-06 00:51:11.506072+00:00
l_f345960c3e63493751e3,r_d9dda8736d59713a1b9f,1929,AC,22.0,22.0,single,22 kW,data/raw/ev_20251216.csv,https://opendata.transport.nsw.gov.au/data/dataset/be1c4de4-4517-4bd0-8a09-2965ddfc7179/resource/7bbb6461-e52d-4fe7-ace4-a15c30198de0/download/ev_20251216.csv,2026-09-06 00:51:11.506072+00:00
l_e912b7a191c94baa320e,r_dbc0d02baec909ea0d25,1931,AC,7.0,7.0,single,7 kW,data/raw/ev_20251216.csv,https://opendata.transport.nsw.gov.au/data/dataset/be1c4de4-4517-4bd0-8a09-2965ddfc7179/resource/7bbb6461-e52d-4fe7-ace4-a15c30198de0/download/ev_20251216.csv,2026-09-06 00:51:11.506072+00:00
l_763ff75aac5153ec953c,r_b696c712a73d20843434,1932,DC,175.0,175.0,single,175 kW,data/raw/ev_20251216.csv,https://opendata.transport.nsw.gov.au/data/dataset/be1c4de4-4517-4bd0-8a09-2965ddfc7179/resource/7bbb6461-e52d-4fe7-ace4-a15c30198de0/download/ev_20251216.csv,2026-09-06 00:51:11.506072+00:00
l_6a719cbf392e9cabbd24,r_20988e91b2681dca8108,1934,AC,7.0,7.0,single,7 kW,data/raw/ev_20251216.csv,https://opendata.transport.nsw.gov.au/data/dataset/be1c4de4-4517-4bd0-8a09-2965ddfc7179/resource/7bbb6461-e52d-4fe7-ace4-a15c30198de0/download/ev_20251216.csv,2026-09-06 00:51:11.506072+00:00
l_67a242a5e3cee70e4e22,r_dfcc6c22e6b4817f09c2,1935,AC,7.0,7.0,single,7 kW,data/raw/ev_20251216.csv,https://opendata.transport.nsw.gov.au/data/dataset/be1c4de4-4517-4bd0-8a09-2965ddfc7179/resource/7bbb6461-e52d-4fe7-ace4-a15c30198de0/download/ev_20251216.csv,2026-09-06 00:51:11.506072+00:00
l_6dfba21358b05866333b,r_f46fc541b307bf35e50e,1936,AC,22.0,22.0,single,22 kW,data/raw/ev_20251216.csv,https://opendata.transport.nsw.gov.au/data/dataset/be1c4de4-4517-4bd0-8a09-2965ddfc7179/resource/7bbb6461-e52d-4fe7-ace4-a15c30198de0/download/ev_20251216.csv,2026-09-06 00:51:11.506072+00:00
l_c208879a6b0290f0ce4b,r_7c0326ac53d827b71280,1937,AC,22.0,22.0,single,22 kW,data/raw/ev_20251216.csv,https://opendata.transport.nsw.gov.au/data/dataset/be1c4de4-4517-4bd0-8a09-2965ddfc7179/resource/7bbb6461-e52d-4fe7-ace4-a15c30198de0/download/ev_20251216.csv,2026-09-06 00:51:11.506072+00:00
l_e1e5df1bce6633eda5fa,r_b9bb6f12283141c65561,1938,AC,22.0,22.0,single,22 kW,data/raw/ev_20251216.csv,https://opendata.transport.nsw.gov.au/data/dataset/be1c4de4-4517-4bd0-8a09-2965ddfc7179/resource/7bbb6461-e52d-4fe7-ace4-a15c30198de0/download/ev_20251216.csv,2026-09-06 00:51:11.506072+00:00
l_f04b174515e4b635ed40,r_5481d2292fc29579f663,1939,AC,22.0,22.0,single,22 kW,data/raw/ev_20251216.csv,https://opendata.transport.nsw.gov.au/data/dataset/be1c4de4-4517-4bd0-8a09-2965ddfc7179/resource/7bbb6461-e52d-4fe7-ace4-a15c30198de0/download/ev_20251216.csv,2026-09-06 00:51:11.506072+00:00
l_8be564c8aa1fcc46ccc8,r_a6682c331960e8a15704,1940,AC,22.0,22.0,single,22 kW,data/raw/ev_20251216.csv,https://opendata.transport.nsw.gov.au/data/dataset/be1c4de4-4517-4bd0-8a09-2965ddfc7179/resource/7bbb6461-e52d-4fe7-ace4-a15c30198de0/download/ev_20251216.csv,2026-09-06 00:51:11.506072+00:00
l_cf72256bc089ac7c6c19,r_3dbf601c56967ae01a2c,1941,AC,7.0,7.0,single,7 kW,data/raw/ev_20251216.csv,https://opendata.transport.nsw.gov.au/data/dataset/be1c4de4-4517-4bd0-8a09-2965ddfc7179/resource/7bbb6461-e52d-4fe7-ace4-a15c30198de0/download/ev_20251216.csv,2026-09-06 00:51:11.506072+00:00
l_9f3f8450126c32c4352a,r_3940cbdcfb0ec00fed70,1944,AC,22.0,22.0,single,22 kW,data/raw/ev_20251216.csv,https://opendata.transport.nsw.gov.au/data/dataset/be1c4de4-4517-4bd0-8a09-2965ddfc7179/resource/7bbb6461-e52d-4fe7-ace4-a15c30198de0/download/ev_20251216.csv,2026-09-06 00:51:11.506072+00:00
l_73c72e9ef358fc5781aa,r_85ce7d2a04939146d90c,1945,DC,175.0,175.0,single,175 kW,data/raw/ev_20251216.csv,https://opendata.transport.nsw.gov.au/data/dataset/be1c4de4-4517-4bd0-8a09-2965ddfc7179/resource/7bbb6461-e52d-4fe7-ace4-a15c30198de0/download/ev_20251216.csv,2026-09-06 00:51:11.506072+00:00
l_4afaac21436020e675e1,r_87415f56df8ee9df399f,1946,AC,7.0,7.0,single,7 kW,data/raw/ev_20251216.csv,https://opendata.transport.nsw.gov.au/data/dataset/be1c4de4-4517-4bd0-8a09-2965ddfc7179/resource/7bbb6461-e52d-4fe7-ace4-a15c30198de0/download/ev_20251216.csv,2026-09-06 00:51:11.506072+00:00
l_9c9a40267dd822a6d0b5,r_7d082c8be8f504160dfe,1947,AC,7.0,7.0,single,7 kW,data/raw/ev_20251216.csv,https://opendata.transport.nsw.gov.au/data/dataset/be1c4de4-4517-4bd0-8a09-2965ddfc7179/resource/7bbb6461-e52d-4fe7-ace4-a15c30198de0/download/ev_20251216.csv,2026-09-06 00:51:11.506072+00:00
l_0c7d217ef50a7cc6eda5,r_b6b1a5abbde36540035b,1950,AC,7.0,7.0,single,7 kW,data/raw/ev_20251216.csv,https://opendata.transport.nsw.gov.au/data/dataset/be1c4de4-4517-4bd0-8a09-2965ddfc7179/resource/7bbb6461-e52d-4fe7-ace4-a15c30198de0/download/ev_20251216.csv,2026-09-06 00:51:11.506072+00:00
l_e98c924ee53e2bcbe8ad,r_54f0526d32762a4c1560,1952,AC,22.0,22.0,single,22 kW,data/raw/ev_20251216.csv,https://opendata.transport.nsw.gov.au/data/dataset/be1c4de4-4517-4bd0-8a09-2965ddfc7179/resource/7bbb6461-e52d-4fe7-ace4-a15c30198de0/download/ev_20251216.csv,2026-09-06 00:51:11.506072+00:00
l_a9881aaaadfa0808a031,r_c559ef94e78022c02e93,1953,AC,22.0,22.0,single,22 kW,data/raw/ev_20251216.csv,https://opendata.transport.nsw.gov.au/data/dataset/be1c4de4-4517-4bd0-8a09-2965ddfc7179/resource/7bbb6461-e52d-4fe7-ace4-a15c30198de0/download/ev_20251216.csv,2026-09-06 00:51:11.506072+00:00
l_9c18ead4012aa68a3172,r_b8a1a19d41f478061b65,1954,AC,22.0,22.0,single,22 kW,data/raw/ev_20251216.csv,https://opendata.transport.nsw.gov.au/data/dataset/be1c4de4-4517-4bd0-8a09-2965ddfc7179/resource/7bbb6461-e52d-4fe7-ace4-a15c30198de0/download/ev_20251216.csv,2026-09-06 00:51:11.506072+00:00
l_9541fc08139b29f10b30,r_3afa609d7d180fd838fc,1955,AC,7.0,7.0,single,7 kW,data/raw/ev_20251216.csv,https://opendata.transport.nsw.gov.au/data/dataset/be1c4de4-4517-4bd0-8a09-2965ddfc7179/resource/7bbb6461-e52d-4fe7-ace4-a15c30198de0/download/ev_20251216.csv,2026-09-06 00:51:11.506072+00:00
l_7ad39b1ebc8eeea4fe40,r_7b9044bb4fcfb102a7d5,1956,AC,22.0,22.0,single,22 kW,data/raw/ev_20251216.csv,https://opendata.transport.nsw.gov.au/data/dataset/be1c4de4-4517-4bd0-8a09-2965ddfc7179/resource/7bbb6461-e52d-4fe7-ace4-a15c30198de0/download/ev_20251216.csv,2026-09-06 00:51:11.506072+00:00
l_4fbbd61f0104e0a0ea91,r_36bb85cd2dd1b52302d0,1957,AC,7.0,7.0,single,7 kW,data/raw/ev_20251216.csv,https://opendata.transport.nsw.gov.au/data/dataset/be1c4de4-4517-4bd0-8a09-2965ddfc7179/resource/7bbb6461-e52d-4fe7-ace4-a15c30198de0/download/ev_20251216.csv,2026-09-06 00:51:11.506072+00:00
l_0237da1e105f9a34d222,r_2b248926dca678060bc4,1958,AC,22.0,22.0,single,22 kW,data/raw/ev_20251216.csv,https://opendata.transport.nsw.gov.au/data/dataset/be1c4de4-4517-4bd0-8a09-2965ddfc7179/resource/7bbb6461-e52d-4fe7-ace4-a15c30198de0/download/ev_20251216.csv,2026-09-06 00:51:11.506072+00:00
