osm_id,name,operator_name,latitude,longitude,address,dc_connector_types,opening_hours,access,fee,website,tags_json,source_file,source_url
node/3488644749,ChargePoint,ChargePoint,-32.9358797,151.6438477,,,,,,,"{""amenity"": ""charging_station"", ""brand"": ""ChargePoint"", ""brand:wikidata"": ""Q5176149"", ""brand:wikipedia"": ""en:ChargePoint"", ""name"": ""ChargePoint"", ""operator"": ""ChargePoint"", ""operator:wikidata"": ""Q5176149"", ""operator:wikipedia"": ""en:ChargePoint"", ""socket:type1"": ""1""}",data/raw/osm_chargers.json,https://www.openstreetmap.org/node/3488644749
node/4016257448,Tesla Supercharger,Tesla,-34.7554799,149.7209942,201 Sloane Street,Tesla CCS; Tesla Supercharger,24/7,yes,yes,https://www.tesla.com/findus/location/supercharger/goulburnsupercharger,"{""access"": ""yes"", ""addr:housenumber"": ""201"", ""addr:street"": ""Sloane Street"", ""amenity"": ""charging_station"", ""brand"": ""Tesla Supercharger"", ""brand:website"": ""https://www.tesla.com/supercharger"", ""brand:wikidata"": ""Q17089620"", ""brand:wikipedia"": ""en:Tesla Supercharger"", ""capacity"": ""8"", ""description"": ""Goulburn Supercharger"", ""fee"": ""yes"", ""frequency"": ""0"", ""motorcar"": ""designated"", ""name"": ""Tesla Supercharger"", ""network"": ""Supercharger"", ""network:website"": ""https://www.tesla.com/supercharger"", ""network:wikidata"": ""Q17089620"", ""opening_hours"": ""24/7"", ""operator"": ""Tesla"", ""operator:wikidata"": ""Q478214"", ""ref:tesla"": ""goulburnsupercharger"", ""short_name"": ""Tesla"", ""socket:tesla_supercharger"": ""8"", ""socket:tesla_supercharger:output"": ""120 kW"", ""socket:tesla_supercharger_ccs"": ""8"", ""socket:tesla_supercharger_ccs:output"": ""120 kW"", ""website"": ""https://www.tesla.com/findus/location/supercharger/goulburnsupercharger""}",data/raw/osm_chargers.json,https://www.openstreetmap.org/node/4016257448
node/4027662399,Tesla Supercharger,Tesla,-36.7527958,145.5734088,,Tesla Supercharger,24/7,yes,yes,https://www.tesla.com/findus/location/supercharger/euroasupercharger,"{""access"": ""yes"", ""addr:country"": ""AU"", ""addr:postcode"": ""3666"", ""addr:state"": ""VIC"", ""addr:suburb"": ""Euroa"", ""amenity"": ""charging_station"", ""brand"": ""Tesla Supercharger"", ""brand:website"": ""https://www.tesla.com/supercharger"", ""brand:wikidata"": ""Q17089620"", ""brand:wikipedia"": ""en:Tesla Supercharger"", ""capacity"": ""6"", ""description"": ""Tesla Supercharger"", ""fee"": ""yes"", ""frequency"": ""0"", ""motorcar"": ""designated"", ""name"": ""Tesla Supercharger"", ""network"": ""Supercharger"", ""network:website"": ""https://www.tesla.com/supercharger"", ""network:wikidata"": ""Q17089620"", ""opening_hours"": ""24/7"", ""operator"": ""Tesla"", ""operator:wikidata"": ""Q478214"", ""operator:wikipedia"": ""en:Tesla, Inc."", ""ref:supercharge_info"": ""1182"", ""ref:tesla"": ""euroasupercharger"", ""short_name"": ""Tesla"", ""socket:tesla_supercharger"": ""6"", ""socket:tesla_supercharger:output"": ""120 kW"", ""source"": ""https://www.teslamotors.com/en_AU"", ""website"": ""https://www.tesla.com/findus/location/supercharger/euroasupercharger""}",data/raw/osm_chargers.json,https://www.openstreetmap.org/node/4027662399
node/4027663540,Tesla Supercharger,Tesla,-36.1237775,146.8900517,5-13 Havelock Street,Tesla Supercharger,24/7,yes,yes,https://www.tesla.com/findus/location/supercharger/wodongasupercharger,"{""access"": ""yes"", ""addr:country"": ""AU"", ""addr:housenumber"": ""5-13"", ""addr:postcode"": ""3690"", ""addr:state"": ""VIC"", ""addr:street"": ""Havelock Street"", ""addr:suburb"": ""Wodonga"", ""amenity"": ""charging_station"", ""brand"": ""Tesla Supercharger"", ""brand:website"": ""https://www.tesla.com/supercharger"", ""brand:wikidata"": ""Q17089620"", ""brand:wikipedia"": ""en:Tesla Supercharger"", ""capacity"": ""6"", ""description"": ""Tesla Supercharger"", ""fee"": ""yes"", ""frequency"": ""0"", ""motorcar"": ""designated"", ""name"": ""Tesla Supercharger"", ""network"": ""Supercharger"", ""network:website"": ""https://www.tesla.com/supercharger"", ""network:wikidata"": ""Q17089620"", ""opening_hours"": ""24/7"", ""operator"": ""Tesla"", ""operator:wikidata"": ""Q478214"", ""ref:supercharge_info"": ""695"", ""ref:tesla"": ""wodongasupercharger"", ""short_name"": ""Tesla"", ""socket:tesla_supercharger"": ""6"", ""source"": ""https://www.teslamotors.com/en_AU"", ""website"": ""https://www.tesla.com/findus/location/supercharger/wodongasupercharger""}",data/raw/osm_chargers.json,https://www.openstreetmap.org/node/4027663540
node/4027667916,Tesla Supercharger,Tesla,-35.0021004,148.1098598,,Tesla CCS; Tesla Supercharger,24/7,yes,yes,https://www.tesla.com/findus/location/supercharger/gundagaisupercharger,"{""access"": ""yes"", ""amenity"": ""charging_station"", ""brand"": ""Tesla Supercharger"", ""brand:website"": ""https://www.tesla.com/supercharger"", ""brand:wikidata"": ""Q17089620"", ""brand:wikipedia"": ""en:Tesla Supercharger"", ""capacity"": ""6"", ""description"": ""Tesla Supercharger (Tesla Only)"", ""fee"": ""yes"", ""frequency"": ""0"", ""motorcar"": ""designated"", ""name"": ""Tesla Supercharger"", ""network"": ""Supercharger"", ""network:website"": ""https://www.tesla.com/supercharger"", ""network:wikidata"": ""Q17089620"", ""opening_hours"": ""24/7"", ""operator"": ""Tesla"", ""operator:wikidata"": ""Q478214"", ""operator:wikipedia"": ""en:Tesla, Inc."", ""ref:supercharge_info"": ""690"", ""ref:tesla"": ""gundagaisupercharger"", ""short_name"": ""Tesla"", ""socket:tesla_supercharger"": ""6"", ""socket:tesla_supercharger:output"": ""120 kW"", ""socket:tesla_supercharger_ccs"": ""6"", ""socket:tesla_supercharger_ccs:output"": ""120 kW"", ""source"": ""https://www.teslamotors.com/en_AU"", ""website"": ""https://www.tesla.com/findus/location/supercharger/gundagaisupercharger""}",data/raw/osm_chargers.json,https://www.openstreetmap.org/node/4027667916
node/4332305132,,,-37.5753648,143.8664155,,,,,,,"{""amenity"": ""charging_station""}",data/raw/osm_chargers.json,https://www.openstreetmap.org/node/4332305132
node/4559150341,Tesla Supercharger,Tesla,-37.5346311,143.8226401,,Tesla Supercharger,24/7,yes,yes,https://www.tesla.com/findus/location/supercharger/ballaratsupercharger,"{""access"": ""yes"", ""amenity"": ""charging_station"", ""brand"": ""Tesla Supercharger"", ""brand:website"": ""https://www.tesla.com/supercharger"", ""brand:wikidata"": ""Q17089620"", ""brand:wikipedia"": ""en:Tesla Supercharger"", ""capacity"": ""6"", ""fee"": ""yes"", ""frequency"": ""0"", ""motorcar"": ""designated"", ""name"": ""Tesla Supercharger"", ""network"": ""Supercharger"", ""network:website"": ""https://www.tesla.com/supercharger"", ""network:wikidata"": ""Q17089620"", ""opening_hours"": ""24/7"", ""operator"": ""Tesla"", ""operator:wikidata"": ""Q478214"", ""ref:supercharge_info"": ""973"", ""ref:tesla"": ""ballaratsupercharger"", ""short_name"": ""Tesla"", ""socket:tesla_supercharger"": ""6"", ""website"": ""https://www.tesla.com/findus/location/supercharger/ballaratsupercharger""}",data/raw/osm_chargers.json,https://www.openstreetmap.org/node/4559150341
node/5004854821,Tesla Supercharger,Tesla,-30.2814283,153.1315933,,CCS (Type 2),24/7,yes,yes,https://www.tesla.com/findus/location/supercharger/coffsharboursupercharger,"{""access"": ""yes"", ""amenity"": ""charging_station"", ""bicycle"": ""no"", ""brand"": ""Tesla Supercharger"", ""brand:website"": ""https://www.tesla.com/supercharger"", ""brand:wikidata"": ""Q17089620"", ""brand:wikipedia"": ""en:Tesla Supercharger"", ""capacity"": ""6"", ""description"": ""Coffs Harbour Supercharger"", ""fee"": ""yes"", ""frequency"": ""0"", ""motorcar"": ""designated"", ""name"": ""Tesla Supercharger"", ""network"": ""Supercharger"", ""network:website"": ""https://www.tesla.com/supercharger"", ""network:wikidata"": ""Q17089620"", ""opening_hours"": ""24/7"", ""operator"": ""Tesla"", ""operator:wikidata"": ""Q478214"", ""operator:wikipedia"": ""en:Tesla, Inc."", ""ref:supercharge_info"": ""1422"", ""ref:tesla"": ""coffsharboursupercharger"", ""short_name"": ""Tesla"", ""socket:type2_combo"": ""6"", ""socket:type2_combo:output"": ""120 kW"", ""website"": ""https://www.tesla.com/findus/location/supercharger/coffsharboursupercharger""}",data/raw/osm_chargers.json,https://www.openstreetmap.org/node/5004854821
node/5047210796,,Tesla,-33.5212508,151.3749048,,,,,,,"{""amenity"": ""charging_station"", ""operator"": ""Tesla Motors""}",data/raw/osm_chargers.json,https://www.openstreetmap.org/node/5047210796
node/5047211383,ChargePoint,ChargePoint,-34.4075897,150.8812521,,,,,no,,"{""amenity"": ""charging_station"", ""brand"": ""ChargePoint"", ""brand:wikidata"": ""Q5176149"", ""fee"": ""no"", ""motorcar"": ""yes"", ""name"": ""ChargePoint"", ""operator"": ""ChargePoint"", ""operator:wikidata"": ""Q5176149"", ""socket:type1"": ""2""}",data/raw/osm_chargers.json,https://www.openstreetmap.org/node/5047211383
node/5270964444,,Chargefox,-28.643176,153.615842,,,,,,,"{""amenity"": ""charging_station"", ""capacity"": ""2"", ""operator"": ""Chargefox"", ""operator:wikidata"": ""Q105775824""}",data/raw/osm_chargers.json,https://www.openstreetmap.org/node/5270964444
node/5438383393,Tesla Supercharger,Tesla,-33.8829291,151.1946269,,Tesla Supercharger,24/7,yes,yes,https://www.tesla.com/findus/location/supercharger/broadwaynswsupercharger,"{""access"": ""yes"", ""amenity"": ""charging_station"", ""brand"": ""Tesla Supercharger"", ""brand:website"": ""https://www.tesla.com/supercharger"", ""brand:wikidata"": ""Q17089620"", ""brand:wikipedia"": ""en:Tesla Supercharger"", ""capacity"": ""8"", ""description"": ""Tesla Supercharger"", ""fee"": ""yes"", ""frequency"": ""0"", ""motorcar"": ""designated"", ""name"": ""Tesla Supercharger"", ""network"": ""Supercharger"", ""network:website"": ""https://www.tesla.com/supercharger"", ""network:wikidata"": ""Q17089620"", ""opening_hours"": ""24/7"", ""operator"": ""Tesla"", ""operator:wikidata"": ""Q478214"", ""ref:tesla"": ""broadwaynswsupercharger"", ""short_name"": ""Tesla"", ""socket:tesla_supercharger"": ""8"", ""website"": ""https://www.tesla.com/findus/location/supercharger/broadwaynswsupercharger""}",data/raw/osm_chargers.json,https://www.openstreetmap.org/node/5438383393
node/5758577851,Tesla Supercharger,Tesla,-36.2231879,150.1284524,,CCS (Type 2),24/7,yes,yes,https://www.tesla.com/findus/location/supercharger/naroomaausupercharger,"{""access"": ""yes"", ""amenity"": ""charging_station"", ""brand"": ""Tesla Supercharger"", ""brand:website"": ""https://www.tesla.com/supercharger"", ""brand:wikidata"": ""Q17089620"", ""brand:wikipedia"": ""en:Tesla Supercharger"", ""capacity"": ""4"", ""description"": ""Tesla Supercharger"", ""fee"": ""yes"", ""frequency"": ""0"", ""motorcar"": ""designated"", ""name"": ""Tesla Supercharger"", ""network"": ""Supercharger"", ""network:website"": ""https://www.tesla.com/supercharger"", ""network:wikidata"": ""Q17089620"", ""opening_hours"": ""24/7"", ""operator"": ""Tesla"", ""operator:wikidata"": ""Q478214"", ""ref:supercharge_info"": ""1676"", ""ref:tesla"": ""naroomaausupercharger"", ""short_name"": ""Tesla"", ""socket:type2_combo"": ""4"", ""socket:type2_combo:output"": ""120 kW"", ""website"": ""https://www.tesla.com/findus/location/supercharger/naroomaausupercharger""}",data/raw/osm_chargers.json,https://www.openstreetmap.org/node/5758577851
node/5865178390,,,-33.8682863,151.2063604,,,,,no,,"{""amenity"": ""charging_station"", ""bicycle"": ""yes"", ""fee"": ""no"", ""motorcar"": ""no"", ""scooter"": ""no""}",data/raw/osm_chargers.json,https://www.openstreetmap.org/node/5865178390
node/5985113586,Tesla Supercharger,Tesla,-35.2942945,149.1902341,,Tesla CCS; Tesla Supercharger,24/7,customers,yes,https://www.tesla.com/findus/location/supercharger/canberraactsupercharger,"{""access"": ""customers"", ""access:note"": ""Restricted to Tesla only"", ""amenity"": ""charging_station"", ""brand"": ""Tesla Supercharger"", ""brand:website"": ""https://www.tesla.com/supercharger"", ""brand:wikidata"": ""Q17089620"", ""brand:wikipedia"": ""en:Tesla, Inc."", ""capacity"": ""6"", ""covered"": ""no"", ""description"": ""Canberra Supercharger"", ""fee"": ""yes"", ""frequency"": ""0"", ""motorcar"": ""designated"", ""name"": ""Tesla Supercharger"", ""network"": ""Supercharger"", ""network:website"": ""https://www.tesla.com/supercharger"", ""network:wikidata"": ""Q17089620"", ""opening_hours"": ""24/7"", ""operator"": ""Tesla"", ""operator:wikidata"": ""Q478214"", ""operator:wikipedia"": ""en:Tesla, Inc."", ""ref:tesla"": ""canberraactsupercharger"", ""short_name"": ""Tesla"", ""socket:tesla_supercharger"": ""6"", ""socket:tesla_supercharger:output"": ""120 kW"", ""socket:tesla_supercharger_ccs"": ""6"", ""socket:tesla_supercharger_ccs:output"": ""120 kW"", ""website"": ""https://www.tesla.com/findus/location/supercharger/canberraactsupercharger""}",data/raw/osm_chargers.json,https://www.openstreetmap.org/node/5985113586
node/6012351152,RACV,Chargefox,-36.743036,145.5909893,,CCS (Type 2); CHAdeMO,24/7,,,,"{""addr:country"": ""AU"", ""addr:postcode"": ""3666"", ""addr:state"": ""VIC"", ""addr:suburb"": ""Euroa"", ""amenity"": ""charging_station"", ""capacity"": ""4"", ""description"": ""Chargefox"", ""name"": ""RACV"", ""opening_hours"": ""24/7"", ""operator"": ""Chargefox"", ""operator:wikidata"": ""Q105775824"", ""socket:chademo"": ""4"", ""socket:type2_combo"": ""4""}",data/raw/osm_chargers.json,https://www.openstreetmap.org/node/6012351152
node/6165583448,,NRMA,-34.4500909,150.4424531,NSW Bessemer Street,CCS (Type 2); CHAdeMO,,,no,https://www.mynrma.com.au/community/initiatives/electric-vehicle-fast-charging-network,"{""addr:country"": ""AU"", ""addr:housenumber"": ""NSW"", ""addr:postcode"": ""2575"", ""addr:street"": ""Bessemer Street"", ""addr:suburb"": ""Mittagong"", ""alt_name"": ""NRMA Fast Charger"", ""amenity"": ""charging_station"", ""authentication:none"": ""yes"", ""capacity"": ""1"", ""description"": ""NRMA Fast Charger"", ""fee"": ""no"", ""operator"": ""NRMA"", ""operator:wikidata"": ""Q6955173"", ""output"": ""50 kW"", ""socket:chademo"": ""1"", ""socket:chademo:output"": ""50 kW"", ""socket:type2_combo"": ""1"", ""socket:type2_combo:output"": ""50 kW"", ""website"": ""https://www.mynrma.com.au/community/initiatives/electric-vehicle-fast-charging-network""}",data/raw/osm_chargers.json,https://www.openstreetmap.org/node/6165583448
node/6165583449,ChargePoint,ChargePoint,-34.4501399,150.4519627,Main Street,,,,,,"{""addr:country"": ""AU"", ""addr:postcode"": ""2575"", ""addr:state"": ""NSW"", ""addr:street"": ""Main Street"", ""addr:suburb"": ""Mittagong"", ""amenity"": ""charging_station"", ""brand"": ""ChargePoint"", ""brand:wikidata"": ""Q5176149"", ""capacity"": ""1"", ""description"": ""Mittagong Tourist Information Centre"", ""name"": ""ChargePoint"", ""operator"": ""ChargePoint"", ""operator:wikidata"": ""Q5176149""}",data/raw/osm_chargers.json,https://www.openstreetmap.org/node/6165583449
node/6217636780,,Chargefox,-36.0739678,146.7267687,,CCS (Type 2); CHAdeMO,,yes,,,"{""access"": ""yes"", ""amenity"": ""charging_station"", ""capacity"": ""8"", ""description"": ""Chargefox"", ""operator"": ""Chargefox"", ""operator:wikidata"": ""Q105775824"", ""socket:chademo"": ""3"", ""socket:type2_combo"": ""5""}",data/raw/osm_chargers.json,https://www.openstreetmap.org/node/6217636780
node/6294718962,,racv,-37.4438844,143.8905143,,,,,no,,"{""amenity"": ""charging_station"", ""capacity"": ""2"", ""description"": ""J-1772"", ""fee"": ""no"", ""operator"": ""RACV"", ""socket:type1"": ""1""}",data/raw/osm_chargers.json,https://www.openstreetmap.org/node/6294718962
node/6305536144,Tesla Destination Charger,Tesla,-33.9285142,151.186122,338 King Street,,,,,,"{""addr:housenumber"": ""338"", ""addr:postcode"": ""2020"", ""addr:state"": ""NSW"", ""addr:street"": ""King Street"", ""addr:suburb"": ""Mascot"", ""amenity"": ""charging_station"", ""brand"": ""Tesla"", ""brand:wikidata"": ""Q478214"", ""description"": ""Tesla Mascot King Street"", ""name"": ""Tesla Destination Charger"", ""short_name"": ""Tesla""}",data/raw/osm_chargers.json,https://www.openstreetmap.org/node/6305536144
node/6456676767,Tesla Supercharger,Tesla,-36.5870197,146.7592991,,Tesla Supercharger,24/7,yes,yes,https://www.tesla.com/findus/location/supercharger/brightvicsupercharger,"{""access"": ""yes"", ""amenity"": ""charging_station"", ""brand"": ""Tesla Supercharger"", ""brand:website"": ""https://www.tesla.com/supercharger"", ""brand:wikidata"": ""Q17089620"", ""brand:wikipedia"": ""en:Tesla Supercharger"", ""capacity"": ""4"", ""description"": ""Tesla Supercharger"", ""fee"": ""yes"", ""frequency"": ""0"", ""motorcar"": ""designated"", ""name"": ""Tesla Supercharger"", ""network"": ""Supercharger"", ""network:website"": ""https://www.tesla.com/supercharger"", ""network:wikidata"": ""Q17089620"", ""opening_hours"": ""24/7"", ""operator"": ""Tesla"", ""operator:wikidata"": ""Q478214"", ""ref:supercharge_info"": ""1955"", ""ref:tesla"": ""brightvicsupercharger"", ""short_name"": ""Tesla"", ""socket:tesla_supercharger"": ""4"", ""socket:tesla_supercharger:output"": ""120 kW"", ""website"": ""https://www.tesla.com/findus/location/supercharger/brightvicsupercharger""}",data/raw/osm_chargers.json,https://www.openstreetmap.org/node/6456676767
node/6456722833,Tesla Supercharger,Tesla,-32.2499278,148.6091712,,CCS (Type 2),24/7,yes,yes,https://www.tesla.com/findus/location/supercharger/dubboausupercharger,"{""access"": ""yes"", ""amenity"": ""charging_station"", ""brand"": ""Tesla Supercharger"", ""brand:website"": ""https://www.tesla.com/supercharger"", ""brand:wikidata"": ""Q17089620"", ""brand:wikipedia"": ""en:Tesla Supercharger"", ""capacity"": ""4"", ""description"": ""Tesla Supercharger"", ""fee"": ""yes"", ""frequency"": ""0"", ""motorcar"": ""designated"", ""name"": ""Tesla Supercharger"", ""network"": ""Supercharger"", ""network:website"": ""https://www.tesla.com/supercharger"", ""network:wikidata"": ""Q17089620"", ""opening_hours"": ""24/7"", ""operator"": ""Tesla"", ""operator:wikidata"": ""Q478214"", ""operator:wikipedia"": ""en:Tesla, Inc."", ""ref:supercharge_info"": ""1703"", ""ref:tesla"": ""dubboausupercharger"", ""short_name"": ""Tesla"", ""socket:type2_combo"": ""4"", ""website"": ""https://www.tesla.com/findus/location/supercharger/dubboausupercharger""}",data/raw/osm_chargers.json,https://www.openstreetmap.org/node/6456722833
node/6456723747,Tesla Supercharger,Tesla,-31.1016073,150.9171653,,CCS (Type 2),24/7,yes,yes,https://www.tesla.com/findus/location/supercharger/tamsworthnswsupercharger,"{""access"": ""yes"", ""amenity"": ""charging_station"", ""brand"": ""Tesla Supercharger"", ""brand:website"": ""https://www.tesla.com/supercharger"", ""brand:wikidata"": ""Q17089620"", ""brand:wikipedia"": ""en:Tesla Supercharger"", ""capacity"": ""4"", ""fee"": ""yes"", ""frequency"": ""0"", ""motorcar"": ""designated"", ""name"": ""Tesla Supercharger"", ""network"": ""Supercharger"", ""network:website"": ""https://www.tesla.com/supercharger"", ""network:wikidata"": ""Q17089620"", ""opening_hours"": ""24/7"", ""operator"": ""Tesla"", ""operator:wikidata"": ""Q478214"", ""ref:supercharge_info"": ""1812"", ""ref:tesla"": ""tamsworthnswsupercharger"", ""short_name"": ""Tesla"", ""socket:type2_combo"": ""4"", ""socket:type2_combo:output"": ""120 kW"", ""website"": ""https://www.tesla.com/findus/location/supercharger/tamsworthnswsupercharger""}",data/raw/osm_chargers.json,https://www.openstreetmap.org/node/6456723747
node/6460563175,Tesla Supercharger,Tesla,-28.0353737,153.4271031,,Tesla Supercharger,24/7,yes,yes,https://www.tesla.com/findus/location/supercharger/goldcoastqldsupercharger,"{""access"": ""yes"", ""amenity"": ""charging_station"", ""brand"": ""Tesla Supercharger"", ""brand:website"": ""https://www.tesla.com/supercharger"", ""brand:wikidata"": ""Q17089620"", ""brand:wikipedia"": ""en:Tesla Supercharger"", ""capacity"": ""8"", ""description"": ""Tesla Supercharger"", ""fee"": ""yes"", ""frequency"": ""0"", ""motorcar"": ""designated"", ""name"": ""Tesla Supercharger"", ""network"": ""Supercharger"", ""network:website"": ""https://www.tesla.com/supercharger"", ""network:wikidata"": ""Q17089620"", ""opening_hours"": ""24/7"", ""operator"": ""Tesla"", ""operator:wikidata"": ""Q478214"", ""ref:tesla"": ""goldcoastqldsupercharger"", ""short_name"": ""Tesla"", ""socket:tesla_supercharger"": ""8"", ""socket:tesla_supercharger:output"": ""120 kW"", ""website"": ""https://www.tesla.com/findus/location/supercharger/goldcoastqldsupercharger""}",data/raw/osm_chargers.json,https://www.openstreetmap.org/node/6460563175
node/6460580922,Tesla Supercharger,Tesla,-28.7495635,153.5347035,,CCS (Type 2),24/7,yes,yes,https://www.tesla.com/findus/location/supercharger/knockrowsupercharger,"{""access"": ""yes"", ""amenity"": ""charging_station"", ""brand"": ""Tesla Supercharger"", ""brand:website"": ""https://www.tesla.com/supercharger"", ""brand:wikidata"": ""Q17089620"", ""capacity"": ""6"", ""description"": ""Knockrow Supercharger"", ""fee"": ""yes"", ""frequency"": ""0"", ""motorcar"": ""designated"", ""name"": ""Tesla Supercharger"", ""network"": ""Supercharger"", ""network:website"": ""https://www.tesla.com/supercharger"", ""network:wikidata"": ""Q17089620"", ""opening_hours"": ""24/7"", ""operator"": ""Tesla"", ""operator:wikidata"": ""Q478214"", ""operator:wikipedia"": ""en:Tesla, Inc."", ""ref:supercharge_info"": ""959"", ""ref:tesla"": ""knockrowsupercharger"", ""short_name"": ""Tesla"", ""socket:type2_combo"": ""6"", ""socket:type2_combo:output"": ""120 kW"", ""website"": ""https://www.tesla.com/findus/location/supercharger/knockrowsupercharger""}",data/raw/osm_chargers.json,https://www.openstreetmap.org/node/6460580922
node/6460587589,Tesla Supercharger,Tesla,-31.4361396,152.8236754,,CCS (Type 2),24/7,yes,yes,https://www.tesla.com/findus/location/supercharger/portmacquarie,"{""access"": ""yes"", ""amenity"": ""charging_station"", ""brand"": ""Tesla Supercharger"", ""brand:website"": ""https://www.tesla.com/supercharger"", ""brand:wikidata"": ""Q17089620"", ""brand:wikipedia"": ""en:Tesla Supercharger"", ""capacity"": ""6"", ""description"": ""Port Macquarie Supercharger"", ""fee"": ""yes"", ""frequency"": ""0"", ""motorcar"": ""designated"", ""name"": ""Tesla Supercharger"", ""network"": ""Supercharger"", ""network:website"": ""https://www.tesla.com/supercharger"", ""network:wikidata"": ""Q17089620"", ""opening_hours"": ""24/7"", ""operator"": ""Tesla"", ""operator:wikidata"": ""Q478214"", ""ref:supercharge_info"": ""790"", ""ref:tesla"": ""portmacquarie"", ""short_name"": ""Tesla"", ""socket:type2_combo"": ""6"", ""socket:type2_combo:output"": ""120 kW"", ""website"": ""https://www.tesla.com/findus/location/supercharger/portmacquarie""}",data/raw/osm_chargers.json,https://www.openstreetmap.org/node/6460587589
node/6460781765,,NRMA,-36.4160634,148.6197807,,CCS (Type 2),,customers,yes,,"{""access"": ""customers"", ""amenity"": ""charging_station"", ""capacity"": ""2"", ""covered"": ""no"", ""description"": ""NRMA Fast Charger"", ""fee"": ""yes"", ""operator"": ""NRMA"", ""operator:wikidata"": ""Q6955173"", ""payment:app"": ""yes"", ""payment:cash"": ""no"", ""payment:coins"": ""no"", ""payment:contactless"": ""yes"", ""payment:credit_cards"": ""yes"", ""payment:debit_cards"": ""yes"", ""payment:mastercard"": ""yes"", ""payment:visa"": ""yes"", ""socket:type2_combo"": ""2"", ""socket:type2_combo:output"": ""50 kW""}",data/raw/osm_chargers.json,https://www.openstreetmap.org/node/6460781765
node/6460796546,,NRMA,-33.9237229,147.2036752,,CCS (Type 2); CHAdeMO,,,,,"{""amenity"": ""charging_station"", ""capacity"": ""4"", ""description"": ""NRMA Fast Charger"", ""operator"": ""NRMA"", ""operator:wikidata"": ""Q6955173"", ""operator:wikipedia"": ""en:NRMA"", ""socket:chademo"": ""1"", ""socket:chademo:output"": ""180 kW"", ""socket:type2_combo"": ""3"", ""socket:type2_combo:output"": ""180 kW""}",data/raw/osm_chargers.json,https://www.openstreetmap.org/node/6460796546
node/6460798626,,NRMA,-34.3117299,148.2950671,,CCS (Type 2); CHAdeMO,,,no,,"{""amenity"": ""charging_station"", ""authentication:none"": ""yes"", ""capacity"": ""1"", ""charging_station:output"": ""50 kW"", ""description"": ""NRMA Fast Charger"", ""fee"": ""no"", ""operator"": ""NRMA"", ""operator:wikidata"": ""Q6955173"", ""parking:fee"": ""no"", ""socket:chademo"": ""1"", ""socket:chademo:output"": ""50 kW"", ""socket:type2_combo"": ""1"", ""socket:type2_combo:output"": ""50 kW""}",data/raw/osm_chargers.json,https://www.openstreetmap.org/node/6460798626
node/6460800322,,NRMA,-33.1375197,148.1726877,,CCS (Type 2); CHAdeMO,,,,,"{""amenity"": ""charging_station"", ""capacity"": ""4"", ""description"": ""NRMA Fast Charger"", ""operator"": ""NRMA"", ""operator:wikidata"": ""Q6955173"", ""operator:wikipedia"": ""en:NRMA"", ""socket:chademo"": ""1"", ""socket:chademo:output"": ""160 kW"", ""socket:type2_combo"": ""3"", ""socket:type2_combo:output"": ""160 kW""}",data/raw/osm_chargers.json,https://www.openstreetmap.org/node/6460800322
node/6489744914,,NRMA,-33.4191414,149.5867462,,CCS (Type 2); CHAdeMO,,,,,"{""amenity"": ""charging_station"", ""bicycle"": ""no"", ""capacity"": ""1"", ""description"": ""NRMA Fast Charger"", ""operator"": ""NRMA"", ""operator:wikidata"": ""Q6955173"", ""socket:chademo"": ""1"", ""socket:type2_combo"": ""1""}",data/raw/osm_chargers.json,https://www.openstreetmap.org/node/6489744914
node/6489763087,,NRMA,-34.775569,150.7008205,,,,,,,"{""amenity"": ""charging_station"", ""description"": ""NRMA Fast Charger"", ""operator"": ""NRMA"", ""operator:wikidata"": ""Q6955173""}",data/raw/osm_chargers.json,https://www.openstreetmap.org/node/6489763087
node/6489797683,,NRMA,-32.0990505,152.3814131,,CCS (Type 2); CHAdeMO,,,,,"{""amenity"": ""charging_station"", ""capacity"": ""2"", ""description"": ""NRMA Fast Charger"", ""operator"": ""NRMA"", ""operator:wikidata"": ""Q6955173"", ""socket:chademo"": ""1"", ""socket:type2_combo"": ""1""}",data/raw/osm_chargers.json,https://www.openstreetmap.org/node/6489797683
node/6512442081,,NRMA,-35.7084845,150.1752344,,CCS (Type 2); CHAdeMO,,,no,,"{""amenity"": ""charging_station"", ""authentication:none"": ""yes"", ""capacity"": ""1"", ""charging_station:output"": ""50 kW"", ""description"": ""NRMA Fast Charger"", ""fee"": ""no"", ""operator"": ""NRMA"", ""operator:wikidata"": ""Q6955173"", ""socket:chademo"": ""1"", ""socket:chademo:output"": ""50 kW"", ""socket:type2_combo"": ""1"", ""socket:type2_combo:output"": ""50 kW""}",data/raw/osm_chargers.json,https://www.openstreetmap.org/node/6512442081
node/6517096170,Tesla Supercharger,Tesla,-33.3101932,151.420595,,Tesla Supercharger,24/7,yes,yes,https://www.tesla.com/findus/location/supercharger/centralcoastsupercharger,"{""access"": ""yes"", ""amenity"": ""charging_station"", ""brand"": ""Tesla Supercharger"", ""brand:website"": ""https://www.tesla.com/supercharger"", ""brand:wikidata"": ""Q17089620"", ""brand:wikipedia"": ""en:Tesla Supercharger"", ""fee"": ""yes"", ""frequency"": ""0"", ""motorcar"": ""designated"", ""name"": ""Tesla Supercharger"", ""network"": ""Supercharger"", ""network:website"": ""https://www.tesla.com/supercharger"", ""network:wikidata"": ""Q17089620"", ""opening_hours"": ""24/7"", ""operator"": ""Tesla"", ""operator:wikidata"": ""Q478214"", ""operator:wikipedia"": ""en:Tesla, Inc."", ""ref:supercharge_info"": ""1992"", ""ref:tesla"": ""centralcoastsupercharger"", ""short_name"": ""Tesla"", ""socket:tesla_supercharger"": ""6"", ""website"": ""https://www.tesla.com/findus/location/supercharger/centralcoastsupercharger""}",data/raw/osm_chargers.json,https://www.openstreetmap.org/node/6517096170
node/6525751310,Tesla Supercharger,Tesla,-34.8082768,150.6367014,,CCS (Type 2),24/7,yes,yes,https://www.tesla.com/findus/location/supercharger/berrynswsupercharger,"{""access"": ""yes"", ""amenity"": ""charging_station"", ""brand"": ""Tesla Supercharger"", ""brand:website"": ""https://www.tesla.com/supercharger"", ""brand:wikidata"": ""Q17089620"", ""brand:wikipedia"": ""en:Tesla Supercharger"", ""capacity"": ""6"", ""description"": ""Tesla Supercharger"", ""fee"": ""yes"", ""frequency"": ""0"", ""motorcar"": ""designated"", ""name"": ""Tesla Supercharger"", ""network"": ""Supercharger"", ""network:website"": ""https://www.tesla.com/supercharger"", ""network:wikidata"": ""Q17089620"", ""opening_hours"": ""24/7"", ""operator"": ""Tesla"", ""operator:wikidata"": ""Q478214"", ""operator:wikipedia"": ""en:Tesla, Inc."", ""ref:supercharge_info"": ""1518"", ""ref:tesla"": ""berrynswsupercharger"", ""short_name"": ""Tesla"", ""socket:type2_combo"": ""6"", ""socket:type2_combo:output"": ""120 kW"", ""website"": ""https://www.tesla.com/findus/location/supercharger/berrynswsupercharger""}",data/raw/osm_chargers.json,https://www.openstreetmap.org/node/6525751310
node/6595579456,,NRMA,-33.8460153,151.0698417,,CCS (Type 2),,yes,no,,"{""access"": ""yes"", ""amenity"": ""charging_station"", ""bicycle"": ""no"", ""capacity"": ""2"", ""description"": ""NRMA Fast Charger"", ""fee"": ""no"", ""operator"": ""NRMA"", ""operator:wikidata"": ""Q6955173"", ""operator:wikipedia"": ""en:NRMA"", ""socket:type2_combo"": ""1"", ""socket:type2_combo:output"": ""50 kW""}",data/raw/osm_chargers.json,https://www.openstreetmap.org/node/6595579456
node/6656200736,,NRMA,-29.7384627,151.7362504,,,,,,,"{""amenity"": ""charging_station"", ""description"": ""NRMA Fast Charger"", ""operator"": ""NRMA"", ""operator:wikidata"": ""Q6955173""}",data/raw/osm_chargers.json,https://www.openstreetmap.org/node/6656200736
node/6656233420,,NRMA,-33.4780086,150.1610665,,CCS (Type 2); CHAdeMO,,yes,yes,,"{""access"": ""yes"", ""amenity"": ""charging_station"", ""brand"": ""Tritium"", ""capacity"": ""2"", ""description"": ""NRMA Fast Charger"", ""fee"": ""yes"", ""operator"": ""NRMA"", ""operator:wikidata"": ""Q6955173"", ""socket:chademo"": ""2"", ""socket:type2_combo"": ""2""}",data/raw/osm_chargers.json,https://www.openstreetmap.org/node/6656233420
node/6656345063,,NRMA,-29.6881629,152.9335121,,CCS (Type 2); CHAdeMO,,yes,yes,,"{""access"": ""yes"", ""amenity"": ""charging_station"", ""authentication:none"": ""yes"", ""capacity"": ""1"", ""charge"": ""$0.66/kWh"", ""covered"": ""yes"", ""description"": ""NRMA Fast Charger"", ""fee"": ""yes"", ""operator"": ""NRMA"", ""operator:wikidata"": ""Q6955173"", ""operator:wikipedia"": ""en:NRMA"", ""output"": ""50 kw"", ""payment:app"": ""yes"", ""socket:chademo"": ""1"", ""socket:chademo:output"": ""50 kW"", ""socket:type2_combo"": ""1"", ""socket:type2_combo:output"": ""50 kW""}",data/raw/osm_chargers.json,https://www.openstreetmap.org/node/6656345063
node/6695968988,,NRMA,-28.636313,153.553519,,CCS (Type 2); CHAdeMO,,,no,,"{""amenity"": ""charging_station"", ""authentication:none"": ""yes"", ""capacity"": ""2"", ""description"": ""NRMA Fast Charger"", ""fee"": ""no"", ""operator"": ""NRMA"", ""operator:wikidata"": ""Q6955173"", ""output"": ""100 kW"", ""socket:chademo"": ""2"", ""socket:chademo:output"": ""50 kW"", ""socket:type2_combo"": ""2"", ""socket:type2_combo:output"": ""50 kW""}",data/raw/osm_chargers.json,https://www.openstreetmap.org/node/6695968988
node/6711862737,,NRMA,-36.6731502,149.8431789,,CCS (Type 2); CHAdeMO,,,,,"{""amenity"": ""charging_station"", ""capacity"": ""2"", ""description"": ""NRMA Fast Charger"", ""operator"": ""NRMA"", ""operator:wikidata"": ""Q6955173"", ""operator:wikipedia"": ""en:NRMA"", ""socket:chademo"": ""1"", ""socket:type2_combo"": ""1"", ""source:operator"": ""https://opendata.transport.nsw.gov.au/dataset/electric-vehicle-charging-stations-nsw""}",data/raw/osm_chargers.json,https://www.openstreetmap.org/node/6711862737
node/6749392356,,NRMA,-35.7175328,147.317755,,CCS (Type 2),,,,,"{""amenity"": ""charging_station"", ""capacity"": ""4"", ""description"": ""NRMA Fast Charger"", ""operator"": ""NRMA"", ""operator:wikidata"": ""Q6955173"", ""socket:type2_combo"": ""4"", ""socket:type2_combo:output"": ""300 kW""}",data/raw/osm_chargers.json,https://www.openstreetmap.org/node/6749392356
node/6749417820,NRMA EV Charging Station,NRMA,-34.8234623,148.3253727,,CCS (Type 2),,,no,,"{""amenity"": ""charging_station"", ""authentication:none"": ""yes"", ""capacity"": ""2"", ""description"": ""NRMA Fast Charger"", ""fee"": ""no"", ""name"": ""NRMA EV Charging Station"", ""operator"": ""NRMA"", ""operator:wikidata"": ""Q6955173"", ""operator:wikipedia"": ""en:NRMA"", ""output"": ""50 kW"", ""socket:type2_combo"": ""2"", ""socket:type2_combo:output"": ""50 kW""}",data/raw/osm_chargers.json,https://www.openstreetmap.org/node/6749417820
node/6753244994,,jet charge,-33.796509,151.1833697,,,,,,,"{""amenity"": ""charging_station"", ""brand"": ""EVLink"", ""capacity"": ""2"", ""operator"": ""JET Charge""}",data/raw/osm_chargers.json,https://www.openstreetmap.org/node/6753244994
node/6758195608,,,-36.0283814,146.8959075,,,,,,,"{""amenity"": ""charging_station"", ""note"": ""yes, it's at Albury tip!""}",data/raw/osm_chargers.json,https://www.openstreetmap.org/node/6758195608
node/6759463884,,NRMA,-32.2493739,148.609354,,CCS (Type 2),,,,,"{""amenity"": ""charging_station"", ""capacity"": ""2"", ""description"": ""NRMA Fast Charger"", ""operator"": ""NRMA"", ""operator:wikidata"": ""Q6955173"", ""operator:wikipedia"": ""en:NRMA"", ""socket:type2_combo"": ""2""}",data/raw/osm_chargers.json,https://www.openstreetmap.org/node/6759463884
node/6773250148,,yurika,-28.1640661,153.5149307,,,,,,,"{""amenity"": ""charging_station"", ""description"": ""Queensland Electric Super Highway"", ""operator"": ""Yurika"", ""operator:wikidata"": ""Q106234391""}",data/raw/osm_chargers.json,https://www.openstreetmap.org/node/6773250148
node/6816255780,Tesla Supercharger,Tesla,-36.7745651,144.3064633,,CCS (Type 2),24/7,yes,yes,https://www.tesla.com/findus/location/supercharger/bendigosupercharger,"{""access"": ""yes"", ""amenity"": ""charging_station"", ""brand"": ""Tesla Supercharger"", ""brand:website"": ""https://www.tesla.com/supercharger"", ""brand:wikidata"": ""Q17089620"", ""brand:wikipedia"": ""en:Tesla Supercharger"", ""capacity"": ""6"", ""fee"": ""yes"", ""frequency"": ""0"", ""motorcar"": ""designated"", ""name"": ""Tesla Supercharger"", ""network"": ""Supercharger"", ""network:website"": ""https://www.tesla.com/supercharger"", ""network:wikidata"": ""Q17089620"", ""opening_hours"": ""24/7"", ""operator"": ""Tesla"", ""operator:wikidata"": ""Q478214"", ""operator:wikipedia"": ""en:Tesla, Inc."", ""ref:supercharge_info"": ""2109"", ""ref:tesla"": ""bendigosupercharger"", ""short_name"": ""Tesla"", ""socket:type2_combo"": ""6"", ""website"": ""https://www.tesla.com/findus/location/supercharger/bendigosupercharger""}",data/raw/osm_chargers.json,https://www.openstreetmap.org/node/6816255780
node/6816990777,Tesla Supercharger,Tesla,-32.7878111,151.7276848,,Tesla CCS; Tesla Supercharger,24/7,yes,yes,https://www.tesla.com/findus/location/supercharger/heatherbraesupercharger,"{""access"": ""yes"", ""amenity"": ""charging_station"", ""brand"": ""Tesla Supercharger"", ""brand:website"": ""https://www.tesla.com/supercharger"", ""brand:wikidata"": ""Q17089620"", ""brand:wikipedia"": ""en:Tesla Supercharger"", ""capacity"": ""6"", ""description"": ""Heatherbrae Supercharger"", ""fee"": ""yes"", ""frequency"": ""0"", ""motorcar"": ""designated"", ""name"": ""Tesla Supercharger"", ""network"": ""Supercharger"", ""network:website"": ""https://www.tesla.com/supercharger"", ""network:wikidata"": ""Q17089620"", ""opening_hours"": ""24/7"", ""operator"": ""Tesla"", ""operator:wikidata"": ""Q478214"", ""ref:supercharge_info"": ""957"", ""ref:tesla"": ""heatherbraesupercharger"", ""short_name"": ""Tesla"", ""socket:tesla_supercharger"": ""6"", ""socket:tesla_supercharger:output"": ""120 kW"", ""socket:tesla_supercharger_ccs"": ""6"", ""socket:tesla_supercharger_ccs:output"": ""120 kW"", ""website"": ""https://www.tesla.com/findus/location/supercharger/heatherbraesupercharger""}",data/raw/osm_chargers.json,https://www.openstreetmap.org/node/6816990777
node/6824446152,,southern downs regional council,-28.2172097,152.030729,,CCS (Type 2),,yes,yes,,"{""access"": ""yes"", ""amenity"": ""charging_station"", ""authentication:app"": ""yes"", ""capacity"": ""3"", ""covered"": ""no"", ""fee"": ""yes"", ""motorcar"": ""yes"", ""network"": ""I-charge"", ""operator"": ""Southern Downs Regional Council"", ""operator:type"": ""government"", ""payment:app"": ""yes"", ""payment:credit_cards"": ""yes"", ""socket:type2"": ""2"", ""socket:type2:output"": ""22"", ""socket:type2_combo"": ""2""}",data/raw/osm_chargers.json,https://www.openstreetmap.org/node/6824446152
node/6839163294,,NRMA,-30.9786335,150.2519137,,,,,,,"{""amenity"": ""charging_station"", ""description"": ""NRMA Fast Charger"", ""operator"": ""NRMA"", ""operator:wikidata"": ""Q6955173"", ""operator:wikipedia"": ""en:NRMA""}",data/raw/osm_chargers.json,https://www.openstreetmap.org/node/6839163294
node/6907644721,,Chargefox,-28.857635,153.5617941,,,,,,,"{""amenity"": ""charging_station"", ""brand"": ""Chargefox"", ""operator"": ""Chargefox"", ""operator:wikidata"": ""Q105775824""}",data/raw/osm_chargers.json,https://www.openstreetmap.org/node/6907644721
node/6914659544,,Chargefox,-34.436581,150.8633339,,,,,,,"{""amenity"": ""charging_station"", ""operator"": ""Chargefox"", ""operator:wikidata"": ""Q105775824""}",data/raw/osm_chargers.json,https://www.openstreetmap.org/node/6914659544
node/6926483227,,NRMA,-34.5091627,144.8426785,,CCS (Type 2); CHAdeMO,,,,,"{""amenity"": ""charging_station"", ""brand"": ""NRMA"", ""description"": ""NRMA Fast Charger"", ""operator"": ""NRMA"", ""operator:wikidata"": ""Q6955173"", ""operator:wikipedia"": ""en:NRMA"", ""socket:chademo"": ""1"", ""socket:type2_combo"": ""1""}",data/raw/osm_chargers.json,https://www.openstreetmap.org/node/6926483227
node/6926521128,,NRMA,-34.18882,142.162711,,CCS (Type 2); CHAdeMO,,,,,"{""amenity"": ""charging_station"", ""brand"": ""NRMA"", ""description"": ""NRMA Fast Charger"", ""operator"": ""NRMA"", ""operator:wikidata"": ""Q6955173"", ""operator:wikipedia"": ""en:NRMA"", ""socket:chademo"": ""1"", ""socket:type2_combo"": ""1""}",data/raw/osm_chargers.json,https://www.openstreetmap.org/node/6926521128
node/6961067090,Tesla Destination Charger,Tesla,-28.870871,153.563108,,,,permissive,no,,"{""access"": ""permissive"", ""amenity"": ""charging_station"", ""brand"": ""Tesla"", ""brand:wikidata"": ""Q478214"", ""fee"": ""no"", ""name"": ""Tesla Destination Charger"", ""short_name"": ""Tesla""}",data/raw/osm_chargers.json,https://www.openstreetmap.org/node/6961067090
node/6961675434,,Chargefox,-32.9291638,151.7720103,,,,,yes,,"{""amenity"": ""charging_station"", ""capacity"": ""22"", ""fee"": ""yes"", ""operator"": ""Chargefox"", ""operator:wikidata"": ""Q105775824""}",data/raw/osm_chargers.json,https://www.openstreetmap.org/node/6961675434
node/6965043248,,Chargefox,-32.9302558,151.7607437,,,,yes,yes,,"{""access"": ""yes"", ""amenity"": ""charging_station"", ""capacity"": ""50"", ""fee"": ""yes"", ""operator"": ""Chargefox"", ""operator:wikidata"": ""Q105775824""}",data/raw/osm_chargers.json,https://www.openstreetmap.org/node/6965043248
node/6965043249,,Chargefox,-32.9302851,151.7607424,,,,yes,yes,,"{""access"": ""yes"", ""amenity"": ""charging_station"", ""capacity"": ""22"", ""fee"": ""yes"", ""operator"": ""Chargefox"", ""operator:wikidata"": ""Q105775824""}",data/raw/osm_chargers.json,https://www.openstreetmap.org/node/6965043249
node/6965043250,,Chargefox,-32.9303144,151.760741,,,,yes,yes,,"{""access"": ""yes"", ""amenity"": ""charging_station"", ""capacity"": ""22"", ""fee"": ""yes"", ""operator"": ""Chargefox"", ""operator:wikidata"": ""Q105775824""}",data/raw/osm_chargers.json,https://www.openstreetmap.org/node/6965043250
node/6965052432,Tesla Supercharger,Tesla,-33.8763052,151.1778386,,CCS (Type 2),,yes,no,,"{""access"": ""yes"", ""amenity"": ""charging_station"", ""brand"": ""Tesla Supercharger"", ""brand:wikidata"": ""Q17089620"", ""capacity"": ""4"", ""covered"": ""yes"", ""fee"": ""no"", ""level"": ""2"", ""name"": ""Tesla Supercharger"", ""operator"": ""Tesla"", ""operator:wikidata"": ""Q478214"", ""socket:type2_combo"": ""4"", ""socket:type2_combo:output"": ""250""}",data/raw/osm_chargers.json,https://www.openstreetmap.org/node/6965052432
node/6965112603,ChargePoint,ChargePoint,-32.9028042,151.6906686,,,,yes,yes,,"{""access"": ""yes"", ""amenity"": ""charging_station"", ""brand"": ""ChargePoint"", ""brand:wikidata"": ""Q5176149"", ""capacity"": ""7"", ""fee"": ""yes"", ""name"": ""ChargePoint"", ""operator"": ""ChargePoint"", ""operator:wikidata"": ""Q5176149""}",data/raw/osm_chargers.json,https://www.openstreetmap.org/node/6965112603
node/6965116701,,NRMA,-32.9026832,151.6697747,,,,yes,yes,,"{""access"": ""yes"", ""amenity"": ""charging_station"", ""capacity"": ""50"", ""fee"": ""yes"", ""operator"": ""NRMA"", ""operator:wikidata"": ""Q6955173"", ""operator:wikipedia"": ""en:NRMA""}",data/raw/osm_chargers.json,https://www.openstreetmap.org/node/6965116701
node/6965116702,,NRMA,-32.9026703,151.6698001,,,,yes,yes,,"{""access"": ""yes"", ""amenity"": ""charging_station"", ""capacity"": ""50"", ""fee"": ""yes"", ""operator"": ""NRMA"", ""operator:wikidata"": ""Q6955173"", ""operator:wikipedia"": ""en:NRMA""}",data/raw/osm_chargers.json,https://www.openstreetmap.org/node/6965116702
node/6965143040,,Chargefox,-33.9138057,151.2391178,,CCS (Type 2),,yes,no,,"{""access"": ""yes"", ""amenity"": ""charging_station"", ""capacity"": ""2"", ""fee"": ""no"", ""operator"": ""Chargefox"", ""operator:wikidata"": ""Q105775824"", ""socket:type2_combo"": ""2""}",data/raw/osm_chargers.json,https://www.openstreetmap.org/node/6965143040
node/6967754081,,Chargefox,-33.9053712,151.2129122,,,,,,,"{""amenity"": ""charging_station"", ""brand"": ""Chargefox"", ""operator"": ""Chargefox"", ""operator:wikidata"": ""Q105775824""}",data/raw/osm_chargers.json,https://www.openstreetmap.org/node/6967754081
node/6979040237,Tesla Supercharger,Tesla,-36.2355277,149.1267896,,Tesla Supercharger,24/7,yes,yes,https://www.tesla.com/findus/location/supercharger/coomasupercharger,"{""access"": ""yes"", ""amenity"": ""charging_station"", ""brand"": ""Tesla Supercharger"", ""brand:website"": ""https://www.tesla.com/supercharger"", ""brand:wikidata"": ""Q17089620"", ""brand:wikipedia"": ""en:Tesla Supercharger"", ""capacity"": ""4"", ""description"": ""Tesla Supercharger"", ""fee"": ""yes"", ""frequency"": ""0"", ""motorcar"": ""designated"", ""name"": ""Tesla Supercharger"", ""network"": ""Supercharger"", ""network:website"": ""https://www.tesla.com/supercharger"", ""network:wikidata"": ""Q17089620"", ""note"": ""Separate site to the Cooma KFC site"", ""opening_hours"": ""24/7"", ""operator"": ""Tesla"", ""operator:wikidata"": ""Q478214"", ""operator:wikipedia"": ""en:Tesla, Inc."", ""ref:supercharge_info"": ""1129"", ""ref:tesla"": ""coomasupercharger"", ""short_name"": ""Tesla"", ""socket:tesla_supercharger"": ""4"", ""website"": ""https://www.tesla.com/findus/location/supercharger/coomasupercharger""}",data/raw/osm_chargers.json,https://www.openstreetmap.org/node/6979040237
node/6979057721,,Chargefox,-36.2188825,149.1336412,,,,yes,,,"{""access"": ""yes"", ""amenity"": ""charging_station"", ""capacity"": ""350"", ""description"": ""Chargefox"", ""operator"": ""Chargefox"", ""operator:wikidata"": ""Q105775824""}",data/raw/osm_chargers.json,https://www.openstreetmap.org/node/6979057721
node/7021322234,,Chargefox,-34.7479333,149.7496197,,CCS (Type 2); CHAdeMO,,,yes,,"{""amenity"": ""charging_station"", ""authentication:app"": ""yes"", ""brand"": ""Chargefox"", ""capacity"": ""3"", ""description"": ""Chargefox Goulburn"", ""fee"": ""yes"", ""operator"": ""Chargefox"", ""operator:wikidata"": ""Q105775824"", ""payment:app"": ""yes"", ""socket:chademo"": ""3"", ""socket:chademo:output"": ""100 kW"", ""socket:type2_combo"": ""3"", ""socket:type2_combo:output"": ""350 kW""}",data/raw/osm_chargers.json,https://www.openstreetmap.org/node/7021322234
node/7042825731,,Chargefox,-32.6539082,151.9625258,,CCS (Type 2); CHAdeMO,,,yes,,"{""amenity"": ""charging_station"", ""authentication:app"": ""yes"", ""capacity"": ""3"", ""description"": ""Chargefox Karuah"", ""fee"": ""yes"", ""operator"": ""Chargefox"", ""operator:wikidata"": ""Q105775824"", ""payment:app"": ""yes"", ""socket:chademo"": ""1"", ""socket:chademo:output"": ""50 kW"", ""socket:type2_combo"": ""3"", ""socket:type2_combo:output"": ""350 kW""}",data/raw/osm_chargers.json,https://www.openstreetmap.org/node/7042825731
node/7104312656,,Chargefox,-37.3426377,144.1423321,,,24/7,,no,,"{""amenity"": ""charging_station"", ""capacity"": ""2"", ""description"": ""Town Hall Daylesford"", ""fee"": ""no"", ""opening_hours"": ""24/7"", ""operator"": ""Chargefox"", ""operator:wikidata"": ""Q105775824"", ""socket:type1"": ""2""}",data/raw/osm_chargers.json,https://www.openstreetmap.org/node/7104312656
node/7110814863,,Tesla,-37.2833721,142.9339235,,,,,,,"{""amenity"": ""charging_station"", ""brand"": ""Tesla, Inc."", ""brand:wikidata"": ""Q478214"", ""description"": ""Tesla Only, 22kw destination charger"", ""short_name"": ""Tesla""}",data/raw/osm_chargers.json,https://www.openstreetmap.org/node/7110814863
node/7140188595,Tesla Supercharger,Tesla,-29.427045,153.2391675,,Tesla Supercharger,24/7,yes,yes,https://www.tesla.com/findus/location/supercharger/macleannswsupercharger,"{""access"": ""yes"", ""amenity"": ""charging_station"", ""bicycle"": ""no"", ""brand"": ""Tesla Supercharger"", ""brand:website"": ""https://www.tesla.com/supercharger"", ""brand:wikidata"": ""Q17089620"", ""brand:wikipedia"": ""en:Tesla Supercharger"", ""capacity"": ""4"", ""description"": ""Tesla Supercharger"", ""fee"": ""yes"", ""frequency"": ""0"", ""motorcar"": ""designated"", ""name"": ""Tesla Supercharger"", ""network"": ""Supercharger"", ""network:website"": ""https://www.tesla.com/supercharger"", ""network:wikidata"": ""Q17089620"", ""opening_hours"": ""24/7"", ""operator"": ""Tesla"", ""operator:wikidata"": ""Q478214"", ""ref:supercharge_info"": ""2001"", ""ref:tesla"": ""macleannswsupercharger"", ""short_name"": ""Tesla"", ""socket:tesla_supercharger"": ""4"", ""website"": ""https://www.tesla.com/findus/location/supercharger/macleannswsupercharger""}",data/raw/osm_chargers.json,https://www.openstreetmap.org/node/7140188595
node/7237598406,,Chargefox,-33.7708416,150.8452155,,,,,,,"{""amenity"": ""charging_station"", ""operator"": ""Chargefox"", ""operator:wikidata"": ""Q105775824""}",data/raw/osm_chargers.json,https://www.openstreetmap.org/node/7237598406
node/7244697466,,NRMA,-36.0837898,146.9148011,,CCS (Type 2); CHAdeMO,,,,,"{""amenity"": ""charging_station"", ""description"": ""NRMA Fast Charger"", ""operator"": ""NRMA"", ""operator:wikidata"": ""Q6955173"", ""operator:wikipedia"": ""en:NRMA"", ""socket:chademo"": ""1"", ""socket:type2_combo"": ""1""}",data/raw/osm_chargers.json,https://www.openstreetmap.org/node/7244697466
node/7270664150,Tesla Supercharger,Tesla,-33.7781529,151.1207792,,Tesla Supercharger,24/7,yes,yes,https://www.tesla.com/findus/location/supercharger/macquarienswsupercharger,"{""access"": ""yes"", ""amenity"": ""charging_station"", ""brand"": ""Tesla Supercharger"", ""brand:website"": ""https://www.tesla.com/supercharger"", ""brand:wikidata"": ""Q17089620"", ""brand:wikipedia"": ""en:Tesla Supercharger"", ""capacity"": ""10"", ""description"": ""Tesla Supercharger"", ""fee"": ""yes"", ""frequency"": ""0"", ""motorcar"": ""designated"", ""name"": ""Tesla Supercharger"", ""network"": ""Supercharger"", ""network:website"": ""https://www.tesla.com/supercharger"", ""network:wikidata"": ""Q17089620"", ""opening_hours"": ""24/7"", ""operator"": ""Tesla"", ""operator:wikidata"": ""Q478214"", ""operator:wikipedia"": ""en:Tesla, Inc."", ""ref:supercharge_info"": ""2282"", ""ref:tesla"": ""macquarienswsupercharger"", ""short_name"": ""Tesla"", ""socket:tesla_supercharger"": ""10"", ""website"": ""https://www.tesla.com/findus/location/supercharger/macquarienswsupercharger""}",data/raw/osm_chargers.json,https://www.openstreetmap.org/node/7270664150
node/7370307097,,Chargefox,-37.5613256,143.8623024,,CCS (Type 2); CHAdeMO,,,,,"{""amenity"": ""charging_station"", ""operator"": ""Chargefox"", ""operator:wikidata"": ""Q105775824"", ""socket:chademo"": ""4"", ""socket:type2_combo"": ""4""}",data/raw/osm_chargers.json,https://www.openstreetmap.org/node/7370307097
node/7370327570,,Evie,-35.7099111,150.1774214,,CCS (Type 2),,,no,,"{""amenity"": ""charging_station"", ""authentication:app"": ""yes"", ""capacity"": ""1"", ""charging_station:output"": ""50 kW"", ""description"": ""Dan Murphy's Charging Station"", ""fee"": ""no"", ""network"": ""Evie Networks"", ""operator"": ""Evie Networks"", ""operator:wikidata"": ""Q105795220"", ""socket:type2_combo"": ""2"", ""socket:type2_combo:output"": ""50 kW""}",data/raw/osm_chargers.json,https://www.openstreetmap.org/node/7370327570
node/7375482623,,NRMA,-32.7742468,151.2946203,,,,,,,"{""amenity"": ""charging_station"", ""description"": ""NRMA Fast Charger"", ""operator"": ""NRMA"", ""operator:wikidata"": ""Q6955173"", ""operator:wikipedia"": ""en:NRMA""}",data/raw/osm_chargers.json,https://www.openstreetmap.org/node/7375482623
node/7384135909,,NRMA,-31.2787465,149.2791803,,CCS (Type 2); CHAdeMO,,,,,"{""amenity"": ""charging_station"", ""capacity"": ""2"", ""description"": ""NRMA Fast Charger"", ""operator"": ""NRMA"", ""operator:wikidata"": ""Q6955173"", ""operator:wikipedia"": ""en:NRMA"", ""socket:chademo"": ""1"", ""socket:chademo:output"": ""50 kW"", ""socket:type2_combo"": ""1"", ""socket:type2_combo:output"": ""50 kW""}",data/raw/osm_chargers.json,https://www.openstreetmap.org/node/7384135909
node/7401170459,,,-33.9306373,151.2464722,,,,,,,"{""amenity"": ""charging_station""}",data/raw/osm_chargers.json,https://www.openstreetmap.org/node/7401170459
node/7476003934,,,-32.1997712,152.5199677,,,,yes,yes,,"{""access"": ""yes"", ""amenity"": ""charging_station"", ""description"": ""Stockland Forster"", ""fee"": ""yes"", ""output"": ""16A"", ""payment"": ""contactless"", ""voltage"": ""230""}",data/raw/osm_chargers.json,https://www.openstreetmap.org/node/7476003934
node/7478006036,,Evie,-35.2771687,147.7361254,,CCS (Type 2); CHAdeMO,,,,https://goevie.com.au/,"{""amenity"": ""charging_station"", ""capacity"": ""2"", ""description"": ""Evie Networks"", ""operator"": ""Evie Networks"", ""operator:wikidata"": ""Q105795220"", ""socket:chademo"": ""2"", ""socket:type2_combo"": ""2"", ""website"": ""https://goevie.com.au/""}",data/raw/osm_chargers.json,https://www.openstreetmap.org/node/7478006036
node/7612243561,,Evie,-36.907512,145.2399179,,CCS (Type 2),,,,https://goevie.com.au/,"{""amenity"": ""charging_station"", ""capacity"": ""4"", ""description"": ""Evie Networks"", ""operator"": ""Evie Networks"", ""operator:wikidata"": ""Q105795220"", ""socket:type2_combo"": ""4"", ""socket:type2_combo:output"": ""150 kW"", ""website"": ""https://goevie.com.au/""}",data/raw/osm_chargers.json,https://www.openstreetmap.org/node/7612243561
node/7612252206,,Evie,-31.9433485,152.4706099,,CCS (Type 2); CHAdeMO,,,yes,https://goevie.com.au/,"{""amenity"": ""charging_station"", ""authentication:app"": ""yes"", ""bicycle"": ""no"", ""capacity"": ""2"", ""description"": ""Evie Taree"", ""fee"": ""yes"", ""operator"": ""Evie Networks"", ""operator:wikidata"": ""Q105795220"", ""parking:fee"": ""no"", ""payment:app"": ""yes"", ""socket:chademo"": ""2"", ""socket:chademo:output"": ""100 kW"", ""socket:type2_combo"": ""2"", ""socket:type2_combo:output"": ""350 kW"", ""website"": ""https://goevie.com.au/""}",data/raw/osm_chargers.json,https://www.openstreetmap.org/node/7612252206
node/7742159359,,NRMA,-34.6396148,143.5644882,,CCS (Type 2); CHAdeMO,,,,,"{""amenity"": ""charging_station"", ""description"": ""NRMA Fast Charger"", ""operator"": ""NRMA"", ""operator:wikidata"": ""Q6955173"", ""operator:wikipedia"": ""en:NRMA"", ""socket:chademo"": ""1"", ""socket:type2_combo"": ""1""}",data/raw/osm_chargers.json,https://www.openstreetmap.org/node/7742159359
node/7816558586,,NRMA,-34.8412265,148.9124032,,CHAdeMO,,yes,no,https://www.mynrma.com.au/cars-and-driving/electric-vehicles/charging-network,"{""access"": ""yes"", ""amenity"": ""charging_station"", ""capacity"": ""2"", ""charging_station:output"": ""100 kW"", ""description"": ""NRMA Fast Charger"", ""fee"": ""no"", ""operator"": ""NRMA"", ""operator:wikidata"": ""Q6955173"", ""operator:wikipedia"": ""en:NRMA"", ""parking:fee"": ""no"", ""socket:chademo"": ""2"", ""socket:chademo:output"": ""50 kW"", ""socket:type2:output"": ""50 kW"", ""socket:type2_cable"": ""2"", ""website"": ""https://www.mynrma.com.au/cars-and-driving/electric-vehicles/charging-network""}",data/raw/osm_chargers.json,https://www.openstreetmap.org/node/7816558586
node/7842335713,,eo,-33.4257824,149.5813787,,,,,,,"{""amenity"": ""charging_station"", ""capacity"": ""2"", ""operator"": ""EO""}",data/raw/osm_chargers.json,https://www.openstreetmap.org/node/7842335713
node/7853763889,,,-35.2998964,149.190361,,,,yes,no,,"{""access"": ""yes"", ""amenity"": ""charging_station"", ""capacity"": ""1"", ""description"": ""Majura Park Destination Charger"", ""fee"": ""no"", ""output"": ""7 kW"", ""socket:type2"": ""1"", ""socket:type2:output"": ""7 kW""}",data/raw/osm_chargers.json,https://www.openstreetmap.org/node/7853763889
node/7853799488,,,-35.2801903,149.1354521,,,,,no,,"{""amenity"": ""charging_station"", ""capacity"": ""4"", ""description"": ""Secure Parking EV Chargers"", ""fee"": ""no"", ""socket:type2"": ""4"", ""socket:type2:output"": ""22 kW""}",data/raw/osm_chargers.json,https://www.openstreetmap.org/node/7853799488
node/7853821459,,NRMA,-31.4581377,152.8274176,,CCS (Type 2),,,no,,"{""amenity"": ""charging_station"", ""authentication:none"": ""yes"", ""brand"": ""NRMA"", ""capacity"": ""4"", ""description"": ""Sovereign Place NRMA Fast Charger"", ""fee"": ""no"", ""operator"": ""NRMA"", ""operator:wikidata"": ""Q6955173"", ""operator:wikipedia"": ""en:NRMA"", ""parking:fee"": ""no"", ""socket:type2_combo"": ""4"", ""socket:type2_combo:output"": ""50 kW""}",data/raw/osm_chargers.json,https://www.openstreetmap.org/node/7853821459
node/7858748739,,Chargefox,-35.3224367,149.165535,,CCS (Type 2); CHAdeMO,Mo-Su 06:00-20:00,,no,,"{""amenity"": ""charging_station"", ""authentication:app"": ""yes"", ""capacity"": ""1"", ""description"": ""SG Fleet Fyshwick"", ""fee"": ""no"", ""network"": ""Chargefox"", ""opening_hours"": ""Mo-Su 06:00-20:00"", ""operator"": ""Chargefox"", ""operator:wikidata"": ""Q105775824"", ""output"": ""25 kW"", ""parking:fee"": ""no"", ""socket:chademo"": ""1"", ""socket:chademo:output"": ""25 kW"", ""socket:type2_combo"": ""1"", ""socket:type2_combo:output"": ""25 kW""}",data/raw/osm_chargers.json,https://www.openstreetmap.org/node/7858748739
node/7862093042,,,-33.8908025,151.2762714,,,,,,,"{""amenity"": ""charging_station""}",data/raw/osm_chargers.json,https://www.openstreetmap.org/node/7862093042
node/7932870081,,NRMA,-35.1083685,147.3735986,,CCS (Type 2); CHAdeMO,,,,,"{""amenity"": ""charging_station"", ""capacity"": ""2"", ""description"": ""NRMA Fast Charger"", ""operator"": ""NRMA"", ""operator:wikidata"": ""Q6955173"", ""operator:wikipedia"": ""en:NRMA"", ""socket:chademo"": ""1"", ""socket:type2_combo"": ""1""}",data/raw/osm_chargers.json,https://www.openstreetmap.org/node/7932870081
node/7959130026,,NRMA,-32.0503836,150.8665578,,,,yes,,,"{""access"": ""yes"", ""amenity"": ""charging_station"", ""capacity"": ""2"", ""description"": ""NRMA Fast Charger"", ""operator"": ""NRMA"", ""operator:wikidata"": ""Q6955173"", ""operator:wikipedia"": ""en:NRMA""}",data/raw/osm_chargers.json,https://www.openstreetmap.org/node/7959130026
node/8028020165,,Chargefox,-36.7111262,142.201977,,CCS (Type 2); CHAdeMO,,yes,yes,,"{""access"": ""yes"", ""amenity"": ""charging_station"", ""capacity"": ""8"", ""charge"": ""0.60 AUD/kWh"", ""fee"": ""yes"", ""operator"": ""Chargefox"", ""operator:wikidata"": ""Q105775824"", ""payment:app"": ""yes"", ""payment:credit_cards"": ""yes"", ""socket:chademo"": ""4"", ""socket:chademo:output"": ""350 kW"", ""socket:type2_combo"": ""4"", ""socket:type2_combo:output"": ""350 kW""}",data/raw/osm_chargers.json,https://www.openstreetmap.org/node/8028020165
node/8133502030,,NRMA,-30.5119326,151.6696956,,,,,,,"{""amenity"": ""charging_station"", ""capacity"": ""1"", ""description"": ""NRMA Fast Charger"", ""operator"": ""NRMA"", ""operator:wikidata"": ""Q6955173"", ""operator:wikipedia"": ""en:NRMA""}",data/raw/osm_chargers.json,https://www.openstreetmap.org/node/8133502030
node/8148294052,,,-33.7693688,150.7352534,,,,,,,"{""amenity"": ""charging_station""}",data/raw/osm_chargers.json,https://www.openstreetmap.org/node/8148294052
node/8163934715,,NRMA,-32.593669,149.586206,,,,,,,"{""amenity"": ""charging_station"", ""description"": ""NRMA Fast Charger"", ""operator"": ""NRMA"", ""operator:wikidata"": ""Q6955173"", ""operator:wikipedia"": ""en:NRMA""}",data/raw/osm_chargers.json,https://www.openstreetmap.org/node/8163934715
node/8169947525,,Evie,-33.7671436,150.9548236,,CCS (Type 2); CHAdeMO,,yes,yes,https://goevie.com.au/,"{""access"": ""yes"", ""amenity"": ""charging_station"", ""capacity"": ""350"", ""description"": ""Evie Seven Hills"", ""fee"": ""yes"", ""operator"": ""Evie Networks"", ""operator:wikidata"": ""Q105795220"", ""payment:contactless"": ""yes"", ""socket:chademo"": ""2"", ""socket:type2_combo"": ""2"", ""website"": ""https://goevie.com.au/""}",data/raw/osm_chargers.json,https://www.openstreetmap.org/node/8169947525
node/8190129317,Tesla Destination Charger,Tesla,-33.280911,149.0994869,,,,,,,"{""amenity"": ""charging_station"", ""brand"": ""Tesla"", ""brand:wikidata"": ""Q478214"", ""brand:wikipedia"": ""en:Tesla, Inc."", ""description"": ""Tesla Destination Charger"", ""name"": ""Tesla Destination Charger"", ""short_name"": ""Tesla""}",data/raw/osm_chargers.json,https://www.openstreetmap.org/node/8190129317
node/8192505717,Tesla Destination Charger,Tesla,-33.3333919,149.0432132,,,,,,,"{""amenity"": ""charging_station"", ""brand"": ""Tesla, Inc."", ""brand:wikidata"": ""Q478214"", ""brand:wikipedia"": ""en:Tesla, Inc."", ""description"": ""Tesla Destination Charger"", ""name"": ""Tesla Destination Charger"", ""short_name"": ""Tesla""}",data/raw/osm_chargers.json,https://www.openstreetmap.org/node/8192505717
node/8209129030,,NRMA,-29.0573208,152.0189416,,,,,,,"{""amenity"": ""charging_station"", ""description"": ""NRMA Fast Charger"", ""operator"": ""NRMA"", ""operator:wikidata"": ""Q6955173"", ""operator:wikipedia"": ""en:NRMA""}",data/raw/osm_chargers.json,https://www.openstreetmap.org/node/8209129030
node/8241597113,,Evie,-33.8255622,151.2414269,,,,,,https://goevie.com.au/,"{""amenity"": ""charging_station"", ""capacity"": ""2"", ""operator"": ""Evie Networks"", ""operator:wikidata"": ""Q105795220"", ""website"": ""https://goevie.com.au/""}",data/raw/osm_chargers.json,https://www.openstreetmap.org/node/8241597113
node/8253300980,,NRMA,-33.8340931,148.6944413,,CCS (Type 1); CHAdeMO,24/7,,no,,"{""amenity"": ""charging_station"", ""description"": ""NRMA Fast Charger"", ""fee"": ""no"", ""motorcar"": ""yes"", ""opening_hours"": ""24/7"", ""operator"": ""NRMA"", ""operator:wikidata"": ""Q6955173"", ""operator:wikipedia"": ""en:NRMA"", ""socket:chademo"": ""1"", ""socket:chademo:output"": ""50kW"", ""socket:type1_combo"": ""1"", ""socket:type1_combo:output"": ""50kW""}",data/raw/osm_chargers.json,https://www.openstreetmap.org/node/8253300980
node/8280062891,,central victorian greenhouse alliance,-37.0508473,143.741488,,CCS (Type 2); CHAdeMO,,yes,,,"{""access"": ""yes"", ""amenity"": ""charging_station"", ""authentication:app"": ""yes"", ""authentication:membership_card"": ""yes"", ""brand"": ""Charging the Regions"", ""brand:wikidata"": ""Q106320264"", ""capacity"": ""2"", ""description"": ""CTR Maryborough"", ""network"": ""Evie Networks"", ""operator"": ""Central Victorian Greenhouse Alliance"", ""operator:wikidata"": ""Q106320329"", ""socket:chademo"": ""1"", ""socket:chademo:output"": ""50 kW"", ""socket:type2_combo"": ""1"", ""socket:type2_combo:output"": ""50 kW""}",data/raw/osm_chargers.json,https://www.openstreetmap.org/node/8280062891
node/8302152508,Tesla Supercharger,Tesla,-33.4190492,149.5866349,,Tesla Supercharger,24/7,yes,yes,https://www.tesla.com/findus/location/supercharger/bathhurstvisitorcentresupercharger,"{""access"": ""yes"", ""amenity"": ""charging_station"", ""bicycle"": ""no"", ""brand"": ""Tesla Supercharger"", ""brand:website"": ""https://www.tesla.com/supercharger"", ""brand:wikidata"": ""Q17089620"", ""brand:wikipedia"": ""en:Tesla Supercharger"", ""capacity"": ""6"", ""description"": ""Tesla Supercharger"", ""fee"": ""yes"", ""frequency"": ""0"", ""motorcar"": ""designated"", ""name"": ""Tesla Supercharger"", ""network"": ""Supercharger"", ""network:website"": ""https://www.tesla.com/supercharger"", ""network:wikidata"": ""Q17089620"", ""opening_hours"": ""24/7"", ""operator"": ""Tesla"", ""operator:wikidata"": ""Q478214"", ""ref:tesla"": ""bathhurstvisitorcentresupercharger"", ""short_name"": ""Tesla"", ""socket:tesla_supercharger"": ""6"", ""website"": ""https://www.tesla.com/findus/location/supercharger/bathhurstvisitorcentresupercharger""}",data/raw/osm_chargers.json,https://www.openstreetmap.org/node/8302152508
node/8317195266,,NRMA,-35.3556886,145.7241471,,CCS (Type 2),,,,,"{""amenity"": ""charging_station"", ""capacity"": ""6"", ""description"": ""NRMA Fast Charger"", ""operator"": ""NRMA"", ""operator:wikidata"": ""Q6955173"", ""operator:wikipedia"": ""en:NRMA"", ""socket:type2_combo"": ""6""}",data/raw/osm_chargers.json,https://www.openstreetmap.org/node/8317195266
node/8320308514,,,-28.0293919,153.434591,,,,,,,"{""amenity"": ""charging_station""}",data/raw/osm_chargers.json,https://www.openstreetmap.org/node/8320308514
node/8390250930,,NRMA,-31.4637923,152.8221638,,CCS (Type 2); CHAdeMO,,,,,"{""amenity"": ""charging_station"", ""capacity"": ""4"", ""operator"": ""NRMA"", ""operator:wikidata"": ""Q6955173"", ""socket:chademo"": ""1"", ""socket:chademo:output"": ""180 kW"", ""socket:type2_combo"": ""3"", ""socket:type2_combo:output"": ""180 kW""}",data/raw/osm_chargers.json,https://www.openstreetmap.org/node/8390250930
node/8505686311,,Evie,-30.7101732,152.919807,,CCS (Type 2); CHAdeMO,,,,,"{""amenity"": ""charging_station"", ""bicycle"": ""no"", ""capacity"": ""4"", ""description"": ""Evie Networks Fast Charger"", ""operator"": ""Evie Networks"", ""operator:wikidata"": ""Q105795220"", ""socket:chademo"": ""2"", ""socket:chademo:output"": ""100 kW"", ""socket:type2_combo"": ""2"", ""socket:type2_combo:output"": ""350 kW""}",data/raw/osm_chargers.json,https://www.openstreetmap.org/node/8505686311
node/8512844540,,central victorian greenhouse alliance,-36.575759,143.8676039,,CCS (Type 2); CHAdeMO,,,,,"{""amenity"": ""charging_station"", ""brand"": ""Charging the Regions"", ""brand:wikidata"": ""Q106320264"", ""capacity"": ""2"", ""description"": ""Charging the Regions"", ""operator"": ""Central Victorian Greenhouse Alliance"", ""operator:wikidata"": ""Q106320329"", ""socket:chademo"": ""1"", ""socket:type2_combo"": ""1""}",data/raw/osm_chargers.json,https://www.openstreetmap.org/node/8512844540
node/8570161417,,Chargefox,-32.9599116,151.6240709,,,,yes,,,"{""access"": ""yes"", ""amenity"": ""charging_station"", ""description"": ""Lake Macquarie Council EV Charger"", ""operator"": ""Chargefox"", ""operator:wikidata"": ""Q105775824""}",data/raw/osm_chargers.json,https://www.openstreetmap.org/node/8570161417
node/8573119373,,central victorian greenhouse alliance,-35.7344119,143.9213354,,CCS (Type 2); CHAdeMO,,,,,"{""amenity"": ""charging_station"", ""brand"": ""Charging the Regions"", ""brand:wikidata"": ""Q106320264"", ""capacity"": ""1"", ""operator"": ""Central Victorian Greenhouse Alliance"", ""operator:wikidata"": ""Q106320329"", ""socket:chademo"": ""1"", ""socket:type2_combo"": ""1""}",data/raw/osm_chargers.json,https://www.openstreetmap.org/node/8573119373
node/8597596498,Tesla Supercharger,Tesla,-37.2100102,145.4261508,,CCS (Type 2),24/7,yes,yes,https://www.tesla.com/findus/location/supercharger/yeasupercharger,"{""access"": ""yes"", ""amenity"": ""charging_station"", ""bicycle"": ""no"", ""brand"": ""Tesla Supercharger"", ""brand:website"": ""https://www.tesla.com/supercharger"", ""brand:wikidata"": ""Q17089620"", ""brand:wikipedia"": ""en:Tesla Supercharger"", ""bus"": ""no"", ""capacity"": ""4"", ""description"": ""Tesla Supercharger"", ""fee"": ""yes"", ""frequency"": ""0"", ""hgv"": ""no"", ""maxstay"": ""unlimited"", ""motorcar"": ""yes"", ""name"": ""Tesla Supercharger"", ""network"": ""Supercharger"", ""network:website"": ""https://www.tesla.com/supercharger"", ""network:wikidata"": ""Q17089620"", ""opening_hours"": ""24/7"", ""operator"": ""Tesla"", ""operator:wikidata"": ""Q478214"", ""operator:wikipedia"": ""en:Tesla, Inc."", ""parking:fee"": ""no"", ""ref:supercharge_info"": ""3245"", ""ref:tesla"": ""yeasupercharger"", ""scooter"": ""no"", ""short_name"": ""Tesla"", ""socket:type2_combo"": ""4"", ""socket:type2_combo:output"": ""120kW"", ""website"": ""https://www.tesla.com/findus/location/supercharger/yeasupercharger""}",data/raw/osm_chargers.json,https://www.openstreetmap.org/node/8597596498
node/8613733552,Tesla Destination Charger,Tesla,-32.935565,151.644388,,,,yes,yes,,"{""access"": ""yes"", ""amenity"": ""charging_station"", ""brand"": ""Tesla"", ""brand:wikidata"": ""Q478214"", ""brand:wikipedia"": ""en:Tesla, Inc."", ""charge"": ""0"", ""description"": ""Tesla Destination Charger"", ""fee"": ""yes"", ""name"": ""Tesla Destination Charger"", ""operator"": ""Tesla"", ""payment:none"": ""yes"", ""short_name"": ""Tesla""}",data/raw/osm_chargers.json,https://www.openstreetmap.org/node/8613733552
node/8613757404,Tesla Destination Charger,Tesla,-32.9033741,151.6676792,,,,yes,,,"{""access"": ""yes"", ""amenity"": ""charging_station"", ""brand"": ""Tesla"", ""brand:wikidata"": ""Q478214"", ""capacity"": ""1"", ""name"": ""Tesla Destination Charger"", ""operator"": ""Tesla""}",data/raw/osm_chargers.json,https://www.openstreetmap.org/node/8613757404
node/8613757405,Tesla Destination Charger,Tesla,-32.903365,151.6677058,,,,yes,,,"{""access"": ""yes"", ""amenity"": ""charging_station"", ""brand"": ""Tesla"", ""brand:wikidata"": ""Q478214"", ""capacity"": ""1"", ""name"": ""Tesla Destination Charger"", ""operator"": ""Tesla""}",data/raw/osm_chargers.json,https://www.openstreetmap.org/node/8613757405
node/8634205901,,,-32.8918933,151.7019405,,,,,,,"{""amenity"": ""charging_station"", ""capacity"": ""2"", ""motorcar"": ""yes""}",data/raw/osm_chargers.json,https://www.openstreetmap.org/node/8634205901
node/8645337003,,central victorian greenhouse alliance,-36.9986334,144.2609028,,CCS (Type 2); CHAdeMO,,,,,"{""amenity"": ""charging_station"", ""brand"": ""Charging the Regions"", ""brand:wikidata"": ""Q106320264"", ""description"": ""Charging the Regions"", ""operator"": ""Central Victorian Greenhouse Alliance"", ""operator:wikidata"": ""Q106320329"", ""socket:chademo"": ""1"", ""socket:type2_combo"": ""1""}",data/raw/osm_chargers.json,https://www.openstreetmap.org/node/8645337003
node/8651235290,,Chargefox,-32.9259292,151.7789537,,,,yes,,,"{""access"": ""yes"", ""amenity"": ""charging_station"", ""bicycle"": ""no"", ""capacity"": ""22"", ""operator"": ""Chargefox"", ""operator:wikidata"": ""Q105775824""}",data/raw/osm_chargers.json,https://www.openstreetmap.org/node/8651235290
node/8651235291,,Chargefox,-32.9259633,151.7789514,,,,yes,,,"{""access"": ""yes"", ""amenity"": ""charging_station"", ""bicycle"": ""no"", ""capacity"": ""22"", ""operator"": ""Chargefox"", ""operator:wikidata"": ""Q105775824""}",data/raw/osm_chargers.json,https://www.openstreetmap.org/node/8651235291
node/8660496889,Tesla Destination Charger,Tesla,-35.2745267,149.1333578,,,,,,,"{""amenity"": ""charging_station"", ""brand"": ""Tesla"", ""brand:wikidata"": ""Q478214"", ""description"": ""Tesla Destination Charger"", ""name"": ""Tesla Destination Charger"", ""short_name"": ""Tesla""}",data/raw/osm_chargers.json,https://www.openstreetmap.org/node/8660496889
node/8660513071,,Tesla,-36.4459863,148.4516049,,,,,,,"{""amenity"": ""charging_station"", ""brand"": ""Tesla, Inc."", ""brand:wikidata"": ""Q478214"", ""description"": ""Tesla Destination Charger"", ""short_name"": ""Tesla""}",data/raw/osm_chargers.json,https://www.openstreetmap.org/node/8660513071
node/8660516388,Tesla Destination Charger,Tesla,-36.4146819,148.6165569,,,,,,,"{""amenity"": ""charging_station"", ""brand"": ""Tesla"", ""brand:wikidata"": ""Q478214"", ""description"": ""Tesla Destination Charger"", ""name"": ""Tesla Destination Charger"", ""short_name"": ""Tesla""}",data/raw/osm_chargers.json,https://www.openstreetmap.org/node/8660516388
node/8660527323,,,-35.3457734,149.0857708,,,,,,,"{""amenity"": ""charging_station"", ""description"": ""Westfield Charging Station (J-1772)"", ""level"": ""b"", ""socket:type1"": ""1""}",data/raw/osm_chargers.json,https://www.openstreetmap.org/node/8660527323
node/8690279176,,central victorian greenhouse alliance,-36.1271422,144.7479998,,,,,,,"{""amenity"": ""charging_station"", ""brand"": ""Charging the Regions"", ""brand:wikidata"": ""Q106320264"", ""operator"": ""Central Victorian Greenhouse Alliance"", ""operator:wikidata"": ""Q106320329""}",data/raw/osm_chargers.json,https://www.openstreetmap.org/node/8690279176
node/8692040374,,peterson's armidale,-30.555484,151.6821565,,,,,no,,"{""amenity"": ""charging_station"", ""capacity"": ""1"", ""fee"": ""no"", ""operator"": ""Peterson's Armidale""}",data/raw/osm_chargers.json,https://www.openstreetmap.org/node/8692040374
node/8709283408,Tesla Destination Charger,powerhouse hotel,-30.5062581,151.6728399,,,,customers,,,"{""access"": ""customers"", ""amenity"": ""charging_station"", ""brand"": ""Tesla"", ""brand:wikidata"": ""Q478214"", ""capacity"": ""2"", ""name"": ""Tesla Destination Charger"", ""operator"": ""Powerhouse Hotel"", ""short_name"": ""Tesla"", ""socket:type2"": ""2"", ""socket:type2:output"": ""22 kW""}",data/raw/osm_chargers.json,https://www.openstreetmap.org/node/8709283408
node/8714190581,,porsche,-33.1048978,151.6482486,,,,customers,,,"{""access"": ""customers"", ""amenity"": ""charging_station"", ""description"": ""Porsche Destination Charger"", ""operator"": ""Porsche"", ""operator:wikidata"": ""Q40993""}",data/raw/osm_chargers.json,https://www.openstreetmap.org/node/8714190581
node/8714688412,,central victorian greenhouse alliance,-35.807933,144.2207964,,,,,,,"{""amenity"": ""charging_station"", ""brand"": ""Charging the Regions"", ""brand:wikidata"": ""Q106320264"", ""operator"": ""Central Victorian Greenhouse Alliance"", ""operator:wikidata"": ""Q106320329""}",data/raw/osm_chargers.json,https://www.openstreetmap.org/node/8714688412
node/8848048175,,central victorian greenhouse alliance,-36.7405105,143.9001993,,,,,,,"{""amenity"": ""charging_station"", ""brand"": ""Charging the Regions"", ""brand:wikidata"": ""Q106320264"", ""operator"": ""Central Victorian Greenhouse Alliance"", ""operator:wikidata"": ""Q106320329""}",data/raw/osm_chargers.json,https://www.openstreetmap.org/node/8848048175
node/8849746220,,,-35.1841062,149.1354639,,,,private,,,"{""access"": ""private"", ""amenity"": ""charging_station"", ""capacity"": ""2""}",data/raw/osm_chargers.json,https://www.openstreetmap.org/node/8849746220
node/8911115310,,Chargefox,-33.9069877,151.2130127,,,,,yes,,"{""amenity"": ""charging_station"", ""fee"": ""yes"", ""operator"": ""Chargefox"", ""operator:wikidata"": ""Q105775824""}",data/raw/osm_chargers.json,https://www.openstreetmap.org/node/8911115310
node/8994778322,,Evie,-29.5612453,153.1492504,,CCS (Type 2),,,,,"{""amenity"": ""charging_station"", ""capacity"": ""2"", ""operator"": ""Evie Networks"", ""operator:wikidata"": ""Q105795220"", ""socket:type2_combo"": ""4""}",data/raw/osm_chargers.json,https://www.openstreetmap.org/node/8994778322
node/9058271716,,central victorian greenhouse alliance,-36.0790387,143.2267286,,CCS (Type 2); CHAdeMO,,,,,"{""amenity"": ""charging_station"", ""brand"": ""Charging the Regions"", ""brand:wikidata"": ""Q106320264"", ""capacity"": ""2"", ""description"": ""CTR Wycheproof"", ""operator"": ""Central Victorian Greenhouse Alliance"", ""operator:wikidata"": ""Q106320329"", ""socket:chademo"": ""1"", ""socket:type2_combo"": ""1""}",data/raw/osm_chargers.json,https://www.openstreetmap.org/node/9058271716
node/9058276006,,central victorian greenhouse alliance,-37.2470045,144.4524935,1A Hutton Street,CCS (Type 2); CHAdeMO,24/7,,yes,https://goevie.com.au/,"{""addr:housenumber"": ""1A"", ""addr:street"": ""Hutton Street"", ""amenity"": ""charging_station"", ""brand"": ""Charging the Regions"", ""brand:wikidata"": ""Q106320264"", ""capacity"": ""2"", ""description"": ""CTR Kyneton"", ""fee"": ""yes"", ""opening_hours"": ""24/7"", ""operator"": ""Central Victorian Greenhouse Alliance"", ""operator:wikidata"": ""Q106320329"", ""phone:AU"": ""1300 463 843"", ""socket:chademo"": ""1"", ""socket:type2_combo"": ""1"", ""website"": ""https://goevie.com.au/""}",data/raw/osm_chargers.json,https://www.openstreetmap.org/node/9058276006
node/9058291617,,central victorian greenhouse alliance,-37.0667926,144.217816,,CCS (Type 2); CHAdeMO,,,,,"{""amenity"": ""charging_station"", ""brand"": ""Charging the Regions"", ""brand:wikidata"": ""Q106320264"", ""capacity"": ""2"", ""description"": ""CTR Castlemaine"", ""operator"": ""Central Victorian Greenhouse Alliance"", ""operator:wikidata"": ""Q106320329"", ""socket:chademo"": ""1"", ""socket:type2_combo"": ""1""}",data/raw/osm_chargers.json,https://www.openstreetmap.org/node/9058291617
node/9069283087,,Tesla,-36.4460208,148.4516402,,,,,,,"{""amenity"": ""charging_station"", ""brand"": ""Tesla, Inc."", ""brand:wikidata"": ""Q478214"", ""description"": ""Tesla Destination Charger"", ""short_name"": ""Tesla""}",data/raw/osm_chargers.json,https://www.openstreetmap.org/node/9069283087
node/9069321520,Tesla Destination Charger,Tesla,-36.5049165,148.3045413,,,,,,,"{""amenity"": ""charging_station"", ""brand"": ""Tesla"", ""brand:wikidata"": ""Q478214"", ""name"": ""Tesla Destination Charger"", ""short_name"": ""Tesla""}",data/raw/osm_chargers.json,https://www.openstreetmap.org/node/9069321520
node/9072184481,,central victorian greenhouse alliance,-35.0710089,142.3156162,,CCS (Type 2); CHAdeMO,,,,,"{""amenity"": ""charging_station"", ""brand"": ""Charging the Regions"", ""brand:wikidata"": ""Q106320264"", ""description"": ""CTR Ouyen"", ""operator"": ""Central Victorian Greenhouse Alliance"", ""operator:wikidata"": ""Q106320329"", ""socket:chademo"": ""1"", ""socket:type2_combo"": ""1""}",data/raw/osm_chargers.json,https://www.openstreetmap.org/node/9072184481
node/9072216068,,central victorian greenhouse alliance,-35.5040579,142.8516829,,CCS (Type 2); CHAdeMO,,,,,"{""amenity"": ""charging_station"", ""bicycle"": ""no"", ""brand"": ""Charging the Regions"", ""brand:wikidata"": ""Q106320264"", ""capacity"": ""2"", ""description"": ""CTR Sea Lake"", ""operator"": ""Central Victorian Greenhouse Alliance"", ""operator:wikidata"": ""Q106320329"", ""socket:chademo"": ""1"", ""socket:type2_combo"": ""1""}",data/raw/osm_chargers.json,https://www.openstreetmap.org/node/9072216068
node/9092859485,,central victorian greenhouse alliance,-34.5848436,142.7746538,,CCS (Type 2); CHAdeMO,,,,,"{""amenity"": ""charging_station"", ""brand"": ""Charging the Regions"", ""brand:wikidata"": ""Q106320264"", ""description"": ""CTR Robinvale"", ""operator"": ""Central Victorian Greenhouse Alliance"", ""operator:wikidata"": ""Q106320329"", ""socket:chademo"": ""1"", ""socket:type2_combo"": ""1""}",data/raw/osm_chargers.json,https://www.openstreetmap.org/node/9092859485
node/9092865942,,central victorian greenhouse alliance,-35.3409423,143.5617026,,CCS (Type 2); CHAdeMO,,,,,"{""amenity"": ""charging_station"", ""brand"": ""Charging the Regions"", ""brand:wikidata"": ""Q106320264"", ""capacity"": ""2"", ""description"": ""CTR Swan Hill"", ""operator"": ""Central Victorian Greenhouse Alliance"", ""operator:wikidata"": ""Q106320329"", ""socket:chademo"": ""1"", ""socket:chademo:output"": ""50 kW"", ""socket:type2_combo"": ""1"", ""socket:type2_combo:output"": ""50 kW""}",data/raw/osm_chargers.json,https://www.openstreetmap.org/node/9092865942
node/9121818285,Tesla Destination Charger,Tesla,-36.8951652,149.9120037,1 Elizabeth Street,,,,,,"{""addr:housenumber"": ""1"", ""addr:state"": ""NSW"", ""addr:street"": ""Elizabeth Street"", ""addr:suburb"": ""Merimbula"", ""addr:unit"": ""2"", ""amenity"": ""charging_station"", ""brand"": ""Tesla, Inc."", ""brand:wikidata"": ""Q478214"", ""description"": ""Tesla Destination Charger - Unit 2 Coast Resort"", ""name"": ""Tesla Destination Charger"", ""short_name"": ""Tesla""}",data/raw/osm_chargers.json,https://www.openstreetmap.org/node/9121818285
node/9121831091,,Tesla,-36.4459986,148.4515931,,,,,,,"{""amenity"": ""charging_station"", ""brand"": ""Tesla, Inc."", ""brand:wikidata"": ""Q478214"", ""description"": ""Tesla Destination Charger"", ""short_name"": ""Tesla""}",data/raw/osm_chargers.json,https://www.openstreetmap.org/node/9121831091
node/9139174626,,linga network,-36.1423702,141.9878017,,,,,,,"{""amenity"": ""charging_station"", ""operator"": ""Linga Network""}",data/raw/osm_chargers.json,https://www.openstreetmap.org/node/9139174626
node/9139223343,,linga network,-36.4546128,142.0260508,,,,,,,"{""amenity"": ""charging_station"", ""operator"": ""Linga Network"", ""socket:type2"": ""1""}",data/raw/osm_chargers.json,https://www.openstreetmap.org/node/9139223343
node/9150530738,,central victorian greenhouse alliance,-37.3558374,144.528833,,CCS (Type 2); CHAdeMO,,,,,"{""amenity"": ""charging_station"", ""brand"": ""Charging the Regions"", ""brand:wikidata"": ""Q106320264"", ""capacity"": ""2"", ""description"": ""CTR Woodend"", ""operator"": ""Central Victorian Greenhouse Alliance"", ""operator:wikidata"": ""Q106320329"", ""socket:chademo"": ""1"", ""socket:chademo:output"": ""50 kW"", ""socket:type2_combo"": ""1"", ""socket:type2_combo:output"": ""50 kW""}",data/raw/osm_chargers.json,https://www.openstreetmap.org/node/9150530738
node/9150544914,,central victorian greenhouse alliance,-36.3803048,145.4003239,,CCS (Type 2); CHAdeMO,,,,,"{""amenity"": ""charging_station"", ""brand"": ""Charging the Regions"", ""brand:wikidata"": ""Q106320264"", ""capacity"": ""2"", ""description"": ""CTR Shepparton"", ""network"": ""Evie Networks"", ""network:wikidata"": ""Q105795220"", ""operator"": ""Central Victorian Greenhouse Alliance"", ""operator:wikidata"": ""Q106320329"", ""ref"": ""CV016A"", ""socket:chademo"": ""1"", ""socket:chademo:output"": ""50 kW"", ""socket:type2_combo"": ""1"", ""socket:type2_combo:output"": ""50 kW""}",data/raw/osm_chargers.json,https://www.openstreetmap.org/node/9150544914
node/9150566549,,central victorian greenhouse alliance,-36.4179502,143.6138978,,CCS (Type 2); CHAdeMO,,,,,"{""amenity"": ""charging_station"", ""brand"": ""Charging the Regions"", ""brand:wikidata"": ""Q106320264"", ""capacity"": ""2"", ""description"": ""CTR Wedderburn"", ""operator"": ""Central Victorian Greenhouse Alliance"", ""operator:wikidata"": ""Q106320329"", ""socket:chademo"": ""2"", ""socket:type2_combo"": ""2""}",data/raw/osm_chargers.json,https://www.openstreetmap.org/node/9150566549
node/9204398603,,JOLT,-33.6761456,151.3031101,Bungan Street,CHAdeMO,24/7,yes,yes,,"{""access"": ""yes"", ""addr:street"": ""Bungan Street"", ""amenity"": ""charging_station"", ""authentication:app"": ""yes"", ""authentication:membership_card"": ""no"", ""authentication:nfc"": ""no"", ""bicycle"": ""no"", ""capacity"": ""1"", ""covered"": ""no"", ""description"": ""Bungan Street, Mona Vale, 1 hour"", ""fee"": ""yes"", ""motorcar"": ""yes"", ""network"": ""JOLT"", ""note"": ""S16460"", ""opening_hours"": ""24/7"", ""operator"": ""Jolt"", ""operator:wikidata"": ""Q109783503"", ""parking:fee"": ""no"", ""ref"": ""Bungan Street, Mona Vale"", ""socket:chademo"": ""1"", ""socket:type2_cable"": ""1""}",data/raw/osm_chargers.json,https://www.openstreetmap.org/node/9204398603
node/9215252226,,Evie,-33.8988886,150.9199428,,CCS (Type 2); CHAdeMO,,,,,"{""amenity"": ""charging_station"", ""operator"": ""Evie Networks"", ""operator:wikidata"": ""Q105795220"", ""socket:chademo"": ""2"", ""socket:type2_combo"": ""2""}",data/raw/osm_chargers.json,https://www.openstreetmap.org/node/9215252226
node/9228911986,,bell resources,-33.8648195,151.2119085,123 Pitt Street,,Mo-Fr 09:00-17:00,,,https://bellresources.com,"{""addr:floor"": ""17"", ""addr:housename"": ""Angel Place"", ""addr:housenumber"": ""123"", ""addr:postcode"": ""2000"", ""addr:state"": ""NSW"", ""addr:street"": ""Pitt Street"", ""addr:suburb"": ""Sydney"", ""amenity"": ""charging_station"", ""brand"": ""Bell Resources"", ""brand:wikidata"": ""Q61930516"", ""description"": ""Australian Electric Vehicle Charging & Clean Energy Company"", ""office"": ""company"", ""opening_hours"": ""Mo-Fr 09:00-17:00"", ""operator"": ""Bell Resources"", ""phone"": ""+61 2 9251 9337"", ""start_date"": ""2017-07-20"", ""website"": ""https://bellresources.com"", ""wikidata"": ""Q61930516""}",data/raw/osm_chargers.json,https://www.openstreetmap.org/node/9228911986
node/9255078725,Tesla Destination Charger,Tesla,-31.4071902,152.9007826,,,,,,,"{""amenity"": ""charging_station"", ""brand"": ""Tesla"", ""brand:wikidata"": ""Q478214"", ""brand:wikipedia"": ""en:Tesla, Inc."", ""description"": ""Tesla Destination Charger"", ""name"": ""Tesla Destination Charger"", ""operator"": ""Tesla"", ""operator:wikipedia"": ""en:ChargePoint"", ""short_name"": ""Tesla""}",data/raw/osm_chargers.json,https://www.openstreetmap.org/node/9255078725
node/9278715200,,NRMA,-30.9527945,148.3878551,,,,,,,"{""amenity"": ""charging_station"", ""operator"": ""NRMA"", ""operator:wikidata"": ""Q6955173"", ""operator:wikipedia"": ""en:NRMA""}",data/raw/osm_chargers.json,https://www.openstreetmap.org/node/9278715200
node/9278741544,,NRMA,-30.0207154,148.1177704,,CCS (Type 2); CHAdeMO,,,,,"{""amenity"": ""charging_station"", ""capacity"": ""1"", ""operator"": ""NRMA"", ""operator:wikidata"": ""Q6955173"", ""operator:wikipedia"": ""en:NRMA"", ""socket:chademo"": ""1"", ""socket:type2_combo"": ""1""}",data/raw/osm_chargers.json,https://www.openstreetmap.org/node/9278741544
node/9278772628,,EVUp,-37.1955356,142.6092866,,,,,,,"{""amenity"": ""charging_station"", ""capacity"": ""2"", ""operator"": ""EVUp""}",data/raw/osm_chargers.json,https://www.openstreetmap.org/node/9278772628
node/9290610873,,JOLT,-33.8660864,151.0644363,,CCS (Type 2); CHAdeMO,,yes,,,"{""access"": ""yes"", ""amenity"": ""charging_station"", ""capacity"": ""1"", ""covered"": ""no"", ""description"": ""Richmond Tavistock No. 3"", ""operator"": ""Jolt"", ""operator:wikidata"": ""Q109783503"", ""socket:chademo"": ""1"", ""socket:type2_combo"": ""1""}",data/raw/osm_chargers.json,https://www.openstreetmap.org/node/9290610873
node/9290676154,,JOLT,-33.9435652,151.2396953,,CCS (Type 2); CHAdeMO,,yes,,,"{""access"": ""yes"", ""amenity"": ""charging_station"", ""covered"": ""no"", ""description"": ""ANZAC Wise"", ""operator"": ""Jolt"", ""operator:wikidata"": ""Q109783503"", ""socket:chademo"": ""1"", ""socket:type2_combo"": ""1""}",data/raw/osm_chargers.json,https://www.openstreetmap.org/node/9290676154
node/9290676155,,JOLT,-33.9071444,151.2241142,,,,yes,,,"{""access"": ""yes"", ""amenity"": ""charging_station"", ""capacity"": ""1"", ""covered"": ""no"", ""description"": ""Goodwood St"", ""operator"": ""Jolt"", ""operator:wikidata"": ""Q109783503""}",data/raw/osm_chargers.json,https://www.openstreetmap.org/node/9290676155
node/9290790988,,,-33.9080986,151.1716659,,,,yes,,,"{""access"": ""yes"", ""amenity"": ""charging_station"", ""capacity"": ""4"", ""covered"": ""yes"", ""level"": ""2""}",data/raw/osm_chargers.json,https://www.openstreetmap.org/node/9290790988
node/9309912420,,Evie,-33.7054584,150.8754276,,,,,,,"{""amenity"": ""charging_station"", ""operator"": ""Evie Networks"", ""operator:wikidata"": ""Q105795220""}",data/raw/osm_chargers.json,https://www.openstreetmap.org/node/9309912420
node/9314985309,Tesla Supercharger,Tesla,-36.7158552,142.1964354,,Tesla CCS; Tesla Supercharger,24/7,yes,yes,https://www.tesla.com/findus/location/supercharger/horshamdarlotsupercharger,"{""access"": ""yes"", ""amenity"": ""charging_station"", ""brand"": ""Tesla Supercharger"", ""brand:website"": ""https://www.tesla.com/supercharger"", ""brand:wikidata"": ""Q17089620"", ""brand:wikipedia"": ""en:Tesla Supercharger"", ""capacity"": ""8"", ""description"": ""Horsham Darlot St Supercharger"", ""fee"": ""yes"", ""frequency"": ""0"", ""motorcar"": ""designated"", ""name"": ""Tesla Supercharger"", ""network"": ""Supercharger"", ""network:website"": ""https://www.tesla.com/supercharger"", ""network:wikidata"": ""Q17089620"", ""opening_hours"": ""24/7"", ""operator"": ""Tesla"", ""operator:wikidata"": ""Q478214"", ""operator:wikipedia"": ""en:Tesla, Inc."", ""ref:supercharge_info"": ""3877"", ""ref:tesla"": ""horshamdarlotsupercharger"", ""short_name"": ""Tesla"", ""socket:tesla_supercharger"": ""8"", ""socket:tesla_supercharger_ccs"": ""8"", ""socket:tesla_supercharger_ccs:output"": ""250 kW"", ""website"": ""https://www.tesla.com/findus/location/supercharger/horshamdarlotsupercharger""}",data/raw/osm_chargers.json,https://www.openstreetmap.org/node/9314985309
node/9344898113,,NRMA,-31.9596719,141.4595159,,,,,,,"{""amenity"": ""charging_station"", ""operator"": ""NRMA"", ""operator:wikidata"": ""Q6955173"", ""operator:wikipedia"": ""en:NRMA""}",data/raw/osm_chargers.json,https://www.openstreetmap.org/node/9344898113
node/9347175037,,Evie,-33.8135004,151.1692687,,,,,,,"{""amenity"": ""charging_station"", ""operator"": ""Evie Networks"", ""operator:wikidata"": ""Q105795220""}",data/raw/osm_chargers.json,https://www.openstreetmap.org/node/9347175037
node/9354339800,,,-33.9532239,150.8040539,,,,,,,"{""amenity"": ""charging_station"", ""level"": ""3""}",data/raw/osm_chargers.json,https://www.openstreetmap.org/node/9354339800
node/9363608762,,Evie,-33.9320564,151.0301289,,CCS (Type 2); CHAdeMO,,,,,"{""amenity"": ""charging_station"", ""check_date"": ""2026-05-30"", ""operator"": ""Evie Networks"", ""operator:wikidata"": ""Q105795220"", ""socket:chademo"": ""2"", ""socket:chademo:output"": ""50"", ""socket:type2_combo"": ""2"", ""socket:type2_combo:output"": ""50""}",data/raw/osm_chargers.json,https://www.openstreetmap.org/node/9363608762
node/9366472089,,Evie,-34.9692613,149.0300976,,CCS (Type 2); CHAdeMO,,,,,"{""amenity"": ""charging_station"", ""capacity"": ""2"", ""operator"": ""Evie Networks"", ""operator:wikidata"": ""Q105795220"", ""socket:chademo"": ""1"", ""socket:type2_combo"": ""1""}",data/raw/osm_chargers.json,https://www.openstreetmap.org/node/9366472089
node/9366873533,,Chargefox,-34.5878761,150.8661667,,,,,,,"{""amenity"": ""charging_station"", ""description"": ""Chargefox Shell Cove"", ""operator"": ""Chargefox"", ""operator:wikidata"": ""Q105775824""}",data/raw/osm_chargers.json,https://www.openstreetmap.org/node/9366873533
node/9378951502,,Chargefox,-33.871695,151.2681007,,,24/7,,yes,,"{""amenity"": ""charging_station"", ""authentication:app"": ""yes"", ""brand"": ""Jetcharge"", ""capacity"": ""2"", ""fee"": ""yes"", ""motorcar"": ""yes"", ""network"": ""Chargefox"", ""opening_hours"": ""24/7"", ""operator"": ""Chargefox"", ""operator:wikidata"": ""Q105775824"", ""parking:fee"": ""no"", ""socket:type2"": ""22 kW"", ""socket:type2:current"": ""32"", ""socket:type2:voltage"": ""415""}",data/raw/osm_chargers.json,https://www.openstreetmap.org/node/9378951502
node/9404724469,,JOLT,-33.8872485,151.099324,,,,yes,,,"{""access"": ""yes"", ""amenity"": ""charging_station"", ""operator"": ""Jolt"", ""operator:wikidata"": ""Q109783503""}",data/raw/osm_chargers.json,https://www.openstreetmap.org/node/9404724469
node/9408923628,,,-33.7848221,150.8530426,,,,yes,no,,"{""access"": ""yes"", ""amenity"": ""charging_station"", ""capacity"": ""4"", ""fee"": ""no""}",data/raw/osm_chargers.json,https://www.openstreetmap.org/node/9408923628
node/9408929771,,,-33.9522711,150.8557293,,,,,,,"{""amenity"": ""charging_station"", ""capacity"": ""2""}",data/raw/osm_chargers.json,https://www.openstreetmap.org/node/9408929771
node/9467315676,Tesla Supercharger,Tesla,-34.0338237,151.0734395,,Tesla Supercharger,24/7,yes,yes,https://www.tesla.com/findus/location/supercharger/kirraweesupercharger,"{""access"": ""yes"", ""amenity"": ""charging_station"", ""brand"": ""Tesla Supercharger"", ""brand:website"": ""https://www.tesla.com/supercharger"", ""brand:wikidata"": ""Q17089620"", ""brand:wikipedia"": ""en:Tesla Supercharger"", ""capacity"": ""6"", ""description"": ""Tesla Supercharger"", ""fee"": ""yes"", ""frequency"": ""0"", ""motorcar"": ""designated"", ""name"": ""Tesla Supercharger"", ""network"": ""Supercharger"", ""network:website"": ""https://www.tesla.com/supercharger"", ""network:wikidata"": ""Q17089620"", ""opening_hours"": ""24/7"", ""operator"": ""Tesla"", ""operator:wikidata"": ""Q478214"", ""operator:wikipedia"": ""en:Tesla, Inc."", ""ref:tesla"": ""kirraweesupercharger"", ""short_name"": ""Tesla"", ""socket:tesla_supercharger"": ""6"", ""website"": ""https://www.tesla.com/findus/location/supercharger/kirraweesupercharger""}",data/raw/osm_chargers.json,https://www.openstreetmap.org/node/9467315676
node/9470340169,,NRMA,-31.5575066,143.3857829,,,,,,,"{""amenity"": ""charging_station"", ""operator"": ""NRMA"", ""operator:wikidata"": ""Q6955173"", ""operator:wikipedia"": ""en:NRMA""}",data/raw/osm_chargers.json,https://www.openstreetmap.org/node/9470340169
node/9481080902,,JOLT,-33.7620853,151.2141725,,,,,,,"{""amenity"": ""charging_station"", ""capacity"": ""1"", ""operator"": ""Jolt"", ""operator:wikidata"": ""Q109783503""}",data/raw/osm_chargers.json,https://www.openstreetmap.org/node/9481080902
node/9491233549,,JOLT,-33.7537328,151.2869932,4-16 Oaks Avenue,CHAdeMO,24/7,,yes,,"{""addr:housenumber"": ""4-16"", ""addr:street"": ""Oaks Avenue"", ""amenity"": ""charging_station"", ""authentication:app"": ""yes"", ""authentication:membership_card"": ""no"", ""authentication:nfc"": ""no"", ""bicycle"": ""no"", ""capacity"": ""1"", ""fee"": ""yes"", ""motorcar"": ""yes"", ""network"": ""JOLT"", ""opening_hours"": ""24/7"", ""operator"": ""Jolt"", ""operator:wikidata"": ""Q109783503"", ""parking:fee"": ""no"", ""ref"": ""Dee Why"", ""socket:chademo"": ""1"", ""socket:type2_cable"": ""1""}",data/raw/osm_chargers.json,https://www.openstreetmap.org/node/9491233549
node/9514983917,,western sydney university,-33.7698741,150.7291974,,CCS (Type 2); CHAdeMO,24/7,permissive,no,,"{""access"": ""permissive"", ""amenity"": ""charging_station"", ""capacity"": ""2"", ""fee"": ""no"", ""motorcar"": ""yes"", ""network"": ""Chargefox"", ""opening_hours"": ""24/7"", ""operator"": ""Western Sydney University"", ""socket:chademo"": ""yes"", ""socket:type2_combo"": ""yes""}",data/raw/osm_chargers.json,https://www.openstreetmap.org/node/9514983917
node/9521361334,Tesla Destination Charger,hills marketplace,-33.6892385,151.2241781,287 Mona Vale Road,,08:00-17:00,customers,no,https://hillsmarketplace.com.au,"{""access"": ""customers"", ""addr:housenumber"": ""287"", ""addr:street"": ""Mona Vale Road"", ""amenity"": ""charging_station"", ""amperage"": ""32"", ""authentication:app"": ""no"", ""authentication:membership_card"": ""no"", ""authentication:nfc"": ""no"", ""bicycle"": ""no"", ""brand"": ""Tesla"", ""brand:wikidata"": ""Q478214"", ""capacity"": ""2"", ""covered"": ""no"", ""fee"": ""no"", ""motorcar"": ""yes"", ""name"": ""Tesla Destination Charger"", ""opening_hours"": ""08:00-17:00"", ""operator"": ""Hills Marketplace"", ""parking:fee"": ""no"", ""ref"": ""Hills Marketplace"", ""socket:type2_cable"": ""2"", ""socket:type2_cable:current"": ""32"", ""socket:type2_cable:output"": ""22 kW"", ""socket:type2_cable:voltage"": ""230-415"", ""website"": ""https://hillsmarketplace.com.au""}",data/raw/osm_chargers.json,https://www.openstreetmap.org/node/9521361334
node/9536966801,,Evie,-33.7780797,151.1206646,,CCS (Type 2),,,,,"{""amenity"": ""charging_station"", ""capacity"": ""4"", ""operator"": ""Evie Networks"", ""operator:wikidata"": ""Q105795220"", ""socket:type2_combo"": ""4""}",data/raw/osm_chargers.json,https://www.openstreetmap.org/node/9536966801
node/9546004749,,JOLT,-33.7789889,151.283873,30 Dowling Street,CHAdeMO,24/7,,yes,,"{""addr:housenumber"": ""30"", ""addr:street"": ""Dowling Street"", ""amenity"": ""charging_station"", ""authentication:app"": ""yes"", ""authentication:membership_card"": ""no"", ""authentication:nfc"": ""no"", ""bicycle"": ""no"", ""capacity"": ""1"", ""covered"": ""no"", ""fee"": ""yes"", ""motorcar"": ""yes"", ""network"": ""JOLT"", ""opening_hours"": ""24/7"", ""operator"": ""Jolt"", ""operator:wikidata"": ""Q109783503"", ""parking:fee"": ""no"", ""ref"": ""Dowling / Lawrence"", ""socket:chademo"": ""1"", ""socket:type2_cable"": ""1""}",data/raw/osm_chargers.json,https://www.openstreetmap.org/node/9546004749
node/9603490031,,JOLT,-33.9621828,151.063567,,,,yes,,,"{""access"": ""yes"", ""amenity"": ""charging_station"", ""capacity"": ""1"", ""covered"": ""no"", ""operator"": ""Jolt"", ""operator:wikidata"": ""Q109783503""}",data/raw/osm_chargers.json,https://www.openstreetmap.org/node/9603490031
node/9619986125,Tesla Destination Charger,Tesla,-33.8354773,148.6817349,,,24/7,,no,,"{""amenity"": ""charging_station"", ""brand"": ""Tesla"", ""brand:wikidata"": ""Q478214"", ""brand:wikipedia"": ""en:Tesla, Inc."", ""capacity"": ""2"", ""fee"": ""no"", ""motorcar"": ""yes"", ""name"": ""Tesla Destination Charger"", ""opening_hours"": ""24/7"", ""socket:type2_cable"": ""2"", ""socket:type2_cable:current"": ""32"", ""socket:type2_cable:voltage"": ""230-415""}",data/raw/osm_chargers.json,https://www.openstreetmap.org/node/9619986125
node/9672846122,,JOLT,-33.8947565,151.1096799,,,,yes,,,"{""access"": ""yes"", ""amenity"": ""charging_station"", ""capacity"": ""1"", ""covered"": ""no"", ""operator"": ""Jolt"", ""operator:wikidata"": ""Q109783503""}",data/raw/osm_chargers.json,https://www.openstreetmap.org/node/9672846122
node/9704706490,,JOLT,-33.6760959,151.3037838,1 Park Street,CHAdeMO,24/7,yes,yes,,"{""access"": ""yes"", ""addr:housenumber"": ""1"", ""addr:street"": ""Park Street"", ""amenity"": ""charging_station"", ""authentication:app"": ""yes"", ""authentication:membership_card"": ""no"", ""authentication:nfc"": ""no"", ""bicycle"": ""no"", ""capacity"": ""1"", ""covered"": ""no"", ""fee"": ""yes"", ""motorcar"": ""yes"", ""network"": ""JOLT"", ""opening_hours"": ""24/7"", ""operator"": ""Jolt"", ""operator:wikidata"": ""Q109783503"", ""parking:fee"": ""no"", ""ref"": ""Pittwater Park (NBE004)"", ""socket:chademo"": ""1"", ""socket:type2_cable"": ""1""}",data/raw/osm_chargers.json,https://www.openstreetmap.org/node/9704706490
node/9712759905,,NRMA,-31.4988063,145.8376295,,,,,,,"{""amenity"": ""charging_station"", ""operator"": ""NRMA"", ""operator:wikidata"": ""Q6955173""}",data/raw/osm_chargers.json,https://www.openstreetmap.org/node/9712759905
node/9712774534,,Evie,-33.7702608,150.6737814,,,,,,,"{""amenity"": ""charging_station"", ""capacity"": ""4"", ""operator"": ""Evie Networks"", ""operator:wikidata"": ""Q105795220""}",data/raw/osm_chargers.json,https://www.openstreetmap.org/node/9712774534
node/9712993934,Linga Networks,,-36.3328407,141.6495675,,,,,,,"{""amenity"": ""charging_station"", ""name"": ""Linga Networks"", ""socket:type2"": ""1""}",data/raw/osm_chargers.json,https://www.openstreetmap.org/node/9712993934
node/9737993455,,Evie,-33.9079872,151.1710728,,,,yes,yes,,"{""access"": ""yes"", ""amenity"": ""charging_station"", ""capacity"": ""2"", ""covered"": ""yes"", ""fee"": ""yes"", ""level"": ""2"", ""operator"": ""Evie Networks"", ""operator:wikidata"": ""Q105795220""}",data/raw/osm_chargers.json,https://www.openstreetmap.org/node/9737993455
node/9738285222,,JOLT,-33.873882,151.1019416,,,,yes,,,"{""access"": ""yes"", ""amenity"": ""charging_station"", ""capacity"": ""1"", ""covered"": ""no"", ""operator"": ""Jolt"", ""operator:wikidata"": ""Q109783503""}",data/raw/osm_chargers.json,https://www.openstreetmap.org/node/9738285222
node/9765677232,,Evie,-34.607274,150.2250985,,CCS (Type 2),,,,,"{""amenity"": ""charging_station"", ""capacity"": ""6"", ""operator"": ""Evie Networks"", ""operator:wikidata"": ""Q105795220"", ""socket:type2_combo"": ""6""}",data/raw/osm_chargers.json,https://www.openstreetmap.org/node/9765677232
node/9771012966,,NRMA,-30.0884156,145.9348827,,,,,,,"{""amenity"": ""charging_station"", ""capacity"": ""2"", ""description"": ""NRMA Tritium"", ""manufacturer"": ""Tritium"", ""operator"": ""NRMA"", ""operator:wikidata"": ""Q6955173""}",data/raw/osm_chargers.json,https://www.openstreetmap.org/node/9771012966
node/9771012967,,NRMA,-29.9607798,146.8577827,,,,,,,"{""amenity"": ""charging_station"", ""capacity"": ""2"", ""description"": ""NRMA Tritium"", ""manufacturer"": ""Tritium"", ""operator"": ""NRMA"", ""operator:wikidata"": ""Q6955173""}",data/raw/osm_chargers.json,https://www.openstreetmap.org/node/9771012967
node/9786977964,,Evie,-34.4952775,150.7957656,,,,,,,"{""amenity"": ""charging_station"", ""operator"": ""Evie Networks"", ""operator:wikidata"": ""Q105795220""}",data/raw/osm_chargers.json,https://www.openstreetmap.org/node/9786977964
node/9863000835,,JOLT,-33.8720579,151.0954277,,,,,,,"{""amenity"": ""charging_station"", ""capacity"": ""1"", ""operator"": ""Jolt"", ""operator:wikidata"": ""Q109783503""}",data/raw/osm_chargers.json,https://www.openstreetmap.org/node/9863000835
node/9863034303,,Evie,-33.9488297,150.90026,,CCS (Type 2); CHAdeMO,,,yes,,"{""amenity"": ""charging_station"", ""capacity"": ""2"", ""fee"": ""yes"", ""operator"": ""Evie Networks"", ""operator:wikidata"": ""Q105795220"", ""socket:chademo"": ""2"", ""socket:type2_combo"": ""2""}",data/raw/osm_chargers.json,https://www.openstreetmap.org/node/9863034303
node/9864969279,Tesla Destination Charger,warringah mall,-33.7666354,151.2644147,,,,customers,no,,"{""access"": ""customers"", ""amenity"": ""charging_station"", ""authentication:app"": ""no"", ""authentication:membership_card"": ""no"", ""authentication:nfc"": ""no"", ""brand"": ""Tesla, Inc."", ""brand:wikidata"": ""Q478214"", ""capacity"": ""4"", ""covered"": ""yes"", ""description"": ""P2 blue, 4 destination chargers"", ""fee"": ""no"", ""motorcar"": ""yes"", ""name"": ""Tesla Destination Charger"", ""operator"": ""Warringah Mall"", ""short_name"": ""Tesla"", ""socket:type2_cable"": ""4""}",data/raw/osm_chargers.json,https://www.openstreetmap.org/node/9864969279
node/9898771270,,Ampol AmpCharge,-33.9021318,151.1999188,,,,yes,yes,,"{""access"": ""yes"", ""amenity"": ""charging_station"", ""capacity"": ""2"", ""fee"": ""yes"", ""operator"": ""AmpCharge"", ""operator:wikidata"": ""Q111744561""}",data/raw/osm_chargers.json,https://www.openstreetmap.org/node/9898771270
node/9900811626,,,-32.1790682,152.5136654,,,,,,,"{""amenity"": ""charging_station"", ""description"": ""Wall PowerPoint in twenty two north. Was made available to hotel guests on request.""}",data/raw/osm_chargers.json,https://www.openstreetmap.org/node/9900811626
node/9916436896,,Evie,-33.8093255,151.2088608,,,,yes,yes,,"{""access"": ""yes"", ""amenity"": ""charging_station"", ""capacity"": ""2"", ""fee"": ""yes"", ""operator"": ""Evie Networks"", ""operator:wikidata"": ""Q105795220""}",data/raw/osm_chargers.json,https://www.openstreetmap.org/node/9916436896
node/9953777925,,JOLT,-33.9492389,151.081218,,,,yes,,,"{""access"": ""yes"", ""amenity"": ""charging_station"", ""operator"": ""Jolt"", ""operator:wikidata"": ""Q109783503"", ""payment:credit_cards"": ""yes""}",data/raw/osm_chargers.json,https://www.openstreetmap.org/node/9953777925
node/9958152708,,Chargefox,-33.8300902,151.0860347,,,,permissive,no,,"{""access"": ""permissive"", ""amenity"": ""charging_station"", ""capacity"": ""2"", ""description"": ""Rhodes Central"", ""fee"": ""no"", ""motorcar"": ""yes"", ""operator"": ""Chargefox"", ""operator:wikidata"": ""Q105775824"", ""parking:fee"": ""after 3 hours"", ""socket:type2:output"": ""22 kW""}",data/raw/osm_chargers.json,https://www.openstreetmap.org/node/9958152708
node/9965036281,,Ampol AmpCharge,-33.787764,150.9946067,,CCS (Type 2); CHAdeMO,,,,,"{""amenity"": ""charging_station"", ""operator"": ""AmpCharge"", ""operator:wikidata"": ""Q111744561"", ""socket:chademo"": ""1"", ""socket:type2_combo"": ""1""}",data/raw/osm_chargers.json,https://www.openstreetmap.org/node/9965036281
node/9987263214,Tesla Destination Charger,yass soldiers club,-34.84184,148.9128433,,,,,,,"{""amenity"": ""charging_station"", ""brand"": ""Tesla"", ""brand:wikidata"": ""Q478214"", ""capacity"": ""2"", ""charging_station:output"": ""22kw"", ""motorcar"": ""yes"", ""name"": ""Tesla Destination Charger"", ""operator"": ""Yass Soldiers Club"", ""ref"": ""dc11958"", ""short_name"": ""Tesla"", ""socket"": ""tesla_destination""}",data/raw/osm_chargers.json,https://www.openstreetmap.org/node/9987263214
node/9996192046,,JOLT,-33.9701906,151.0801412,,,,,,,"{""amenity"": ""charging_station"", ""capacity"": ""1"", ""operator"": ""Jolt"", ""operator:wikidata"": ""Q109783503""}",data/raw/osm_chargers.json,https://www.openstreetmap.org/node/9996192046
node/10007469304,,,-33.8256295,151.0790514,,,,yes,no,,"{""access"": ""yes"", ""amenity"": ""charging_station"", ""capacity"": ""3"", ""description"": ""Marina Square"", ""fee"": ""no"", ""motorcar"": ""yes"", ""parking:fee"": ""3 hours free"", ""socket:type2"": ""3"", ""socket:type2:output"": ""22 kW""}",data/raw/osm_chargers.json,https://www.openstreetmap.org/node/10007469304
node/10007505419,Tesla Destination Charger,Tesla,-33.7296798,151.0065082,,,,yes,no,,"{""access"": ""yes"", ""amenity"": ""charging_station"", ""brand"": ""Tesla"", ""brand:wikidata"": ""Q478214"", ""capacity"": ""3"", ""description"": ""Castle Towers"", ""fee"": ""no"", ""motorcar"": ""yes"", ""name"": ""Tesla Destination Charger"", ""short_name"": ""Tesla"", ""socket:type2"": ""3"", ""socket:type2:output"": ""22 kW""}",data/raw/osm_chargers.json,https://www.openstreetmap.org/node/10007505419
node/10011175454,,NRMA,-28.8659126,153.0483802,,,,,,,"{""amenity"": ""charging_station"", ""operator"": ""NRMA"", ""operator:wikidata"": ""Q6955173""}",data/raw/osm_chargers.json,https://www.openstreetmap.org/node/10011175454
node/10026076729,,NRMA,-35.7096667,150.173894,,CCS (Type 2); CHAdeMO,,,,,"{""amenity"": ""charging_station"", ""capacity"": ""2"", ""operator"": ""NRMA"", ""operator:wikidata"": ""Q6955173"", ""socket:chademo"": ""2"", ""socket:type2_combo"": ""2""}",data/raw/osm_chargers.json,https://www.openstreetmap.org/node/10026076729
node/10035347983,,Evie,-33.7036198,151.2128688,,CCS (Type 2); CHAdeMO,,,,,"{""amenity"": ""charging_station"", ""operator"": ""Evie Networks"", ""operator:wikidata"": ""Q105795220"", ""socket:chademo"": ""2"", ""socket:type2_combo"": ""2""}",data/raw/osm_chargers.json,https://www.openstreetmap.org/node/10035347983
node/10042338532,,Evie,-37.5647424,143.934527,,CCS (Type 2); CHAdeMO,,,yes,,"{""amenity"": ""charging_station"", ""capacity"": ""4"", ""fee"": ""yes"", ""operator"": ""Evie Networks"", ""operator:wikidata"": ""Q105795220"", ""socket:chademo"": ""2"", ""socket:type2_combo"": ""2""}",data/raw/osm_chargers.json,https://www.openstreetmap.org/node/10042338532
node/10048386532,,NRMA,-31.5643351,147.1969608,,,,,,,"{""amenity"": ""charging_station"", ""operator"": ""NRMA"", ""operator:wikidata"": ""Q6955173""}",data/raw/osm_chargers.json,https://www.openstreetmap.org/node/10048386532
node/10050161556,,,-33.8359626,151.0848349,,,Mo-Su 06:00-00:00,,no,,"{""amenity"": ""charging_station"", ""capacity"": ""4"", ""description"": ""Rhodes Waterside"", ""fee"": ""no"", ""opening_hours"": ""Mo-Su 06:00-00:00"", ""parking:fee"": ""3 hours free"", ""socket:type2"": ""4"", ""socket:type2:output"": ""22 kW""}",data/raw/osm_chargers.json,https://www.openstreetmap.org/node/10050161556
node/10091269880,,JOLT,-33.9678598,151.1060452,,,,yes,,,"{""access"": ""yes"", ""amenity"": ""charging_station"", ""capacity"": ""1"", ""covered"": ""no"", ""operator"": ""Jolt"", ""operator:wikidata"": ""Q109783503""}",data/raw/osm_chargers.json,https://www.openstreetmap.org/node/10091269880
node/10091269881,,JOLT,-33.948437,151.0710625,,,,yes,,,"{""access"": ""yes"", ""amenity"": ""charging_station"", ""capacity"": ""1"", ""covered"": ""no"", ""operator"": ""Jolt"", ""operator:wikidata"": ""Q109783503""}",data/raw/osm_chargers.json,https://www.openstreetmap.org/node/10091269881
node/10091269882,,JOLT,-33.807399,151.0858151,,,,yes,,,"{""access"": ""yes"", ""amenity"": ""charging_station"", ""capacity"": ""1"", ""covered"": ""no"", ""operator"": ""Jolt"", ""operator:wikidata"": ""Q109783503""}",data/raw/osm_chargers.json,https://www.openstreetmap.org/node/10091269882
node/10095102213,Tesla Destination Charger,Tesla,-33.8130165,151.1694068,,,,,,,"{""amenity"": ""charging_station"", ""bicycle"": ""no"", ""brand"": ""Tesla"", ""brand:wikidata"": ""Q478214"", ""description"": ""Tesla Destination Charger"", ""level"": ""-3"", ""name"": ""Tesla Destination Charger"", ""short_name"": ""Tesla""}",data/raw/osm_chargers.json,https://www.openstreetmap.org/node/10095102213
node/10118356075,,central victorian greenhouse alliance,-37.5650496,149.1519705,,CCS (Type 2); CHAdeMO,,,,,"{""amenity"": ""charging_station"", ""brand"": ""Charging the Regions"", ""brand:wikidata"": ""Q106320264"", ""operator"": ""Central Victorian Greenhouse Alliance"", ""operator:wikidata"": ""Q106320329"", ""socket:chademo"": ""1"", ""socket:type2_combo"": ""1""}",data/raw/osm_chargers.json,https://www.openstreetmap.org/node/10118356075
node/10136616439,,,-33.7755511,151.1094379,,,,yes,,,"{""access"": ""yes"", ""amenity"": ""charging_station"", ""capacity"": ""6"", ""socket:type2"": ""6""}",data/raw/osm_chargers.json,https://www.openstreetmap.org/node/10136616439
node/10159370719,,NRMA,-34.7464753,146.5498937,,CCS (Type 2); CHAdeMO,,,,,"{""amenity"": ""charging_station"", ""capacity"": ""4"", ""operator"": ""NRMA"", ""operator:wikidata"": ""Q6955173"", ""socket:chademo"": ""1"", ""socket:type2_combo"": ""3""}",data/raw/osm_chargers.json,https://www.openstreetmap.org/node/10159370719
node/10172694522,Tesla Supercharger,Tesla,-37.5650916,149.1520346,,CCS (Type 2),24/7,yes,yes,https://www.tesla.com/findus/location/supercharger/cannrivervicau,"{""access"": ""yes"", ""amenity"": ""charging_station"", ""brand"": ""Tesla Supercharger"", ""brand:website"": ""https://www.tesla.com/supercharger"", ""brand:wikidata"": ""Q17089620"", ""capacity"": ""3"", ""description"": ""Tesla Supercharger"", ""fee"": ""yes"", ""frequency"": ""0"", ""motorcar"": ""designated"", ""name"": ""Tesla Supercharger"", ""network"": ""Supercharger"", ""network:website"": ""https://www.tesla.com/supercharger"", ""network:wikidata"": ""Q17089620"", ""opening_hours"": ""24/7"", ""operator"": ""Tesla"", ""operator:wikidata"": ""Q478214"", ""ref:supercharge_info"": ""4293"", ""ref:tesla"": ""cannrivervicau"", ""short_name"": ""Tesla"", ""socket:type2_combo"": ""3"", ""website"": ""https://www.tesla.com/findus/location/supercharger/cannrivervicau""}",data/raw/osm_chargers.json,https://www.openstreetmap.org/node/10172694522
node/10177425298,,,-33.8140858,151.1706842,,,,,,,"{""amenity"": ""charging_station"", ""capacity"": ""4""}",data/raw/osm_chargers.json,https://www.openstreetmap.org/node/10177425298
node/10180321115,,Evie,-33.8848452,151.1492145,,,,,,,"{""amenity"": ""charging_station"", ""bicycle"": ""no"", ""capacity"": ""4"", ""operator"": ""Evie Networks"", ""operator:wikidata"": ""Q105795220""}",data/raw/osm_chargers.json,https://www.openstreetmap.org/node/10180321115
node/10182377477,,central victorian greenhouse alliance,-37.0366955,141.2965659,,CCS (Type 2); CHAdeMO,,,,,"{""amenity"": ""charging_station"", ""brand"": ""Charging the Regions"", ""brand:wikidata"": ""Q106320264"", ""operator"": ""Central Victorian Greenhouse Alliance"", ""operator:wikidata"": ""Q106320329"", ""socket:chademo"": ""1"", ""socket:type2_combo"": ""1""}",data/raw/osm_chargers.json,https://www.openstreetmap.org/node/10182377477
node/10184551929,,Evie,-36.3777087,141.2383789,,CCS (Type 2); CHAdeMO,,,,,"{""amenity"": ""charging_station"", ""operator"": ""Evie Networks"", ""operator:wikidata"": ""Q105795220"", ""socket:chademo"": ""1"", ""socket:type2_combo"": ""1""}",data/raw/osm_chargers.json,https://www.openstreetmap.org/node/10184551929
node/10184645214,,,-36.1135121,144.757421,,,,,,,"{""amenity"": ""charging_station""}",data/raw/osm_chargers.json,https://www.openstreetmap.org/node/10184645214
node/10196181562,,JOLT,-33.9815934,151.0815506,,,,yes,,,"{""access"": ""yes"", ""amenity"": ""charging_station"", ""capacity"": ""1"", ""operator"": ""Jolt"", ""operator:wikidata"": ""Q109783503""}",data/raw/osm_chargers.json,https://www.openstreetmap.org/node/10196181562
node/10205558112,,central victorian greenhouse alliance,-37.1010408,147.5912017,,CCS (Type 2); CHAdeMO,24/7,yes,yes,,"{""access"": ""yes"", ""amenity"": ""charging_station"", ""authentication:app"": ""yes"", ""authentication:contactless"": ""yes"", ""brand"": ""Charging the Regions"", ""brand:wikidata"": ""Q106320264"", ""capacity"": ""2"", ""fee"": ""yes"", ""motorcar"": ""yes"", ""motorcycle"": ""yes"", ""opening_hours"": ""24/7"", ""operator"": ""Central Victorian Greenhouse Alliance"", ""operator:wikidata"": ""Q106320329"", ""socket:chademo"": ""1"", ""socket:chademo:output"": ""50 kW"", ""socket:type2_combo"": ""1"", ""socket:type2_combo:output"": ""50 kW""}",data/raw/osm_chargers.json,https://www.openstreetmap.org/node/10205558112
node/10208662680,,Evie,-28.0353151,153.4275587,,,,,,,"{""amenity"": ""charging_station"", ""capacity"": ""4"", ""operator"": ""Evie Networks"", ""operator:wikidata"": ""Q105795220""}",data/raw/osm_chargers.json,https://www.openstreetmap.org/node/10208662680
node/10208698066,,BP Pulse (AU),-33.8740665,151.1267452,,CCS (Type 2),24/7,,,,"{""amenity"": ""charging_station"", ""brand"": ""bp pulse"", ""brand:wikidata"": ""Q39057719"", ""capacity"": ""2"", ""check_date"": ""2026-05-21"", ""check_date:opening_hours"": ""2026-05-21"", ""opening_hours"": ""24/7"", ""operator"": ""bp pulse"", ""operator:wikidata"": ""Q39057719"", ""socket:type2_combo"": ""4"", ""socket:type2_combo:output"": ""75""}",data/raw/osm_chargers.json,https://www.openstreetmap.org/node/10208698066
node/10218282678,,BP Pulse (AU),-33.9195544,151.0669461,,CCS (Type 2); CHAdeMO,,yes,yes,,"{""access"": ""yes"", ""amenity"": ""charging_station"", ""brand"": ""bp pulse"", ""brand:wikidata"": ""Q39057719"", ""covered"": ""no"", ""fee"": ""yes"", ""operator"": ""bp pulse"", ""operator:wikidata"": ""Q39057719"", ""socket:chademo"": ""1"", ""socket:type2_combo"": ""1""}",data/raw/osm_chargers.json,https://www.openstreetmap.org/node/10218282678
node/10232012344,,BP Pulse (AU),-33.3628805,151.4443624,,,,,,,"{""amenity"": ""charging_station"", ""brand"": ""BP Pulse"", ""brand:wikidata"": ""Q39057719"", ""description"": ""BP Pulse"", ""operator"": ""BP Pulse"", ""operator:wikidata"": ""Q39057719""}",data/raw/osm_chargers.json,https://www.openstreetmap.org/node/10232012344
node/10258355351,Tesla Supercharger,Tesla,-29.0560795,152.017583,,CCS (Type 2),24/7,yes,yes,https://www.tesla.com/findus/location/supercharger/tenterfieldsupercharger,"{""access"": ""yes"", ""amenity"": ""charging_station"", ""brand"": ""Tesla Supercharger"", ""brand:website"": ""https://www.tesla.com/supercharger"", ""brand:wikidata"": ""Q17089620"", ""capacity"": ""4"", ""description"": ""Tesla Supercharger"", ""fee"": ""yes"", ""frequency"": ""0"", ""motorcar"": ""designated"", ""name"": ""Tesla Supercharger"", ""network"": ""Supercharger"", ""network:website"": ""https://www.tesla.com/supercharger"", ""network:wikidata"": ""Q17089620"", ""opening_hours"": ""24/7"", ""operator"": ""Tesla"", ""operator:wikidata"": ""Q478214"", ""ref:supercharge_info"": ""5395"", ""ref:tesla"": ""tenterfieldsupercharger"", ""short_name"": ""Tesla"", ""socket:type2_combo"": ""4"", ""socket:type2_combo:output"": ""250 kW"", ""website"": ""https://www.tesla.com/findus/location/supercharger/tenterfieldsupercharger""}",data/raw/osm_chargers.json,https://www.openstreetmap.org/node/10258355351
node/10263943171,,BP Pulse (AU),-34.7190997,149.9958809,,CCS (Type 2); CHAdeMO,,,,,"{""amenity"": ""charging_station"", ""brand"": ""BP Pulse"", ""brand:wikidata"": ""Q39057719"", ""operator"": ""BP Pulse"", ""operator:wikidata"": ""Q39057719"", ""socket:chademo"": ""1"", ""socket:type2_combo"": ""1""}",data/raw/osm_chargers.json,https://www.openstreetmap.org/node/10263943171
node/10263943172,,BP Pulse (AU),-34.7184231,150.0006494,,CCS (Type 2); CHAdeMO,,,,,"{""amenity"": ""charging_station"", ""brand"": ""BP Pulse"", ""brand:wikidata"": ""Q39057719"", ""operator"": ""BP Pulse"", ""operator:wikidata"": ""Q39057719"", ""socket:chademo"": ""1"", ""socket:type2_combo"": ""1""}",data/raw/osm_chargers.json,https://www.openstreetmap.org/node/10263943172
node/10296267794,,Chargefox,-34.0678179,150.7889593,,,,customers,no,,"{""access"": ""customers"", ""amenity"": ""charging_station"", ""capacity"": ""2"", ""covered"": ""no"", ""fee"": ""no"", ""note"": ""Parking time limited to 60 minutes"", ""operator"": ""Chargefox"", ""operator:wikidata"": ""Q105775824"", ""ref"": ""5020""}",data/raw/osm_chargers.json,https://www.openstreetmap.org/node/10296267794
node/10309600584,Tesla Supercharger,Tesla,-36.3843671,145.4009851,,CCS (Type 2),24/7,yes,yes,https://www.tesla.com/findus/location/supercharger/sheppartonvictoriaau,"{""access"": ""yes"", ""amenity"": ""charging_station"", ""brand"": ""Tesla Supercharger"", ""brand:website"": ""https://www.tesla.com/supercharger"", ""brand:wikidata"": ""Q17089620"", ""capacity"": ""6"", ""fee"": ""yes"", ""frequency"": ""0"", ""motorcar"": ""designated"", ""name"": ""Tesla Supercharger"", ""network"": ""Supercharger"", ""network:website"": ""https://www.tesla.com/supercharger"", ""network:wikidata"": ""Q17089620"", ""opening_hours"": ""24/7"", ""operator"": ""Tesla"", ""operator:wikidata"": ""Q478214"", ""ref:supercharge_info"": ""5719"", ""ref:tesla"": ""sheppartonvictoriaau"", ""short_name"": ""Tesla"", ""socket:type2_combo"": ""6"", ""socket:type2_combo:output"": ""250 kW"", ""website"": ""https://www.tesla.com/findus/location/supercharger/sheppartonvictoriaau""}",data/raw/osm_chargers.json,https://www.openstreetmap.org/node/10309600584
node/10314029528,,Chargefox,-34.0678179,150.7889111,,,,customers,no,,"{""access"": ""customers"", ""amenity"": ""charging_station"", ""capacity"": ""2"", ""covered"": ""no"", ""fee"": ""no"", ""note"": ""Parking time limited to 60 minutes"", ""operator"": ""Chargefox"", ""operator:wikidata"": ""Q105775824"", ""ref"": ""4303""}",data/raw/osm_chargers.json,https://www.openstreetmap.org/node/10314029528
node/10563108217,,BP Pulse (AU),-34.0532156,150.8236391,,CCS (Type 2),,,,,"{""amenity"": ""charging_station"", ""brand"": ""bp pulse"", ""brand:wikidata"": ""Q39057719"", ""operator"": ""bp pulse"", ""operator:wikidata"": ""Q39057719"", ""socket:type2_combo"": ""2""}",data/raw/osm_chargers.json,https://www.openstreetmap.org/node/10563108217
node/10564461448,Tesla Destination Charger,Tesla,-32.701433,152.0626879,,,,,,,"{""amenity"": ""charging_station"", ""brand"": ""Tesla"", ""brand:wikidata"": ""Q478214"", ""capacity"": ""2"", ""name"": ""Tesla Destination Charger"", ""operator"": ""Tesla"", ""short_name"": ""Tesla""}",data/raw/osm_chargers.json,https://www.openstreetmap.org/node/10564461448
node/10590006365,,BP Pulse (AU),-33.8109506,150.8503059,,CCS (Type 2),,,,,"{""amenity"": ""charging_station"", ""brand"": ""bp pulse"", ""brand:wikidata"": ""Q39057719"", ""capacity"": ""2"", ""operator"": ""bp pulse"", ""operator:wikidata"": ""Q39057719"", ""socket:type2_combo"": ""2""}",data/raw/osm_chargers.json,https://www.openstreetmap.org/node/10590006365
node/10607603446,,BP Pulse (AU),-33.7955368,151.2559187,,,,,,,"{""amenity"": ""charging_station"", ""brand"": ""bp pulse"", ""brand:wikidata"": ""Q39057719"", ""capacity"": ""2"", ""operator"": ""bp pulse"", ""operator:wikidata"": ""Q39057719""}",data/raw/osm_chargers.json,https://www.openstreetmap.org/node/10607603446
node/10628109252,,BP Pulse (AU),-33.9388196,151.0177286,,,,,,,"{""amenity"": ""charging_station"", ""brand"": ""bp pulse"", ""brand:wikidata"": ""Q39057719"", ""operator"": ""bp pulse"", ""operator:wikidata"": ""Q39057719""}",data/raw/osm_chargers.json,https://www.openstreetmap.org/node/10628109252
node/10647829948,,BP Pulse (AU),-32.7833007,151.7371187,,CCS (Type 2); CHAdeMO,,,,,"{""amenity"": ""charging_station"", ""brand"": ""BP Pulse"", ""brand:wikidata"": ""Q39057719"", ""capacity"": ""2"", ""operator"": ""BP Pulse"", ""operator:wikidata"": ""Q39057719"", ""socket:chademo"": ""1"", ""socket:type2_combo"": ""1""}",data/raw/osm_chargers.json,https://www.openstreetmap.org/node/10647829948
node/10652018665,,JOLT,-33.713676,151.298355,,,,yes,,,"{""access"": ""yes"", ""amenity"": ""charging_station"", ""capacity"": ""1"", ""covered"": ""no"", ""operator"": ""Jolt"", ""operator:wikidata"": ""Q109783503""}",data/raw/osm_chargers.json,https://www.openstreetmap.org/node/10652018665
node/10687053371,,BP Pulse (AU),-33.6899794,151.1061283,,CCS (Type 2),,,,,"{""amenity"": ""charging_station"", ""brand"": ""bp pulse"", ""brand:wikidata"": ""Q39057719"", ""capacity"": ""2"", ""operator"": ""bp pulse"", ""operator:wikidata"": ""Q39057719"", ""socket:type2_combo"": ""2""}",data/raw/osm_chargers.json,https://www.openstreetmap.org/node/10687053371
node/10687073170,,BP Pulse (AU),-28.8616621,153.5169159,,CCS (Type 2),,,,,"{""amenity"": ""charging_station"", ""brand"": ""bp pulse"", ""brand:wikidata"": ""Q39057719"", ""capacity"": ""2"", ""operator"": ""bp pulse"", ""operator:wikidata"": ""Q39057719"", ""socket:type2_combo"": ""2"", ""socket:type2_combo:output"": ""75 kW""}",data/raw/osm_chargers.json,https://www.openstreetmap.org/node/10687073170
node/10708226454,,city of sydney,-33.8591188,151.2077898,,,,,,,"{""amenity"": ""charging_station"", ""capacity"": ""2"", ""description"": ""City of Sydney on street charging, operated by CBRE. Meter ID 50354"", ""operator"": ""City of Sydney""}",data/raw/osm_chargers.json,https://www.openstreetmap.org/node/10708226454
node/10720208509,,NRMA,-33.8755065,151.1993723,,,,,,,"{""amenity"": ""charging_station"", ""operator"": ""NRMA"", ""operator:wikidata"": ""Q6955173""}",data/raw/osm_chargers.json,https://www.openstreetmap.org/node/10720208509
node/10738276283,Evie at BP Kingston,Evie,-35.319776,149.1389146,,CCS (Type 2); CHAdeMO,,,,,"{""amenity"": ""charging_station"", ""capacity"": ""2"", ""description"": ""EV charging station. Not yet active as of 2/June/2023"", ""name"": ""Evie at BP Kingston"", ""operator"": ""Evie Networks"", ""operator:wikidata"": ""Q105795220"", ""socket:chademo"": ""2"", ""socket:type2_combo"": ""2""}",data/raw/osm_chargers.json,https://www.openstreetmap.org/node/10738276283
node/10744208052,,BP Pulse (AU),-36.4400211,146.2497942,,CCS (Type 2),,,,,"{""amenity"": ""charging_station"", ""brand"": ""bp pulse"", ""brand:wikidata"": ""Q39057719"", ""capacity"": ""4"", ""operator"": ""bp pulse"", ""operator:wikidata"": ""Q39057719"", ""socket:type2_combo"": ""4"", ""socket:type2_combo:output"": ""147 kW""}",data/raw/osm_chargers.json,https://www.openstreetmap.org/node/10744208052
node/10744341618,,Evie,-36.354976,146.3224917,,CCS (Type 2); CHAdeMO,,yes,,,"{""access"": ""yes"", ""amenity"": ""charging_station"", ""brand"": ""Chademo;CCS"", ""capacity"": ""2"", ""operator"": ""Evie Networks"", ""operator:wikidata"": ""Q105795220"", ""socket:chademo"": ""1"", ""socket:chademo:output"": ""50kW"", ""socket:type2:output"": ""50 kW"", ""socket:type2_combo"": ""1""}",data/raw/osm_chargers.json,https://www.openstreetmap.org/node/10744341618
node/10744631135,Tesla Supercharger,Tesla,-34.6092951,150.2298378,,Tesla Supercharger,24/7,yes,yes,https://www.tesla.com/findus/location/supercharger/29357,"{""access"": ""yes"", ""amenity"": ""charging_station"", ""brand"": ""Tesla Supercharger"", ""brand:website"": ""https://www.tesla.com/supercharger"", ""brand:wikidata"": ""Q17089620"", ""capacity"": ""6"", ""construction"": ""charging_station"", ""fee"": ""yes"", ""frequency"": ""0"", ""motorcar"": ""designated"", ""name"": ""Tesla Supercharger"", ""network"": ""Supercharger"", ""network:website"": ""https://www.tesla.com/supercharger"", ""network:wikidata"": ""Q17089620"", ""opening_hours"": ""24/7"", ""operator"": ""Tesla"", ""operator:wikidata"": ""Q478214"", ""ref:supercharge_info"": ""6016"", ""ref:tesla"": ""29357"", ""short_name"": ""Tesla"", ""socket:tesla_supercharger"": ""6"", ""website"": ""https://www.tesla.com/findus/location/supercharger/29357""}",data/raw/osm_chargers.json,https://www.openstreetmap.org/node/10744631135
node/10747930958,Tesla Destination Charger,Tesla,-35.1582148,147.4595905,,,,,,,"{""amenity"": ""charging_station"", ""brand"": ""Tesla"", ""brand:wikidata"": ""Q478214"", ""capacity"": ""1"", ""name"": ""Tesla Destination Charger"", ""short_name"": ""Tesla""}",data/raw/osm_chargers.json,https://www.openstreetmap.org/node/10747930958
node/10750707216,,JOLT,-33.7620961,151.2725439,,,,,,,"{""amenity"": ""charging_station"", ""capacity"": ""1"", ""operator"": ""Jolt"", ""operator:wikidata"": ""Q109783503""}",data/raw/osm_chargers.json,https://www.openstreetmap.org/node/10750707216
node/10750707217,,JOLT,-33.7194247,151.2986321,,,,,,,"{""amenity"": ""charging_station"", ""capacity"": ""1"", ""operator"": ""Jolt"", ""operator:wikidata"": ""Q109783503""}",data/raw/osm_chargers.json,https://www.openstreetmap.org/node/10750707217
node/10770496461,,,-37.2025703,145.0489327,,CHAdeMO,,,,,"{""amenity"": ""charging_station"", ""socket:chademo"": ""1"", ""socket:type2"": ""1""}",data/raw/osm_chargers.json,https://www.openstreetmap.org/node/10770496461
node/10770515438,,,-37.2943539,144.9523451,,CHAdeMO,,,,,"{""amenity"": ""charging_station"", ""socket:chademo"": ""1"", ""socket:type2"": ""1""}",data/raw/osm_chargers.json,https://www.openstreetmap.org/node/10770515438
node/10772401236,,NRMA,-34.4463073,147.5344411,,CCS (Type 2),,,,,"{""amenity"": ""charging_station"", ""capacity"": ""2"", ""operator"": ""NRMA"", ""operator:wikidata"": ""Q6955173"", ""socket:type2_combo"": ""2"", ""socket:type2_combo:output"": ""50 kW""}",data/raw/osm_chargers.json,https://www.openstreetmap.org/node/10772401236
node/10774220953,Tesla Supercharger,Tesla,-34.0714958,150.8073027,,CCS (Type 2),,,,,"{""amenity"": ""charging_station"", ""brand"": ""Tesla Supercharger"", ""brand:wikidata"": ""Q17089620"", ""capacity"": ""12"", ""name"": ""Tesla Supercharger"", ""operator"": ""Tesla"", ""operator:wikidata"": ""Q478214"", ""ref:supercharge_info"": ""5391"", ""short_name"": ""Tesla"", ""socket:type2_combo"": ""12"", ""socket:type2_combo:output"": ""250 kW""}",data/raw/osm_chargers.json,https://www.openstreetmap.org/node/10774220953
node/10778712392,,BP Pulse (AU),-36.4384716,146.2481059,,CCS (Type 2); CHAdeMO,,,no,,"{""amenity"": ""charging_station"", ""brand"": ""bp pulse"", ""brand:wikidata"": ""Q39057719"", ""capacity"": ""4"", ""fee"": ""no"", ""operator"": ""bp pulse"", ""operator:wikidata"": ""Q39057719"", ""socket:chademo"": ""1"", ""socket:chademo:output"": ""75 kW"", ""socket:type2_combo"": ""3"", ""socket:type2_combo:output"": ""75 kW""}",data/raw/osm_chargers.json,https://www.openstreetmap.org/node/10778712392
node/10778861141,ChargePoint,ChargePoint,-37.565088,144.8938508,,,,yes,yes,,"{""access"": ""yes"", ""amenity"": ""charging_station"", ""brand"": ""ChargePoint"", ""brand:wikidata"": ""Q5176149"", ""capacity"": ""1"", ""fee"": ""yes"", ""name"": ""ChargePoint"", ""operator"": ""ChargePoint"", ""operator:wikidata"": ""Q5176149""}",data/raw/osm_chargers.json,https://www.openstreetmap.org/node/10778861141
node/10779001859,,evlink,-37.5302783,144.8805475,,,,yes,,,"{""access"": ""yes"", ""amenity"": ""charging_station"", ""brand"": ""EVlink"", ""capacity"": ""2""}",data/raw/osm_chargers.json,https://www.openstreetmap.org/node/10779001859
node/10780543260,,JOLT,-33.869384,151.1077617,,,,,,,"{""amenity"": ""charging_station"", ""operator"": ""Jolt"", ""operator:wikidata"": ""Q109783503""}",data/raw/osm_chargers.json,https://www.openstreetmap.org/node/10780543260
node/10783513810,,BP Pulse (AU),-34.4033184,150.8914532,,CCS (Type 2),,,,,"{""amenity"": ""charging_station"", ""brand"": ""bp pulse"", ""brand:wikidata"": ""Q39057719"", ""operator"": ""bp pulse"", ""operator:wikidata"": ""Q39057719"", ""socket:type2_combo"": ""2""}",data/raw/osm_chargers.json,https://www.openstreetmap.org/node/10783513810
node/10792695777,,Chargefox,-34.7722611,149.6927672,,CCS (Type 2),,,,,"{""amenity"": ""charging_station"", ""brand"": ""Chargefox"", ""capacity"": ""2"", ""operator"": ""Chargefox"", ""operator:wikidata"": ""Q105775824"", ""socket:type2_combo"": ""2""}",data/raw/osm_chargers.json,https://www.openstreetmap.org/node/10792695777
node/10807470662,,BP Pulse (AU),-33.8196728,151.0212095,,CCS (Type 2),,,,,"{""amenity"": ""charging_station"", ""brand"": ""bp pulse"", ""brand:wikidata"": ""Q39057719"", ""capacity"": ""4"", ""operator"": ""bp pulse"", ""operator:wikidata"": ""Q39057719"", ""socket:type2_combo"": ""4""}",data/raw/osm_chargers.json,https://www.openstreetmap.org/node/10807470662
node/10807822822,Get Electric Charging Station,get electric,-37.5811281,144.7243495,,,,,yes,,"{""amenity"": ""charging_station"", ""fee"": ""yes"", ""name"": ""Get Electric Charging Station"", ""operator"": ""Get Electric"", ""payment:app"": ""yes""}",data/raw/osm_chargers.json,https://www.openstreetmap.org/node/10807822822
node/10815538922,Tesla Supercharger,Tesla,-35.4161685,149.0642995,,Tesla CCS; Tesla Supercharger,24/7,yes,yes,,"{""access"": ""yes"", ""amenity"": ""charging_station"", ""brand"": ""Tesla Supercharger"", ""brand:wikidata"": ""Q17089620"", ""brand:wikipedia"": ""en:Tesla, Inc."", ""capacity"": ""6"", ""description"": ""South Point Tuggeranong Supercharger"", ""fee"": ""yes"", ""name"": ""Tesla Supercharger"", ""opening_hours"": ""24/7"", ""operator"": ""Tesla"", ""operator:wikidata"": ""Q478214"", ""operator:wikipedia"": ""en:Tesla, Inc."", ""short_name"": ""Tesla"", ""socket:tesla_supercharger"": ""6"", ""socket:tesla_supercharger:output"": ""250 kW"", ""socket:tesla_supercharger_ccs"": ""6"", ""socket:tesla_supercharger_ccs:output"": ""250 kW""}",data/raw/osm_chargers.json,https://www.openstreetmap.org/node/10815538922
node/10815562193,Wollongong Supercharger,Tesla,-34.437819,150.8634156,,CCS (Type 2),24/7,yes,yes,https://www.tesla.com/findus/location/supercharger/wollongongsupercharger,"{""access"": ""yes"", ""amenity"": ""charging_station"", ""brand"": ""Tesla Supercharger"", ""brand:website"": ""https://www.tesla.com/supercharger"", ""brand:wikidata"": ""Q17089620"", ""brand:wikipedia"": ""en:Tesla Supercharger"", ""capacity"": ""4"", ""description"": ""Tesla Supercharger"", ""fee"": ""yes"", ""frequency"": ""0"", ""motorcar"": ""designated"", ""name"": ""Wollongong Supercharger"", ""network"": ""Supercharger"", ""network:website"": ""https://www.tesla.com/supercharger"", ""network:wikidata"": ""Q17089620"", ""opening_hours"": ""24/7"", ""operator"": ""Tesla"", ""operator:wikidata"": ""Q478214"", ""ref:supercharge_info"": ""5397"", ""ref:tesla"": ""wollongongsupercharger"", ""short_name"": ""Tesla"", ""socket:type2_combo"": ""4"", ""socket:type2_combo:output"": ""250 kW"", ""website"": ""https://www.tesla.com/findus/location/supercharger/wollongongsupercharger""}",data/raw/osm_chargers.json,https://www.openstreetmap.org/node/10815562193
node/10815896313,Tesla Destination Charger,Tesla,-33.7309136,150.9735895,,,,,,,"{""amenity"": ""charging_station"", ""brand"": ""Tesla"", ""brand:wikidata"": ""Q478214"", ""capacity"": ""1"", ""name"": ""Tesla Destination Charger"", ""short_name"": ""Tesla""}",data/raw/osm_chargers.json,https://www.openstreetmap.org/node/10815896313
node/10815896314,Tesla Destination Charger,Tesla,-34.4143916,150.8999909,,,,,yes,,"{""amenity"": ""charging_station"", ""brand"": ""Tesla"", ""brand:wikidata"": ""Q478214"", ""capacity"": ""4"", ""fee"": ""yes"", ""name"": ""Tesla Destination Charger"", ""operator"": ""Tesla, Inc."", ""short_name"": ""Tesla""}",data/raw/osm_chargers.json,https://www.openstreetmap.org/node/10815896314
node/10861584624,Chargefox Coffs Harbour,Chargefox,-30.3177072,153.0898333,,CCS (Type 2); CHAdeMO,,,,,"{""amenity"": ""charging_station"", ""name"": ""Chargefox Coffs Harbour"", ""operator"": ""Chargefox"", ""operator:wikidata"": ""Q105775824"", ""socket:chademo"": ""2"", ""socket:type2_combo"": ""2""}",data/raw/osm_chargers.json,https://www.openstreetmap.org/node/10861584624
node/10861761260,Tesla Supercharger,Tesla,-33.7452182,150.6104117,,CCS (Type 2),24/7,yes,yes,https://www.tesla.com/findus/location/supercharger/30785,"{""access"": ""yes"", ""amenity"": ""charging_station"", ""brand"": ""Tesla Supercharger"", ""brand:website"": ""https://www.tesla.com/supercharger"", ""brand:wikidata"": ""Q17089620"", ""capacity"": ""6"", ""fee"": ""yes"", ""frequency"": ""0"", ""motorcar"": ""designated"", ""name"": ""Tesla Supercharger"", ""network"": ""Supercharger"", ""network:website"": ""https://www.tesla.com/supercharger"", ""network:wikidata"": ""Q17089620"", ""opening_hours"": ""24/7"", ""operator"": ""Tesla"", ""operator:wikidata"": ""Q478214"", ""ref:supercharge_info"": ""3288"", ""ref:tesla"": ""30785"", ""short_name"": ""Tesla"", ""socket:type2_combo"": ""6"", ""website"": ""https://www.tesla.com/findus/location/supercharger/30785""}",data/raw/osm_chargers.json,https://www.openstreetmap.org/node/10861761260
node/10863588015,,JOLT,-33.9205413,151.1911399,,CCS (Type 2); CHAdeMO,,yes,,,"{""access"": ""yes"", ""amenity"": ""charging_station"", ""capacity"": ""2"", ""operator"": ""Jolt"", ""operator:wikidata"": ""Q109783503"", ""socket:chademo"": ""1"", ""socket:type2_combo"": ""yes""}",data/raw/osm_chargers.json,https://www.openstreetmap.org/node/10863588015
node/10872527226,,BP Pulse (AU),-33.7955533,151.2559338,,,,,,,"{""amenity"": ""charging_station"", ""brand"": ""bp pulse"", ""brand:wikidata"": ""Q39057719"", ""capacity"": ""2"", ""operator"": ""bp pulse"", ""operator:wikidata"": ""Q39057719""}",data/raw/osm_chargers.json,https://www.openstreetmap.org/node/10872527226
node/10892673392,,Evie,-36.0098583,146.0031298,,CCS (Type 2); CHAdeMO,,,,,"{""amenity"": ""charging_station"", ""capacity"": ""2"", ""operator"": ""Evie Networks"", ""operator:wikidata"": ""Q105795220"", ""socket:chademo"": ""1"", ""socket:type2_combo"": ""1""}",data/raw/osm_chargers.json,https://www.openstreetmap.org/node/10892673392
node/10895054616,,Chargefox,-33.8747893,151.2463108,,,,,,,"{""amenity"": ""charging_station"", ""covered"": ""no"", ""operator"": ""Chargefox"", ""operator:wikidata"": ""Q105775824"", ""ref"": ""1779""}",data/raw/osm_chargers.json,https://www.openstreetmap.org/node/10895054616
node/10907235224,,BP Pulse (AU),-33.9161106,151.1729055,,CCS (Type 2),,,,,"{""amenity"": ""charging_station"", ""brand"": ""bp pulse"", ""brand:wikidata"": ""Q39057719"", ""capacity"": ""2"", ""operator"": ""bp pulse"", ""operator:wikidata"": ""Q39057719"", ""socket:type2_combo"": ""2""}",data/raw/osm_chargers.json,https://www.openstreetmap.org/node/10907235224
node/10909787138,,BP Pulse (AU),-37.5344696,144.898294,,CCS (Type 2),,,,,"{""amenity"": ""charging_station"", ""brand"": ""bp pulse"", ""brand:wikidata"": ""Q39057719"", ""operator"": ""bp pulse"", ""operator:wikidata"": ""Q39057719"", ""socket:type2_combo"": ""4""}",data/raw/osm_chargers.json,https://www.openstreetmap.org/node/10909787138
node/10919805054,,JOLT,-33.9563337,151.2265681,,,,yes,,,"{""access"": ""yes"", ""amenity"": ""charging_station"", ""capacity"": ""1"", ""covered"": ""no"", ""operator"": ""Jolt"", ""operator:wikidata"": ""Q109783503""}",data/raw/osm_chargers.json,https://www.openstreetmap.org/node/10919805054
node/10923455696,,Exploren,-37.1827429,143.3995223,,CCS (Type 2),,,yes,,"{""amenity"": ""charging_station"", ""fee"": ""yes"", ""operator"": ""Exploren"", ""operator:wikidata"": ""Q130278349"", ""socket:type2_combo"": ""2""}",data/raw/osm_chargers.json,https://www.openstreetmap.org/node/10923455696
node/10924895189,,Ampol AmpCharge,-33.7429956,150.6929513,,CCS (Type 2); CHAdeMO,,yes,yes,,"{""access"": ""yes"", ""amenity"": ""charging_station"", ""capacity"": ""2"", ""covered"": ""no"", ""fee"": ""yes"", ""operator"": ""AmpCharge"", ""operator:wikidata"": ""Q111744561"", ""socket:chademo"": ""1"", ""socket:type2_combo"": ""1""}",data/raw/osm_chargers.json,https://www.openstreetmap.org/node/10924895189
node/10925614395,,Evie,-36.7291804,146.9621128,,CCS (Type 2); CHAdeMO,24/7,yes,yes,,"{""access"": ""yes"", ""amenity"": ""charging_station"", ""authentication:app"": ""yes"", ""authentication:contactless"": ""yes"", ""capacity"": ""2"", ""fee"": ""yes"", ""motorcar"": ""yes"", ""motorcycle"": ""yes"", ""opening_hours"": ""24/7"", ""operator"": ""Evie Networks"", ""operator:wikidata"": ""Q105795220"", ""socket:chademo"": ""1"", ""socket:chademo:output"": ""50 kW"", ""socket:type2_combo"": ""1"", ""socket:type2_combo:output"": ""50 kW""}",data/raw/osm_chargers.json,https://www.openstreetmap.org/node/10925614395
node/10925645681,,Evie,-36.784243,145.154243,,CCS (Type 2); CHAdeMO,,,,,"{""amenity"": ""charging_station"", ""capacity"": ""2"", ""operator"": ""Evie Networks"", ""operator:wikidata"": ""Q105795220"", ""socket:chademo"": ""1"", ""socket:chademo:output"": ""50 kW"", ""socket:type2_combo"": ""1"", ""socket:type2_combo:output"": ""50 kW""}",data/raw/osm_chargers.json,https://www.openstreetmap.org/node/10925645681
node/10937312713,,JOLT,-33.9610334,151.2309416,,,,yes,,,"{""access"": ""yes"", ""amenity"": ""charging_station"", ""covered"": ""no"", ""operator"": ""Jolt"", ""operator:wikidata"": ""Q109783503""}",data/raw/osm_chargers.json,https://www.openstreetmap.org/node/10937312713
node/10956385611,,Evie,-37.5105817,145.1183979,,CCS (Type 2); CHAdeMO,24/7,yes,yes,https://evie.com.au/,"{""access"": ""yes"", ""amenity"": ""charging_station"", ""bicycle"": ""no"", ""bus"": ""no"", ""capacity"": ""1"", ""fee"": ""yes"", ""hgv"": ""no"", ""motorcar"": ""yes"", ""network"": ""Evie Networks"", ""opening_hours"": ""24/7"", ""operator"": ""Evie Networks"", ""operator:wikidata"": ""Q105795220"", ""parking:fee"": ""no"", ""scooter"": ""no"", ""socket:chademo"": ""1"", ""socket:type2_combo"": ""1"", ""website"": ""https://evie.com.au/""}",data/raw/osm_chargers.json,https://www.openstreetmap.org/node/10956385611
node/10959087488,,BP Pulse (AU),-33.9887792,150.8593146,,,,,,,"{""amenity"": ""charging_station"", ""brand"": ""bp pulse"", ""brand:wikidata"": ""Q39057719"", ""capacity"": ""2"", ""covered"": ""no"", ""operator"": ""bp pulse"", ""operator:wikidata"": ""Q39057719""}",data/raw/osm_chargers.json,https://www.openstreetmap.org/node/10959087488
node/10971491088,,JOLT,-33.7505332,151.0650786,,,,yes,,,"{""access"": ""yes"", ""amenity"": ""charging_station"", ""capacity"": ""1"", ""covered"": ""no"", ""operator"": ""Jolt"", ""operator:wikidata"": ""Q109783503""}",data/raw/osm_chargers.json,https://www.openstreetmap.org/node/10971491088
node/10977915310,,Evie,-37.428802,143.3830103,,CCS (Type 2); CHAdeMO,,,,,"{""amenity"": ""charging_station"", ""capacity"": ""4"", ""operator"": ""Evie Networks"", ""operator:wikidata"": ""Q105795220"", ""socket:chademo"": ""1"", ""socket:chademo:output"": ""50 kW"", ""socket:type2_combo"": ""3"", ""socket:type2_combo:output"": ""50 kW""}",data/raw/osm_chargers.json,https://www.openstreetmap.org/node/10977915310
node/10984470645,,BP Pulse (AU),-33.7671757,150.9518073,,,,,yes,,"{""amenity"": ""charging_station"", ""brand"": ""bp pulse"", ""brand:wikidata"": ""Q39057719"", ""capacity"": ""2"", ""covered"": ""no"", ""fee"": ""yes"", ""operator"": ""bp pulse"", ""operator:wikidata"": ""Q39057719""}",data/raw/osm_chargers.json,https://www.openstreetmap.org/node/10984470645
node/10992560808,,Evie,-33.7513075,151.2433755,,,,,yes,,"{""amenity"": ""charging_station"", ""capacity"": ""4"", ""covered"": ""no"", ""fee"": ""yes"", ""operator"": ""Evie Networks"", ""operator:wikidata"": ""Q105795220""}",data/raw/osm_chargers.json,https://www.openstreetmap.org/node/10992560808
node/11004256023,,Evie,-33.8521007,150.9955859,,CCS (Type 2); CHAdeMO,,,yes,,"{""amenity"": ""charging_station"", ""capacity"": ""2"", ""covered"": ""no"", ""fee"": ""yes"", ""operator"": ""Evie Networks"", ""operator:wikidata"": ""Q105795220"", ""socket:chademo"": ""1"", ""socket:type2_combo"": ""1""}",data/raw/osm_chargers.json,https://www.openstreetmap.org/node/11004256023
node/11016758544,,Evie,-33.8885103,151.2375612,,,,yes,yes,,"{""access"": ""yes"", ""amenity"": ""charging_station"", ""capacity"": ""2"", ""covered"": ""no"", ""fee"": ""yes"", ""operator"": ""Evie Networks"", ""operator:wikidata"": ""Q105795220""}",data/raw/osm_chargers.json,https://www.openstreetmap.org/node/11016758544
node/11021093600,,Evie,-36.2506357,142.394036,29 Jamouneau Street,CCS (Type 2); CHAdeMO,,,,,"{""addr:housenumber"": ""29"", ""addr:postcode"": ""3393"", ""addr:state"": ""VIC"", ""addr:street"": ""Jamouneau Street"", ""addr:suburb"": ""Warracknabeal"", ""amenity"": ""charging_station"", ""capacity"": ""2"", ""operator"": ""Evie Networks"", ""operator:wikidata"": ""Q105795220"", ""socket:chademo"": ""1"", ""socket:chademo:output"": ""50 kW"", ""socket:type2_combo"": ""1"", ""socket:type2_combo:output"": ""50 kW""}",data/raw/osm_chargers.json,https://www.openstreetmap.org/node/11021093600
node/11021194892,,Evie,-37.4232451,144.5624714,,CCS (Type 2); CHAdeMO,,,,,"{""amenity"": ""charging_station"", ""operator"": ""Evie Networks"", ""operator:wikidata"": ""Q105795220"", ""socket:chademo"": ""1"", ""socket:type2_combo"": ""1""}",data/raw/osm_chargers.json,https://www.openstreetmap.org/node/11021194892
node/11043868290,,Evie,-37.2775677,144.7350086,,CCS (Type 2); CHAdeMO,,,,,"{""amenity"": ""charging_station"", ""operator"": ""Evie Networks"", ""operator:wikidata"": ""Q105795220"", ""socket:chademo"": ""1"", ""socket:type2_combo"": ""1""}",data/raw/osm_chargers.json,https://www.openstreetmap.org/node/11043868290
node/11048936553,,Engie,-33.8504225,150.898387,,CCS (Type 2),,yes,yes,,"{""access"": ""yes"", ""amenity"": ""charging_station"", ""brand"": ""Engie"", ""capacity"": ""2"", ""covered"": ""no"", ""fee"": ""yes"", ""socket:type2_combo"": ""2""}",data/raw/osm_chargers.json,https://www.openstreetmap.org/node/11048936553
node/11049292149,,Evie,-37.1919518,145.7111581,,CCS (Type 2); CHAdeMO,24/7,permissive,yes,,"{""access"": ""permissive"", ""amenity"": ""charging_station"", ""bicycle"": ""no"", ""bus"": ""no"", ""capacity"": ""2"", ""fee"": ""yes"", ""hgv"": ""no"", ""maxstay"": ""unlimited"", ""motorcar"": ""yes"", ""network"": ""Evie Networks"", ""opening_hours"": ""24/7"", ""operator"": ""Evie Networks"", ""operator:wikidata"": ""Q105795220"", ""parking:fee"": ""no"", ""scooter"": ""no"", ""socket:chademo"": ""1"", ""socket:chademo:output"": ""50 kW"", ""socket:type2_combo"": ""1"", ""socket:type2_combo:output"": ""50 kW""}",data/raw/osm_chargers.json,https://www.openstreetmap.org/node/11049292149
node/11060799096,,Exploren,-35.2577259,149.4397081,,,,customers,yes,,"{""access"": ""customers"", ""amenity"": ""charging_station"", ""brand"": ""Exploren"", ""fee"": ""yes"", ""operator"": ""Exploren"", ""operator:wikidata"": ""Q130278349""}",data/raw/osm_chargers.json,https://www.openstreetmap.org/node/11060799096
node/11073160376,,Chargefox,-37.5351644,143.8237383,,,,yes,no,,"{""access"": ""yes"", ""amenity"": ""charging_station"", ""capacity"": ""7"", ""fee"": ""no"", ""not:operator:wikidata"": ""Q105775824"", ""operator"": ""Chargefox""}",data/raw/osm_chargers.json,https://www.openstreetmap.org/node/11073160376
node/11079299253,,Ampol AmpCharge,-33.9047467,151.0646034,,,,yes,yes,,"{""access"": ""yes"", ""amenity"": ""charging_station"", ""capacity"": ""2"", ""covered"": ""no"", ""fee"": ""yes"", ""operator"": ""AmpCharge"", ""operator:wikidata"": ""Q111744561""}",data/raw/osm_chargers.json,https://www.openstreetmap.org/node/11079299253
node/11085593508,Tesla Supercharger,Tesla,-37.5429448,143.784678,,CCS (Type 2),24/7,yes,yes,https://www.tesla.com/findus/location/supercharger/LucasVIC,"{""access"": ""yes"", ""amenity"": ""charging_station"", ""brand"": ""Tesla Supercharger"", ""brand:website"": ""https://www.tesla.com/supercharger"", ""brand:wikidata"": ""Q17089620"", ""capacity"": ""18"", ""fee"": ""yes"", ""frequency"": ""0"", ""motorcar"": ""designated"", ""name"": ""Tesla Supercharger"", ""network"": ""Supercharger"", ""network:website"": ""https://www.tesla.com/supercharger"", ""network:wikidata"": ""Q17089620"", ""note"": ""Yes, this is a second site separate from the Wendouree one"", ""opening_hours"": ""24/7"", ""operator"": ""Tesla"", ""operator:wikidata"": ""Q478214"", ""ref:supercharge_info"": ""6693"", ""ref:tesla"": ""LucasVIC"", ""short_name"": ""Tesla"", ""socket:type2_combo"": ""18"", ""website"": ""https://www.tesla.com/findus/location/supercharger/LucasVIC""}",data/raw/osm_chargers.json,https://www.openstreetmap.org/node/11085593508
node/11092548399,,ezy charger,-28.4137758,151.0840316,,,,,,,"{""amenity"": ""charging_station"", ""brand"": ""Ezy Charger""}",data/raw/osm_chargers.json,https://www.openstreetmap.org/node/11092548399
node/11117784408,,Evie,-37.2820305,142.929698,,CCS (Type 2); CHAdeMO,,,,,"{""amenity"": ""charging_station"", ""operator"": ""Evie Networks"", ""operator:wikidata"": ""Q105795220"", ""socket:chademo"": ""1"", ""socket:type2_combo"": ""1""}",data/raw/osm_chargers.json,https://www.openstreetmap.org/node/11117784408
node/11129535113,,Ampol AmpCharge,-33.4275068,151.3214629,,CCS (Type 2); CHAdeMO,,yes,yes,,"{""access"": ""yes"", ""amenity"": ""charging_station"", ""fee"": ""yes"", ""operator"": ""AmpCharge"", ""operator:wikidata"": ""Q111744561"", ""socket:chademo"": ""1"", ""socket:type2_combo"": ""1""}",data/raw/osm_chargers.json,https://www.openstreetmap.org/node/11129535113
node/11135601782,,pittwater rsl,-33.6777006,151.2933539,80-82 Mona Vale Road,,,,,,"{""addr:housenumber"": ""80-82"", ""addr:street"": ""Mona Vale Road"", ""amenity"": ""charging_station"", ""description"": ""2 off 5kW chargers, free"", ""network"": ""Chargefox"", ""operator"": ""Pittwater RSL""}",data/raw/osm_chargers.json,https://www.openstreetmap.org/node/11135601782
node/11137421689,,Ampol AmpCharge,-34.2818052,150.6399305,,CCS (Type 2); CHAdeMO,,,,,"{""amenity"": ""charging_station"", ""capacity"": ""6"", ""operator"": ""AmpCharge"", ""operator:wikidata"": ""Q111744561"", ""socket:chademo"": ""3"", ""socket:chademo:output"": ""150 kW"", ""socket:type2_combo"": ""6"", ""socket:type2_combo:output"": ""150 kW""}",data/raw/osm_chargers.json,https://www.openstreetmap.org/node/11137421689
node/11137421690,,Ampol AmpCharge,-34.2822929,150.6365233,,CCS (Type 2); CHAdeMO,,,,,"{""amenity"": ""charging_station"", ""capacity"": ""6"", ""operator"": ""AmpCharge"", ""operator:wikidata"": ""Q111744561"", ""socket:chademo"": ""3"", ""socket:chademo:output"": ""150 kW"", ""socket:type2_combo"": ""6"", ""socket:type2_combo:output"": ""150 kW""}",data/raw/osm_chargers.json,https://www.openstreetmap.org/node/11137421690
node/11140224982,Tesla Destination Charger,Tesla,-34.4880018,150.4138196,,,,,yes,,"{""amenity"": ""charging_station"", ""brand"": ""Tesla"", ""brand:wikidata"": ""Q478214"", ""capacity"": ""6"", ""fee"": ""yes"", ""name"": ""Tesla Destination Charger"", ""short_name"": ""Tesla""}",data/raw/osm_chargers.json,https://www.openstreetmap.org/node/11140224982
node/11155180657,Tesla Supercharger,Tesla,-35.1309893,147.3397911,,CCS (Type 2),24/7,yes,yes,https://www.tesla.com/findus/location/supercharger/30889,"{""access"": ""yes"", ""amenity"": ""charging_station"", ""brand"": ""Tesla Supercharger"", ""brand:website"": ""https://www.tesla.com/supercharger"", ""brand:wikidata"": ""Q17089620"", ""capacity"": ""6"", ""fee"": ""yes"", ""frequency"": ""0"", ""motorcar"": ""designated"", ""name"": ""Tesla Supercharger"", ""network"": ""Supercharger"", ""network:website"": ""https://www.tesla.com/supercharger"", ""network:wikidata"": ""Q17089620"", ""opening_hours"": ""24/7"", ""operator"": ""Tesla"", ""operator:wikidata"": ""Q478214"", ""ref:supercharge_info"": ""5396"", ""ref:tesla"": ""30889"", ""short_name"": ""Tesla"", ""socket:type2_combo"": ""6"", ""website"": ""https://www.tesla.com/findus/location/supercharger/30889""}",data/raw/osm_chargers.json,https://www.openstreetmap.org/node/11155180657
node/11167384460,,JOLT,-33.6832925,150.9165225,,,,,,,"{""amenity"": ""charging_station"", ""capacity"": ""1"", ""covered"": ""no"", ""operator"": ""Jolt"", ""operator:wikidata"": ""Q109783503""}",data/raw/osm_chargers.json,https://www.openstreetmap.org/node/11167384460
node/11175994294,,Chargefox,-37.3090229,144.1403106,,CCS (Type 2); CHAdeMO,,,,,"{""amenity"": ""charging_station"", ""capacity"": ""2"", ""operator"": ""Chargefox"", ""operator:wikidata"": ""Q105775824"", ""socket:chademo"": ""1"", ""socket:chademo:output"": ""50 kW"", ""socket:type2_combo"": ""1"", ""socket:type2_combo:output"": ""50 kW""}",data/raw/osm_chargers.json,https://www.openstreetmap.org/node/11175994294
node/11176002637,,Chargefox,-37.4224534,143.8945183,,CCS (Type 2); CHAdeMO,,,,,"{""amenity"": ""charging_station"", ""capacity"": ""2"", ""operator"": ""Chargefox"", ""operator:wikidata"": ""Q105775824"", ""socket:chademo"": ""1"", ""socket:chademo:output"": ""50 kW"", ""socket:type2_combo"": ""1"", ""socket:type2_combo:output"": ""50 kW""}",data/raw/osm_chargers.json,https://www.openstreetmap.org/node/11176002637
node/11189565177,,,-33.9077366,151.1038722,,,,,,,"{""amenity"": ""charging_station"", ""capacity"": ""2""}",data/raw/osm_chargers.json,https://www.openstreetmap.org/node/11189565177
node/11221609471,,Ampol AmpCharge,-34.4857516,150.8064303,,,,,,,"{""amenity"": ""charging_station"", ""operator"": ""AmpCharge"", ""operator:wikidata"": ""Q111744561""}",data/raw/osm_chargers.json,https://www.openstreetmap.org/node/11221609471
node/11228046134,,Evie,-37.2490363,144.4522173,,CCS (Type 2); CHAdeMO,,,,,"{""amenity"": ""charging_station"", ""capacity"": ""2"", ""operator"": ""Evie Networks"", ""operator:wikidata"": ""Q105795220"", ""socket:chademo"": ""1"", ""socket:chademo:output"": ""50 kW"", ""socket:type2_combo"": ""1"", ""socket:type2_combo:output"": ""50 kW""}",data/raw/osm_chargers.json,https://www.openstreetmap.org/node/11228046134
node/11228085088,,Evie,-36.3580999,146.6870107,,CCS (Type 2); CHAdeMO,24/7,yes,yes,,"{""access"": ""yes"", ""amenity"": ""charging_station"", ""authentication:app"": ""yes"", ""authentication:contactless"": ""yes"", ""capacity"": ""2"", ""fee"": ""yes"", ""motorcar"": ""yes"", ""motorcycle"": ""yes"", ""opening_hours"": ""24/7"", ""operator"": ""Evie Networks"", ""operator:wikidata"": ""Q105795220"", ""socket:chademo"": ""1"", ""socket:chademo:output"": ""50 kW"", ""socket:type2_combo"": ""1"", ""socket:type2_combo:output"": ""50 kW""}",data/raw/osm_chargers.json,https://www.openstreetmap.org/node/11228085088
node/11228098627,,Evie,-37.0899146,143.4745278,,CCS (Type 2),,,,,"{""amenity"": ""charging_station"", ""operator"": ""Evie Networks"", ""operator:wikidata"": ""Q105795220"", ""socket:type2_combo"": ""2""}",data/raw/osm_chargers.json,https://www.openstreetmap.org/node/11228098627
node/11258008348,,JOLT,-33.7355105,150.8513323,,,,yes,,,"{""access"": ""yes"", ""amenity"": ""charging_station"", ""capacity"": ""2"", ""covered"": ""no"", ""operator"": ""Jolt"", ""operator:wikidata"": ""Q109783503""}",data/raw/osm_chargers.json,https://www.openstreetmap.org/node/11258008348
node/11263803078,,,-34.8063865,145.8804055,,,,,,,"{""amenity"": ""charging_station""}",data/raw/osm_chargers.json,https://www.openstreetmap.org/node/11263803078
node/11276547806,,Evie,-36.5506645,145.9839857,,CCS (Type 2); CHAdeMO,,,,,"{""amenity"": ""charging_station"", ""capacity"": ""2"", ""operator"": ""Evie Networks"", ""operator:wikidata"": ""Q105795220"", ""socket:chademo"": ""1"", ""socket:chademo:output"": ""50kW"", ""socket:type2_combo"": ""1"", ""socket:type2_combo:output"": ""50kW""}",data/raw/osm_chargers.json,https://www.openstreetmap.org/node/11276547806
node/11278409135,,central victorian greenhouse alliance,-36.7569325,144.2766532,,CCS (Type 2); CHAdeMO,,,yes,,"{""amenity"": ""charging_station"", ""brand"": ""Charging the Regions"", ""brand:wikidata"": ""Q106320264"", ""capacity"": ""4"", ""fee"": ""yes"", ""maxstay"": ""2 hours"", ""network"": ""Evie"", ""operator"": ""Central Victorian Greenhouse Alliance"", ""operator:wikidata"": ""Q106320329"", ""socket:chademo"": ""2"", ""socket:chademo:output"": ""62 kW"", ""socket:type2_combo"": ""2"", ""socket:type2_combo:output"": ""62 kW""}",data/raw/osm_chargers.json,https://www.openstreetmap.org/node/11278409135
node/11280883851,Tesla Supercharger,Tesla,-36.3530438,146.3265843,,CCS (Type 2),24/7,yes,yes,https://www.tesla.com/findus/location/supercharger/28663,"{""access"": ""yes"", ""amenity"": ""charging_station"", ""brand"": ""Tesla Supercharger"", ""brand:website"": ""https://www.tesla.com/supercharger"", ""brand:wikidata"": ""Q17089620"", ""capacity"": ""4"", ""fee"": ""yes"", ""frequency"": ""0"", ""motorcar"": ""designated"", ""name"": ""Tesla Supercharger"", ""network"": ""Supercharger"", ""network:website"": ""https://www.tesla.com/supercharger"", ""network:wikidata"": ""Q17089620"", ""opening_hours"": ""24/7"", ""operator"": ""Tesla"", ""operator:wikidata"": ""Q478214"", ""ref:supercharge_info"": ""7061"", ""ref:tesla"": ""28663"", ""short_name"": ""Tesla"", ""socket:type2_combo"": ""4"", ""website"": ""https://www.tesla.com/findus/location/supercharger/28663""}",data/raw/osm_chargers.json,https://www.openstreetmap.org/node/11280883851
node/11289934645,Tesla Supercharger,Tesla,-34.8436719,148.914061,,CCS (Type 2),,,,,"{""amenity"": ""charging_station"", ""brand"": ""Tesla Supercharger"", ""brand:wikidata"": ""Q17089620"", ""capacity"": ""12"", ""name"": ""Tesla Supercharger"", ""operator"": ""Tesla"", ""operator:wikidata"": ""Q478214"", ""ref:supercharge_info"": ""3664"", ""short_name"": ""Tesla"", ""socket:type2_combo"": ""12""}",data/raw/osm_chargers.json,https://www.openstreetmap.org/node/11289934645
node/11290026319,Tesla Supercharger,Tesla,-35.7226725,147.317546,,Tesla Supercharger,24/7,yes,yes,https://www.tesla.com/findus/location/supercharger/19424,"{""access"": ""yes"", ""amenity"": ""charging_station"", ""brand"": ""Tesla Supercharger"", ""brand:website"": ""https://www.tesla.com/supercharger"", ""brand:wikidata"": ""Q17089620"", ""capacity"": ""16"", ""fee"": ""yes"", ""frequency"": ""0"", ""motorcar"": ""designated"", ""name"": ""Tesla Supercharger"", ""network"": ""Supercharger"", ""network:website"": ""https://www.tesla.com/supercharger"", ""network:wikidata"": ""Q17089620"", ""opening_hours"": ""24/7"", ""operator"": ""Tesla"", ""operator:wikidata"": ""Q478214"", ""ref:supercharge_info"": ""7081"", ""ref:tesla"": ""19424"", ""short_name"": ""Tesla"", ""socket:tesla_supercharger"": ""16"", ""website"": ""https://www.tesla.com/findus/location/supercharger/19424""}",data/raw/osm_chargers.json,https://www.openstreetmap.org/node/11290026319
node/11335189892,,Ampol AmpCharge,-33.7655858,150.6218055,,CCS (Type 2); CHAdeMO,24/7,,,,"{""amenity"": ""charging_station"", ""opening_hours"": ""24/7"", ""operator"": ""AmpCharge"", ""operator:wikidata"": ""Q111744561"", ""socket:chademo"": ""1"", ""socket:chademo:output"": ""150"", ""socket:type2_combo"": ""1"", ""socket:type2_combo:output"": ""150""}",data/raw/osm_chargers.json,https://www.openstreetmap.org/node/11335189892
node/11335199123,,Ampol AmpCharge,-33.7210003,150.4519114,,CCS (Type 2); CHAdeMO,,,,,"{""amenity"": ""charging_station"", ""capacity"": ""2"", ""operator"": ""AmpCharge"", ""operator:wikidata"": ""Q111744561"", ""socket:chademo"": ""1"", ""socket:chademo:output"": ""50"", ""socket:type2_combo"": ""1"", ""socket:type2_combo:output"": ""50""}",data/raw/osm_chargers.json,https://www.openstreetmap.org/node/11335199123
node/11345075655,,Evie,-34.029301,151.1220937,,,,yes,yes,,"{""access"": ""yes"", ""amenity"": ""charging_station"", ""capacity"": ""4"", ""covered"": ""no"", ""fee"": ""yes"", ""operator"": ""Evie Networks"", ""operator:wikidata"": ""Q105795220""}",data/raw/osm_chargers.json,https://www.openstreetmap.org/node/11345075655
node/11363471775,,Evie,-36.923434,144.7099486,,CCS (Type 2); CHAdeMO,,,,,"{""amenity"": ""charging_station"", ""capacity"": ""2"", ""operator"": ""Evie Networks"", ""operator:wikidata"": ""Q105795220"", ""socket:chademo"": ""1"", ""socket:chademo:output"": ""50 kW"", ""socket:type2_combo"": ""1"", ""socket:type2_combo:output"": ""50 kW""}",data/raw/osm_chargers.json,https://www.openstreetmap.org/node/11363471775
node/11365114635,,Evie,-34.4467455,150.43701,,CCS (Type 2); CHAdeMO,,,,,"{""amenity"": ""charging_station"", ""operator"": ""Evie Networks"", ""operator:wikidata"": ""Q105795220"", ""socket:chademo"": ""1"", ""socket:type2_combo"": ""3""}",data/raw/osm_chargers.json,https://www.openstreetmap.org/node/11365114635
node/11365136257,,Evie,-33.775792,150.9330041,,CCS (Type 2),,,,,"{""amenity"": ""charging_station"", ""operator"": ""Evie Networks"", ""operator:wikidata"": ""Q105795220"", ""socket:type2_combo"": ""4""}",data/raw/osm_chargers.json,https://www.openstreetmap.org/node/11365136257
node/11365173050,,BP Pulse (AU),-33.7127533,150.9591384,,,,,,,"{""amenity"": ""charging_station"", ""brand"": ""bp pulse"", ""brand:wikidata"": ""Q39057719"", ""operator"": ""bp pulse"", ""operator:wikidata"": ""Q39057719""}",data/raw/osm_chargers.json,https://www.openstreetmap.org/node/11365173050
node/11365214134,,Evie,-33.7277947,150.9761633,,CCS (Type 2); CHAdeMO,,,,,"{""amenity"": ""charging_station"", ""operator"": ""Evie Networks"", ""operator:wikidata"": ""Q105795220"", ""socket:chademo"": ""2"", ""socket:type2_combo"": ""2""}",data/raw/osm_chargers.json,https://www.openstreetmap.org/node/11365214134
node/11365333103,,Evie,-36.1216586,146.8865974,,CCS (Type 2); CHAdeMO,,,,,"{""amenity"": ""charging_station"", ""operator"": ""Evie Networks"", ""operator:wikidata"": ""Q105795220"", ""socket:chademo"": ""1"", ""socket:type2_combo"": ""1""}",data/raw/osm_chargers.json,https://www.openstreetmap.org/node/11365333103
node/11365424997,,Chargefox,-35.2610559,140.9087627,,,,,,,"{""amenity"": ""charging_station"", ""operator"": ""Chargefox"", ""operator:wikidata"": ""Q105775824""}",data/raw/osm_chargers.json,https://www.openstreetmap.org/node/11365424997
node/11367720683,,Evie,-37.0568641,142.7810413,,CCS (Type 2); CHAdeMO,,,,,"{""amenity"": ""charging_station"", ""capacity"": ""2"", ""operator"": ""Evie Networks"", ""operator:wikidata"": ""Q105795220"", ""socket:chademo"": ""1"", ""socket:chademo:output"": ""50 kW"", ""socket:type2_combo"": ""1"", ""socket:type2_combo:output"": ""50 kW""}",data/raw/osm_chargers.json,https://www.openstreetmap.org/node/11367720683
node/11367761844,Corryong Fast Charger,Evie,-36.1956744,147.9063048,,CCS (Type 2); CHAdeMO,,yes,yes,,"{""access"": ""yes"", ""amenity"": ""charging_station"", ""brand"": ""Tritium"", ""capacity"": ""50kw"", ""fee"": ""yes"", ""name"": ""Corryong Fast Charger"", ""operator"": ""Evie Networks"", ""operator:wikidata"": ""Q105795220"", ""socket:chademo"": ""1"", ""socket:type2_combo"": ""1""}",data/raw/osm_chargers.json,https://www.openstreetmap.org/node/11367761844
node/11372241486,,JOLT,-33.7004394,150.9281721,,,,,,,"{""amenity"": ""charging_station"", ""capacity"": ""2"", ""covered"": ""no"", ""operator"": ""Jolt"", ""operator:wikidata"": ""Q109783503""}",data/raw/osm_chargers.json,https://www.openstreetmap.org/node/11372241486
node/11386697708,Tesla Supercharger,Tesla,-36.0792896,146.9135464,,CCS (Type 2),24/7,yes,yes,https://www.tesla.com/findus/location/supercharger/31612,"{""access"": ""yes"", ""amenity"": ""charging_station"", ""brand"": ""Tesla Supercharger"", ""brand:website"": ""https://www.tesla.com/supercharger"", ""brand:wikidata"": ""Q17089620"", ""capacity"": ""16"", ""fee"": ""yes"", ""frequency"": ""0"", ""motorcar"": ""designated"", ""name"": ""Tesla Supercharger"", ""network"": ""Supercharger"", ""network:website"": ""https://www.tesla.com/supercharger"", ""network:wikidata"": ""Q17089620"", ""note"": ""First V4 Superchargers in Australia!"", ""opening_hours"": ""24/7"", ""operator"": ""Tesla"", ""operator:wikidata"": ""Q478214"", ""ref:supercharge_info"": ""5374"", ""ref:tesla"": ""31612"", ""short_name"": ""Tesla"", ""socket:type2_combo"": ""16"", ""website"": ""https://www.tesla.com/findus/location/supercharger/31612""}",data/raw/osm_chargers.json,https://www.openstreetmap.org/node/11386697708
node/11395749542,Tesla Supercharger,Tesla,-37.0546149,142.7814416,,CCS (Type 2),24/7,yes,yes,https://www.tesla.com/findus/location/supercharger/31618,"{""access"": ""yes"", ""amenity"": ""charging_station"", ""brand"": ""Tesla Supercharger"", ""brand:website"": ""https://www.tesla.com/supercharger"", ""brand:wikidata"": ""Q17089620"", ""capacity"": ""12"", ""fee"": ""yes"", ""frequency"": ""0"", ""motorcar"": ""designated"", ""name"": ""Tesla Supercharger"", ""network"": ""Supercharger"", ""network:website"": ""https://www.tesla.com/supercharger"", ""network:wikidata"": ""Q17089620"", ""opening_hours"": ""24/7"", ""operator"": ""Tesla"", ""operator:wikidata"": ""Q478214"", ""ref:supercharge_info"": ""7246"", ""ref:tesla"": ""31618"", ""short_name"": ""Tesla"", ""socket:type2_combo"": ""12"", ""website"": ""https://www.tesla.com/findus/location/supercharger/31618""}",data/raw/osm_chargers.json,https://www.openstreetmap.org/node/11395749542
node/11415799827,,Evie,-35.2632634,141.1829709,,CCS (Type 2); CHAdeMO,,,,,"{""amenity"": ""charging_station"", ""operator"": ""Evie Networks"", ""operator:wikidata"": ""Q105795220"", ""socket:chademo"": ""1"", ""socket:type2_combo"": ""1""}",data/raw/osm_chargers.json,https://www.openstreetmap.org/node/11415799827
node/11419885107,,Evie,-34.0720222,150.8051711,,CCS (Type 2); CHAdeMO,,,,,"{""amenity"": ""charging_station"", ""operator"": ""Evie Networks"", ""operator:wikidata"": ""Q105795220"", ""socket:chademo"": ""1"", ""socket:type2_combo"": ""3""}",data/raw/osm_chargers.json,https://www.openstreetmap.org/node/11419885107
node/11419886723,,Ampol AmpCharge,-33.9555586,150.8651092,,CCS (Type 2); CHAdeMO,,,,,"{""amenity"": ""charging_station"", ""operator"": ""AmpCharge"", ""operator:wikidata"": ""Q111744561"", ""socket:chademo"": ""1"", ""socket:type2_combo"": ""1""}",data/raw/osm_chargers.json,https://www.openstreetmap.org/node/11419886723
node/11422466181,Woolworths Charging,Chargefox,-33.792786,150.9995054,,CCS (Type 2),,,,,"{""amenity"": ""charging_station"", ""name"": ""Woolworths Charging"", ""operator"": ""Chargefox"", ""operator:wikidata"": ""Q105775824"", ""socket:type2"": ""4"", ""socket:type2_combo"": ""4""}",data/raw/osm_chargers.json,https://www.openstreetmap.org/node/11422466181
node/11425324344,Tesla Supercharger,Tesla,-28.1737957,153.5443699,,,,,,,"{""amenity"": ""charging_station"", ""brand"": ""Tesla Supercharger"", ""brand:wikidata"": ""Q17089620"", ""level"": ""1"", ""name"": ""Tesla Supercharger"", ""operator"": ""Tesla"", ""operator:wikidata"": ""Q478214"", ""short_name"": ""Tesla""}",data/raw/osm_chargers.json,https://www.openstreetmap.org/node/11425324344
node/11425340896,,Ampol AmpCharge,-33.745528,150.7408388,,CCS (Type 2); CHAdeMO,,,,,"{""amenity"": ""charging_station"", ""capacity"": ""2"", ""operator"": ""AmpCharge"", ""operator:wikidata"": ""Q111744561"", ""socket:chademo"": ""1"", ""socket:type2_combo"": ""1""}",data/raw/osm_chargers.json,https://www.openstreetmap.org/node/11425340896
node/11427578131,,BP Pulse (AU),-33.7435121,150.6922171,,CCS (Type 2),,,,,"{""amenity"": ""charging_station"", ""brand"": ""bp pulse"", ""brand:wikidata"": ""Q39057719"", ""capacity"": ""2"", ""operator"": ""bp pulse"", ""operator:wikidata"": ""Q39057719"", ""socket:type2_combo"": ""2""}",data/raw/osm_chargers.json,https://www.openstreetmap.org/node/11427578131
node/11430520548,,Evie,-37.4138766,144.9791857,,CCS (Type 2); CHAdeMO,,,,,"{""amenity"": ""charging_station"", ""capacity"": ""2"", ""operator"": ""Evie Networks"", ""operator:wikidata"": ""Q105795220"", ""socket:chademo"": ""1"", ""socket:chademo:output"": ""50 kW"", ""socket:type2_combo"": ""1"", ""socket:type2_combo:output"": ""50 kW""}",data/raw/osm_chargers.json,https://www.openstreetmap.org/node/11430520548
node/11433418128,Tesla Supercharger,Tesla,-31.4573909,152.8271948,,CCS (Type 2),,,,,"{""amenity"": ""charging_station"", ""brand"": ""Tesla Supercharger"", ""brand:wikidata"": ""Q17089620"", ""capacity"": ""12"", ""name"": ""Tesla Supercharger"", ""operator"": ""Tesla"", ""operator:wikidata"": ""Q478214"", ""ref:supercharge_info"": ""7255"", ""short_name"": ""Tesla"", ""socket:type2_combo"": ""12""}",data/raw/osm_chargers.json,https://www.openstreetmap.org/node/11433418128
node/11434440056,Tesla Supercharger,Tesla,-37.2863602,144.9474012,,CCS (Type 2),24/7,yes,yes,https://www.tesla.com/findus/location/supercharger/31596,"{""access"": ""yes"", ""amenity"": ""charging_station"", ""bicycle"": ""no"", ""brand"": ""Tesla Supercharger"", ""brand:website"": ""https://www.tesla.com/supercharger"", ""brand:wikidata"": ""Q17089620"", ""capacity"": ""6"", ""fee"": ""yes"", ""frequency"": ""0"", ""motorcar"": ""designated"", ""name"": ""Tesla Supercharger"", ""network"": ""Supercharger"", ""network:website"": ""https://www.tesla.com/supercharger"", ""network:wikidata"": ""Q17089620"", ""opening_hours"": ""24/7"", ""operator"": ""Tesla"", ""operator:wikidata"": ""Q478214"", ""ref:supercharge_info"": ""7330"", ""ref:tesla"": ""31596"", ""short_name"": ""Tesla"", ""socket:type2_combo"": ""6"", ""website"": ""https://www.tesla.com/findus/location/supercharger/31596""}",data/raw/osm_chargers.json,https://www.openstreetmap.org/node/11434440056
node/11440214108,,Ampol AmpCharge,-33.7161538,150.8447937,,CCS (Type 2); CHAdeMO,,,,,"{""amenity"": ""charging_station"", ""capacity"": ""2"", ""operator"": ""AmpCharge"", ""operator:wikidata"": ""Q111744561"", ""socket:chademo"": ""1"", ""socket:type2_combo"": ""1""}",data/raw/osm_chargers.json,https://www.openstreetmap.org/node/11440214108
node/11447868870,,Exploren,-33.814086,151.1724187,,,24/7,yes,,,"{""access"": ""yes"", ""amenity"": ""charging_station"", ""authentication:app"": ""yes"", ""brand"": ""EVlink"", ""capacity"": ""1"", ""charging_station:output"": ""22 kW"", ""covered"": ""no"", ""electricity:network"": ""Ausgrid"", ""electricity:network:wikidata"": ""Q4822750"", ""manufacturer"": ""Schneider Electric"", ""manufacturer:wikidata"": ""Q49053"", ""network"": ""Intellihub EV Street Side Charging Project"", ""opening_hours"": ""24/7"", ""operator"": ""Exploren"", ""operator:wikidata"": ""Q130278349"", ""parking:fee"": ""no""}",data/raw/osm_chargers.json,https://www.openstreetmap.org/node/11447868870
node/11463047965,,Evie,-32.9635572,151.6616905,,,,yes,yes,,"{""access"": ""yes"", ""amenity"": ""charging_station"", ""capacity"": ""4"", ""covered"": ""no"", ""fee"": ""yes"", ""operator"": ""Evie Networks"", ""operator:wikidata"": ""Q105795220""}",data/raw/osm_chargers.json,https://www.openstreetmap.org/node/11463047965
node/11494560491,BP Pulse,BP Pulse (AU),-32.8119859,151.6394417,,,,,,,"{""amenity"": ""charging_station"", ""brand"": ""bp pulse"", ""brand:wikidata"": ""Q39057719"", ""name"": ""BP Pulse"", ""network"": ""bp pulse"", ""operator"": ""bp pulse"", ""operator:wikidata"": ""Q39057719""}",data/raw/osm_chargers.json,https://www.openstreetmap.org/node/11494560491
node/11495572569,bp pulse,BP Pulse (AU),-30.6267085,152.9724342,,CCS (Type 2); CHAdeMO,,,,,"{""amenity"": ""charging_station"", ""bicycle"": ""no"", ""brand"": ""bp pulse"", ""brand:wikidata"": ""Q39057719"", ""capacity"": ""2"", ""capacity:motorcar"": ""2"", ""name"": ""bp pulse"", ""network"": ""bp pulse"", ""operator"": ""bp pulse"", ""operator:wikidata"": ""Q39057719"", ""socket:chademo"": ""1"", ""socket:chademo:output"": ""75 kW"", ""socket:type2_combo"": ""1"", ""socket:type2_combo:output"": ""75 kW""}",data/raw/osm_chargers.json,https://www.openstreetmap.org/node/11495572569
node/11506870062,,central victorian greenhouse alliance,-36.394603,145.3598536,,CCS (Type 2); CHAdeMO,,,,,"{""amenity"": ""charging_station"", ""brand"": ""Charging the Regions"", ""brand:wikidata"": ""Q106320264"", ""operator"": ""Central Victorian Greenhouse Alliance"", ""operator:wikidata"": ""Q106320329"", ""socket:chademo"": ""1"", ""socket:type2_combo"": ""1""}",data/raw/osm_chargers.json,https://www.openstreetmap.org/node/11506870062
node/11506874164,,Chargefox,-36.4403466,145.2262264,,CCS (Type 2); CHAdeMO,,,,,"{""amenity"": ""charging_station"", ""operator"": ""Chargefox"", ""operator:wikidata"": ""Q105775824"", ""socket:chademo"": ""1"", ""socket:type2_combo"": ""1""}",data/raw/osm_chargers.json,https://www.openstreetmap.org/node/11506874164
node/11507767364,,Chargefox,-36.8616367,147.2771317,,,,yes,yes,,"{""access"": ""yes"", ""amenity"": ""charging_station"", ""capacity"": ""4"", ""fee"": ""yes"", ""operator"": ""Chargefox"", ""operator:wikidata"": ""Q105775824"", ""socket:type2"": ""4"", ""socket:type2:output"": ""22 kW""}",data/raw/osm_chargers.json,https://www.openstreetmap.org/node/11507767364
node/11548535146,,Chargefox,-36.7533323,144.294362,,CCS (Type 2),24/7,yes,yes,,"{""access"": ""yes"", ""amenity"": ""charging_station"", ""bicycle"": ""no"", ""capacity"": ""2"", ""fee"": ""yes"", ""maxstay"": ""unlimited"", ""motorcar"": ""yes"", ""network"": ""Chargefox"", ""opening_hours"": ""24/7"", ""operator"": ""Chargefox"", ""operator:wikidata"": ""Q105775824"", ""parking:fee"": ""no"", ""ref"": ""8086"", ""socket:type2_cable"": ""1"", ""socket:type2_combo"": ""2""}",data/raw/osm_chargers.json,https://www.openstreetmap.org/node/11548535146
node/11572184459,,Tesla,-36.3550727,146.6859357,,,24/7,yes,yes,,"{""access"": ""yes"", ""amenity"": ""charging_station"", ""authentication:app"": ""yes"", ""capacity"": ""6"", ""fee"": ""yes"", ""motorcar"": ""yes"", ""motorcycle"": ""yes"", ""opening_hours"": ""24/7"", ""operator"": ""Tesla"", ""operator:wikidata"": ""Q478214"", ""socket:type2_cable"": ""6"", ""socket:type2_cable:output"": ""4 kW""}",data/raw/osm_chargers.json,https://www.openstreetmap.org/node/11572184459
node/11577888417,,Evie,-35.2635176,141.1831081,,CCS (Type 2); CHAdeMO,,,,,"{""amenity"": ""charging_station"", ""operator"": ""Evie Networks"", ""operator:wikidata"": ""Q105795220"", ""socket:chademo"": ""1"", ""socket:type2_combo"": ""1""}",data/raw/osm_chargers.json,https://www.openstreetmap.org/node/11577888417
node/11679262104,,JOLT,-33.5970633,151.3200519,,,,yes,,,"{""access"": ""yes"", ""amenity"": ""charging_station"", ""capacity"": ""1"", ""covered"": ""no"", ""operator"": ""Jolt"", ""operator:wikidata"": ""Q109783503""}",data/raw/osm_chargers.json,https://www.openstreetmap.org/node/11679262104
node/11689937303,,JOLT,-33.9579982,150.8865473,,CCS (Type 2); CHAdeMO,,,,,"{""amenity"": ""charging_station"", ""operator"": ""Jolt"", ""operator:wikidata"": ""Q109783503"", ""socket:chademo"": ""1"", ""socket:type2_combo"": ""2""}",data/raw/osm_chargers.json,https://www.openstreetmap.org/node/11689937303
node/11695236309,,Evie,-34.0418122,150.7354796,,CCS (Type 2); CHAdeMO,,,,,"{""amenity"": ""charging_station"", ""operator"": ""Evie Networks"", ""operator:wikidata"": ""Q105795220"", ""socket:chademo"": ""1"", ""socket:type2_combo"": ""3""}",data/raw/osm_chargers.json,https://www.openstreetmap.org/node/11695236309
node/11738297527,,Chargefox,-33.8850206,151.2533392,,,,,,,"{""amenity"": ""charging_station"", ""capacity"": ""1"", ""operator"": ""Chargefox"", ""operator:wikidata"": ""Q105775824""}",data/raw/osm_chargers.json,https://www.openstreetmap.org/node/11738297527
node/11749050171,Tesla Supercharger,Tesla,-34.2098649,142.1405924,,Tesla Supercharger,24/7,yes,yes,https://www.tesla.com/findus/location/supercharger/59315,"{""access"": ""yes"", ""amenity"": ""charging_station"", ""brand"": ""Tesla Supercharger"", ""brand:website"": ""https://www.tesla.com/supercharger"", ""brand:wikidata"": ""Q17089620"", ""capacity"": ""4"", ""fee"": ""yes"", ""frequency"": ""0"", ""motorcar"": ""designated"", ""name"": ""Tesla Supercharger"", ""network"": ""Supercharger"", ""network:website"": ""https://www.tesla.com/supercharger"", ""network:wikidata"": ""Q17089620"", ""opening_hours"": ""24/7"", ""operator"": ""Tesla"", ""operator:wikidata"": ""Q478214"", ""ref:tesla"": ""59315"", ""short_name"": ""Tesla"", ""socket:tesla_supercharger"": ""4"", ""website"": ""https://www.tesla.com/findus/location/supercharger/59315""}",data/raw/osm_chargers.json,https://www.openstreetmap.org/node/11749050171
node/11749053754,Tesla Supercharger,Tesla,-33.283593,149.0954226,,,,,,,"{""amenity"": ""charging_station"", ""brand"": ""Tesla Supercharger"", ""brand:wikidata"": ""Q17089620"", ""name"": ""Tesla Supercharger"", ""operator"": ""Tesla"", ""operator:wikidata"": ""Q478214"", ""short_name"": ""Tesla""}",data/raw/osm_chargers.json,https://www.openstreetmap.org/node/11749053754
node/11815611441,,Exploren,-33.884478,151.2358502,,,,yes,yes,,"{""access"": ""yes"", ""amenity"": ""charging_station"", ""capacity"": ""1"", ""covered"": ""no"", ""fee"": ""yes"", ""operator"": ""Exploren"", ""operator:wikidata"": ""Q130278349"", ""ref"": ""2739""}",data/raw/osm_chargers.json,https://www.openstreetmap.org/node/11815611441
node/11842613041,Tesla Supercharger,Tesla,-32.7638346,151.7421054,,Tesla Supercharger,,,,,"{""amenity"": ""charging_station"", ""brand"": ""Tesla Supercharger"", ""brand:wikidata"": ""Q17089620"", ""capacity"": ""12"", ""name"": ""Tesla Supercharger"", ""operator"": ""Tesla"", ""operator:wikidata"": ""Q478214"", ""short_name"": ""Tesla"", ""socket:tesla_supercharger"": ""12""}",data/raw/osm_chargers.json,https://www.openstreetmap.org/node/11842613041
node/11842761957,,Chargefox,-34.0716189,150.8058677,,CHAdeMO,,,,,"{""amenity"": ""charging_station"", ""capacity"": ""4"", ""operator"": ""Chargefox"", ""operator:wikidata"": ""Q105775824"", ""socket:chademo"": ""1"", ""socket:type2"": ""3""}",data/raw/osm_chargers.json,https://www.openstreetmap.org/node/11842761957
node/11842876526,Engie,Chargefox,-33.8546447,151.07722,,CCS (Type 2),Fr-We 10:00-18:00; Th 10:00-20:00,,,,"{""amenity"": ""charging_station"", ""brand"": ""Engie"", ""capacity"": ""2"", ""name"": ""Engie"", ""opening_hours"": ""Fr-We 10:00-18:00; Th 10:00-20:00"", ""operator"": ""Chargefox"", ""operator:wikidata"": ""Q105775824"", ""socket:type2_combo"": ""4""}",data/raw/osm_chargers.json,https://www.openstreetmap.org/node/11842876526
node/11845737187,EVlink,evlink,-33.8884752,151.2514691,,,,,,,"{""amenity"": ""charging_station"", ""capacity"": ""1"", ""name"": ""EVlink"", ""operator"": ""EVlink"", ""operator:wikidata"": ""Q130270938""}",data/raw/osm_chargers.json,https://www.openstreetmap.org/node/11845737187
node/11853840472,EVlink,evlink,-33.8845141,151.2373913,,,,,,,"{""amenity"": ""charging_station"", ""name"": ""EVlink"", ""operator"": ""EVlink"", ""operator:wikidata"": ""Q130270938""}",data/raw/osm_chargers.json,https://www.openstreetmap.org/node/11853840472
node/11885672552,,NRMA,-36.0751569,143.2253748,,,,,,,"{""amenity"": ""charging_station"", ""bicycle"": ""no"", ""capacity"": ""4"", ""description"": ""Wycheproof"", ""operator"": ""NRMA Electric""}",data/raw/osm_chargers.json,https://www.openstreetmap.org/node/11885672552
node/11927351347,,Evie,-35.2818558,149.1222442,,,,,,,"{""amenity"": ""charging_station"", ""capacity"": ""8"", ""operator"": ""Evie Networks"", ""operator:wikidata"": ""Q105795220""}",data/raw/osm_chargers.json,https://www.openstreetmap.org/node/11927351347
node/11927615171,Tesla Destination Charger,bodalla cheese factory,-36.0862522,150.0494289,,,,,,,"{""amenity"": ""charging_station"", ""bicycle"": ""no"", ""brand"": ""Tesla"", ""brand:wikidata"": ""Q478214"", ""capacity:motorcar"": ""1"", ""name"": ""Tesla Destination Charger"", ""operator"": ""Bodalla Cheese Factory"", ""short_name"": ""Tesla""}",data/raw/osm_chargers.json,https://www.openstreetmap.org/node/11927615171
node/11952634938,Tesla Supercharger,Tesla,-31.9079866,152.4616525,,CCS (Type 2),,yes,yes,,"{""access"": ""yes"", ""amenity"": ""charging_station"", ""brand"": ""Tesla Supercharger"", ""brand:wikidata"": ""Q17089620"", ""capacity"": ""12"", ""fee"": ""yes"", ""name"": ""Tesla Supercharger"", ""operator"": ""Tesla"", ""operator:wikidata"": ""Q478214"", ""payment:app"": ""yes"", ""payment:credit_cards"": ""yes"", ""ref:supercharge_info"": ""3603"", ""short_name"": ""Tesla"", ""socket:type2_combo"": ""12""}",data/raw/osm_chargers.json,https://www.openstreetmap.org/node/11952634938
node/11957053879,,NRMA,-37.2850838,142.9263732,,CCS (Type 2); CHAdeMO,,,,,"{""amenity"": ""charging_station"", ""capacity"": ""4"", ""operator"": ""NRMA"", ""operator:wikidata"": ""Q6955173"", ""socket:chademo"": ""1"", ""socket:type2_combo"": ""3""}",data/raw/osm_chargers.json,https://www.openstreetmap.org/node/11957053879
node/11957109508,,Ampol AmpCharge,-33.9296043,150.9553129,,CCS (Type 2),,,,,"{""amenity"": ""charging_station"", ""capacity"": ""2"", ""operator"": ""AmpCharge"", ""operator:wikidata"": ""Q111744561"", ""socket:type2_combo"": ""2""}",data/raw/osm_chargers.json,https://www.openstreetmap.org/node/11957109508
node/11957170644,,Evie,-36.6152189,143.2584564,,CCS (Type 2); CHAdeMO,,,,,"{""amenity"": ""charging_station"", ""operator"": ""Evie Networks"", ""operator:wikidata"": ""Q105795220"", ""socket:chademo"": ""1"", ""socket:type2_combo"": ""1""}",data/raw/osm_chargers.json,https://www.openstreetmap.org/node/11957170644
node/11957604247,,Evie,-35.7270422,142.3641076,,CCS (Type 2); CHAdeMO,,,,,"{""amenity"": ""charging_station"", ""operator"": ""Evie Networks"", ""operator:wikidata"": ""Q105795220"", ""socket:chademo"": ""1"", ""socket:type2_combo"": ""1""}",data/raw/osm_chargers.json,https://www.openstreetmap.org/node/11957604247
node/11963662376,,Chargefox,-37.599214,143.8402152,,,,,,,"{""amenity"": ""charging_station"", ""capacity"": ""2"", ""operator"": ""Chargefox"", ""operator:wikidata"": ""Q105775824"", ""socket:type2"": ""2""}",data/raw/osm_chargers.json,https://www.openstreetmap.org/node/11963662376
node/11963684075,,Evie,-36.3713731,142.9816961,,CCS (Type 2); CHAdeMO,,,,,"{""amenity"": ""charging_station"", ""operator"": ""Evie Networks"", ""operator:wikidata"": ""Q105795220"", ""socket:chademo"": ""1"", ""socket:type2_combo"": ""1""}",data/raw/osm_chargers.json,https://www.openstreetmap.org/node/11963684075
node/11963693701,,Chargefox,-34.2992293,146.0783037,,CCS (Type 2),,,,,"{""amenity"": ""charging_station"", ""operator"": ""Chargefox"", ""operator:wikidata"": ""Q105775824"", ""socket:type2_combo"": ""2""}",data/raw/osm_chargers.json,https://www.openstreetmap.org/node/11963693701
node/12011130955,,Evie,-37.3453772,144.7439047,,CCS (Type 2); CHAdeMO,,,,,"{""amenity"": ""charging_station"", ""operator"": ""Evie Networks"", ""operator:wikidata"": ""Q105795220"", ""socket:chademo"": ""1"", ""socket:type2_combo"": ""1""}",data/raw/osm_chargers.json,https://www.openstreetmap.org/node/12011130955
node/12015862929,,Evie,-34.030909,150.8489837,,CCS (Type 2); CHAdeMO,,,,,"{""amenity"": ""charging_station"", ""operator"": ""Evie Networks"", ""operator:wikidata"": ""Q105795220"", ""socket:chademo"": ""1"", ""socket:type2_combo"": ""3""}",data/raw/osm_chargers.json,https://www.openstreetmap.org/node/12015862929
node/12015928951,,Evie,-33.4812016,150.1362442,,CCS (Type 2); CHAdeMO,,yes,yes,,"{""access"": ""yes"", ""amenity"": ""charging_station"", ""covered"": ""no"", ""fee"": ""yes"", ""operator"": ""Evie Networks"", ""operator:wikidata"": ""Q105795220"", ""socket:chademo"": ""2"", ""socket:chademo:output"": ""63kW"", ""socket:type2_combo"": ""2"", ""socket:type2_combo:output"": ""150kW""}",data/raw/osm_chargers.json,https://www.openstreetmap.org/node/12015928951
node/12024063277,Tesla Supercharger,Tesla,-34.2921105,146.0518678,,CCS (Type 2),,,,,"{""amenity"": ""charging_station"", ""brand"": ""Tesla Supercharger"", ""brand:wikidata"": ""Q17089620"", ""capacity"": ""6"", ""name"": ""Tesla Supercharger"", ""operator"": ""Tesla"", ""operator:wikidata"": ""Q478214"", ""short_name"": ""Tesla"", ""socket:type2_combo"": ""6""}",data/raw/osm_chargers.json,https://www.openstreetmap.org/node/12024063277
node/12040972514,,Chargefox,-37.5283523,143.857618,,,,,,,"{""amenity"": ""charging_station"", ""capacity"": ""6"", ""operator"": ""Chargefox"", ""operator:wikidata"": ""Q105775824"", ""socket:type2"": ""6""}",data/raw/osm_chargers.json,https://www.openstreetmap.org/node/12040972514
node/12040983170,Tesla Supercharger,Tesla,-35.7321837,143.9200675,,CCS (Type 2),,,,,"{""amenity"": ""charging_station"", ""brand"": ""Tesla Supercharger"", ""brand:wikidata"": ""Q17089620"", ""capacity"": ""3"", ""name"": ""Tesla Supercharger"", ""operator"": ""Tesla"", ""operator:wikidata"": ""Q478214"", ""ref:supercharge_info"": ""8149"", ""short_name"": ""Tesla"", ""socket:type2_combo"": ""3""}",data/raw/osm_chargers.json,https://www.openstreetmap.org/node/12040983170
node/12041064795,,nrma parks and resorts,-37.1293905,142.5238179,,,,yes,,,"{""access"": ""yes"", ""amenity"": ""charging_station"", ""brand"": ""NRMA Parks and Resorts"", ""capacity"": ""2"", ""socket:type2"": ""2""}",data/raw/osm_chargers.json,https://www.openstreetmap.org/node/12041064795
node/12076417655,,NRMA,-35.0711856,142.3201772,,CCS (Type 2); CHAdeMO,,,,,"{""amenity"": ""charging_station"", ""operator"": ""NRMA"", ""operator:wikidata"": ""Q6955173"", ""socket:chademo"": ""1"", ""socket:type2_combo"": ""3""}",data/raw/osm_chargers.json,https://www.openstreetmap.org/node/12076417655
node/12078136343,Tesla Supercharger,Tesla,-36.7275865,146.9581559,,CCS (Type 2),24/7,yes,yes,https://www.tesla.com/findus/location/supercharger/brightvic,"{""access"": ""yes"", ""amenity"": ""charging_station"", ""brand"": ""Tesla Supercharger"", ""brand:website"": ""https://www.tesla.com/supercharger"", ""brand:wikidata"": ""Q17089620"", ""capacity"": ""4"", ""fee"": ""yes"", ""frequency"": ""0"", ""motorcar"": ""designated"", ""name"": ""Tesla Supercharger"", ""network"": ""Supercharger"", ""network:website"": ""https://www.tesla.com/supercharger"", ""network:wikidata"": ""Q17089620"", ""opening_hours"": ""24/7"", ""operator"": ""Tesla"", ""operator:wikidata"": ""Q478214"", ""ref:supercharge_info"": ""8189"", ""ref:tesla"": ""brightvic"", ""short_name"": ""Tesla"", ""socket:type2_combo"": ""4"", ""website"": ""https://www.tesla.com/findus/location/supercharger/brightvic""}",data/raw/osm_chargers.json,https://www.openstreetmap.org/node/12078136343
node/12081896276,,Evie,-35.2534898,149.0707193,,CCS (Type 2); CHAdeMO,,,,,"{""amenity"": ""charging_station"", ""capacity"": ""4"", ""operator"": ""Evie Networks"", ""operator:wikidata"": ""Q105795220"", ""socket:chademo"": ""1"", ""socket:type2_combo"": ""3""}",data/raw/osm_chargers.json,https://www.openstreetmap.org/node/12081896276
node/12087095506,Tesla Supercharger,Tesla,-34.5114833,144.8424321,,CCS (Type 2),,,,,"{""amenity"": ""charging_station"", ""brand"": ""Tesla Supercharger"", ""brand:wikidata"": ""Q17089620"", ""capacity"": ""6"", ""name"": ""Tesla Supercharger"", ""operator"": ""Tesla"", ""operator:wikidata"": ""Q478214"", ""short_name"": ""Tesla"", ""socket:type2_combo"": ""6""}",data/raw/osm_chargers.json,https://www.openstreetmap.org/node/12087095506
node/12099984536,Chargefox Trentham Visitor Information Centre,Chargefox,-37.3885479,144.3253891,,CCS (Type 2); CHAdeMO,,yes,yes,,"{""access"": ""yes"", ""amenity"": ""charging_station"", ""capacity"": ""50"", ""fee"": ""yes"", ""name"": ""Chargefox Trentham Visitor Information Centre"", ""operator"": ""Chargefox"", ""operator:wikidata"": ""Q105775824"", ""payment:contactless"": ""yes"", ""socket:chademo"": ""1"", ""socket:type2_combo"": ""1""}",data/raw/osm_chargers.json,https://www.openstreetmap.org/node/12099984536
node/12099989743,,Chargefox,-37.5808568,144.7271811,,,,,,,"{""amenity"": ""charging_station"", ""operator"": ""Chargefox"", ""operator:wikidata"": ""Q105775824"", ""socket:type2"": ""8""}",data/raw/osm_chargers.json,https://www.openstreetmap.org/node/12099989743
node/12128715250,,Exploren,-33.7417882,151.2140115,,,24/7,yes,,,"{""access"": ""yes"", ""amenity"": ""charging_station"", ""authentication:app"": ""yes"", ""brand"": ""EVlink"", ""capacity"": ""1"", ""charging_station:output"": ""22 kW"", ""covered"": ""no"", ""electricity:network"": ""Ausgrid"", ""electricity:network:wikidata"": ""Q4822750"", ""manufacturer"": ""Schneider Electric"", ""manufacturer:wikidata"": ""Q49053"", ""network"": ""Intellihub EV Street Side Charging Project"", ""opening_hours"": ""24/7"", ""operator"": ""Exploren"", ""operator:wikidata"": ""Q130278349"", ""parking:fee"": ""no""}",data/raw/osm_chargers.json,https://www.openstreetmap.org/node/12128715250
node/12167440484,,Chargefox,-33.6214768,151.1493662,,CCS (Type 2),,,,,"{""amenity"": ""charging_station"", ""operator"": ""Chargefox"", ""operator:wikidata"": ""Q105775824"", ""socket:type2_combo"": ""2""}",data/raw/osm_chargers.json,https://www.openstreetmap.org/node/12167440484
node/12167451932,Tesla Supercharger,Tesla,-33.4249948,151.3201664,,CCS (Type 2),,,,,"{""amenity"": ""charging_station"", ""brand"": ""Tesla Supercharger"", ""brand:wikidata"": ""Q17089620"", ""capacity"": ""12"", ""name"": ""Tesla Supercharger"", ""operator"": ""Tesla"", ""operator:wikidata"": ""Q478214"", ""ref:supercharge_info"": ""8305"", ""short_name"": ""Tesla"", ""socket:type2_combo"": ""12""}",data/raw/osm_chargers.json,https://www.openstreetmap.org/node/12167451932
node/12167732651,,Exploren,-33.8146773,151.1713359,,,24/7,yes,,,"{""access"": ""yes"", ""amenity"": ""charging_station"", ""authentication:app"": ""yes"", ""brand"": ""EVlink"", ""capacity"": ""1"", ""charging_station:output"": ""22 kW"", ""covered"": ""no"", ""electricity:network"": ""Ausgrid"", ""electricity:network:wikidata"": ""Q4822750"", ""manufacturer"": ""Schneider Electric"", ""manufacturer:wikidata"": ""Q49053"", ""network"": ""Intellihub EV Street Side Charging Project"", ""opening_hours"": ""24/7"", ""operator"": ""Exploren"", ""operator:wikidata"": ""Q130278349"", ""parking:fee"": ""no""}",data/raw/osm_chargers.json,https://www.openstreetmap.org/node/12167732651
node/12189786778,,yurika,-28.036482,148.5819657,,CCS (Type 2); CHAdeMO,,,,,"{""amenity"": ""charging_station"", ""operator"": ""Yurika"", ""operator:wikidata"": ""Q106234391"", ""socket:chademo"": ""1"", ""socket:type2"": ""2"", ""socket:type2_combo"": ""1""}",data/raw/osm_chargers.json,https://www.openstreetmap.org/node/12189786778
node/12189817669,,yurika,-28.070468,145.6822644,,CCS (Type 2); CHAdeMO,,,,,"{""amenity"": ""charging_station"", ""operator"": ""Yurika"", ""operator:wikidata"": ""Q106234391"", ""socket:chademo"": ""1"", ""socket:type2"": ""2"", ""socket:type2_combo"": ""1""}",data/raw/osm_chargers.json,https://www.openstreetmap.org/node/12189817669
node/12195801696,,Exploren,-33.3841189,148.0099258,,CCS (Type 2),,,,,"{""amenity"": ""charging_station"", ""capacity"": ""4"", ""operator"": ""Exploren"", ""operator:wikidata"": ""Q130278349"", ""socket:type2"": ""2"", ""socket:type2:output"": ""22 kW"", ""socket:type2_combo"": ""2"", ""socket:type2_combo:output"": ""60 kW""}",data/raw/osm_chargers.json,https://www.openstreetmap.org/node/12195801696
node/12202880553,,evlink,-33.8246416,151.1958182,,,24/7,yes,,,"{""access"": ""yes"", ""amenity"": ""charging_station"", ""authentication:app"": ""yes"", ""brand"": ""EVlink"", ""capacity"": ""1"", ""charging_station:output"": ""22 kW"", ""covered"": ""no"", ""electricity:network"": ""Ausgrid"", ""electricity:network:wikidata"": ""Q4822750"", ""manufacturer"": ""Schneider Electric"", ""manufacturer:wikidata"": ""Q49053"", ""network"": ""Intellihub EV Street Side Charging Project"", ""opening_hours"": ""24/7"", ""operator"": ""EVlink"", ""operator:wikidata"": ""Q130270938"", ""parking:fee"": ""no""}",data/raw/osm_chargers.json,https://www.openstreetmap.org/node/12202880553
node/12204828994,,,-37.5301348,145.3407412,,,,,,,"{""amenity"": ""charging_station"", ""socket:type2"": ""1""}",data/raw/osm_chargers.json,https://www.openstreetmap.org/node/12204828994
node/12204831925,,,-37.5314941,145.3395526,,,,,,,"{""amenity"": ""charging_station"", ""socket:type2"": ""1""}",data/raw/osm_chargers.json,https://www.openstreetmap.org/node/12204831925
node/12221169446,Parkes Supercharger,Tesla,-33.1410109,148.174695,,CCS (Type 2),24/7,yes,yes,https://www.tesla.com/findus/location/supercharger/34173,"{""access"": ""yes"", ""amenity"": ""charging_station"", ""brand"": ""Tesla Supercharger"", ""brand:website"": ""https://www.tesla.com/supercharger"", ""brand:wikidata"": ""Q17089620"", ""capacity"": ""4"", ""fee"": ""yes"", ""frequency"": ""0"", ""motorcar"": ""designated"", ""name"": ""Parkes Supercharger"", ""network"": ""Supercharger"", ""network:website"": ""https://www.tesla.com/supercharger"", ""network:wikidata"": ""Q17089620"", ""opening_hours"": ""24/7"", ""operator"": ""Tesla"", ""operator:wikidata"": ""Q478214"", ""ref:supercharge_info"": ""6657"", ""ref:tesla"": ""34173"", ""socket:type2_combo"": ""4"", ""website"": ""https://www.tesla.com/findus/location/supercharger/34173""}",data/raw/osm_chargers.json,https://www.openstreetmap.org/node/12221169446
node/12254373831,,,-34.5508548,146.4051522,,,,,,,"{""amenity"": ""charging_station"", ""socket:type2"": ""1""}",data/raw/osm_chargers.json,https://www.openstreetmap.org/node/12254373831
node/12259891801,Tesla Supercharger,Tesla,-30.3239348,149.7810597,,CCS (Type 2),24/7,yes,yes,https://www.tesla.com/findus/location/supercharger/34174,"{""access"": ""yes"", ""amenity"": ""charging_station"", ""brand"": ""Tesla Supercharger"", ""brand:website"": ""https://www.tesla.com/supercharger"", ""brand:wikidata"": ""Q17089620"", ""capacity"": ""4"", ""fee"": ""yes"", ""frequency"": ""0"", ""motorcar"": ""designated"", ""name"": ""Tesla Supercharger"", ""network"": ""Supercharger"", ""network:website"": ""https://www.tesla.com/supercharger"", ""network:wikidata"": ""Q17089620"", ""opening_hours"": ""24/7"", ""operator"": ""Tesla"", ""operator:wikidata"": ""Q478214"", ""ref:supercharge_info"": ""5385"", ""ref:tesla"": ""34174"", ""socket:type2_combo"": ""4"", ""website"": ""https://www.tesla.com/findus/location/supercharger/34174""}",data/raw/osm_chargers.json,https://www.openstreetmap.org/node/12259891801
node/12284557087,,Chargefox,-37.0280503,145.1428994,,CCS (Type 2); CHAdeMO,,,,,"{""amenity"": ""charging_station"", ""operator"": ""Chargefox"", ""operator:wikidata"": ""Q105775824"", ""socket:chademo"": ""1"", ""socket:type2_combo"": ""1""}",data/raw/osm_chargers.json,https://www.openstreetmap.org/node/12284557087
node/12284563526,,Chargefox,-36.6968576,149.8415044,,CCS (Type 2),,,yes,,"{""amenity"": ""charging_station"", ""fee"": ""yes"", ""operator"": ""Chargefox"", ""operator:wikidata"": ""Q105775824"", ""socket:type2_combo"": ""2""}",data/raw/osm_chargers.json,https://www.openstreetmap.org/node/12284563526
node/12292802183,,Evie,-37.5818043,144.7290403,,CCS (Type 2); CHAdeMO,,,,,"{""amenity"": ""charging_station"", ""operator"": ""Evie Networks"", ""operator:wikidata"": ""Q105795220"", ""socket:chademo"": ""1"", ""socket:type2_combo"": ""3""}",data/raw/osm_chargers.json,https://www.openstreetmap.org/node/12292802183
node/12339085550,,,-35.2656329,147.1106112,,,24/7,,yes,,"{""amenity"": ""charging_station"", ""capacity"": ""1"", ""fee"": ""yes"", ""opening_hours"": ""24/7""}",data/raw/osm_chargers.json,https://www.openstreetmap.org/node/12339085550
node/12395564018,,Chargefox,-33.8817983,151.2282926,,,,yes,yes,,"{""access"": ""yes"", ""amenity"": ""charging_station"", ""capacity"": ""2"", ""covered"": ""no"", ""fee"": ""yes"", ""motorcar"": ""yes"", ""motorcycle"": ""yes"", ""operator"": ""Chargefox"", ""operator:wikidata"": ""Q105775824""}",data/raw/osm_chargers.json,https://www.openstreetmap.org/node/12395564018
node/12398804433,,BP Pulse (AU),-36.4146517,148.6176653,,CCS (Type 2),,customers,yes,,"{""access"": ""customers"", ""amenity"": ""charging_station"", ""brand"": ""bp pulse"", ""brand:wikidata"": ""Q39057719"", ""fee"": ""yes"", ""operator"": ""bp pulse"", ""operator:wikidata"": ""Q39057719"", ""socket:chademo"": ""0"", ""socket:type2_combo"": ""2""}",data/raw/osm_chargers.json,https://www.openstreetmap.org/node/12398804433
node/12401912951,,EVSE,-33.907934,151.13603,,,24/7,,no,,"{""amenity"": ""charging_station"", ""authentication:none"": ""yes"", ""capacity"": ""4"", ""fee"": ""no"", ""level"": ""0"", ""motorcar"": ""yes"", ""motorcycle"": ""yes"", ""opening_hours"": ""24/7"", ""operator"": ""EVSE"", ""socket:type2"": ""2"", ""socket:type2:output"": ""22 kW""}",data/raw/osm_chargers.json,https://www.openstreetmap.org/node/12401912951
node/12401912952,,PLUS ES,-33.9065093,151.1379558,,,24/7,,no,,"{""amenity"": ""charging_station"", ""authentication:none"": ""yes"", ""capacity"": ""1"", ""fee"": ""no"", ""level"": ""0"", ""maxstay"": ""2 hours"", ""motorcar"": ""yes"", ""motorcycle"": ""yes"", ""opening_hours"": ""24/7"", ""operator"": ""Plus ES"", ""socket:type2"": ""1"", ""socket:type2:output"": ""22 kW""}",data/raw/osm_chargers.json,https://www.openstreetmap.org/node/12401912952
node/12401940007,,PLUS ES,-33.9029096,151.1418343,,,24/7,,no,,"{""amenity"": ""charging_station"", ""authentication:none"": ""yes"", ""capacity"": ""1"", ""fee"": ""no"", ""level"": ""0"", ""maxstay"": ""2 hours"", ""motorcar"": ""yes"", ""motorcycle"": ""yes"", ""opening_hours"": ""24/7"", ""operator"": ""Plus ES"", ""socket:type2"": ""1"", ""socket:type2:output"": ""22 kW""}",data/raw/osm_chargers.json,https://www.openstreetmap.org/node/12401940007
node/12401940008,,EVSE,-33.9013585,151.13684,,,24/7,,no,,"{""amenity"": ""charging_station"", ""authentication:none"": ""yes"", ""capacity"": ""2"", ""fee"": ""no"", ""level"": ""0"", ""maxstay"": ""2 hours"", ""motorcar"": ""yes"", ""motorcycle"": ""yes"", ""opening_hours"": ""24/7"", ""operator"": ""EVSE"", ""socket:type2"": ""2"", ""socket:type2:output"": ""22 kW""}",data/raw/osm_chargers.json,https://www.openstreetmap.org/node/12401940008
node/12401940009,,PLUS ES,-33.9016518,151.1393143,,,24/7,,no,,"{""amenity"": ""charging_station"", ""authentication:none"": ""yes"", ""capacity"": ""1"", ""fee"": ""no"", ""level"": ""0"", ""maxstay"": ""2 hours"", ""motorcar"": ""yes"", ""motorcycle"": ""yes"", ""opening_hours"": ""24/7"", ""operator"": ""Plus ES"", ""socket:type2"": ""1"", ""socket:type2:output"": ""22 kW""}",data/raw/osm_chargers.json,https://www.openstreetmap.org/node/12401940009
node/12401940010,,PLUS ES,-33.9030165,151.1398407,,,24/7,,no,,"{""amenity"": ""charging_station"", ""authentication:none"": ""yes"", ""capacity"": ""1"", ""fee"": ""no"", ""level"": ""0"", ""maxstay"": ""2 hours"", ""motorcar"": ""yes"", ""motorcycle"": ""yes"", ""opening_hours"": ""24/7"", ""operator"": ""Plus ES"", ""socket:type2"": ""1"", ""socket:type2:output"": ""22 kW""}",data/raw/osm_chargers.json,https://www.openstreetmap.org/node/12401940010
node/12401940011,,PLUS ES,-33.9013026,151.1396074,,,24/7,,no,,"{""amenity"": ""charging_station"", ""authentication:none"": ""yes"", ""capacity"": ""1"", ""fee"": ""no"", ""level"": ""0"", ""maxstay"": ""2 hours"", ""motorcar"": ""yes"", ""motorcycle"": ""yes"", ""opening_hours"": ""24/7"", ""operator"": ""Plus ES"", ""socket:type2"": ""1"", ""socket:type2:output"": ""22 kW""}",data/raw/osm_chargers.json,https://www.openstreetmap.org/node/12401940011
node/12401940012,,EVSE,-33.9001786,151.1400057,,,24/7,,no,,"{""amenity"": ""charging_station"", ""authentication:none"": ""yes"", ""capacity"": ""2"", ""fee"": ""no"", ""level"": ""0"", ""maxstay"": ""2 hours"", ""motorcar"": ""yes"", ""motorcycle"": ""yes"", ""opening_hours"": ""24/7"", ""operator"": ""EVSE"", ""socket:type2"": ""2"", ""socket:type2:output"": ""22 kW""}",data/raw/osm_chargers.json,https://www.openstreetmap.org/node/12401940012
node/12404567155,,Evie,-33.7206984,150.4297379,,CCS (Type 2); CHAdeMO,,,,,"{""amenity"": ""charging_station"", ""capacity"": ""2"", ""operator"": ""Evie Networks"", ""operator:wikidata"": ""Q105795220"", ""socket:chademo"": ""2"", ""socket:type2_combo"": ""2""}",data/raw/osm_chargers.json,https://www.openstreetmap.org/node/12404567155
node/12407007682,,PLUS ES,-33.9024416,151.1409463,,,24/7,,no,,"{""amenity"": ""charging_station"", ""authentication:none"": ""yes"", ""capacity"": ""1"", ""fee"": ""no"", ""level"": ""0"", ""maxstay"": ""2 hours"", ""motorcar"": ""yes"", ""motorcycle"": ""yes"", ""opening_hours"": ""24/7"", ""operator"": ""Plus ES"", ""socket:type2"": ""1"", ""socket:type2:output"": ""22 kW""}",data/raw/osm_chargers.json,https://www.openstreetmap.org/node/12407007682
node/12434721630,,NRMA,-33.9300967,150.8754969,,,,,,,"{""amenity"": ""charging_station"", ""operator"": ""NRMA"", ""operator:wikidata"": ""Q6955173""}",data/raw/osm_chargers.json,https://www.openstreetmap.org/node/12434721630
node/12437997269,Tesla Supercharger,Tesla,-30.2044092,153.1497971,,CCS (Type 2),24/7,yes,yes,https://www.tesla.com/findus/location/supercharger/32996,"{""access"": ""yes"", ""amenity"": ""charging_station"", ""brand"": ""Tesla Supercharger"", ""brand:website"": ""https://www.tesla.com/supercharger"", ""brand:wikidata"": ""Q17089620"", ""capacity"": ""15"", ""fee"": ""yes"", ""frequency"": ""0"", ""motorcar"": ""designated"", ""name"": ""Tesla Supercharger"", ""network"": ""Supercharger"", ""network:website"": ""https://www.tesla.com/supercharger"", ""network:wikidata"": ""Q17089620"", ""opening_hours"": ""24/7"", ""operator"": ""Tesla"", ""operator:wikidata"": ""Q478214"", ""ref:supercharge_info"": ""5379"", ""ref:tesla"": ""32996"", ""socket:type2_combo"": ""15"", ""website"": ""https://www.tesla.com/findus/location/supercharger/32996""}",data/raw/osm_chargers.json,https://www.openstreetmap.org/node/12437997269
node/12441111761,,Chargefox,-34.845478,148.9155118,,CCS (Type 2),,,,,"{""amenity"": ""charging_station"", ""operator"": ""Chargefox"", ""operator:wikidata"": ""Q105775824"", ""socket:type2_combo"": ""4""}",data/raw/osm_chargers.json,https://www.openstreetmap.org/node/12441111761
node/12442429578,Exploren,Exploren,-34.6396971,148.0262872,,,,,yes,,"{""amenity"": ""charging_station"", ""brand"": ""Occular"", ""fee"": ""yes"", ""name"": ""Exploren"", ""operator"": ""Exploren"", ""operator:wikidata"": ""Q130278349"", ""socket:type2"": ""4""}",data/raw/osm_chargers.json,https://www.openstreetmap.org/node/12442429578
node/12477914114,Station 7675,Chargefox,-37.5007061,148.1715681,,,,,,,"{""amenity"": ""charging_station"", ""name"": ""Station 7675"", ""operator"": ""Chargefox"", ""operator:wikidata"": ""Q105775824"", ""source"": ""survey""}",data/raw/osm_chargers.json,https://www.openstreetmap.org/node/12477914114
node/12481649796,,Evie,-33.4141679,149.5834212,,CCS (Type 2); CHAdeMO,,,,,"{""amenity"": ""charging_station"", ""capacity"": ""4"", ""covered"": ""no"", ""hgv"": ""no"", ""motorcar"": ""yes"", ""motorcycle"": ""yes"", ""operator"": ""Evie Networks"", ""operator:wikidata"": ""Q105795220"", ""parking:fee"": ""no"", ""socket:chademo"": ""1"", ""socket:type2_combo"": ""3""}",data/raw/osm_chargers.json,https://www.openstreetmap.org/node/12481649796
node/12483992745,,agl,-33.5249059,151.3127099,,,,yes,,,"{""access"": ""yes"", ""amenity"": ""charging_station"", ""brand"": ""AGL"", ""operator"": ""AGL"", ""socket:type2"": ""1"", ""socket:type2:output"": ""22""}",data/raw/osm_chargers.json,https://www.openstreetmap.org/node/12483992745
node/12485888258,,Exploren,-34.562786,148.3608529,,,,,,,"{""amenity"": ""charging_station"", ""capacity"": ""4"", ""note"": ""BYO cable"", ""operator"": ""Exploren"", ""operator:wikidata"": ""Q130278349"", ""socket:type2"": ""4""}",data/raw/osm_chargers.json,https://www.openstreetmap.org/node/12485888258
node/12555903853,,,-35.2514976,149.1379696,,,,,,,"{""amenity"": ""charging_station""}",data/raw/osm_chargers.json,https://www.openstreetmap.org/node/12555903853
node/12560173013,Bankstown Supercharger,Tesla,-33.9327164,151.0284555,,CCS (Type 2),24/7,yes,yes,https://www.tesla.com/findus/location/supercharger/31628,"{""access"": ""yes"", ""amenity"": ""charging_station"", ""brand"": ""Tesla Supercharger"", ""brand:website"": ""https://www.tesla.com/supercharger"", ""brand:wikidata"": ""Q17089620"", ""capacity"": ""6"", ""fee"": ""yes"", ""frequency"": ""0"", ""motorcar"": ""designated"", ""name"": ""Bankstown Supercharger"", ""network"": ""Supercharger"", ""network:website"": ""https://www.tesla.com/supercharger"", ""network:wikidata"": ""Q17089620"", ""opening_hours"": ""24/7"", ""operator"": ""Tesla"", ""operator:wikidata"": ""Q478214"", ""ref:supercharge_info"": ""5390"", ""ref:tesla"": ""31628"", ""socket:type2_combo"": ""6"", ""website"": ""https://www.tesla.com/findus/location/supercharger/31628""}",data/raw/osm_chargers.json,https://www.openstreetmap.org/node/12560173013
node/12564147445,Tesla Supercharger,Tesla,-34.7728854,149.6927921,,CCS (Type 2),24/7,yes,yes,https://www.tesla.com/findus/location/supercharger/31614,"{""access"": ""yes"", ""amenity"": ""charging_station"", ""brand"": ""Tesla Supercharger"", ""brand:website"": ""https://www.tesla.com/supercharger"", ""brand:wikidata"": ""Q17089620"", ""capacity"": ""20"", ""fee"": ""yes"", ""frequency"": ""0"", ""motorcar"": ""designated"", ""name"": ""Tesla Supercharger"", ""network"": ""Supercharger"", ""network:website"": ""https://www.tesla.com/supercharger"", ""network:wikidata"": ""Q17089620"", ""not:brand:wikidata"": ""Q478214"", ""note"": ""Open to all EVs"", ""opening_hours"": ""24/7"", ""operator"": ""Tesla"", ""operator:wikidata"": ""Q478214"", ""ref:supercharge_info"": ""5383"", ""ref:tesla"": ""31614"", ""socket:type2_combo"": ""20"", ""website"": ""https://www.tesla.com/findus/location/supercharger/31614""}",data/raw/osm_chargers.json,https://www.openstreetmap.org/node/12564147445
node/12564192749,,Chargefox,-37.498803,148.1720657,,CCS (Type 2); CHAdeMO,,,,,"{""amenity"": ""charging_station"", ""operator"": ""Chargefox"", ""operator:wikidata"": ""Q105775824"", ""socket:chademo"": ""1"", ""socket:type2_combo"": ""1""}",data/raw/osm_chargers.json,https://www.openstreetmap.org/node/12564192749
node/12564202178,,central victorian greenhouse alliance,-37.5580193,149.7582614,,CCS (Type 2); CHAdeMO,,,,,"{""amenity"": ""charging_station"", ""brand"": ""Charging the Regions"", ""brand:wikidata"": ""Q106320264"", ""operator"": ""Central Victorian Greenhouse Alliance"", ""operator:wikidata"": ""Q106320329"", ""socket:chademo"": ""1"", ""socket:type2_combo"": ""1""}",data/raw/osm_chargers.json,https://www.openstreetmap.org/node/12564202178
node/12565112258,Jolt Dee Why B-Line,JOLT,-33.7523425,151.286666,,,,yes,yes,,"{""access"": ""yes"", ""amenity"": ""charging_station"", ""brand"": ""Jolt"", ""capacity"": ""1"", ""charge"": ""7 kW"", ""covered"": ""no"", ""description"": ""Library car park"", ""fee"": ""yes"", ""name"": ""Jolt Dee Why B-Line"", ""network"": ""Jolt"", ""operator"": ""Jolt"", ""operator:wikidata"": ""Q109783503"", ""payment:credit_cards"": ""yes""}",data/raw/osm_chargers.json,https://www.openstreetmap.org/node/12565112258
node/12583296437,,NRMA,-30.3250256,149.7838449,,CCS (Type 2); CHAdeMO,,,,,"{""amenity"": ""charging_station"", ""capacity"": ""4"", ""operator"": ""NRMA"", ""operator:wikidata"": ""Q6955173"", ""socket:chademo"": ""1"", ""socket:chademo:output"": ""160 kW"", ""socket:type2_combo"": ""3"", ""socket:type2_combo:output"": ""160 kW""}",data/raw/osm_chargers.json,https://www.openstreetmap.org/node/12583296437
node/12583369258,,Chargefox,-35.9314467,145.6619617,,CCS (Type 2),,,,,"{""amenity"": ""charging_station"", ""operator"": ""Chargefox"", ""operator:wikidata"": ""Q105775824"", ""socket:type2"": ""3"", ""socket:type2_combo"": ""2""}",data/raw/osm_chargers.json,https://www.openstreetmap.org/node/12583369258
node/12583396543,,yurika,-28.5482924,150.3060395,,CCS (Type 2); CHAdeMO,,,,,"{""amenity"": ""charging_station"", ""capacity"": ""2"", ""operator"": ""Yurika"", ""operator:wikidata"": ""Q106234391"", ""socket:chademo"": ""1"", ""socket:type2"": ""2"", ""socket:type2_combo"": ""1""}",data/raw/osm_chargers.json,https://www.openstreetmap.org/node/12583396543
node/12583399955,,NRMA,-29.4619233,149.8408156,,CCS (Type 2); CHAdeMO,,,,,"{""amenity"": ""charging_station"", ""capacity"": ""4"", ""operator"": ""NRMA"", ""operator:wikidata"": ""Q6955173"", ""socket:chademo"": ""2"", ""socket:chademo:output"": ""50 kW"", ""socket:type2_combo"": ""2"", ""socket:type2_combo:output"": ""50 kW""}",data/raw/osm_chargers.json,https://www.openstreetmap.org/node/12583399955
node/12583416028,,yurika,-28.657088,151.9323991,,CCS (Type 2); CHAdeMO,,,yes,,"{""amenity"": ""charging_station"", ""capacity"": ""4"", ""fee"": ""yes"", ""operator"": ""Yurika"", ""operator:wikidata"": ""Q106234391"", ""socket:chademo"": ""1"", ""socket:type2"": ""4"", ""socket:type2_combo"": ""1""}",data/raw/osm_chargers.json,https://www.openstreetmap.org/node/12583416028
node/12583454110,,,-35.942222,148.6273372,,,,,,,"{""amenity"": ""charging_station"", ""socket:type2"": ""6""}",data/raw/osm_chargers.json,https://www.openstreetmap.org/node/12583454110
node/12583454471,,,-28.3883862,152.6067541,,,,,,,"{""amenity"": ""charging_station"", ""socket:type2"": ""2""}",data/raw/osm_chargers.json,https://www.openstreetmap.org/node/12583454471
node/12583460911,,,-34.4367216,148.7235392,,,,,,,"{""amenity"": ""charging_station"", ""socket:type2"": ""4""}",data/raw/osm_chargers.json,https://www.openstreetmap.org/node/12583460911
node/12586162734,,Ampol AmpCharge,-28.0930571,153.3912645,,CCS (Type 2); CHAdeMO,,,,,"{""amenity"": ""charging_station"", ""operator"": ""AmpCharge"", ""operator:wikidata"": ""Q111744561"", ""socket:chademo"": ""1"", ""socket:type2_combo"": ""1""}",data/raw/osm_chargers.json,https://www.openstreetmap.org/node/12586162734
node/12588884145,,ocular,-31.2607546,150.739507,,,,,yes,,"{""amenity"": ""charging_station"", ""brand"": ""Ocular"", ""fee"": ""yes""}",data/raw/osm_chargers.json,https://www.openstreetmap.org/node/12588884145
node/12599800358,,,-35.3576676,150.4733075,,CCS (Type 2); CHAdeMO,,,,,"{""amenity"": ""charging_station"", ""socket:chademo"": ""1"", ""socket:type2_combo"": ""1""}",data/raw/osm_chargers.json,https://www.openstreetmap.org/node/12599800358
node/12599818149,,Exploren,-35.3679732,150.4707849,,,,,,,"{""amenity"": ""charging_station"", ""operator"": ""Exploren"", ""operator:wikidata"": ""Q130278349"", ""socket:type2"": ""4""}",data/raw/osm_chargers.json,https://www.openstreetmap.org/node/12599818149
node/12605963234,,BP Pulse (AU),-34.0771836,151.0113524,,CCS (Type 2); CHAdeMO,,,,,"{""amenity"": ""charging_station"", ""brand"": ""bp pulse"", ""brand:wikidata"": ""Q39057719"", ""operator"": ""bp pulse"", ""operator:wikidata"": ""Q39057719"", ""socket:chademo"": ""1"", ""socket:type2_combo"": ""4""}",data/raw/osm_chargers.json,https://www.openstreetmap.org/node/12605963234
node/12624294788,,Chargefox,-37.5675407,143.8567311,,CCS (Type 2),,,,,"{""amenity"": ""charging_station"", ""operator"": ""Chargefox"", ""operator:wikidata"": ""Q105775824"", ""socket:type2"": ""2"", ""socket:type2_combo"": ""2""}",data/raw/osm_chargers.json,https://www.openstreetmap.org/node/12624294788
node/12624993541,,Chargefox,-34.2284569,150.684135,,CCS (Type 2),,,,,"{""amenity"": ""charging_station"", ""operator"": ""Chargefox"", ""operator:wikidata"": ""Q105775824"", ""socket:type2_combo"": ""2""}",data/raw/osm_chargers.json,https://www.openstreetmap.org/node/12624993541
node/12639666383,Tesla Supercharger,Tesla,-36.2329697,149.1322401,,CCS (Type 2),,yes,yes,,"{""access"": ""yes"", ""amenity"": ""charging_station"", ""brand"": ""Tesla Supercharger"", ""brand:wikidata"": ""Q17089620"", ""capacity"": ""10"", ""covered"": ""no"", ""fee"": ""yes"", ""manufacturer"": ""Tesla"", ""name"": ""Tesla Supercharger"", ""note"": ""Separate site from existing chargers at Coles"", ""operator"": ""Tesla"", ""operator:wikidata"": ""Q478214"", ""payment:app"": ""yes"", ""ref:supercharge_info"": ""5382"", ""socket:type2_combo"": ""10""}",data/raw/osm_chargers.json,https://www.openstreetmap.org/node/12639666383
node/12644131941,,NRMA,-35.4426269,149.7917234,,CCS (Type 2); CHAdeMO,,,yes,,"{""amenity"": ""charging_station"", ""capacity"": ""2"", ""fee"": ""yes"", ""operator"": ""NRMA"", ""operator:wikidata"": ""Q6955173"", ""socket:chademo"": ""2"", ""socket:type2_combo"": ""2""}",data/raw/osm_chargers.json,https://www.openstreetmap.org/node/12644131941
node/12644710826,,Exploren,-35.2577457,149.4397985,,,,customers,yes,,"{""access"": ""customers"", ""amenity"": ""charging_station"", ""brand"": ""Exploren"", ""fee"": ""yes"", ""operator"": ""Exploren"", ""operator:wikidata"": ""Q130278349""}",data/raw/osm_chargers.json,https://www.openstreetmap.org/node/12644710826
node/12661943299,Eskbank St Car Park,NRMA,-33.4812628,150.1587903,,CCS (Type 2); CHAdeMO,,yes,yes,,"{""access"": ""yes"", ""amenity"": ""charging_station"", ""capacity"": ""4"", ""charge"": ""0.71c/kWh"", ""fee"": ""yes"", ""name"": ""Eskbank St Car Park"", ""operator"": ""NRMA"", ""operator:wikidata"": ""Q6955173"", ""payment:app"": ""yes"", ""socket:chademo"": ""1"", ""socket:type2_combo"": ""3""}",data/raw/osm_chargers.json,https://www.openstreetmap.org/node/12661943299
node/12686156645,,shell recharge solutions,-34.0496546,150.7599688,,CCS (Type 2),,,,,"{""amenity"": ""charging_station"", ""operator"": ""Shell Recharge Solutions"", ""operator:wikidata"": ""Q105883058"", ""socket:type2:output"": ""350 kW"", ""socket:type2_combo"": ""4""}",data/raw/osm_chargers.json,https://www.openstreetmap.org/node/12686156645
node/12751635764,,Exploren,-37.3491687,144.1412771,,,,,,,"{""amenity"": ""charging_station"", ""capacity"": ""2"", ""operator"": ""Exploren"", ""operator:wikidata"": ""Q130278349"", ""socket:type2"": ""2"", ""socket:type2:output"": ""22 kW""}",data/raw/osm_chargers.json,https://www.openstreetmap.org/node/12751635764
node/12753915088,Kew Supercharger,Tesla,-31.634282,152.7251475,,CCS (Type 2),24/7,yes,yes,https://www.tesla.com/findus/location/supercharger/31621,"{""access"": ""yes"", ""amenity"": ""charging_station"", ""brand"": ""Tesla Supercharger"", ""brand:website"": ""https://www.tesla.com/supercharger"", ""brand:wikidata"": ""Q17089620"", ""capacity"": ""8"", ""fee"": ""yes"", ""frequency"": ""0"", ""motorcar"": ""designated"", ""name"": ""Kew Supercharger"", ""network"": ""Supercharger"", ""network:website"": ""https://www.tesla.com/supercharger"", ""network:wikidata"": ""Q17089620"", ""opening_hours"": ""24/7"", ""operator"": ""Tesla"", ""operator:wikidata"": ""Q478214"", ""ref:supercharge_info"": ""8375"", ""ref:tesla"": ""31621"", ""socket:type2_combo"": ""8"", ""website"": ""https://www.tesla.com/findus/location/supercharger/31621""}",data/raw/osm_chargers.json,https://www.openstreetmap.org/node/12753915088
node/12757268383,,Exploren,-34.4670358,150.413066,,,,,yes,,"{""amenity"": ""charging_station"", ""capacity"": ""4"", ""fee"": ""yes"", ""operator"": ""Exploren"", ""operator:wikidata"": ""Q130278349"", ""socket:type2"": ""4""}",data/raw/osm_chargers.json,https://www.openstreetmap.org/node/12757268383
node/12757295582,,Exploren,-34.0440001,150.7371231,,,,,yes,,"{""amenity"": ""charging_station"", ""capacity"": ""2"", ""fee"": ""yes"", ""operator"": ""Exploren"", ""operator:wikidata"": ""Q130278349"", ""socket:type2"": ""2""}",data/raw/osm_chargers.json,https://www.openstreetmap.org/node/12757295582
node/12809394435,,NRMA,-37.3592512,145.0263113,,CCS (Type 2); CHAdeMO,,yes,,,"{""access"": ""yes"", ""amenity"": ""charging_station"", ""capacity"": ""4"", ""operator"": ""NRMA"", ""operator:wikidata"": ""Q6955173"", ""socket:chademo"": ""1"", ""socket:chademo:output"": ""180 kW"", ""socket:type2_combo"": ""3"", ""socket:type2_combo:output"": ""180 kW""}",data/raw/osm_chargers.json,https://www.openstreetmap.org/node/12809394435
node/12816207122,,seavolt,-33.6512481,151.28942,,,,,,,"{""amenity"": ""charging_station"", ""brand"": ""Seavolt""}",data/raw/osm_chargers.json,https://www.openstreetmap.org/node/12816207122
node/12818129073,,Evie,-36.149432,146.6104903,,CCS (Type 2); CHAdeMO,,,,,"{""amenity"": ""charging_station"", ""capacity"": ""2"", ""operator"": ""Evie Networks"", ""operator:wikidata"": ""Q105795220"", ""socket:chademo"": ""1"", ""socket:chademo:output"": ""50 kW"", ""socket:type2_combo"": ""1"", ""socket:type2_combo:output"": ""50 kW""}",data/raw/osm_chargers.json,https://www.openstreetmap.org/node/12818129073
node/12832829981,,Noodoe,-28.197045,152.7806421,,,,customers,yes,,"{""access"": ""customers"", ""amenity"": ""charging_station"", ""brand"": ""Noodoe"", ""capacity"": ""1"", ""fee"": ""yes""}",data/raw/osm_chargers.json,https://www.openstreetmap.org/node/12832829981
node/12854473381,Tesla Supercharger,Tesla,-35.7186596,150.1900931,,CCS (Type 2),,,,,"{""amenity"": ""charging_station"", ""brand"": ""Tesla Supercharger"", ""brand:wikidata"": ""Q17089620"", ""capacity"": ""6"", ""name"": ""Tesla Supercharger"", ""operator"": ""Tesla"", ""operator:wikidata"": ""Q478214"", ""ref:supercharge_info"": ""5377"", ""socket:type2_combo"": ""6""}",data/raw/osm_chargers.json,https://www.openstreetmap.org/node/12854473381
node/12856495137,Tesla Supercharger,Tesla,-30.5134175,151.6636968,,CCS (Type 2),,,,,"{""amenity"": ""charging_station"", ""brand"": ""Tesla Supercharger"", ""brand:wikidata"": ""Q17089620"", ""capacity"": ""4"", ""name"": ""Tesla Supercharger"", ""operator"": ""Tesla"", ""operator:wikidata"": ""Q478214"", ""ref:supercharge_info"": ""5375"", ""socket:type2_combo"": ""4""}",data/raw/osm_chargers.json,https://www.openstreetmap.org/node/12856495137
node/12861805832,Evie Charging Station,Evie,-35.3168159,149.1495592,10 Parbery Street,,,customers,yes,https://evie.com.au/,"{""access"": ""customers"", ""addr:housenumber"": ""10"", ""addr:postcode"": ""2604"", ""addr:state"": ""ACT"", ""addr:street"": ""Parbery Street"", ""addr:suburb"": ""Kingston"", ""amenity"": ""charging_station"", ""brand"": ""Evie"", ""capacity"": ""4"", ""covered"": ""yes"", ""fee"": ""yes"", ""name"": ""Evie Charging Station"", ""operator"": ""Evie Networks"", ""operator:wikidata"": ""Q105795220"", ""website"": ""https://evie.com.au/""}",data/raw/osm_chargers.json,https://www.openstreetmap.org/node/12861805832
node/12872507191,,NRMA,-36.7345527,144.1334235,,CCS (Type 2); CHAdeMO,,,,,"{""amenity"": ""charging_station"", ""capacity"": ""4"", ""operator"": ""NRMA"", ""operator:wikidata"": ""Q6955173"", ""socket:chademo"": ""1"", ""socket:type2_combo"": ""3""}",data/raw/osm_chargers.json,https://www.openstreetmap.org/node/12872507191
node/12884898642,,Exploren,-34.8130868,147.2016407,,,,,,,"{""amenity"": ""charging_station"", ""operator"": ""Exploren"", ""operator:wikidata"": ""Q130278349"", ""socket:type2"": ""1""}",data/raw/osm_chargers.json,https://www.openstreetmap.org/node/12884898642
node/12884901002,,Exploren,-34.5544468,148.3694317,,,,,,,"{""amenity"": ""charging_station"", ""capacity"": ""1"", ""operator"": ""Exploren"", ""operator:wikidata"": ""Q130278349"", ""socket:type2"": ""1""}",data/raw/osm_chargers.json,https://www.openstreetmap.org/node/12884901002
node/12884903427,,Exploren,-34.7932886,147.0386296,,,,,,,"{""amenity"": ""charging_station"", ""operator"": ""Exploren"", ""operator:wikidata"": ""Q130278349"", ""socket:type2"": ""1""}",data/raw/osm_chargers.json,https://www.openstreetmap.org/node/12884903427
node/12884912873,,BP Pulse (AU),-35.1257311,147.4208566,,CCS (Type 2),,,,,"{""amenity"": ""charging_station"", ""brand"": ""bp pulse"", ""brand:wikidata"": ""Q39057719"", ""operator"": ""bp pulse"", ""operator:wikidata"": ""Q39057719"", ""socket:type2_combo"": ""3""}",data/raw/osm_chargers.json,https://www.openstreetmap.org/node/12884912873
node/12885058063,,Exploren,-35.2198921,146.712906,,,,,,,"{""amenity"": ""charging_station"", ""operator"": ""Exploren"", ""operator:wikidata"": ""Q130278349"", ""socket:type2"": ""1""}",data/raw/osm_chargers.json,https://www.openstreetmap.org/node/12885058063
node/12885058064,,Exploren,-35.220556,146.7157786,,,,,,,"{""amenity"": ""charging_station"", ""operator"": ""Exploren"", ""operator:wikidata"": ""Q130278349"", ""socket:type2"": ""2""}",data/raw/osm_chargers.json,https://www.openstreetmap.org/node/12885058064
node/12885058151,,Exploren,-35.0550616,147.3481578,,CCS (Type 2),,,,,"{""amenity"": ""charging_station"", ""operator"": ""Exploren"", ""operator:wikidata"": ""Q130278349"", ""socket:type2_combo"": ""2""}",data/raw/osm_chargers.json,https://www.openstreetmap.org/node/12885058151
node/12885302055,,Chargefox,-35.7762654,148.0113642,,,,,,,"{""amenity"": ""charging_station"", ""capacity"": ""2"", ""operator"": ""Chargefox"", ""operator:wikidata"": ""Q105775824"", ""socket:type2"": ""2"", ""socket:type2:output"": ""22 kW""}",data/raw/osm_chargers.json,https://www.openstreetmap.org/node/12885302055
node/12885315538,,Chargefox,-35.5811554,148.2992239,,,,,,,"{""amenity"": ""charging_station"", ""capacity"": ""2"", ""operator"": ""Chargefox"", ""operator:wikidata"": ""Q105775824"", ""socket:type2"": ""2""}",data/raw/osm_chargers.json,https://www.openstreetmap.org/node/12885315538
node/12885318906,,BP Pulse (AU),-35.3612063,145.71943,,CCS (Type 2),,,,,"{""amenity"": ""charging_station"", ""brand"": ""BP Pulse"", ""brand:wikidata"": ""Q39057719"", ""capacity"": ""6"", ""operator"": ""BP Pulse"", ""operator:wikidata"": ""Q39057719"", ""socket:type2_combo"": ""6""}",data/raw/osm_chargers.json,https://www.openstreetmap.org/node/12885318906
node/12885318910,,Chargefox,-35.7735198,148.0094239,,CCS (Type 2),,,,,"{""amenity"": ""charging_station"", ""capacity"": ""2"", ""operator"": ""Chargefox"", ""operator:wikidata"": ""Q105775824"", ""socket:type2_combo"": ""2""}",data/raw/osm_chargers.json,https://www.openstreetmap.org/node/12885318910
node/12885984005,,Evie,-36.76352,144.279593,,CCS (Type 2); CHAdeMO,,,,,"{""amenity"": ""charging_station"", ""operator"": ""Evie Networks"", ""operator:wikidata"": ""Q105795220"", ""socket:chademo"": ""1"", ""socket:type2_combo"": ""1""}",data/raw/osm_chargers.json,https://www.openstreetmap.org/node/12885984005
node/12894174459,Tesla Supercharger,Tesla,-36.332681,141.6514737,,CCS (Type 2),,,,,"{""amenity"": ""charging_station"", ""brand"": ""Tesla Supercharger"", ""brand:wikidata"": ""Q17089620"", ""capacity"": ""4"", ""check_date"": ""2026-02-10"", ""name"": ""Tesla Supercharger"", ""operator"": ""Tesla"", ""operator:wikidata"": ""Q478214"", ""ref:supercharge_info"": ""9991"", ""socket:type2_combo"": ""4""}",data/raw/osm_chargers.json,https://www.openstreetmap.org/node/12894174459
node/12896497308,,Evie,-33.8237748,151.1951179,,,,,,,"{""amenity"": ""charging_station"", ""level:ref"": ""B2"", ""operator"": ""Evie Networks"", ""operator:wikidata"": ""Q105795220""}",data/raw/osm_chargers.json,https://www.openstreetmap.org/node/12896497308
node/12901334847,,Exploren,-37.3018407,146.1378135,,,,,,,"{""amenity"": ""charging_station"", ""operator"": ""Exploren"", ""operator:wikidata"": ""Q130278349"", ""socket:type2"": ""2""}",data/raw/osm_chargers.json,https://www.openstreetmap.org/node/12901334847
node/12918496794,,some store,-34.9134465,149.4277912,,,,,,,"{""amenity"": ""charging_station"", ""capacity"": ""1"", ""operator"": ""Some Store""}",data/raw/osm_chargers.json,https://www.openstreetmap.org/node/12918496794
node/12926990585,,Evie,-28.198984,153.5459456,,CCS (Type 2); CHAdeMO,,,yes,,"{""amenity"": ""charging_station"", ""bicycle"": ""no"", ""capacity"": ""4"", ""fee"": ""yes"", ""operator"": ""Evie Networks"", ""operator:wikidata"": ""Q105795220"", ""socket:chademo"": ""1"", ""socket:type2_combo"": ""3""}",data/raw/osm_chargers.json,https://www.openstreetmap.org/node/12926990585
node/12963857532,,Ampol AmpCharge,-34.5624354,150.8395656,,CCS (Type 2),,,,,"{""amenity"": ""charging_station"", ""capacity"": ""10"", ""operator"": ""AmpCharge"", ""operator:wikidata"": ""Q111744561"", ""socket:type2_combo"": ""10"", ""socket:type2_combo:output"": ""100 kW""}",data/raw/osm_chargers.json,https://www.openstreetmap.org/node/12963857532
node/12967672792,Tesla Supercharger,Tesla,-29.1535419,153.2969846,,CCS (Type 2),24/7,yes,yes,https://www.tesla.com/findus/location/supercharger/31617,"{""access"": ""yes"", ""amenity"": ""charging_station"", ""brand"": ""Tesla Supercharger"", ""brand:website"": ""https://www.tesla.com/supercharger"", ""brand:wikidata"": ""Q17089620"", ""capacity"": ""12"", ""fee"": ""yes"", ""frequency"": ""0"", ""motorcar"": ""designated"", ""name"": ""Tesla Supercharger"", ""network"": ""Supercharger"", ""network:website"": ""https://www.tesla.com/supercharger"", ""network:wikidata"": ""Q17089620"", ""opening_hours"": ""24/7"", ""operator"": ""Tesla"", ""operator:wikidata"": ""Q478214"", ""ref:supercharge_info"": ""5376"", ""ref:tesla"": ""31617"", ""socket:type2_combo"": ""12"", ""website"": ""https://www.tesla.com/findus/location/supercharger/31617""}",data/raw/osm_chargers.json,https://www.openstreetmap.org/node/12967672792
node/12968478808,Tesla Supercharger,Tesla,-33.7932339,151.2646229,,CCS (Type 2),,,,,"{""amenity"": ""charging_station"", ""brand"": ""Tesla Supercharger"", ""brand:wikidata"": ""Q17089620"", ""capacity"": ""8"", ""name"": ""Tesla Supercharger"", ""operator"": ""Tesla"", ""operator:wikidata"": ""Q478214"", ""socket:type2_combo"": ""8""}",data/raw/osm_chargers.json,https://www.openstreetmap.org/node/12968478808
node/12975706528,,Exploren,-37.0678713,144.2219235,,,,,,,"{""amenity"": ""charging_station"", ""capacity"": ""3"", ""operator"": ""Exploren"", ""operator:wikidata"": ""Q130278349"", ""socket:type2"": ""3""}",data/raw/osm_chargers.json,https://www.openstreetmap.org/node/12975706528
node/12986963882,,hair of the dog hotel,-32.1956615,148.8979684,,,,customers,yes,,"{""access"": ""customers"", ""amenity"": ""charging_station"", ""bicycle"": ""yes"", ""brand"": ""15A wall receptacles"", ""capacity"": ""4"", ""charge"": ""A$20 for vehicles"", ""fee"": ""yes"", ""operator"": ""Hair of the Dog Hotel"", ""payment:cash"": ""yes""}",data/raw/osm_chargers.json,https://www.openstreetmap.org/node/12986963882
node/12986977106,,hall committee,-32.375799,149.277724,,,,yes,yes,,"{""access"": ""yes"", ""amenity"": ""charging_station"", ""bicycle"": ""yes"", ""brand"": ""240V wall outlet"", ""capacity"": ""1"", ""charge"": ""A$1 coints"", ""fee"": ""yes"", ""operator"": ""Hall committee"", ""payment:coins"": ""yes""}",data/raw/osm_chargers.json,https://www.openstreetmap.org/node/12986977106
node/12989024507,Tesla Supercharger,Tesla,-28.0758186,153.3871454,,CCS (Type 2),,,,,"{""amenity"": ""charging_station"", ""brand"": ""Tesla Supercharger"", ""brand:wikidata"": ""Q17089620"", ""capacity"": ""10"", ""name"": ""Tesla Supercharger"", ""operator"": ""Tesla"", ""operator:wikidata"": ""Q478214"", ""socket:type2_combo"": ""10""}",data/raw/osm_chargers.json,https://www.openstreetmap.org/node/12989024507
node/12990581486,,Exploren,-33.8107876,151.0344403,,CCS (Type 2),24/7,,yes,,"{""amenity"": ""charging_station"", ""capacity"": ""2"", ""check_date"": ""2026-05-21"", ""check_date:opening_hours"": ""2026-05-21"", ""fee"": ""yes"", ""opening_hours"": ""24/7"", ""operator"": ""Exploren"", ""operator:wikidata"": ""Q130278349"", ""socket:type2_combo"": ""2"", ""socket:type2_combo:output"": ""120""}",data/raw/osm_chargers.json,https://www.openstreetmap.org/node/12990581486
node/12995456090,,Evie,-36.054515,146.4586506,,CCS (Type 2); CHAdeMO,,,,,"{""amenity"": ""charging_station"", ""capacity"": ""2"", ""operator"": ""Evie Networks"", ""operator:wikidata"": ""Q105795220"", ""socket:chademo"": ""1"", ""socket:type2_combo"": ""1""}",data/raw/osm_chargers.json,https://www.openstreetmap.org/node/12995456090
node/13012980190,,Evie,-33.8273705,151.2303831,,,,,yes,,"{""amenity"": ""charging_station"", ""check_date"": ""2026-04-08"", ""fee"": ""yes"", ""operator"": ""Evie Networks"", ""operator:wikidata"": ""Q105795220""}",data/raw/osm_chargers.json,https://www.openstreetmap.org/node/13012980190
node/13013484065,,NRMA,-33.4136362,149.5853966,,CCS (Type 2); CHAdeMO,,,yes,,"{""amenity"": ""charging_station"", ""capacity"": ""4"", ""covered"": ""no"", ""fee"": ""yes"", ""hgv"": ""no"", ""motorcar"": ""yes"", ""motorcycle"": ""yes"", ""network"": ""NRMA"", ""operator"": ""NRMA"", ""operator:wikidata"": ""Q6955173"", ""parking:fee"": ""no"", ""socket:chademo"": ""1"", ""socket:type2"": ""1"", ""socket:type2_combo"": ""3""}",data/raw/osm_chargers.json,https://www.openstreetmap.org/node/13013484065
node/13016349586,,Exploren,-36.3140166,146.8384821,,CCS (Type 2),,,,,"{""amenity"": ""charging_station"", ""capacity"": ""2"", ""operator"": ""Exploren"", ""operator:wikidata"": ""Q130278349"", ""socket:type2_combo"": ""2""}",data/raw/osm_chargers.json,https://www.openstreetmap.org/node/13016349586
node/13018467011,,Ampol AmpCharge,-34.0395363,150.7431652,,CCS (Type 2),,,,,"{""amenity"": ""charging_station"", ""capacity"": ""4"", ""operator"": ""AmpCharge"", ""operator:wikidata"": ""Q111744561"", ""socket:type2_combo"": ""4""}",data/raw/osm_chargers.json,https://www.openstreetmap.org/node/13018467011
node/13020827820,Tesla Supercharger,Tesla,-33.7586057,150.9921083,,CCS (Type 2),24/7,yes,yes,https://www.tesla.com/findus/location/supercharger/42020,"{""access"": ""yes"", ""amenity"": ""charging_station"", ""brand"": ""Tesla Supercharger"", ""brand:website"": ""https://www.tesla.com/supercharger"", ""brand:wikidata"": ""Q17089620"", ""capacity"": ""4"", ""fee"": ""yes"", ""frequency"": ""0"", ""motorcar"": ""designated"", ""name"": ""Tesla Supercharger"", ""network"": ""Supercharger"", ""network:website"": ""https://www.tesla.com/supercharger"", ""network:wikidata"": ""Q17089620"", ""opening_hours"": ""24/7"", ""operator"": ""Tesla"", ""operator:wikidata"": ""Q478214"", ""ref:supercharge_info"": ""9431"", ""ref:tesla"": ""42020"", ""socket:type2_combo"": ""4"", ""website"": ""https://www.tesla.com/findus/location/supercharger/42020""}",data/raw/osm_chargers.json,https://www.openstreetmap.org/node/13020827820
node/13025896767,,AXCharge,-28.0830613,152.8410942,,,,,yes,,"{""amenity"": ""charging_station"", ""brand"": ""AXCharge"", ""capacity"": ""22"", ""fee"": ""yes"", ""motorcar"": ""yes"", ""parking:fee"": ""yes"", ""socket:type2"": ""0"", ""socket:type2_cable"": ""2"", ""socket:type2_cable:output"": ""22""}",data/raw/osm_chargers.json,https://www.openstreetmap.org/node/13025896767
node/13033494574,Tesla Destination Charger,Tesla,-33.6746391,150.2805582,,,,,,,"{""amenity"": ""charging_station"", ""brand"": ""Tesla"", ""brand:wikidata"": ""Q478214"", ""capacity"": ""2"", ""name"": ""Tesla Destination Charger""}",data/raw/osm_chargers.json,https://www.openstreetmap.org/node/13033494574
node/13036266779,,Ampol AmpCharge,-33.7743896,150.9449213,,CCS (Type 2); CHAdeMO,,,,,"{""amenity"": ""charging_station"", ""operator"": ""AmpCharge"", ""operator:wikidata"": ""Q111744561"", ""socket:chademo"": ""1"", ""socket:type2_combo"": ""1""}",data/raw/osm_chargers.json,https://www.openstreetmap.org/node/13036266779
node/13036287127,,BP Pulse (AU),-33.7602938,150.7816959,,CCS (Type 2); CHAdeMO,,,,,"{""amenity"": ""charging_station"", ""brand"": ""bp pulse"", ""brand:wikidata"": ""Q39057719"", ""capacity"": ""2"", ""operator"": ""bp pulse"", ""operator:wikidata"": ""Q39057719"", ""socket:chademo"": ""1"", ""socket:type2_combo"": ""3""}",data/raw/osm_chargers.json,https://www.openstreetmap.org/node/13036287127
node/13036304448,,Ampol AmpCharge,-33.8016436,150.8878206,,CCS (Type 2); CHAdeMO,,,,,"{""amenity"": ""charging_station"", ""capacity"": ""10"", ""operator"": ""AmpCharge"", ""operator:wikidata"": ""Q111744561"", ""socket:chademo"": ""5"", ""socket:type2_combo"": ""10""}",data/raw/osm_chargers.json,https://www.openstreetmap.org/node/13036304448
node/13040881589,,,-33.8145389,151.1048204,,,,,,,"{""amenity"": ""charging_station""}",data/raw/osm_chargers.json,https://www.openstreetmap.org/node/13040881589
node/13055800837,,Chargefox,-33.8745302,151.2421618,,,,yes,yes,,"{""access"": ""yes"", ""amenity"": ""charging_station"", ""bicycle"": ""no"", ""capacity"": ""2"", ""covered"": ""no"", ""fee"": ""yes"", ""operator"": ""Chargefox"", ""operator:wikidata"": ""Q105775824""}",data/raw/osm_chargers.json,https://www.openstreetmap.org/node/13055800837
node/13059026685,,Evie,-33.8245802,151.1995459,,CCS (Type 2),,,,,"{""amenity"": ""charging_station"", ""capacity"": ""4"", ""operator"": ""Evie Networks"", ""operator:wikidata"": ""Q105795220"", ""socket:type2_combo"": ""4""}",data/raw/osm_chargers.json,https://www.openstreetmap.org/node/13059026685
node/13064491791,,Evie,-33.9229554,151.1653373,,CCS (Type 2),Mo-Su 06:00-21:00,yes,yes,,"{""access"": ""yes"", ""amenity"": ""charging_station"", ""capacity"": ""4"", ""check_date"": ""2026-08-01"", ""covered"": ""yes"", ""fee"": ""yes"", ""level"": ""-1"", ""opening_hours"": ""Mo-Su 06:00-21:00"", ""operator"": ""Evie Networks"", ""operator:wikidata"": ""Q105795220"", ""socket:type2:output"": ""150 kW"", ""socket:type2_combo"": ""4""}",data/raw/osm_chargers.json,https://www.openstreetmap.org/node/13064491791
node/13064502527,,Evie,-33.9758428,150.8115865,,CCS (Type 2); CHAdeMO,,,,,"{""amenity"": ""charging_station"", ""capacity"": ""4"", ""operator"": ""Evie Networks"", ""operator:wikidata"": ""Q105795220"", ""socket:chademo"": ""1"", ""socket:type2_combo"": ""3""}",data/raw/osm_chargers.json,https://www.openstreetmap.org/node/13064502527
node/13064517071,,Chargefox,-33.9620644,150.8063223,,,,,,,"{""amenity"": ""charging_station"", ""brand"": ""Woolworths"", ""capacity"": ""6"", ""operator"": ""Chargefox"", ""operator:wikidata"": ""Q105775824"", ""socket:type2"": ""6""}",data/raw/osm_chargers.json,https://www.openstreetmap.org/node/13064517071
node/13064521073,,Chargefox,-33.7198068,150.8425731,,,,,,,"{""amenity"": ""charging_station"", ""capacity"": ""4"", ""operator"": ""Chargefox"", ""operator:wikidata"": ""Q105775824"", ""socket:type2"": ""4""}",data/raw/osm_chargers.json,https://www.openstreetmap.org/node/13064521073
node/13064595558,,Chargefox,-33.9352716,151.069286,,CCS (Type 2),,,,,"{""amenity"": ""charging_station"", ""capacity"": ""2"", ""operator"": ""Chargefox"", ""operator:wikidata"": ""Q105775824"", ""socket:type2_combo"": ""2""}",data/raw/osm_chargers.json,https://www.openstreetmap.org/node/13064595558
node/13073547942,,Evie,-33.8326437,151.1277159,,CCS (Type 2),,,yes,,"{""amenity"": ""charging_station"", ""capacity"": ""2"", ""fee"": ""yes"", ""operator"": ""Evie Networks"", ""operator:wikidata"": ""Q105795220"", ""socket:type2_combo"": ""2""}",data/raw/osm_chargers.json,https://www.openstreetmap.org/node/13073547942
node/13073609605,,Exploren,-33.9054338,151.1935648,,CCS (Type 2),,,yes,,"{""amenity"": ""charging_station"", ""brand"": ""Bunnings"", ""capacity"": ""2"", ""fee"": ""yes"", ""operator"": ""Exploren"", ""operator:wikidata"": ""Q130278349"", ""socket:type2_combo"": ""2""}",data/raw/osm_chargers.json,https://www.openstreetmap.org/node/13073609605
node/13073638889,Alexandria Supercharger,Tesla,-33.9128695,151.1935906,,CCS (Type 2),24/7,yes,yes,https://www.tesla.com/findus/location/supercharger/31640,"{""access"": ""yes"", ""amenity"": ""charging_station"", ""brand"": ""Tesla Supercharger"", ""brand:website"": ""https://www.tesla.com/supercharger"", ""brand:wikidata"": ""Q17089620"", ""capacity"": ""6"", ""fee"": ""yes"", ""frequency"": ""0"", ""motorcar"": ""designated"", ""name"": ""Alexandria Supercharger"", ""network"": ""Supercharger"", ""network:website"": ""https://www.tesla.com/supercharger"", ""network:wikidata"": ""Q17089620"", ""opening_hours"": ""24/7"", ""operator"": ""Tesla"", ""operator:wikidata"": ""Q478214"", ""ref:tesla"": ""31640"", ""socket:type2_combo"": ""6"", ""website"": ""https://www.tesla.com/findus/location/supercharger/31640""}",data/raw/osm_chargers.json,https://www.openstreetmap.org/node/13073638889
node/13073647400,,Exploren,-33.8209764,151.1213552,,CCS (Type 2),,,yes,,"{""amenity"": ""charging_station"", ""brand"": ""Bunnings"", ""capacity"": ""2"", ""fee"": ""yes"", ""operator"": ""Exploren"", ""operator:wikidata"": ""Q130278349"", ""socket:type2_combo"": ""2""}",data/raw/osm_chargers.json,https://www.openstreetmap.org/node/13073647400
node/13076752054,,Exploren,-34.04937,150.7592972,,,,,,,"{""amenity"": ""charging_station"", ""operator"": ""Exploren"", ""operator:wikidata"": ""Q130278349""}",data/raw/osm_chargers.json,https://www.openstreetmap.org/node/13076752054
node/13103099620,,BP Pulse (AU),-33.8246315,151.1726815,,CCS (Type 2),,,,,"{""amenity"": ""charging_station"", ""brand"": ""bp pulse"", ""brand:wikidata"": ""Q39057719"", ""operator"": ""bp pulse"", ""operator:wikidata"": ""Q39057719"", ""socket:type2_combo"": ""2""}",data/raw/osm_chargers.json,https://www.openstreetmap.org/node/13103099620
node/13103102258,,BP Pulse (AU),-34.0328846,151.1248636,,CCS (Type 2),,,,,"{""amenity"": ""charging_station"", ""brand"": ""bp pulse"", ""brand:wikidata"": ""Q39057719"", ""capacity"": ""4"", ""operator"": ""bp pulse"", ""operator:wikidata"": ""Q39057719"", ""socket:type2_combo"": ""4""}",data/raw/osm_chargers.json,https://www.openstreetmap.org/node/13103102258
node/13125814415,,Ampol AmpCharge,-34.0842511,150.8018599,,CCS (Type 2),,,,,"{""amenity"": ""charging_station"", ""capacity"": ""2"", ""operator"": ""AmpCharge"", ""operator:wikidata"": ""Q111744561"", ""socket:type2_combo"": ""2""}",data/raw/osm_chargers.json,https://www.openstreetmap.org/node/13125814415
node/13135189454,,Exploren,-34.020313,150.7623274,,CCS (Type 2),,,,,"{""amenity"": ""charging_station"", ""capacity"": ""4"", ""operator"": ""Exploren"", ""operator:wikidata"": ""Q130278349"", ""socket:type2_combo"": ""4""}",data/raw/osm_chargers.json,https://www.openstreetmap.org/node/13135189454
node/13139855775,,JOLT,-33.7137227,151.2971285,,,,,yes,,"{""amenity"": ""charging_station"", ""capacity"": ""1"", ""fee"": ""yes"", ""motorcar"": ""yes"", ""motorcycle"": ""yes"", ""operator"": ""Jolt"", ""operator:wikidata"": ""Q109783503""}",data/raw/osm_chargers.json,https://www.openstreetmap.org/node/13139855775
node/13139953507,,,-33.7310933,151.300962,,,,,yes,,"{""amenity"": ""charging_station"", ""fee"": ""yes"", ""motorcar"": ""yes"", ""motorcycle"": ""yes""}",data/raw/osm_chargers.json,https://www.openstreetmap.org/node/13139953507
node/13146732524,Tesla Supercharger,Tesla,-34.9238501,148.165815,,CCS (Type 2),24/7,yes,yes,https://www.tesla.com/findus/location/supercharger/33621,"{""access"": ""yes"", ""amenity"": ""charging_station"", ""brand"": ""Tesla Supercharger"", ""brand:website"": ""https://www.tesla.com/supercharger"", ""brand:wikidata"": ""Q17089620"", ""capacity"": ""12"", ""fee"": ""yes"", ""frequency"": ""0"", ""motorcar"": ""designated"", ""name"": ""Tesla Supercharger"", ""network"": ""Supercharger"", ""network:website"": ""https://www.tesla.com/supercharger"", ""network:wikidata"": ""Q17089620"", ""note"": ""Open to all EVs"", ""opening_hours"": ""24/7"", ""operator"": ""Tesla"", ""operator:wikidata"": ""Q478214"", ""ref:supercharge_info"": ""5380"", ""ref:tesla"": ""33621"", ""socket:type2_combo"": ""12"", ""website"": ""https://www.tesla.com/findus/location/supercharger/33621""}",data/raw/osm_chargers.json,https://www.openstreetmap.org/node/13146732524
node/13149077271,,,-33.8311185,151.2436667,,,,,yes,,"{""amenity"": ""charging_station"", ""fee"": ""yes"", ""motorcar"": ""yes"", ""motorcycle"": ""yes""}",data/raw/osm_chargers.json,https://www.openstreetmap.org/node/13149077271
node/13154424198,,Evie,-28.0819696,153.381854,,,,,,,"{""amenity"": ""charging_station"", ""capacity"": ""4"", ""operator"": ""Evie Networks"", ""operator:wikidata"": ""Q105795220""}",data/raw/osm_chargers.json,https://www.openstreetmap.org/node/13154424198
node/13159632757,,Chargefox,-28.806586,153.278719,,,,,yes,,"{""amenity"": ""charging_station"", ""brand"": ""Chargefox"", ""capacity"": ""2"", ""fee"": ""yes"", ""operator"": ""Chargefox"", ""operator:wikidata"": ""Q105775824""}",data/raw/osm_chargers.json,https://www.openstreetmap.org/node/13159632757
node/13167181353,Waterloo Supercharger,Tesla,-33.89773,151.2136024,,CCS (Type 2),24/7,yes,yes,https://www.tesla.com/findus/location/supercharger/414707,"{""access"": ""yes"", ""amenity"": ""charging_station"", ""brand"": ""Tesla Supercharger"", ""brand:website"": ""https://www.tesla.com/supercharger"", ""brand:wikidata"": ""Q17089620"", ""capacity"": ""8"", ""fee"": ""yes"", ""frequency"": ""0"", ""motorcar"": ""designated"", ""name"": ""Waterloo Supercharger"", ""network"": ""Supercharger"", ""network:website"": ""https://www.tesla.com/supercharger"", ""network:wikidata"": ""Q17089620"", ""opening_hours"": ""24/7"", ""operator"": ""Tesla"", ""operator:wikidata"": ""Q478214"", ""ref:tesla"": ""414707"", ""socket:type2_combo"": ""8"", ""website"": ""https://www.tesla.com/findus/location/supercharger/414707""}",data/raw/osm_chargers.json,https://www.openstreetmap.org/node/13167181353
node/13168591366,,,-36.4437585,146.3826417,,CCS (Type 2),,,,,"{""amenity"": ""charging_station"", ""payment:credit_cards"": ""yes"", ""socket:type2"": ""1"", ""socket:type2_combo"": ""2""}",data/raw/osm_chargers.json,https://www.openstreetmap.org/node/13168591366
node/13168678393,,Evie,-33.8639878,151.0894241,,CCS (Type 2); CHAdeMO,,,,,"{""amenity"": ""charging_station"", ""capacity"": ""6"", ""operator"": ""Evie Networks"", ""operator:wikidata"": ""Q105795220"", ""socket:chademo"": ""1"", ""socket:type2_combo"": ""5""}",data/raw/osm_chargers.json,https://www.openstreetmap.org/node/13168678393
node/13168689959,,Evie,-33.8544347,151.103953,,CCS (Type 2),,,,,"{""amenity"": ""charging_station"", ""capacity"": ""2"", ""operator"": ""Evie Networks"", ""operator:wikidata"": ""Q105795220"", ""socket:type2_combo"": ""2""}",data/raw/osm_chargers.json,https://www.openstreetmap.org/node/13168689959
node/13185195201,,Exploren,-33.7967175,151.2010383,,CCS (Type 2),,,,,"{""amenity"": ""charging_station"", ""capacity"": ""2"", ""operator"": ""Exploren"", ""operator:wikidata"": ""Q130278349"", ""socket:type2_combo"": ""2""}",data/raw/osm_chargers.json,https://www.openstreetmap.org/node/13185195201
node/13185195202,,Evie,-33.8795126,150.9781193,,CCS (Type 2),,,,,"{""amenity"": ""charging_station"", ""capacity"": ""4"", ""operator"": ""Evie Networks"", ""operator:wikidata"": ""Q105795220"", ""socket:type2_combo"": ""4""}",data/raw/osm_chargers.json,https://www.openstreetmap.org/node/13185195202
node/13197398595,,ocular,-28.6977809,153.5090379,,,24/7,,no,,"{""amenity"": ""charging_station"", ""brand"": ""Ocular"", ""capacity"": ""2"", ""fee"": ""no"", ""motorcar"": ""yes"", ""opening_hours"": ""24/7"", ""socket:type2_cable"": ""2""}",data/raw/osm_chargers.json,https://www.openstreetmap.org/node/13197398595
node/13205693685,,Evie,-33.779921,150.8132069,,CCS (Type 2),,,,,"{""amenity"": ""charging_station"", ""capacity"": ""5"", ""operator"": ""Evie Networks"", ""operator:wikidata"": ""Q105795220"", ""socket:type2_combo"": ""5""}",data/raw/osm_chargers.json,https://www.openstreetmap.org/node/13205693685
node/13206130158,,Evie,-33.9380659,151.2384868,,CCS (Type 2),,,,,"{""amenity"": ""charging_station"", ""capacity"": ""4"", ""operator"": ""Evie Networks"", ""operator:wikidata"": ""Q105795220"", ""socket:type2_combo"": ""4""}",data/raw/osm_chargers.json,https://www.openstreetmap.org/node/13206130158
node/13206142331,,BP Pulse (AU),-33.9197629,151.2270172,,CCS (Type 2),,,,,"{""amenity"": ""charging_station"", ""brand"": ""bp pulse"", ""brand:wikidata"": ""Q39057719"", ""capacity"": ""2"", ""operator"": ""bp pulse"", ""operator:wikidata"": ""Q39057719"", ""socket:type2_combo"": ""2""}",data/raw/osm_chargers.json,https://www.openstreetmap.org/node/13206142331
node/13206154674,,NRMA,-33.8272941,151.2017201,,CCS (Type 2); CHAdeMO,,,,,"{""amenity"": ""charging_station"", ""bicycle"": ""no"", ""capacity"": ""8"", ""operator"": ""NRMA"", ""operator:wikidata"": ""Q6955173"", ""socket:chademo"": ""1"", ""socket:type2_combo"": ""7""}",data/raw/osm_chargers.json,https://www.openstreetmap.org/node/13206154674
node/13206154678,,Evie,-33.9430458,151.2395576,,CCS (Type 2),,,,,"{""amenity"": ""charging_station"", ""capacity"": ""2"", ""operator"": ""Evie Networks"", ""operator:wikidata"": ""Q105795220"", ""socket:type2_combo"": ""2""}",data/raw/osm_chargers.json,https://www.openstreetmap.org/node/13206154678
node/13206176474,,Evie,-33.9267328,151.2314051,,CCS (Type 2),,,,,"{""amenity"": ""charging_station"", ""capacity"": ""4"", ""operator"": ""Evie Networks"", ""operator:wikidata"": ""Q105795220"", ""socket:type2_combo"": ""4""}",data/raw/osm_chargers.json,https://www.openstreetmap.org/node/13206176474
node/13208299158,,,-37.1007144,145.6168073,,,,,,,"{""amenity"": ""charging_station""}",data/raw/osm_chargers.json,https://www.openstreetmap.org/node/13208299158
node/13235799355,,Exploren,-35.1369093,147.3470622,,,,,,,"{""amenity"": ""charging_station"", ""capacity"": ""2"", ""operator"": ""Exploren"", ""operator:wikidata"": ""Q130278349"", ""socket:type2"": ""2""}",data/raw/osm_chargers.json,https://www.openstreetmap.org/node/13235799355
node/13235807509,,Exploren,-33.919065,151.0875521,,,,,,,"{""amenity"": ""charging_station"", ""capacity"": ""4"", ""operator"": ""Exploren"", ""operator:wikidata"": ""Q130278349"", ""socket:type2"": ""4""}",data/raw/osm_chargers.json,https://www.openstreetmap.org/node/13235807509
node/13240078058,,,-33.8850665,151.2334091,,,,,,,"{""amenity"": ""charging_station""}",data/raw/osm_chargers.json,https://www.openstreetmap.org/node/13240078058
node/13242756701,Ingenia Byron Bay,,-28.6738417,153.6119666,,,,,,,"{""amenity"": ""charging_station"", ""capacity"": ""2"", ""name"": ""Ingenia Byron Bay""}",data/raw/osm_chargers.json,https://www.openstreetmap.org/node/13242756701
node/13244748958,,Exploren,-36.6785407,149.8450775,,,,,,,"{""amenity"": ""charging_station"", ""capacity"": ""4"", ""operator"": ""Exploren"", ""operator:wikidata"": ""Q130278349"", ""socket:type2"": ""4""}",data/raw/osm_chargers.json,https://www.openstreetmap.org/node/13244748958
node/13244827463,,NRMA,-35.913824,150.0792424,,CCS (Type 2),,,,,"{""amenity"": ""charging_station"", ""capacity"": ""2"", ""operator"": ""NRMA"", ""operator:wikidata"": ""Q6955173"", ""socket:type2_combo"": ""2""}",data/raw/osm_chargers.json,https://www.openstreetmap.org/node/13244827463
node/13244874411,,Exploren,-37.0777375,149.8755206,,,,,,,"{""amenity"": ""charging_station"", ""operator"": ""Exploren"", ""operator:wikidata"": ""Q130278349"", ""socket:type2"": ""4""}",data/raw/osm_chargers.json,https://www.openstreetmap.org/node/13244874411
node/13246607070,,agl,-33.806327,151.1757441,,,,,,,"{""amenity"": ""charging_station"", ""capacity"": ""1"", ""operator"": ""AGL""}",data/raw/osm_chargers.json,https://www.openstreetmap.org/node/13246607070
node/13246803659,,Exploren,-34.9851069,149.3841648,,CCS (Type 2),,,,,"{""amenity"": ""charging_station"", ""capacity"": ""2"", ""operator"": ""Exploren"", ""operator:wikidata"": ""Q130278349"", ""socket:type2_combo"": ""2""}",data/raw/osm_chargers.json,https://www.openstreetmap.org/node/13246803659
node/13246979353,,Ampol AmpCharge,-33.7059734,150.9107867,,CCS (Type 2),,,,,"{""amenity"": ""charging_station"", ""capacity"": ""4"", ""operator"": ""AmpCharge"", ""operator:wikidata"": ""Q111744561"", ""socket:type2_combo"": ""4""}",data/raw/osm_chargers.json,https://www.openstreetmap.org/node/13246979353
node/13249625699,Tesla Supercharger,Tesla,-37.0603975,146.0984236,,CCS (Type 2),24/7,yes,yes,https://www.tesla.com/findus/location/supercharger/35009,"{""access"": ""yes"", ""amenity"": ""charging_station"", ""brand"": ""Tesla Supercharger"", ""brand:website"": ""https://www.tesla.com/supercharger"", ""brand:wikidata"": ""Q17089620"", ""capacity"": ""6"", ""fee"": ""yes"", ""frequency"": ""0"", ""motorcar"": ""designated"", ""name"": ""Tesla Supercharger"", ""network"": ""Supercharger"", ""network:website"": ""https://www.tesla.com/supercharger"", ""network:wikidata"": ""Q17089620"", ""opening_hours"": ""24/7"", ""operator"": ""Tesla"", ""operator:wikidata"": ""Q478214"", ""ref:supercharge_info"": ""9435"", ""ref:tesla"": ""35009"", ""socket:type2_combo"": ""6"", ""website"": ""https://www.tesla.com/findus/location/supercharger/35009""}",data/raw/osm_chargers.json,https://www.openstreetmap.org/node/13249625699
node/13249673589,,Evie,-37.0508889,146.086725,,CCS (Type 2); CHAdeMO,,,,,"{""amenity"": ""charging_station"", ""capacity"": ""2"", ""operator"": ""Evie Networks"", ""operator:wikidata"": ""Q105795220"", ""socket:chademo"": ""1"", ""socket:type2_combo"": ""1""}",data/raw/osm_chargers.json,https://www.openstreetmap.org/node/13249673589
node/13250969266,,Ampol AmpCharge,-33.7912905,151.1308938,,CCS (Type 2),,,,,"{""amenity"": ""charging_station"", ""capacity"": ""6"", ""operator"": ""AmpCharge"", ""operator:wikidata"": ""Q111744561"", ""socket:type2_combo"": ""6"", ""socket:type2_combo:output"": ""150 kW""}",data/raw/osm_chargers.json,https://www.openstreetmap.org/node/13250969266
node/13258032985,operator,Chargefox,-32.9210454,151.7480241,,,,,yes,,"{""amenity"": ""charging_station"", ""capacity"": ""60"", ""fee"": ""yes"", ""name"": ""operator"", ""operator"": ""Chargefox"", ""survey:date"": ""2025-10-26""}",data/raw/osm_chargers.json,https://www.openstreetmap.org/node/13258032985
node/13258032986,,Chargefox,-32.9345211,151.7248332,,,,,,,"{""amenity"": ""charging_station"", ""capacity"": ""22"", ""operator"": ""Chargefox"", ""survey:date"": ""2025-10-26""}",data/raw/osm_chargers.json,https://www.openstreetmap.org/node/13258032986
node/13258032987,,Exploren,-32.9411897,151.7122657,,,,,yes,,"{""amenity"": ""charging_station"", ""capacity"": ""60"", ""covered"": ""yes"", ""fee"": ""yes"", ""level"": ""1"", ""operator"": ""Exploren"", ""survey:date"": ""2025-10-26""}",data/raw/osm_chargers.json,https://www.openstreetmap.org/node/13258032987
node/13258032988,,NRMA,-32.9027103,151.6697691,,,,,,,"{""amenity"": ""charging_station"", ""capacity"": ""50"", ""operator"": ""NRMA"", ""operator:wikidata"": ""Q6955173"", ""survey:date"": ""2025-10-26""}",data/raw/osm_chargers.json,https://www.openstreetmap.org/node/13258032988
node/13258032989,,Exploren,-32.9017348,151.6704457,,,,,yes,,"{""amenity"": ""charging_station"", ""capacity"": ""22"", ""fee"": ""yes"", ""operator"": ""Exploren"", ""operator:wikidata"": ""Q130278349"", ""survey:date"": ""2025-10-26""}",data/raw/osm_chargers.json,https://www.openstreetmap.org/node/13258032989
node/13258032990,,Chargefox,-32.9000579,151.6695446,,,,,yes,,"{""amenity"": ""charging_station"", ""capacity"": ""22"", ""fee"": ""yes"", ""operator"": ""Chargefox"", ""operator:wikidata"": ""Q105775824"", ""survey:date"": ""2025-10-26""}",data/raw/osm_chargers.json,https://www.openstreetmap.org/node/13258032990
node/13258079188,,EVX,-32.9447015,151.7604209,,,,,yes,,"{""amenity"": ""charging_station"", ""capacity"": ""22"", ""fee"": ""yes"", ""operator"": ""EVX"", ""survey:date"": ""2025-10-26""}",data/raw/osm_chargers.json,https://www.openstreetmap.org/node/13258079188
node/13258086646,,Chargefox,-32.9230483,151.7573784,,,,,yes,,"{""amenity"": ""charging_station"", ""capacity"": ""22"", ""fee"": ""yes"", ""operator"": ""Chargefox"", ""operator:wikidata"": ""Q105775824"", ""survey:date"": ""2025-10-26""}",data/raw/osm_chargers.json,https://www.openstreetmap.org/node/13258086646
node/13271496162,,,-33.7934216,151.1818207,,,,,,,"{""amenity"": ""charging_station"", ""capacity"": ""2""}",data/raw/osm_chargers.json,https://www.openstreetmap.org/node/13271496162
node/13284029090,,NRMA,-36.377382,145.4019942,,CCS (Type 2); CHAdeMO,,,,,"{""amenity"": ""charging_station"", ""capacity"": ""4"", ""operator"": ""NRMA"", ""operator:wikidata"": ""Q6955173"", ""socket:chademo"": ""1"", ""socket:type2_combo"": ""3""}",data/raw/osm_chargers.json,https://www.openstreetmap.org/node/13284029090
node/13286968361,,Ampol AmpCharge,-33.116686,151.4713937,,CCS (Type 2),,,,,"{""amenity"": ""charging_station"", ""capacity"": ""2"", ""operator"": ""AmpCharge"", ""operator:wikidata"": ""Q111744561"", ""socket:type2_combo"": ""2""}",data/raw/osm_chargers.json,https://www.openstreetmap.org/node/13286968361
node/13288933122,,Chargefox,-32.9260559,151.7789369,,,,,,,"{""amenity"": ""charging_station"", ""capacity"": ""22"", ""operator"": ""Chargefox"", ""operator:wikidata"": ""Q105775824"", ""survey:date"": ""2025-11-08""}",data/raw/osm_chargers.json,https://www.openstreetmap.org/node/13288933122
node/13288933123,,Chargefox,-32.9260122,151.7789477,,,,,,,"{""amenity"": ""charging_station"", ""capacity"": ""22"", ""operator"": ""Chargefox"", ""survey:date"": ""2025-11-08""}",data/raw/osm_chargers.json,https://www.openstreetmap.org/node/13288933123
node/13300559304,,Chargefox,-33.4826083,150.1555209,,CCS (Type 2),,,,,"{""amenity"": ""charging_station"", ""capacity"": ""4"", ""operator"": ""Chargefox"", ""operator:wikidata"": ""Q105775824"", ""socket:type2_combo"": ""4""}",data/raw/osm_chargers.json,https://www.openstreetmap.org/node/13300559304
node/13304382752,,Chargefox,-33.7944228,151.1801686,,,,,,,"{""amenity"": ""charging_station"", ""capacity"": ""2"", ""operator"": ""Chargefox"", ""operator:wikidata"": ""Q105775824"", ""socket:type2"": ""2"", ""socket:type2:output"": ""7 kW""}",data/raw/osm_chargers.json,https://www.openstreetmap.org/node/13304382752
node/13309446883,,Ampol AmpCharge,-33.8340627,150.9879587,,CCS (Type 2),,,,,"{""amenity"": ""charging_station"", ""capacity"": ""6"", ""operator"": ""AmpCharge"", ""operator:wikidata"": ""Q111744561"", ""socket:type2_combo"": ""6""}",data/raw/osm_chargers.json,https://www.openstreetmap.org/node/13309446883
node/13309552143,,Ampol AmpCharge,-34.5519973,150.7881099,,CCS (Type 2),,,,,"{""amenity"": ""charging_station"", ""capacity"": ""2"", ""operator"": ""AmpCharge"", ""operator:wikidata"": ""Q111744561"", ""socket:type2_combo"": ""2""}",data/raw/osm_chargers.json,https://www.openstreetmap.org/node/13309552143
node/13323403968,,,-33.8758626,151.2320823,,,,,,,"{""amenity"": ""charging_station""}",data/raw/osm_chargers.json,https://www.openstreetmap.org/node/13323403968
node/13329798300,,,-33.8858816,151.2572358,,,,,,,"{""amenity"": ""charging_station""}",data/raw/osm_chargers.json,https://www.openstreetmap.org/node/13329798300
node/13341675501,,NRMA,-32.5896509,149.5859081,,CCS (Type 2); CHAdeMO,,,,,"{""amenity"": ""charging_station"", ""covered"": ""no"", ""operator"": ""NRMA"", ""operator:wikidata"": ""Q6955173"", ""socket:chademo"": ""1"", ""socket:chademo:output"": ""125kW"", ""socket:type2_combo"": ""3"", ""socket:type2_combo:output"": ""125kW""}",data/raw/osm_chargers.json,https://www.openstreetmap.org/node/13341675501
node/13346922346,,BP Pulse (AU),-33.7602342,150.7817102,,CCS (Type 2); CHAdeMO,,,,,"{""amenity"": ""charging_station"", ""brand"": ""bp pulse"", ""brand:wikidata"": ""Q39057719"", ""capacity"": ""2"", ""operator"": ""bp pulse"", ""operator:wikidata"": ""Q39057719"", ""socket:chademo"": ""1"", ""socket:type2_combo"": ""3""}",data/raw/osm_chargers.json,https://www.openstreetmap.org/node/13346922346
node/13360556776,,Ampol AmpCharge,-34.0523188,151.1215819,,CCS (Type 2),,,,,"{""amenity"": ""charging_station"", ""capacity"": ""4"", ""operator"": ""AmpCharge"", ""operator:wikidata"": ""Q111744561"", ""socket:type2_combo"": ""4""}",data/raw/osm_chargers.json,https://www.openstreetmap.org/node/13360556776
node/13360787875,Tesla Supercharger,Tesla,-34.743578,146.5543044,,CCS (Type 2),24/7,yes,yes,https://www.tesla.com/findus/location/supercharger/450757,"{""access"": ""yes"", ""amenity"": ""charging_station"", ""brand"": ""Tesla Supercharger"", ""brand:website"": ""https://www.tesla.com/supercharger"", ""brand:wikidata"": ""Q17089620"", ""capacity"": ""4"", ""fee"": ""yes"", ""frequency"": ""0"", ""motorcar"": ""designated"", ""name"": ""Tesla Supercharger"", ""network"": ""Supercharger"", ""network:website"": ""https://www.tesla.com/supercharger"", ""network:wikidata"": ""Q17089620"", ""opening_hours"": ""24/7"", ""operator"": ""Tesla"", ""operator:wikidata"": ""Q478214"", ""ref:tesla"": ""450757"", ""socket:type2_combo"": ""4"", ""website"": ""https://www.tesla.com/findus/location/supercharger/450757""}",data/raw/osm_chargers.json,https://www.openstreetmap.org/node/13360787875
node/13371885230,,Ampol AmpCharge,-33.802347,150.8815263,,CCS (Type 2),,,,,"{""amenity"": ""charging_station"", ""capacity"": ""10"", ""operator"": ""AmpCharge"", ""operator:wikidata"": ""Q111744561"", ""socket:type2_combo"": ""10""}",data/raw/osm_chargers.json,https://www.openstreetmap.org/node/13371885230
node/13377204329,Tesla Supercharger,Tesla,-36.3772627,141.2369203,,CCS (Type 2),24/7,yes,yes,https://www.tesla.com/findus/location/supercharger/455608,"{""access"": ""yes"", ""amenity"": ""charging_station"", ""brand"": ""Tesla Supercharger"", ""brand:website"": ""https://www.tesla.com/supercharger"", ""brand:wikidata"": ""Q17089620"", ""capacity"": ""10"", ""fee"": ""yes"", ""frequency"": ""0"", ""motorcar"": ""designated"", ""name"": ""Tesla Supercharger"", ""network"": ""Supercharger"", ""network:website"": ""https://www.tesla.com/supercharger"", ""network:wikidata"": ""Q17089620"", ""opening_hours"": ""24/7"", ""operator"": ""Tesla"", ""operator:wikidata"": ""Q478214"", ""ref:supercharge_info"": ""10299"", ""ref:tesla"": ""455608"", ""socket:type2_combo"": ""10"", ""website"": ""https://www.tesla.com/findus/location/supercharger/455608""}",data/raw/osm_chargers.json,https://www.openstreetmap.org/node/13377204329
node/13382573701,,Evie,-33.889566,151.1233758,260A Liverpool Road,CCS (Type 2); CHAdeMO,Mo-Su 09:00-23:00,,,,"{""addr:housenumber"": ""260A"", ""addr:street"": ""Liverpool Road"", ""amenity"": ""charging_station"", ""opening_hours"": ""Mo-Su 09:00-23:00"", ""operator"": ""Evie Networks"", ""socket:chademo"": ""2"", ""socket:chademo:output"": ""50"", ""socket:type2_combo"": ""2"", ""socket:type2_combo:output"": ""50""}",data/raw/osm_chargers.json,https://www.openstreetmap.org/node/13382573701
node/13389664015,,Ampol AmpCharge,-32.8963971,151.5977495,,CCS (Type 2),,,,,"{""amenity"": ""charging_station"", ""capacity"": ""6"", ""operator"": ""AmpCharge"", ""operator:wikidata"": ""Q111744561"", ""socket:type2_combo"": ""6""}",data/raw/osm_chargers.json,https://www.openstreetmap.org/node/13389664015
node/13393835582,,NRMA,-34.5543827,150.36457,,CCS (Type 2); CHAdeMO,,,,,"{""amenity"": ""charging_station"", ""capacity"": ""5"", ""operator"": ""NRMA"", ""operator:wikidata"": ""Q6955173"", ""socket:chademo"": ""1"", ""socket:type2"": ""1"", ""socket:type2_combo"": ""3""}",data/raw/osm_chargers.json,https://www.openstreetmap.org/node/13393835582
node/13397009753,Tesla Destination Charger,Tesla,-28.0976772,153.4394485,,,,yes,,,"{""access"": ""yes"", ""amenity"": ""charging_station"", ""brand"": ""Tesla"", ""brand:wikidata"": ""Q478214"", ""capacity"": ""3"", ""name"": ""Tesla Destination Charger""}",data/raw/osm_chargers.json,https://www.openstreetmap.org/node/13397009753
node/13410165907,,kyogle council,-28.6214782,153.0030335,,,,yes,yes,,"{""access"": ""yes"", ""amenity"": ""charging_station"", ""bicycle"": ""no"", ""brand"": ""Ocular"", ""capacity"": ""2"", ""capacity:motorcar"": ""2"", ""check_date"": ""2025-12-28"", ""covered"": ""no"", ""fee"": ""yes"", ""network"": ""Exploren"", ""operator"": ""Kyogle Council"", ""payment:app"": ""yes"", ""ref"": ""1753"", ""socket:type2"": ""2"", ""socket:type2:output"": ""22 kW""}",data/raw/osm_chargers.json,https://www.openstreetmap.org/node/13410165907
node/13428255938,,Evie,-33.822956,151.210883,,,,,,,"{""amenity"": ""charging_station"", ""bicycle"": ""no"", ""brand"": ""Evie"", ""capacity"": ""4"", ""operator"": ""Evie Networks"", ""operator:wikidata"": ""Q105795220""}",data/raw/osm_chargers.json,https://www.openstreetmap.org/node/13428255938
node/13441696001,,NRMA,-33.5300878,151.3101679,,,,,,,"{""amenity"": ""charging_station"", ""brand"": ""NRMA"", ""operator"": ""NRMA"", ""operator:wikidata"": ""Q6955173"", ""ref:plugshare"": ""121786""}",data/raw/osm_chargers.json,https://www.openstreetmap.org/node/13441696001
node/13441696002,,Chargefox,-33.529774,151.3107754,,,,,,,"{""amenity"": ""charging_station"", ""capacity"": ""22kW"", ""operator"": ""Chargefox"", ""operator:wikidata"": ""Q105775824"", ""ref:plugshare"": ""326547""}",data/raw/osm_chargers.json,https://www.openstreetmap.org/node/13441696002
node/13441699802,,EVX,-33.8749576,151.1018198,,,24/7,,,,"{""amenity"": ""charging_station"", ""opening_hours"": ""24/7"", ""operator"": ""EVX"", ""socket:type2"": ""2"", ""socket:type2:output"": ""22""}",data/raw/osm_chargers.json,https://www.openstreetmap.org/node/13441699802
node/13442139297,,Chargefox,-37.0701283,148.5911195,,,,,,,"{""amenity"": ""charging_station"", ""capacity"": ""1"", ""operator"": ""Chargefox"", ""operator:wikidata"": ""Q105775824"", ""ref"": ""7498"", ""socket:type2"": ""1"", ""socket:type2:output"": ""7 kW""}",data/raw/osm_chargers.json,https://www.openstreetmap.org/node/13442139297
node/13477822501,,EVX,-33.8895095,151.1469211,,,24/7,,,,"{""amenity"": ""charging_station"", ""bicycle"": ""no"", ""opening_hours"": ""24/7"", ""operator"": ""EVX"", ""socket:type2"": ""2"", ""socket:type2:output"": ""22""}",data/raw/osm_chargers.json,https://www.openstreetmap.org/node/13477822501
node/13481161848,,ocular,-33.8136239,150.9984588,,,,,yes,,"{""amenity"": ""charging_station"", ""fee"": ""yes"", ""motorcar"": ""yes"", ""motorcycle"": ""yes"", ""network"": ""Ocular""}",data/raw/osm_chargers.json,https://www.openstreetmap.org/node/13481161848
node/13481161849,,ocular,-33.8137342,150.9984239,,,,,yes,,"{""amenity"": ""charging_station"", ""fee"": ""yes"", ""motorcar"": ""yes"", ""motorcycle"": ""yes"", ""network"": ""Ocular""}",data/raw/osm_chargers.json,https://www.openstreetmap.org/node/13481161849
node/13525320796,,NRMA,-35.0010157,148.1106312,,CCS (Type 2),,,,,"{""amenity"": ""charging_station"", ""capacity"": ""2"", ""operator"": ""NRMA"", ""operator:wikidata"": ""Q6955173"", ""socket:type2_combo"": ""2""}",data/raw/osm_chargers.json,https://www.openstreetmap.org/node/13525320796
node/13530611083,,,-33.7875506,150.8545674,,,,yes,no,,"{""access"": ""yes"", ""amenity"": ""charging_station"", ""capacity"": ""4"", ""fee"": ""no""}",data/raw/osm_chargers.json,https://www.openstreetmap.org/node/13530611083
node/13566011211,Merimbula Supercharger,Tesla,-36.8856518,149.907078,,CCS (Type 2),24/7,yes,yes,https://www.tesla.com/findus/location/supercharger/31598,"{""access"": ""yes"", ""amenity"": ""charging_station"", ""brand"": ""Tesla Supercharger"", ""brand:website"": ""https://www.tesla.com/supercharger"", ""brand:wikidata"": ""Q17089620"", ""capacity"": ""8"", ""fee"": ""yes"", ""frequency"": ""0"", ""motorcar"": ""designated"", ""name"": ""Merimbula Supercharger"", ""network"": ""Supercharger"", ""network:website"": ""https://www.tesla.com/supercharger"", ""network:wikidata"": ""Q17089620"", ""opening_hours"": ""24/7"", ""operator"": ""Tesla"", ""operator:wikidata"": ""Q478214"", ""ref:supercharge_info"": ""5378"", ""ref:tesla"": ""31598"", ""socket:type2_combo"": ""8"", ""website"": ""https://www.tesla.com/findus/location/supercharger/31598""}",data/raw/osm_chargers.json,https://www.openstreetmap.org/node/13566011211
node/13586251301,,Evie,-33.8686703,151.1186059,,CCS (Type 2),24/7,,,,"{""amenity"": ""charging_station"", ""bicycle"": ""no"", ""capacity:motorcar"": ""2"", ""check_date"": ""2026-07-10"", ""check_date:capacity:motorcar"": ""2026-07-10"", ""check_date:opening_hours"": ""2026-02-16"", ""opening_hours"": ""24/7"", ""operator"": ""Evie Networks"", ""socket:type2_combo"": ""2"", ""socket:type2_combo:output"": ""75""}",data/raw/osm_chargers.json,https://www.openstreetmap.org/node/13586251301
node/13613220880,,Ampol AmpCharge,-33.801551,150.888025,,,,,,,"{""amenity"": ""charging_station"", ""operator"": ""AmpCharge"", ""operator:wikidata"": ""Q111744561""}",data/raw/osm_chargers.json,https://www.openstreetmap.org/node/13613220880
node/13613244882,,Ampol AmpCharge,-33.8022938,150.8810765,,,,,,,"{""amenity"": ""charging_station"", ""operator"": ""AmpCharge"", ""operator:wikidata"": ""Q111744561""}",data/raw/osm_chargers.json,https://www.openstreetmap.org/node/13613244882
node/13639603763,,BP Pulse (AU),-33.7197252,150.8448654,,CCS (Type 2); CHAdeMO,,,,,"{""amenity"": ""charging_station"", ""brand"": ""bp pulse"", ""brand:wikidata"": ""Q39057719"", ""capacity"": ""6"", ""operator"": ""bp pulse"", ""operator:wikidata"": ""Q39057719"", ""socket:chademo"": ""1"", ""socket:type2_combo"": ""6""}",data/raw/osm_chargers.json,https://www.openstreetmap.org/node/13639603763
node/13639648647,,BP Pulse (AU),-33.8941528,150.8579802,,CCS (Type 2),,,,,"{""amenity"": ""charging_station"", ""brand"": ""bp pulse"", ""brand:wikidata"": ""Q39057719"", ""capacity"": ""2"", ""operator"": ""bp pulse"", ""operator:wikidata"": ""Q39057719"", ""socket:type2_combo"": ""2""}",data/raw/osm_chargers.json,https://www.openstreetmap.org/node/13639648647
node/13650008970,,cityev,-31.6345112,152.7234641,,,,,,,"{""amenity"": ""charging_station"", ""bicycle"": ""no"", ""capacity:motorcar"": ""1"", ""operator"": ""cityEV""}",data/raw/osm_chargers.json,https://www.openstreetmap.org/node/13650008970
node/13657147557,,Chargefox,-37.1394067,146.4552009,,CCS (Type 2),,,,,"{""amenity"": ""charging_station"", ""capacity"": ""4"", ""operator"": ""Chargefox"", ""operator:wikidata"": ""Q105775824"", ""socket:type2_combo"": ""4"", ""socket:type2_combo:output"": ""22 kW""}",data/raw/osm_chargers.json,https://www.openstreetmap.org/node/13657147557
node/13668077101,,EVX,-33.8842603,151.0813761,,,24/7,,,,"{""amenity"": ""charging_station"", ""check_date"": ""2026-03-22"", ""check_date:opening_hours"": ""2026-03-22"", ""opening_hours"": ""24/7"", ""operator"": ""EVX"", ""socket:type2"": ""2"", ""socket:type2:output"": ""22""}",data/raw/osm_chargers.json,https://www.openstreetmap.org/node/13668077101
node/13670381853,,BP Pulse (AU),-33.4193774,149.6223896,,CCS (Type 2),,,,,"{""amenity"": ""charging_station"", ""brand"": ""bp pulse"", ""brand:wikidata"": ""Q39057719"", ""capacity"": ""6"", ""operator"": ""bp pulse"", ""operator:wikidata"": ""Q39057719"", ""socket:type2_combo"": ""6""}",data/raw/osm_chargers.json,https://www.openstreetmap.org/node/13670381853
node/13676576817,,BP Pulse (AU),-35.3660072,149.0951713,,CCS (Type 2),,yes,,,"{""access"": ""yes"", ""amenity"": ""charging_station"", ""brand"": ""bp pulse"", ""brand:wikidata"": ""Q39057719"", ""capacity"": ""150kW"", ""charge"": ""$0.72/kWh"", ""check_date"": ""2026-03-25"", ""covered"": ""no"", ""network"": ""bp pulse"", ""operator"": ""bp pulse"", ""operator:wikidata"": ""Q39057719"", ""payment:app"": ""yes"", ""phone:AU"": ""1300 002 738"", ""self_service"": ""yes"", ""socket:type2_combo"": ""6"", ""source"": ""Plugshare""}",data/raw/osm_chargers.json,https://www.openstreetmap.org/node/13676576817
node/13688532602,Eastlakes Supercharger,Tesla,-33.9243219,151.2114879,,,24/7,yes,yes,https://www.tesla.com/findus/location/supercharger/459913,"{""access"": ""yes"", ""amenity"": ""charging_station"", ""brand"": ""Tesla Supercharger"", ""brand:website"": ""https://www.tesla.com/supercharger"", ""brand:wikidata"": ""Q17089620"", ""fee"": ""yes"", ""frequency"": ""0"", ""motorcar"": ""designated"", ""name"": ""Eastlakes Supercharger"", ""network"": ""Supercharger"", ""network:website"": ""https://www.tesla.com/supercharger"", ""network:wikidata"": ""Q17089620"", ""opening_hours"": ""24/7"", ""operator"": ""Tesla"", ""operator:wikidata"": ""Q478214"", ""ref:tesla"": ""459913"", ""website"": ""https://www.tesla.com/findus/location/supercharger/459913""}",data/raw/osm_chargers.json,https://www.openstreetmap.org/node/13688532602
node/13688536001,Dee Why Supercharger,Tesla,-33.7534558,151.2870635,,,24/7,yes,yes,https://www.tesla.com/findus/location/supercharger/4009259,"{""access"": ""yes"", ""amenity"": ""charging_station"", ""brand"": ""Tesla Supercharger"", ""brand:website"": ""https://www.tesla.com/supercharger"", ""brand:wikidata"": ""Q17089620"", ""fee"": ""yes"", ""frequency"": ""0"", ""motorcar"": ""designated"", ""name"": ""Dee Why Supercharger"", ""network"": ""Supercharger"", ""network:website"": ""https://www.tesla.com/supercharger"", ""network:wikidata"": ""Q17089620"", ""opening_hours"": ""24/7"", ""operator"": ""Tesla"", ""operator:wikidata"": ""Q478214"", ""ref:tesla"": ""4009259"", ""website"": ""https://www.tesla.com/findus/location/supercharger/4009259""}",data/raw/osm_chargers.json,https://www.openstreetmap.org/node/13688536001
node/13694302014,Tesla Supercharger,Tesla,-32.7735481,151.3104542,,CCS (Type 2),,,,,"{""amenity"": ""charging_station"", ""brand"": ""Tesla Supercharger"", ""brand:wikidata"": ""Q17089620"", ""capacity"": ""8"", ""name"": ""Tesla Supercharger"", ""operator"": ""Tesla"", ""operator:wikidata"": ""Q478214"", ""ref:supercharge_info"": ""10511"", ""socket:type2_combo"": ""8""}",data/raw/osm_chargers.json,https://www.openstreetmap.org/node/13694302014
node/13722408351,Tesla Supercharger,Tesla,-34.0271233,151.1190449,,,,,,,"{""amenity"": ""charging_station"", ""brand"": ""Tesla Supercharger"", ""brand:wikidata"": ""Q17089620"", ""name"": ""Tesla Supercharger"", ""operator"": ""Tesla"", ""operator:wikidata"": ""Q478214""}",data/raw/osm_chargers.json,https://www.openstreetmap.org/node/13722408351
node/13728878368,,Evie,-35.174409,149.0965067,,,,yes,yes,,"{""access"": ""yes"", ""amenity"": ""charging_station"", ""capacity"": ""4"", ""fee"": ""yes"", ""not:operator:wikidata"": ""Q105795220"", ""operator"": ""Evie Networks""}",data/raw/osm_chargers.json,https://www.openstreetmap.org/node/13728878368
node/13736523001,,agl,-33.90948,151.177866,,,24/7,yes,yes,,"{""access"": ""yes"", ""amenity"": ""charging_station"", ""bicycle"": ""no"", ""capacity:motorcar"": ""1"", ""check_date"": ""2026-04-17"", ""check_date:capacity:motorcar"": ""2026-04-17"", ""check_date:opening_hours"": ""2026-04-17"", ""fee"": ""yes"", ""opening_hours"": ""24/7"", ""operator"": ""AGL"", ""payment:app"": ""yes"", ""socket:type2"": ""1"", ""socket:type2:output"": ""22""}",data/raw/osm_chargers.json,https://www.openstreetmap.org/node/13736523001
node/13762401039,,NRMA,-34.8455193,148.9130641,,CCS (Type 2),,,,,"{""amenity"": ""charging_station"", ""capacity"": ""9"", ""operator"": ""NRMA"", ""operator:wikidata"": ""Q6955173"", ""socket:type2"": ""5"", ""socket:type2_combo"": ""4""}",data/raw/osm_chargers.json,https://www.openstreetmap.org/node/13762401039
node/13774442635,,Exploren,-33.7580667,150.691782,,CCS (Type 2),,,,,"{""amenity"": ""charging_station"", ""capacity"": ""2"", ""operator"": ""Exploren"", ""operator:wikidata"": ""Q130278349"", ""socket:type2_combo"": ""2"", ""socket:type2_combo:output"": ""150 kW""}",data/raw/osm_chargers.json,https://www.openstreetmap.org/node/13774442635
node/13774450454,,BP Pulse (AU),-33.8928944,151.0389225,,CCS (Type 2); CHAdeMO,,,,,"{""amenity"": ""charging_station"", ""brand"": ""bp pulse"", ""brand:wikidata"": ""Q39057719"", ""capacity"": ""8"", ""operator"": ""bp pulse"", ""operator:wikidata"": ""Q39057719"", ""socket:chademo"": ""1"", ""socket:type2_combo"": ""8""}",data/raw/osm_chargers.json,https://www.openstreetmap.org/node/13774450454
node/13804420298,,Evie,-33.8160921,150.9690811,,CCS (Type 2),,,,,"{""amenity"": ""charging_station"", ""capacity"": ""4"", ""operator"": ""Evie Networks"", ""operator:wikidata"": ""Q105795220"", ""socket:type2_combo"": ""4""}",data/raw/osm_chargers.json,https://www.openstreetmap.org/node/13804420298
node/13805070070,,Chargefox,-33.6957204,151.0315164,,,,,,,"{""amenity"": ""charging_station"", ""capacity"": ""2"", ""operator"": ""Chargefox"", ""operator:wikidata"": ""Q105775824"", ""socket:type2"": ""2""}",data/raw/osm_chargers.json,https://www.openstreetmap.org/node/13805070070
node/13805076026,,Ampol AmpCharge,-33.6830063,151.028519,,CCS (Type 2); CHAdeMO,,,,,"{""amenity"": ""charging_station"", ""capacity"": ""2"", ""operator"": ""AmpCharge"", ""operator:wikidata"": ""Q111744561"", ""socket:chademo"": ""1"", ""socket:type2_combo"": ""1""}",data/raw/osm_chargers.json,https://www.openstreetmap.org/node/13805076026
node/13805098738,,Ampol AmpCharge,-33.7135886,150.9723746,,CCS (Type 2),,,,,"{""amenity"": ""charging_station"", ""capacity"": ""8"", ""operator"": ""AmpCharge"", ""operator:wikidata"": ""Q111744561"", ""socket:type2_combo"": ""8""}",data/raw/osm_chargers.json,https://www.openstreetmap.org/node/13805098738
node/13810069801,,EVX,-33.8795334,151.1564993,,,24/7,,,,"{""amenity"": ""charging_station"", ""bicycle"": ""no"", ""capacity:motorcar"": ""2"", ""check_date"": ""2026-07-14"", ""check_date:capacity:motorcar"": ""2026-07-14"", ""check_date:opening_hours"": ""2026-05-09"", ""opening_hours"": ""24/7"", ""operator"": ""EVX"", ""socket:type2"": ""2"", ""socket:type2:output"": ""22""}",data/raw/osm_chargers.json,https://www.openstreetmap.org/node/13810069801
node/13829651260,,Exploren,-37.5440331,144.8911706,,CCS (Type 2),,,,,"{""amenity"": ""charging_station"", ""capacity"": ""2"", ""operator"": ""Exploren"", ""operator:wikidata"": ""Q130278349"", ""socket:type2_combo"": ""2""}",data/raw/osm_chargers.json,https://www.openstreetmap.org/node/13829651260
node/13830632498,,,-29.4500482,153.2004198,,,,yes,yes,,"{""access"": ""yes"", ""amenity"": ""charging_station"", ""capacity"": ""25"", ""charge"": ""75c/kWh 4-9pm, 50c/kWh all other times"", ""fee"": ""yes"", ""payment:cards"": ""yes"", ""payment:cash"": ""yes""}",data/raw/osm_chargers.json,https://www.openstreetmap.org/node/13830632498
node/13833992860,,NRMA,-33.2814536,149.1027586,,CCS (Type 2),24/7,,yes,,"{""amenity"": ""charging_station"", ""authentication:app"": ""yes"", ""capacity"": ""2"", ""covered"": ""no"", ""fee"": ""yes"", ""motorcar"": ""yes"", ""motorcycle"": ""yes"", ""opening_hours"": ""24/7"", ""operator"": ""NRMA"", ""operator:wikidata"": ""Q6955173"", ""socket:type2_combo"": ""2"", ""socket:type2_combo:output"": ""50 kW""}",data/raw/osm_chargers.json,https://www.openstreetmap.org/node/13833992860
node/13854720801,,Chargefox,-33.8808278,151.1316481,,CCS (Type 2),,,,,"{""amenity"": ""charging_station"", ""bicycle"": ""no"", ""check_date"": ""2026-05-21"", ""operator"": ""Chargefox"", ""socket:type2"": ""1"", ""socket:type2:output"": ""22"", ""socket:type2_combo"": ""4"", ""socket:type2_combo:output"": ""47""}",data/raw/osm_chargers.json,https://www.openstreetmap.org/node/13854720801
node/13898003740,Tesla Supercharger,Tesla,-35.1886416,149.0822289,,CCS (Type 2),,,,,"{""amenity"": ""charging_station"", ""brand"": ""Tesla Supercharger"", ""brand:wikidata"": ""Q17089620"", ""capacity"": ""4"", ""name"": ""Tesla Supercharger"", ""operator"": ""Tesla"", ""operator:wikidata"": ""Q478214"", ""ref:supercharge_info"": ""11237"", ""socket:type2_combo"": ""4"", ""socket:type2_combo:output"": ""250 kW""}",data/raw/osm_chargers.json,https://www.openstreetmap.org/node/13898003740
node/13908854341,Tesla Supercharger,Tesla,-32.7923254,151.7262121,,CCS (Type 2),,,,,"{""amenity"": ""charging_station"", ""brand"": ""Tesla Supercharger"", ""brand:wikidata"": ""Q17089620"", ""capacity"": ""12"", ""name"": ""Tesla Supercharger"", ""operator"": ""Tesla"", ""operator:wikidata"": ""Q478214"", ""ref:supercharge_info"": ""7238"", ""socket:type2_combo"": ""12"", ""socket:type2_combo:output"": ""250 kW""}",data/raw/osm_chargers.json,https://www.openstreetmap.org/node/13908854341
node/13928456263,,Exploren,-34.3538338,146.9019292,,CCS (Type 2),,,,,"{""amenity"": ""charging_station"", ""operator"": ""Exploren"", ""operator:wikidata"": ""Q130278349"", ""socket:type2"": ""2"", ""socket:type2:output"": ""22 kW"", ""socket:type2_combo"": ""1"", ""socket:type2_combo:output"": ""60 kW""}",data/raw/osm_chargers.json,https://www.openstreetmap.org/node/13928456263
node/13928544015,,Chargefox,-31.078217,152.8432253,,CCS (Type 2),,,,,"{""amenity"": ""charging_station"", ""brand"": ""Woolworths"", ""capacity"": ""4"", ""operator"": ""Chargefox"", ""operator:wikidata"": ""Q105775824"", ""socket:type2_combo"": ""4"", ""socket:type2_combo:output"": ""100 kW""}",data/raw/osm_chargers.json,https://www.openstreetmap.org/node/13928544015
node/13928568813,,NRMA,-30.3387457,152.7136732,,,,,,,"{""amenity"": ""charging_station"", ""operator"": ""NRMA"", ""operator:wikidata"": ""Q6955173""}",data/raw/osm_chargers.json,https://www.openstreetmap.org/node/13928568813
node/13928568814,,NRMA,-30.3382377,152.7128113,,CCS (Type 2); CHAdeMO,,,,,"{""amenity"": ""charging_station"", ""capacity"": ""2"", ""operator"": ""NRMA"", ""operator:wikidata"": ""Q6955173"", ""socket:chademo"": ""2"", ""socket:chademo:output"": ""75 kW"", ""socket:type2_combo"": ""2"", ""socket:type2_combo:output"": ""75 kW""}",data/raw/osm_chargers.json,https://www.openstreetmap.org/node/13928568814
node/13928606247,,Ampol AmpCharge,-32.707954,151.5070686,,CCS (Type 2); CHAdeMO,,,,,"{""amenity"": ""charging_station"", ""capacity"": ""2"", ""operator"": ""AmpCharge"", ""operator:wikidata"": ""Q111744561"", ""socket:chademo"": ""1"", ""socket:type2_combo"": ""1""}",data/raw/osm_chargers.json,https://www.openstreetmap.org/node/13928606247
node/13928607012,,BP Pulse (AU),-32.7148801,151.52707,,,,,,,"{""amenity"": ""charging_station"", ""brand"": ""bp pulse"", ""brand:wikidata"": ""Q39057719"", ""operator"": ""bp pulse"", ""operator:wikidata"": ""Q39057719""}",data/raw/osm_chargers.json,https://www.openstreetmap.org/node/13928607012
node/13948835373,,Ampol AmpCharge,-32.7619072,151.5924713,,CCS (Type 2),,,,,"{""amenity"": ""charging_station"", ""capacity"": ""8"", ""operator"": ""AmpCharge"", ""operator:wikidata"": ""Q111744561"", ""socket:type2_combo"": ""8""}",data/raw/osm_chargers.json,https://www.openstreetmap.org/node/13948835373
node/13949256586,,,-32.7177368,151.5283261,,,,,,,"{""amenity"": ""charging_station"", ""capacity"": ""2""}",data/raw/osm_chargers.json,https://www.openstreetmap.org/node/13949256586
node/13951277981,Tesla Supercharger,Tesla,-37.4126631,144.9807731,,CCS (Type 2),,,,,"{""amenity"": ""charging_station"", ""brand"": ""Tesla Supercharger"", ""brand:wikidata"": ""Q17089620"", ""capacity"": ""6"", ""name"": ""Tesla Supercharger"", ""operator"": ""Tesla"", ""operator:wikidata"": ""Q478214"", ""ref:supercharge_info"": ""10510"", ""socket:type2_combo"": ""6""}",data/raw/osm_chargers.json,https://www.openstreetmap.org/node/13951277981
node/13951280503,Tesla Supercharger,Tesla,-28.649801,153.6136707,,CCS (Type 2),,,,,"{""amenity"": ""charging_station"", ""brand"": ""Tesla Supercharger"", ""brand:wikidata"": ""Q17089620"", ""capacity"": ""8"", ""name"": ""Tesla Supercharger"", ""operator"": ""Tesla"", ""operator:wikidata"": ""Q478214"", ""ref:supercharge_info"": ""11602"", ""socket:type2_combo"": ""8""}",data/raw/osm_chargers.json,https://www.openstreetmap.org/node/13951280503
node/13953152378,,Ampol AmpCharge,-33.3728412,151.4727423,,CCS (Type 2); CHAdeMO,,yes,yes,,"{""access"": ""yes"", ""amenity"": ""charging_station"", ""capacity"": ""10"", ""charge"": ""$0.75/kWh"", ""fee"": ""yes"", ""operator"": ""AmpCharge"", ""operator:wikidata"": ""Q111744561"", ""socket:chademo"": ""5"", ""socket:type2_combo"": ""10""}",data/raw/osm_chargers.json,https://www.openstreetmap.org/node/13953152378
node/13953454186,,Evie,-33.8273589,151.2304086,,,,,yes,,"{""amenity"": ""charging_station"", ""check_date"": ""2026-04-08"", ""fee"": ""yes"", ""operator"": ""Evie Networks"", ""operator:wikidata"": ""Q105795220""}",data/raw/osm_chargers.json,https://www.openstreetmap.org/node/13953454186
node/13954740522,Tesla Supercharger,Tesla,-34.9160116,150.6048383,,CCS (Type 2),,,,,"{""amenity"": ""charging_station"", ""brand"": ""Tesla Supercharger"", ""brand:wikidata"": ""Q17089620"", ""capacity"": ""12"", ""name"": ""Tesla Supercharger"", ""operator"": ""Tesla"", ""operator:wikidata"": ""Q478214"", ""ref:supercharge_info"": ""9433"", ""socket:type2_combo"": ""12""}",data/raw/osm_chargers.json,https://www.openstreetmap.org/node/13954740522
node/13966472049,,Chargefox,-33.7009719,150.805339,,CCS (Type 2),,,,,"{""amenity"": ""charging_station"", ""capacity"": ""2"", ""operator"": ""Chargefox"", ""operator:wikidata"": ""Q105775824"", ""socket:type2_combo"": ""2"", ""socket:type2_combo:output"": ""240 kW""}",data/raw/osm_chargers.json,https://www.openstreetmap.org/node/13966472049
node/13971868676,,Tesla,-33.4184874,149.5829572,,,24/7,,yes,,"{""amenity"": ""charging_station"", ""brand"": ""Tesla"", ""brand:wikidata"": ""Q17089620"", ""brand:wikipedia"": ""en:Tesla Supercharger"", ""capacity"": ""2"", ""fee"": ""yes"", ""motorcar"": ""yes"", ""motorcycle"": ""yes"", ""opening_hours"": ""24/7"", ""operator"": ""Tesla"", ""operator:wikidata"": ""Q478214""}",data/raw/osm_chargers.json,https://www.openstreetmap.org/node/13971868676
node/13972238798,,,-33.8435555,151.2138005,,,,,,,"{""amenity"": ""charging_station"", ""capacity"": ""2""}",data/raw/osm_chargers.json,https://www.openstreetmap.org/node/13972238798
node/13972238799,,,-33.8435153,151.2137574,,,,,,,"{""amenity"": ""charging_station"", ""capacity"": ""2""}",data/raw/osm_chargers.json,https://www.openstreetmap.org/node/13972238799
node/13977276314,,,-28.6297393,153.5802747,,,,,yes,,"{""amenity"": ""charging_station"", ""fee"": ""yes"", ""motorcar"": ""yes"", ""motorcycle"": ""yes""}",data/raw/osm_chargers.json,https://www.openstreetmap.org/node/13977276314
node/14011529760,,Exploren,-33.9083535,151.0578497,,CCS (Type 2),,,,,"{""amenity"": ""charging_station"", ""capacity"": ""2"", ""operator"": ""Exploren"", ""operator:wikidata"": ""Q130278349"", ""socket:type2_combo"": ""2"", ""socket:type2_combo:output"": ""50 kW""}",data/raw/osm_chargers.json,https://www.openstreetmap.org/node/14011529760
node/14020908421,,NRMA,-34.0257886,150.7780831,,CCS (Type 2),,,,,"{""amenity"": ""charging_station"", ""capacity"": ""4"", ""operator"": ""NRMA"", ""operator:wikidata"": ""Q6955173"", ""socket:type2:output"": ""120 kW"", ""socket:type2_combo"": ""4""}",data/raw/osm_chargers.json,https://www.openstreetmap.org/node/14020908421
node/14028000688,,Exploren,-35.2418293,149.1268271,1 Riggall Place,,,,yes,,"{""addr:housenumber"": ""1"", ""addr:street"": ""Riggall Place"", ""amenity"": ""charging_station"", ""brand"": ""Exploren"", ""capacity"": ""6"", ""fee"": ""yes"", ""socket:type2:output"": ""150 kW""}",data/raw/osm_chargers.json,https://www.openstreetmap.org/node/14028000688
node/14028035884,,Exploren,-33.8975351,151.1232149,,,,yes,yes,,"{""access"": ""yes"", ""amenity"": ""charging_station"", ""covered"": ""no"", ""fee"": ""yes"", ""operator"": ""Exploren"", ""operator:wikidata"": ""Q130278349"", ""socket:type2_cable"": ""2"", ""socket:type2_cable:output"": ""22""}",data/raw/osm_chargers.json,https://www.openstreetmap.org/node/14028035884
node/14039076690,,Exploren,-33.2806147,149.102941,,,24/7,,yes,,"{""amenity"": ""charging_station"", ""authentication:app"": ""yes"", ""authentication:contactless"": ""yes"", ""capacity"": ""4"", ""covered"": ""no"", ""fee"": ""yes"", ""motorcar"": ""yes"", ""motorcycle"": ""yes"", ""opening_hours"": ""24/7"", ""operator"": ""Exploren"", ""parking:fee"": ""no"", ""socket:type2"": ""4"", ""socket:type2:output"": ""7 kW""}",data/raw/osm_chargers.json,https://www.openstreetmap.org/node/14039076690
node/14039088101,,Exploren,-33.2553363,149.0961362,,,24/7,,yes,,"{""amenity"": ""charging_station"", ""authentication:app"": ""yes"", ""authentication:contactless"": ""yes"", ""capacity"": ""2"", ""covered"": ""no"", ""fee"": ""yes"", ""motorcar"": ""yes"", ""motorcycle"": ""yes"", ""opening_hours"": ""24/7"", ""operator"": ""Exploren"", ""parking:fee"": ""no"", ""socket:type2"": ""2"", ""socket:type2:output"": ""22 kW""}",data/raw/osm_chargers.json,https://www.openstreetmap.org/node/14039088101
node/14044903688,,evlink,-33.7387388,151.3042225,9 Anzac Avenue,,,yes,yes,,"{""access"": ""yes"", ""addr:housenumber"": ""9"", ""addr:street"": ""Anzac Avenue"", ""amenity"": ""charging_station"", ""brand"": ""EVlink"", ""capacity"": ""1"", ""check_date"": ""2026-07-24"", ""covered"": ""no"", ""fee"": ""yes""}",data/raw/osm_chargers.json,https://www.openstreetmap.org/node/14044903688
node/14067768887,,Chargefox,-33.9225989,151.1646134,,,Mo-Su 06:00-21:00,yes,yes,,"{""access"": ""yes"", ""amenity"": ""charging_station"", ""capacity"": ""4"", ""covered"": ""yes"", ""fee"": ""yes"", ""level"": ""-1"", ""opening_hours"": ""Mo-Su 06:00-21:00"", ""operator"": ""Chargefox"", ""operator:wikidata"": ""Q105775824"", ""socket:type2"": ""4"", ""socket:type2:output"": ""22 kW""}",data/raw/osm_chargers.json,https://www.openstreetmap.org/node/14067768887
node/14071459701,EV charging,,-33.8863086,151.2380626,,,,,,,"{""amenity"": ""charging_station"", ""name"": ""EV charging""}",data/raw/osm_chargers.json,https://www.openstreetmap.org/node/14071459701
node/14074238901,,Chargefox,-33.8915435,151.1337213,,,24/7,,,,"{""amenity"": ""charging_station"", ""charging_station:output"": ""22 kW"", ""check_date"": ""2026-08-05"", ""check_date:opening_hours"": ""2026-08-05"", ""opening_hours"": ""24/7"", ""operator"": ""Chargefox"", ""operator:wikidata"": ""Q105775824"", ""socket:type2"": ""yes""}",data/raw/osm_chargers.json,https://www.openstreetmap.org/node/14074238901
node/14075869947,,Ampol AmpCharge,-33.2557264,151.4026311,,CCS (Type 2),,,,,"{""amenity"": ""charging_station"", ""capacity"": ""8"", ""operator"": ""AmpCharge"", ""operator:wikidata"": ""Q111744561"", ""socket:type2_combo"": ""8"", ""socket:type2_combo:output"": ""200 kW""}",data/raw/osm_chargers.json,https://www.openstreetmap.org/node/14075869947
node/14075869948,,Ampol AmpCharge,-33.2537592,151.4055458,,CCS (Type 2),,,,,"{""amenity"": ""charging_station"", ""capacity"": ""8"", ""operator"": ""AmpCharge"", ""operator:wikidata"": ""Q111744561"", ""socket:type2_combo"": ""8"", ""socket:type2_combo:output"": ""200 kW""}",data/raw/osm_chargers.json,https://www.openstreetmap.org/node/14075869948
node/14089613013,,Evie,-35.2388816,149.0717617,,CCS (Type 2); CHAdeMO,,,,,"{""amenity"": ""charging_station"", ""capacity"": ""4"", ""operator"": ""Evie Networks"", ""operator:wikidata"": ""Q105795220"", ""socket:chademo"": ""1"", ""socket:type2_combo"": ""3""}",data/raw/osm_chargers.json,https://www.openstreetmap.org/node/14089613013
node/14091624304,,EVX,-33.8870608,151.1219345,,,24/7,yes,yes,,"{""access"": ""yes"", ""amenity"": ""charging_station"", ""capacity"": ""2"", ""check_date"": ""2026-08-13"", ""check_date:opening_hours"": ""2026-08-13"", ""covered"": ""no"", ""fee"": ""yes"", ""opening_hours"": ""24/7"", ""operator"": ""EVX"", ""socket:type2"": ""yes"", ""socket:type2:output"": ""22 kW""}",data/raw/osm_chargers.json,https://www.openstreetmap.org/node/14091624304
node/14096025501,,,-36.3989708,144.9790122,Winter Road,,,,,,"{""addr:street"": ""Winter Road"", ""amenity"": ""charging_station""}",data/raw/osm_chargers.json,https://www.openstreetmap.org/node/14096025501
node/14105992281,,BP Pulse (AU),-36.4147399,148.6179842,,CCS (Type 2); CHAdeMO,,customers,yes,,"{""access"": ""customers"", ""amenity"": ""charging_station"", ""brand"": ""bp pulse"", ""brand:wikidata"": ""Q39057719"", ""fee"": ""yes"", ""operator"": ""bp pulse"", ""operator:wikidata"": ""Q39057719"", ""socket:chademo"": ""1"", ""socket:type2_combo"": ""1""}",data/raw/osm_chargers.json,https://www.openstreetmap.org/node/14105992281
node/14106496303,,,-33.7027915,151.1136235,,,,,yes,,"{""amenity"": ""charging_station"", ""fee"": ""yes"", ""motorcar"": ""yes"", ""motorcycle"": ""yes""}",data/raw/osm_chargers.json,https://www.openstreetmap.org/node/14106496303
node/14113976572,,Ampol AmpCharge,-35.1864275,149.1356065,,CCS (Type 2),,,,,"{""amenity"": ""charging_station"", ""capacity"": ""6"", ""operator"": ""AmpCharge"", ""operator:wikidata"": ""Q111744561"", ""socket:type2_combo"": ""6"", ""socket:type2_combo:output"": ""140 kW""}",data/raw/osm_chargers.json,https://www.openstreetmap.org/node/14113976572
node/14113976573,,Exploren,-35.1845817,149.1328278,,CCS (Type 2); CHAdeMO,,,,,"{""amenity"": ""charging_station"", ""capacity"": ""6"", ""operator"": ""Exploren"", ""operator:wikidata"": ""Q130278349"", ""socket:chademo"": ""1"", ""socket:type2_combo"": ""5"", ""socket:type2_combo:output"": ""150 kW""}",data/raw/osm_chargers.json,https://www.openstreetmap.org/node/14113976573
node/14113976574,,Exploren,-35.1840955,149.1304665,,CCS (Type 2),,,,,"{""amenity"": ""charging_station"", ""capacity"": ""2"", ""operator"": ""Exploren"", ""operator:wikidata"": ""Q130278349"", ""socket:type2_combo"": ""2"", ""socket:type2_combo:output"": ""120 kW""}",data/raw/osm_chargers.json,https://www.openstreetmap.org/node/14113976574
node/14128602001,,EVX,-33.8656032,151.1678353,,,24/7,,,,"{""amenity"": ""charging_station"", ""check_date"": ""2026-08-27"", ""check_date:opening_hours"": ""2026-08-27"", ""opening_hours"": ""24/7"", ""operator"": ""EVX"", ""socket:type2"": ""yes;yes""}",data/raw/osm_chargers.json,https://www.openstreetmap.org/node/14128602001
node/14132970332,,Evie,-35.3207304,149.1346341,,CCS (Type 2); CHAdeMO,,,,,"{""amenity"": ""charging_station"", ""capacity"": ""4"", ""operator"": ""Evie Networks"", ""operator:wikidata"": ""Q105795220"", ""socket:chademo"": ""1"", ""socket:type2_combo"": ""3""}",data/raw/osm_chargers.json,https://www.openstreetmap.org/node/14132970332
node/14156174213,,Ampol AmpCharge,-33.4675382,151.3825181,,,,yes,yes,,"{""access"": ""yes"", ""amenity"": ""charging_station"", ""capacity"": ""4"", ""charge"": ""$0.75/kWh"", ""fee"": ""yes"", ""operator"": ""AmpCharge"", ""operator:wikidata"": ""Q111744561"", ""power"": ""120kW""}",data/raw/osm_chargers.json,https://www.openstreetmap.org/node/14156174213
way/762728901,Tesla Supercharger,Tesla,-32.4474443,150.832246,,Tesla Supercharger,24/7,yes,yes,https://www.tesla.com/findus/location/supercharger/singletonnswsupercharger,"{""access"": ""yes"", ""amenity"": ""charging_station"", ""area"": ""yes"", ""brand"": ""Tesla Supercharger"", ""brand:website"": ""https://www.tesla.com/supercharger"", ""brand:wikidata"": ""Q17089620"", ""brand:wikipedia"": ""en:Tesla Supercharger"", ""capacity"": ""6"", ""description"": ""Hollydene Supercharger"", ""fee"": ""yes"", ""frequency"": ""0"", ""motorcar"": ""designated"", ""name"": ""Tesla Supercharger"", ""network"": ""Supercharger"", ""network:website"": ""https://www.tesla.com/supercharger"", ""network:wikidata"": ""Q17089620"", ""opening_hours"": ""24/7"", ""operator"": ""Tesla"", ""operator:wikidata"": ""Q478214"", ""ref:tesla"": ""singletonnswsupercharger"", ""short_name"": ""Tesla"", ""socket:tesla_supercharger"": ""6"", ""socket:tesla_supercharger:output"": ""120 kW"", ""website"": ""https://www.tesla.com/findus/location/supercharger/singletonnswsupercharger""}",data/raw/osm_chargers.json,https://www.openstreetmap.org/way/762728901
way/1286144585,EV charge stations,Chargefox,-32.8955483,151.7041177,,,,,,,"{""amenity"": ""charging_station"", ""capacity"": ""4"", ""name"": ""EV charge stations"", ""operator"": ""Chargefox"", ""operator:wikidata"": ""Q105775824""}",data/raw/osm_chargers.json,https://www.openstreetmap.org/way/1286144585
way/1437082622,,,-37.1008052,145.6169088,,,,,,,"{""amenity"": ""charging_station"", ""area"": ""yes""}",data/raw/osm_chargers.json,https://www.openstreetmap.org/way/1437082622
way/1459249999,Tesla Supercharger,Tesla,-30.2739318,153.132588,,CCS (Type 2),24/7,yes,yes,https://www.tesla.com/findus/location/supercharger/31615,"{""access"": ""yes"", ""amenity"": ""charging_station"", ""brand"": ""Tesla Supercharger"", ""brand:website"": ""https://www.tesla.com/supercharger"", ""brand:wikidata"": ""Q17089620"", ""capacity"": ""16"", ""fee"": ""yes"", ""frequency"": ""0"", ""motorcar"": ""designated"", ""name"": ""Tesla Supercharger"", ""network"": ""Supercharger"", ""network:website"": ""https://www.tesla.com/supercharger"", ""network:wikidata"": ""Q17089620"", ""opening_hours"": ""24/7"", ""operator"": ""Tesla"", ""operator:wikidata"": ""Q478214"", ""ref:supercharge_info"": ""8804"", ""ref:tesla"": ""31615"", ""socket:type2_combo"": ""16"", ""website"": ""https://www.tesla.com/findus/location/supercharger/31615""}",data/raw/osm_chargers.json,https://www.openstreetmap.org/way/1459249999
way/1462270508,Coles EV Charge Station,evlink,-35.0757599,147.3583829,,,,yes,yes,,"{""access"": ""yes"", ""amenity"": ""charging_station"", ""capacity"": ""4"", ""fee"": ""yes"", ""manufacturer"": ""Schindler"", ""name"": ""Coles EV Charge Station"", ""operator"": ""EVlink"", ""operator:wikidata"": ""Q130270938""}",data/raw/osm_chargers.json,https://www.openstreetmap.org/way/1462270508
way/1492451057,,Exploren,-35.3190467,149.0936875,,CCS (Type 2); CHAdeMO,24/7,yes,yes,,"{""access"": ""yes"", ""amenity"": ""charging_station"", ""capacity"": ""6"", ""charge"": ""$0.72/kWh"", ""covered"": ""no"", ""fee"": ""yes"", ""manufacturer"": ""Kempower"", ""network"": ""Exploren"", ""opening_hours"": ""24/7"", ""operator"": ""Exploren"", ""operator:wikidata"": ""Q130278349"", ""payment:app"": ""yes"", ""socket:chademo"": ""1"", ""socket:chademo:output"": ""50 kW"", ""socket:type2_combo"": ""5"", ""socket:type2_combo:output"": ""150 kW""}",data/raw/osm_chargers.json,https://www.openstreetmap.org/way/1492451057
way/1492451058,,Evie,-35.3230714,149.0931615,,CCS (Type 2); CHAdeMO,,yes,yes,,"{""access"": ""yes"", ""amenity"": ""charging_station"", ""capacity"": ""4"", ""fee"": ""yes"", ""operator"": ""Evie Networks"", ""operator:wikidata"": ""Q105795220"", ""payment:app"": ""yes"", ""socket:chademo"": ""1"", ""socket:type2_combo"": ""3"", ""socket:type2_combo:output"": ""75 kW""}",data/raw/osm_chargers.json,https://www.openstreetmap.org/way/1492451058
way/1513958639,,NRMA,-31.7210639,148.6567236,,CCS (Type 2); CHAdeMO,,,yes,,"{""amenity"": ""charging_station"", ""authentication:app"": ""yes"", ""capacity"": ""2"", ""covered"": ""no"", ""fee"": ""yes"", ""motorcar"": ""yes"", ""motorcycle"": ""yes"", ""operator"": ""NRMA"", ""operator:wikidata"": ""Q6955173"", ""socket:chademo"": ""2"", ""socket:chademo:output"": ""50 kW"", ""socket:type2_combo"": ""2"", ""socket:type2_combo:output"": ""50 kW""}",data/raw/osm_chargers.json,https://www.openstreetmap.org/way/1513958639
way/1515135202,,Evie,-35.1999136,149.1484186,,CCS (Type 2); CHAdeMO,,,yes,,"{""amenity"": ""charging_station"", ""capacity"": ""4"", ""charging_station:output"": ""75 kW"", ""fee"": ""yes"", ""motorcar"": ""yes"", ""motorcycle"": ""yes"", ""operator"": ""Evie Networks"", ""operator:wikidata"": ""Q105795220"", ""socket:chademo"": ""1"", ""socket:type2_combo"": ""3""}",data/raw/osm_chargers.json,https://www.openstreetmap.org/way/1515135202
way/1550315648,,NRMA,-32.2546958,148.5885473,,CCS (Type 2); CHAdeMO,24/7,,yes,,"{""amenity"": ""charging_station"", ""authentication:app"": ""yes"", ""capacity"": ""4"", ""covered"": ""no"", ""fee"": ""yes"", ""frequency"": ""0"", ""motorcar"": ""yes"", ""opening_hours"": ""24/7"", ""operator"": ""NRMA"", ""operator:wikidata"": ""Q6955173"", ""parking:fee"": ""no"", ""payment:contactless"": ""yes"", ""socket:chademo"": ""1"", ""socket:chademo:output"": ""180 kW"", ""socket:type2_combo"": ""3"", ""socket:type2_combo:output"": ""180 kW""}",data/raw/osm_chargers.json,https://www.openstreetmap.org/way/1550315648
way/1550315721,,Chargefox,-32.5551366,148.9437259,,CCS (Type 2),24/7,,yes,,"{""amenity"": ""charging_station"", ""authentication:app"": ""yes"", ""capacity"": ""4"", ""covered"": ""no"", ""fee"": ""yes"", ""frequency"": ""0"", ""motorcar"": ""yes"", ""opening_hours"": ""24/7"", ""operator"": ""Chargefox"", ""operator:wikidata"": ""Q105775824"", ""parking:fee"": ""no"", ""payment:contactless"": ""yes"", ""socket:type2_combo"": ""4"", ""socket:type2_combo:output"": ""50 kW""}",data/raw/osm_chargers.json,https://www.openstreetmap.org/way/1550315721
way/1550315727,,NRMA,-33.0908754,148.8704004,,CCS (Type 2); CHAdeMO,24/7,,yes,,"{""amenity"": ""charging_station"", ""authentication:app"": ""yes"", ""capacity"": ""4"", ""covered"": ""no"", ""fee"": ""yes"", ""motorcar"": ""yes"", ""opening_hours"": ""24/7"", ""operator"": ""NRMA"", ""operator:wikidata"": ""Q6955173"", ""parking:fee"": ""no"", ""payment:contactless"": ""yes"", ""socket:chademo"": ""1"", ""socket:chademo:output"": ""180 kW"", ""socket:type2"": ""1"", ""socket:type2:output"": ""22 kW"", ""socket:type2_combo"": ""1;2"", ""socket:type2_combo:output"": ""180 kW;360 kW""}",data/raw/osm_chargers.json,https://www.openstreetmap.org/way/1550315727
