location_id,operator_id,station_name,address,sa4_code,source_point_sa4_code,regional_assignment_method,regional_review_id,coordinate_status
l_00074c6f55ceacac9181,o_17324b0193cb7a1c3925,Ripples on the Creek,Gradys Creek Rd Gradys Creek NSW 2474 Australia,112,112,point_in_polygon,,analysis_ready
l_003cd07c98f72a53dee8,o_022471524c9d92e538b2,,"39 Seignior St, Junee, 2663",113,113,point_in_polygon,,analysis_ready
l_00684b1f64a5d7c91e27,o_e43c5e61858e588c2c2f,The Beach Rooms,6-10 Fraser St Nambucca Heads NSW 2448 Australia,108,108,point_in_polygon,,analysis_ready
l_008ac5fb98365b432464,o_6a6e0a5733bcc6eefe20,,228 Moore Park Rd Paddington NSW 2021 Australia,118,118,point_in_polygon,,analysis_ready
l_00a4b89e493a7b7e5f68,o_15939ac67df1441fe74a,,478 Pacific Hwy Killara NSW 2071 Australia,121,121,point_in_polygon,,analysis_ready
l_00e81c08bef640fedfd5,o_e43c5e61858e588c2c2f,Murrumbidgee Council,Brolga Pl Coleambally NSW 2707 Australia,113,113,point_in_polygon,,analysis_ready
l_013ab39aaadb01cac7fb,o_3b88759f24dafcbf3977,Mulwala Water Ski Club,156 Melbourne St Mulwala NSW 2647 Australia,109,109,point_in_polygon,,analysis_ready
l_013cd7d16a943c2ec5b9,o_eb0d1fe740ad969aad27,Figtree Grove Shopping Centre,"19 Princes Hwy, Figtree NSW 2525",107,107,point_in_polygon,,analysis_ready
l_013e127f5146fc072294,o_ca5dc5f6227bb7dc6a15,,"Hermitage Road, Pokolbin, 2320",106,106,point_in_polygon,,analysis_ready
l_0168b8c639892dfe942b,o_4e1932045daf2a3e6c57,,"29 Windsor Rd, Sydney, 2155",115,115,point_in_polygon,,analysis_ready
l_0237da1e105f9a34d222,o_fbc5e183d8ce80f2f8eb,,17 Hereward St Maroubra NSW 2035 Australia,118,118,point_in_polygon,,analysis_ready
l_023de2d819d7f0956e4b,o_eb0d1fe740ad969aad27,Blacktown Animal Rehoming Centre,"20 Owen St, Glendenning NSW 2761",116,116,point_in_polygon,,analysis_ready
l_0252dd305db58da3e177,o_17324b0193cb7a1c3925,,"69 Roxy Lane, Kyogle, 2474",112,112,point_in_polygon,,analysis_ready
l_02585f3e8d53ba5579d3,o_17324b0193cb7a1c3925,,"33 Smith Street, Sydney, 2036",117,117,point_in_polygon,,analysis_ready
l_029e2e4689ea8dba33e5,o_5b4f3a03bda45dcf8609,,"6 Castlereagh St Gilgandra, NSW 2827, Australia",105,105,official_locality_containment,RR_GILGANDRA_20260909,unresolved
l_02b3a85fd63b768948f5,o_4733c69eed3ea98c9b3b,,"2-8 Turramurra Ave, Sydney, 2074",121,121,point_in_polygon,,analysis_ready
l_02ba4707e05c60dc61a8,o_17324b0193cb7a1c3925,Eden Beachfront,441 Princes Hwy Eden NSW 2551 Australia,101,101,point_in_polygon,,analysis_ready
l_02d4b3de4ca49138e9aa,o_e43c5e61858e588c2c2f,,"87 De Vitre St, Newcastle, 2299",111,111,point_in_polygon,,analysis_ready
l_02d5a850159ea7482470,o_022471524c9d92e538b2,,"147 Soldiers Point Rd, Soldiers Point, 2317",106,106,point_in_polygon,,analysis_ready
l_02dd3e6b25f8f1fa4468,o_fbc5e183d8ce80f2f8eb,,26 Nelson St Annandale NSW 2038 Australia,120,120,point_in_polygon,,analysis_ready
l_02f1652400e97f728cec,o_17324b0193cb7a1c3925,,"2 Crofts Ave, Sydney, 2220",119,119,point_in_polygon,,analysis_ready
l_0310d181a1a27b5866b9,o_eb0d1fe740ad969aad27,Sapphire Palms,180 The Entrance Rd The Entrance NSW 2261 Australia,102,102,point_in_polygon,,analysis_ready
l_032d7634b49a50c267b7,o_17324b0193cb7a1c3925,Gillards Road,179 Gillards Rd Pokolbin NSW 2320 Australia,106,106,point_in_polygon,,analysis_ready
l_034b809e86c94d0d2f46,o_2db6b6ed3b00e6d56f6e,,"16 Terminus St, Castle Hill, 2154, NSW",115,115,point_in_polygon,,analysis_ready
l_0359a363fd35ba97d550,o_8489a89c8befb35ccbdc,,"184 Forbes St, Sydney, 2010",117,117,point_in_polygon,,analysis_ready
l_037efedd60106f550a85,o_5b4f3a03bda45dcf8609,,"8 Stanley St, Bathurst, 2795",103,103,point_in_polygon,,analysis_ready
l_0381f7fb2767fcd561f6,o_17324b0193cb7a1c3925,,"Orchard Ct, Bathurst, 2795",103,103,point_in_polygon,,analysis_ready
l_03e3fff35e7876e7351d,o_e43c5e61858e588c2c2f,,"20 Bridge St, Sydney, 2073",121,121,point_in_polygon,,analysis_ready
l_03e6f427da6ee3830ad9,o_4e1932045daf2a3e6c57,,"133 Liverpool Rd, Sydney, 2134",120,120,point_in_polygon,,analysis_ready
l_04198039f157ec10eea7,o_e43c5e61858e588c2c2f,,"47-49A Cleary St, Newcastle, 2303",111,111,point_in_polygon,,analysis_ready
l_04896e974b4b6302d256,o_022471524c9d92e538b2,,"2 Shepherd St, Ulladulla, 2539",114,114,point_in_polygon,,analysis_ready
l_048da951e57201882e6c,o_17324b0193cb7a1c3925,,"86a Victoria Rd, Sydney, 2204",117,117,point_in_polygon,,analysis_ready
l_04bbec0916ee633eb48f,o_17324b0193cb7a1c3925,,"46 Dutruc Street, Sydney, 2031",118,118,point_in_polygon,,analysis_ready
l_04cad16c99c710dc9976,o_e43c5e61858e588c2c2f,,"773 Old South Head Rd, Sydney, 2030",118,118,point_in_polygon,,analysis_ready
l_05000a140149961ce6e8,o_1bb1aca68da22d6e6c53,Oberon Visitor Information Centre,48 Ross St Oberon NSW 2787 Australia,103,103,point_in_polygon,,analysis_ready
l_055682cac418ee4e7358,o_eb0d1fe740ad969aad27,Reflections Evans Head - Holiday Park,18 Park St Evans Head NSW 2473 Australia,112,112,point_in_polygon,,analysis_ready
l_05d14a6431afef13c07c,o_ef49d98c16944c0c5e56,,"59 Lennox St, Richmond, 2753",124,124,point_in_polygon,,analysis_ready
l_05ea335e3bfddae9a4fd,o_c7b27ae4cc0e776696d2,Uralla Bowlo,52 Hill St Uralla NSW 2358 Australia,110,110,point_in_polygon,,analysis_ready
l_05ee46dfc7478803bb84,o_e18b3618c9ce844d240b,,21 Russell St Lilyfield NSW 2040 Australia,120,120,point_in_polygon,,analysis_ready
l_0620203f5fa2a7ba08fb,o_17324b0193cb7a1c3925,Ingenia Holiday Parks - Byron Bay.,5-37 Broken Head Rd Byron Bay NSW 2481 Australia,112,112,point_in_polygon,,analysis_ready
l_0632ac23a4b325ef608e,o_e43c5e61858e588c2c2f,,526 Bronte Rd Bronte NSW 2024 Australia,118,118,point_in_polygon,,analysis_ready
l_0674a4af4096847b94ea,o_aed59b2b089d156de8d7,,"Oberon St, Oberon, 2787",103,103,point_in_polygon,,analysis_ready
l_0677e5b44489c9847510,o_4e1932045daf2a3e6c57,,"30 Dowling St, Sydney, 2096",122,122,point_in_polygon,,analysis_ready
l_068d1399893c432f0337,o_fbc5e183d8ce80f2f8eb,,35 Holmwood St Newtown NSW 2042 Australia,117,117,point_in_polygon,,analysis_ready
l_06c6ea1e177730f1c26f,o_022471524c9d92e538b2,,"185 Princes Hwy, Narooma , 2546",101,101,point_in_polygon,,analysis_ready
l_0719a3d32b6b5be4124c,o_eb0d1fe740ad969aad27,Pullman Sydney Airport,"191 O'Riordan St, Mascot NSW 2020",117,117,point_in_polygon,,analysis_ready
l_072b36780b8903d0e68b,o_d7886d1210f045c6c942,Boorowa Ex-services and Citizens Club Ltd,"55-59 Pudman St, Boorowa NSW 2586, Australia",101,101,point_in_polygon,,analysis_ready
l_0747b9d7a35ae1167fc4,o_022471524c9d92e538b2,,"15 Edwin Flack Ave, Sydney, 2127",125,125,point_in_polygon,,analysis_ready
l_07646270a5e5fdf34d91,o_6a6e0a5733bcc6eefe20,,"Headland Ave, Austinmer, 2515",107,107,point_in_polygon,,analysis_ready
l_07ac1a7d9397d492a212,o_e43c5e61858e588c2c2f,,8 Eastbourne Ave Clovelly NSW 2031 Australia,118,118,point_in_polygon,,analysis_ready
l_07c8173de70a9897ef85,o_ca990827c48864e843f3,Katoomba Town Centre Motel,214 Katoomba St Katoomba NSW 2780 Australia,124,124,point_in_polygon,,analysis_ready
l_07c8e1fedef617b1e41f,o_5b4f3a03bda45dcf8609,,"Short St, Mudgee, 2850",103,103,point_in_polygon,,analysis_ready
l_07d5dfd8abd733e7c9ed,o_022471524c9d92e538b2,,"8 Greenfield Pde, Sydney, 2200",119,119,point_in_polygon,,analysis_ready
l_07daca70382507ea7502,o_17324b0193cb7a1c3925,,"Valder Way, Charles Sturt University, 2678",113,113,point_in_polygon,,analysis_ready
l_07e82b5dfdf9a6709788,o_17324b0193cb7a1c3925,,"59 Bridge Street, Morisset, 2264",111,111,point_in_polygon,,analysis_ready
l_07fee78731e7f7f2cffa,o_022471524c9d92e538b2,,"77-97 Broken Head Rd, Suffolk Park, 2481",112,112,point_in_polygon,,analysis_ready
l_080b143cb4e8ae1e383f,o_022471524c9d92e538b2,,"40 Kingsway, Sydney, 2099",122,122,point_in_polygon,,analysis_ready
l_084aacf9897d74ef9103,o_e43c5e61858e588c2c2f,,"Library Walk, Sydney, 2033",118,118,point_in_polygon,,analysis_ready
l_0867d0eda2f74ae770ab,o_0de889e4414435769e84,CH Boutique Apartments The Ringers Road,31 The Ringers Rd Hillvue NSW 2340 Australia,110,110,point_in_polygon,,analysis_ready
l_0874e282f6c5390a87cc,o_15939ac67df1441fe74a,,"19 Windsor Rd, Sydney, 2155",115,115,point_in_polygon,,analysis_ready
l_087b5cd537c3726f8695,o_17324b0193cb7a1c3925,The Pavilion Kiama,2 Bong Bong St Kiama NSW 2533 Australia,107,107,point_in_polygon,,analysis_ready
l_08a0567cb599df0a9d94,o_eb0d1fe740ad969aad27,Sydney Opera House,"2A Macquarie St, Sydney NSW 2000",117,117,point_in_polygon,,analysis_ready
l_090953d6b03cd8865763,o_17324b0193cb7a1c3925,,"115-133 Dunning Ave, Sydney, 2018",117,117,point_in_polygon,,analysis_ready
l_09241b1be04ae6a25b5d,o_2db6b6ed3b00e6d56f6e,,"Avenue of Europe, Newington NSW 2127, Australia",125,125,point_in_polygon,,analysis_ready
l_09283072a349b4539c51,o_ca990827c48864e843f3,Wanderers Retreat,7 Koala Pl One Mile NSW 2316 Australia,106,106,point_in_polygon,,analysis_ready
l_0943d1bfeda2f3fa5253,o_17324b0193cb7a1c3925,,"176 Sutherland St, Sydney, 2021",118,118,point_in_polygon,,analysis_ready
l_095db3692993e39a2baf,o_4733c69eed3ea98c9b3b,,"Cnr Miller & Amherst St, Cammeray NSW 2062",121,121,point_in_polygon,,analysis_ready
l_0963d804cfc58e967b4c,o_e43c5e61858e588c2c2f,,"405 Pacific Hwy, Sydney, 2064",121,121,point_in_polygon,,analysis_ready
l_097d9ade7cd34f3f3017,o_17324b0193cb7a1c3925,,"15 Victoria St, Sydney, 2019",117,117,point_in_polygon,,analysis_ready
l_098feffecc0c282c61f5,o_eb0d1fe740ad969aad27,Palmers Lane Estate Hunter Valley,212 Palmers Ln Pokolbin NSW 2320 Australia,106,106,point_in_polygon,,analysis_ready
l_09abe381990c92af7ae3,o_eb0d1fe740ad969aad27,,"2 Lachlan Valley Way, Cowra, 2794",103,103,point_in_polygon,,analysis_ready
l_09e41e683e5ad0f78a55,o_eb0d1fe740ad969aad27,Willows Motel Goulburn and Cultural Holiday Park,1 Day St Goulburn NSW 2580 Australia,101,101,point_in_polygon,,analysis_ready
l_0a02f85a375cc5e274c5,o_eb0d1fe740ad969aad27,Reflections Coffs Harbour,123 Pacific Hwy Coffs Harbour NSW 2450 Australia,104,104,point_in_polygon,,analysis_ready
l_0a3ae272eeb746194f31,o_022471524c9d92e538b2,,"1 Rider Blvd, Sydney, 2138",120,120,point_in_polygon,,analysis_ready
l_0a517eda2a01e70f4a7f,o_fbc5e183d8ce80f2f8eb,,13 Llandaff St Bondi Junction NSW 2022 Australia,118,118,point_in_polygon,,analysis_ready
l_0a56b6c926c71f2769e6,o_2db6b6ed3b00e6d56f6e,,Campbell Pde Bondi Beach NSW 2026 Australia,118,118,point_in_polygon,,analysis_ready
l_0a971edb6d3f39745795,o_5b4f3a03bda45dcf8609,,"Clarence St, Moss Vale NSW 2577, Australia",114,114,point_in_polygon,,analysis_ready
l_0aa2ca00280cfddc116c,o_c7b27ae4cc0e776696d2,Narooma Golf Club,1 Ballingalla St Narooma NSW 2546 Australia,101,101,point_in_polygon,,analysis_ready
l_0ad213a7fad0d40cbb23,o_022471524c9d92e538b2,,"10 Rugby Rd, Newcastle, 2305",111,111,point_in_polygon,,analysis_ready
l_0b2936b8bf83eb8ebbc5,o_17324b0193cb7a1c3925,Lovedale Wedding Chapel and Reception,842 Lovedale Rd Allandale NSW 2320 Australia,106,106,point_in_polygon,,analysis_ready
l_0b5432127926c9e5b62f,o_eb0d1fe740ad969aad27,Quest Griffith,"53 Railway St, Griffith NSW 2680",113,113,point_in_polygon,,analysis_ready
l_0b56722b7d2911229b6b,o_15939ac67df1441fe74a,,"487 Sydney Rd, Sydney, 2093",122,122,point_in_polygon,,analysis_ready
l_0b576be1a46cf5e02f89,o_ca990827c48864e843f3,Windale Hub,20 Lake St Windale NSW 2306 Australia,111,111,point_in_polygon,,analysis_ready
l_0b6179f063ab127126c4,o_022471524c9d92e538b2,,260A Liverpool Rd Ashfield NSW 2131 Australia,120,120,point_in_polygon,,analysis_ready
l_0b9879e8ee6c79d58b58,o_e18b3618c9ce844d240b,,80 Victoria Rd Marrickville NSW 2204 Australia,117,117,point_in_polygon,,analysis_ready
l_0baf65cc247e1d628d30,o_fbc5e183d8ce80f2f8eb,,103 Ebley St Bondi Junction NSW 2022 Australia,118,118,point_in_polygon,,analysis_ready
l_0bd57784821314a8dc46,o_6a6e0a5733bcc6eefe20,,2 Marion St Leichhardt NSW 2040 Australia,120,120,point_in_polygon,,analysis_ready
l_0beb2f9a1c66508dfed6,o_17324b0193cb7a1c3925,Happy Hallidays,517 Blackhead Rd Hallidays Point NSW 2430 Australia,108,108,point_in_polygon,,analysis_ready
l_0c3816b48ac55c57196a,o_e18b3618c9ce844d240b,,105-107 Alt St Ashfield NSW 2131 Australia,120,120,point_in_polygon,,analysis_ready
l_0c3f30201da35fb730e7,o_130042b74e00dd320b50,,"153 Coreen Ave Cnr Castlereagh Rd, Penrith, NSW, 2750",124,124,point_in_polygon,,analysis_ready
l_0c77cf04cbe3746d164b,o_fbc5e183d8ce80f2f8eb,,267 Maroubra Rd Maroubra NSW 2035 Australia,118,118,point_in_polygon,,analysis_ready
l_0c7d217ef50a7cc6eda5,o_fbc5e183d8ce80f2f8eb,,165 Victoria Rd Bellevue Hill NSW 2023 Australia,118,118,point_in_polygon,,analysis_ready
l_0c882363ca8a6c8743ff,o_022471524c9d92e538b2,,"1760 Joadja Road, Joadja, 2575",114,114,point_in_polygon,,analysis_ready
l_0caa5affa7ced7b6cd72,o_022471524c9d92e538b2,,11 The Boulevarde Strathfield NSW 2135 Australia,120,120,point_in_polygon,,analysis_ready
l_0cafeeeeb1469022c784,o_83ff182c27d147ed7e9d,,"University of Wollongong, Northfields Avenue, Wollongong NSW 2522, Australia",107,107,point_in_polygon,,analysis_ready
l_0cd9a99333e4cc3c6810,o_17324b0193cb7a1c3925,Broulee,6 Lyttle St Broulee NSW 2537 Australia,101,101,point_in_polygon,,analysis_ready
l_0cfb4cdcdc61aad0682c,o_6a6e0a5733bcc6eefe20,,170 Hawthorne Pde Haberfield NSW 2045 Australia,120,120,point_in_polygon,,analysis_ready
l_0d05faab06506979db20,o_e43c5e61858e588c2c2f,,"Griffith St, Tweed Heads, 2485",112,112,point_in_polygon,,analysis_ready
l_0d295987993fa9409abf,o_eb0d1fe740ad969aad27,Jervis Bay Mariners,21 Beach St Huskisson NSW 2540 Australia,114,114,point_in_polygon,,analysis_ready
l_0d369679114d4ed8275f,o_aed59b2b089d156de8d7,Howlong Golf Resort,186 Golf Club Dr Howlong NSW 2643 Australia,109,109,point_in_polygon,,analysis_ready
l_0d4ae1b38d102a3e9dc2,o_17324b0193cb7a1c3925,South Tamworth Bowling Club,11-23 Margaret St South Tamworth NSW 2340 Australia,110,110,point_in_polygon,,analysis_ready
l_0d5266b66c5c93ae1174,o_1bb1aca68da22d6e6c53,Toronto Workers Club,9 James St Toronto NSW 2283 Australia,111,111,point_in_polygon,,analysis_ready
l_0d57ca9ad72a2d2259be,o_022471524c9d92e538b2,,"McFarlane St, Sydney, 2160",125,125,point_in_polygon,,analysis_ready
l_0d5b3adefe5f7ce63994,o_e43c5e61858e588c2c2f,,"Jean Wailes Ave, Sydney, 2138",120,120,point_in_polygon,,analysis_ready
l_0d74a87023f63b91256e,o_022471524c9d92e538b2,,"28 Peppertree Dr, Pokolbin, 2320",106,106,point_in_polygon,,analysis_ready
l_0d8815cebcedd5fc296a,o_022471524c9d92e538b2,,"329 Tinja Ln, Eurunderee, 2850",103,103,point_in_polygon,,analysis_ready
l_0d99f98dda29d6282b8a,o_eb0d1fe740ad969aad27,InterPark Thomas Street,"25 Thomas St, Ultimo NSW 2007",117,117,point_in_polygon,,analysis_ready
l_0d9cbebe9219b1d97290,o_a44733937534aba247a1,,"Kowara Cres, Merimbula, 2548",101,101,point_in_polygon,,analysis_ready
l_0dd4d05d4192200419a7,o_8489a89c8befb35ccbdc,,"1 Sterling Cct, Sydney, 2050",117,117,point_in_polygon,,analysis_ready
l_0dddce56540b410fc1cf,o_eb0d1fe740ad969aad27,Bombay Bloomers,"49 St Pauls St, Randwick NSW 2031",118,118,point_in_polygon,,analysis_ready
l_0df753d1b53086db050d,o_4e1932045daf2a3e6c57,,"Rosevillle Railway Station, Hill Street, Roseville, New South Wales 2069, Australia",121,121,point_in_polygon,,analysis_ready
l_0e54f68c8cebc26be2a4,o_022471524c9d92e538b2,,"173 Canterbury Road, Bankstown NSW 2200",119,119,point_in_polygon,,analysis_ready
l_0e5f8774c145ad0177fb,o_022471524c9d92e538b2,,"66 Glen Innes Rd, Armidale, 2350",110,110,point_in_polygon,,analysis_ready
l_0e7182202acba8dfe173,o_4733c69eed3ea98c9b3b,,"53A Orient St, Batemans Bay, 2536",101,101,point_in_polygon,,analysis_ready
l_0e8dc06a04831addec8e,o_eb0d1fe740ad969aad27,Daleys Fruit Tree Nursery,36 Daleys Ln Geneva NSW 2474 Australia,112,112,point_in_polygon,,analysis_ready
l_0ebd164a90a35c16e4a4,o_17324b0193cb7a1c3925,,"Anderson St, Sydney, 2067",121,121,point_in_polygon,,analysis_ready
l_0ecf28b2817c0c5af4d6,o_821df35b9743d5584a95,Hungerford Hill,2450 Broke Rd Pokolbin NSW 2320 Australia,106,106,point_in_polygon,,analysis_ready
l_0edc9c6d28382f4aca94,o_4733c69eed3ea98c9b3b,,"27-33 Oaks Ave, Dee Why NSW 2099",122,122,point_in_polygon,,analysis_ready
l_0f101281fcba392a76b0,o_eb0d1fe740ad969aad27,El Motor Inn,29 Clarence St Port Macquarie NSW 2444 Australia,108,108,point_in_polygon,,analysis_ready
l_0f5e70eb56b6faeab877,o_4733c69eed3ea98c9b3b,,92 Houston Rd Kingsford NSW 2032 Australia,118,118,point_in_polygon,,analysis_ready
l_0f67a9435af17f08cf79,o_4e1932045daf2a3e6c57,,"19 Richmond Rd, Sydney, 2140",120,120,point_in_polygon,,analysis_ready
l_0f704e85fee824dfed56,o_eb0d1fe740ad969aad27,Elbourne Wines,236 Marrowbone Rd Pokolbin NSW 2320 Australia,106,106,point_in_polygon,,analysis_ready
l_0f71a1c75516d778dc71,o_022471524c9d92e538b2,,"13 Mitchell St, Bourke, 2840",105,105,point_in_polygon,,analysis_ready
l_0f9f00a6c2885d1c0b33,o_fbc5e183d8ce80f2f8eb,,3 Wardell Rd Lewisham NSW 2049 Australia,120,120,point_in_polygon,,analysis_ready
l_0fae8bd47833563576e6,o_2db6b6ed3b00e6d56f6e,,"West Ryde Marketplace 14 Anthony Rd, West Ryde NSW 2114",126,126,point_in_polygon,,analysis_ready
l_0fe44ce2af7776da4a96,o_eb0d1fe740ad969aad27,Mollymook Motel,Cnr Princes Hwy & Golf Ave Mollymook NSW 2539 Australia,114,114,point_in_polygon,,analysis_ready
l_0ffa14454faab7f7a683,o_eb0d1fe740ad969aad27,Cobb Inlander Motel,83 Lachlan St Hay NSW 2711 Australia,109,109,point_in_polygon,,analysis_ready
l_10191bc8980ba6adb331,o_e43c5e61858e588c2c2f,,"5 Snapper Dr, Lennox Head, 2478",112,112,point_in_polygon,,analysis_ready
l_1035d52e224d7a8fe683,o_022471524c9d92e538b2,,"8 Kylie Clos, Central Coast, 2263",102,102,point_in_polygon,,analysis_ready
l_107b0231246c3cd753a1,o_17324b0193cb7a1c3925,,"389 Pitt Street, Sydney, 2000",117,117,point_in_polygon,,analysis_ready
l_108b1ec0d9c559ed1473,o_17324b0193cb7a1c3925,,"818-820 George St, Sydney , 2000",117,117,point_in_polygon,,analysis_ready
l_10dab02df1efd3a41986,o_17324b0193cb7a1c3925,,"8 Greenfield Pde, Sydney, 2200",119,119,point_in_polygon,,analysis_ready
l_10e75582786865701991,o_e43c5e61858e588c2c2f,,"45 Riverbank Dr, Sydney, 2769",116,116,point_in_polygon,,analysis_ready
l_11153482c70c743667e2,o_ca5dc5f6227bb7dc6a15,,"Wallace Lane, Canobolas, 2800",103,103,point_in_polygon,,analysis_ready
l_113e6d31ae2b5d454a0d,o_17324b0193cb7a1c3925,Goolgowi Caravan Park,Combo St Goolgowi NSW 2652 Australia,113,113,point_in_polygon,,analysis_ready
l_1142b0861e0d485286fb,o_17324b0193cb7a1c3925,Clairfield Hotel,1 Sydney Rd Mudgee NSW 2850 Australia,103,103,point_in_polygon,,analysis_ready
l_1148a02a4d19f0e6f78e,o_5b4f3a03bda45dcf8609,,"Hastings St, Wauchope, 2446",108,108,point_in_polygon,,analysis_ready
l_11a62538f07076be4260,o_5b4f3a03bda45dcf8609,,"Walton Ln, Picton, 2571",123,123,point_in_polygon,,analysis_ready
l_1235bb7a38fb5f9bedf4,o_e43c5e61858e588c2c2f,,35-37 Ocean St Bondi NSW 2026 Australia,118,118,point_in_polygon,,analysis_ready
l_12b2a63113939274795c,o_15939ac67df1441fe74a,,"Bp Young, Cnr Zouch and Edward Streets, Young NSW 2594, Australia",101,101,point_in_polygon,,analysis_ready
l_12c8bc9fb5c15538a14d,o_eb0d1fe740ad969aad27,Peak Coffee Brew Lab & Roastery.,30 Jambali Rd Port Macquarie NSW 2444 Australia,108,108,point_in_polygon,,analysis_ready
l_12d525d5e53904464fa2,o_4e1932045daf2a3e6c57,,"293 Belmore Rd, Sydney, 2210",119,119,point_in_polygon,,analysis_ready
l_12d587fb4815ff38fdad,o_4733c69eed3ea98c9b3b,,"200 Crown St, Wollongong NSW 2500",107,107,point_in_polygon,,analysis_ready
l_12de3d09621724d216e9,o_e43c5e61858e588c2c2f,Mantra Albury Hotel,524 Smollett St Albury NSW 2640 Australia,109,109,point_in_polygon,,analysis_ready
l_133d5a5a9acb5e739b2c,o_15939ac67df1441fe74a,,"8 Kosciuszko Rd, Jindabyne, 2627",101,101,point_in_polygon,,analysis_ready
l_134023aa1793d0383d72,o_e43c5e61858e588c2c2f,The Lane Retreat,409 Palmers Ln Pokolbin NSW 2320 Australia,106,106,point_in_polygon,,analysis_ready
l_134a9a04efadf3cfbea1,o_022471524c9d92e538b2,,"26 William St, Newcastle, 2304",111,111,point_in_polygon,,analysis_ready
l_1363ba4803a3bbce8e16,o_fbc5e183d8ce80f2f8eb,,50 Cook St Randwick NSW 2031 Australia,118,118,point_in_polygon,,analysis_ready
l_1404b5ceea8a7dcf3fbb,o_fbc5e183d8ce80f2f8eb,,225 Darley Rd Randwick NSW 2031 Australia,118,118,point_in_polygon,,analysis_ready
l_1408a9b5047fab19385d,o_a44733937534aba247a1,,"Church St, Glen Innes, 2370",110,110,point_in_polygon,,analysis_ready
l_1413a3c17ce3a3a1a332,o_eb0d1fe740ad969aad27,Lake Albert Picnic Area,"29 Lake St, Lake Albert NSW 2650",113,113,point_in_polygon,,analysis_ready
l_142053f2eea015c3fabc,o_17324b0193cb7a1c3925,,"1 Plunkett St, Sydney, 2065",121,121,point_in_polygon,,analysis_ready
l_14502a3bdbd085a22ce4,o_eb0d1fe740ad969aad27,Dutton Plaza,"8 Dutton Ln, Cabramatta NSW 2166",127,127,point_in_polygon,,analysis_ready
l_145405672e3e2af1a255,o_17324b0193cb7a1c3925,,"55 Campbell St, Sydney, 2148",116,116,point_in_polygon,,analysis_ready
l_1477d7c4eab901aa3d15,o_022471524c9d92e538b2,,"46 Providence Rd, Providence Portal, 2629",101,101,point_in_polygon,,analysis_ready
l_14bbf207e0822cdfa61b,o_e43c5e61858e588c2c2f,NRMA Parks and Resorts,1 Banyandah St South Durras NSW 2536 Australia,101,101,point_in_polygon,,analysis_ready
l_14c55d99f2a800e6be03,o_e43c5e61858e588c2c2f,Twin Towns Services Club,2 Wharf St Tweed Heads NSW 2485 Australia,112,112,point_in_polygon,,analysis_ready
l_1578877fcbf36c589211,o_e43c5e61858e588c2c2f,,"3 Corkhill Pl, Bega, 2550",101,101,point_in_polygon,,analysis_ready
l_15b45cc716316249161c,o_911028dec5ebfd455d19,,"676 Pacific Hwy, Sydney, 2067",121,121,point_in_polygon,,analysis_ready
l_15c1465f5dbdd6707b49,o_ca990827c48864e843f3,,"Larkin Ln, Lismore, 2480",112,112,point_in_polygon,,analysis_ready
l_15eab1124a3eb528b4d7,o_fbc5e183d8ce80f2f8eb,,13 Neptune St Coogee NSW 2034 Australia,118,118,point_in_polygon,,analysis_ready
l_1613ca64d30e734b161f,o_5b4f3a03bda45dcf8609,,"11 Ewingsdale Rd, Ewingsdale, 2481",112,112,point_in_polygon,,analysis_ready
l_1626804acbefbef76625,o_e43c5e61858e588c2c2f,,"33 Moate St, Newcastle, 2298",111,111,point_in_polygon,,analysis_ready
l_163cefe94705dd4faeb5,o_e43c5e61858e588c2c2f,,"1 Bradleys Head Rd, Sydney, 2088",121,121,point_in_polygon,,analysis_ready
l_164dd748bcd54c599e80,o_ca990827c48864e843f3,Powerhouse Hotel Tamworth by Rydges,248 Armidale Rd East Tamworth NSW 2340 Australia,110,110,point_in_polygon,,analysis_ready
l_165c8d0e6c3ccbb70164,o_eb0d1fe740ad969aad27,Reflections Tuncurry - Holiday Park,32 Beach St Tuncurry NSW 2428 Australia,108,108,point_in_polygon,,analysis_ready
l_16abb5bc4267f02b6bed,o_022471524c9d92e538b2,,197-215 Condamine St Balgowlah NSW 2093 Australia,122,122,point_in_polygon,,analysis_ready
l_170892f80eca9c38d1e3,o_6a6e0a5733bcc6eefe20,,126 Jersey Rd Paddington NSW 2021 Australia,118,118,point_in_polygon,,analysis_ready
l_172b058aa0039917a8c8,o_8489a89c8befb35ccbdc,,"63 Crown St, Sydney, 2011",117,117,point_in_polygon,,analysis_ready
l_175d88202efb0dc1aac8,o_5b4f3a03bda45dcf8609,,2 Macquarie St Parramatta NSW 2150 Australia,125,125,point_in_polygon,,analysis_ready
l_1761162d94172575a525,o_e43c5e61858e588c2c2f,,"250 Comur St, Yass, 2582",101,101,point_in_polygon,,analysis_ready
l_176d85e95e5cb8fcb1f6,o_eb0d1fe740ad969aad27,Acacia Rose Motor Inn,18-20 Thule St Barham NSW 2732 Australia,109,109,point_in_polygon,,analysis_ready
l_17745d0a4b9922ff7075,o_e43c5e61858e588c2c2f,,"1 Kiaora Ln, Sydney, 2028",118,118,point_in_polygon,,analysis_ready
l_1793b634e9ada07d9c41,o_ca5dc5f6227bb7dc6a15,,"Lovedale Rd, Lovedale, 2325",106,106,point_in_polygon,,analysis_ready
l_17b659dcba26c731ffdf,o_eb0d1fe740ad969aad27,Twin Swans Motel,189 Glen Innes Rd Inverell NSW 2360 Australia,110,110,point_in_polygon,,analysis_ready
l_17c9edba53cee42c6f0d,o_17324b0193cb7a1c3925,,"71 Adelaide St, Sydney, 2025",118,118,point_in_polygon,,analysis_ready
l_17d3a3c8cb58dfc1cdb3,o_ca990827c48864e843f3,Jack McLaughlin Oval - Edgeworth Sporting Complex,11B Park St Edgeworth NSW 2285 Australia,111,111,point_in_polygon,,analysis_ready
l_17d866cc2de5f6a61408,o_17324b0193cb7a1c3925,Ingenia Holiday Parks - Soldiers Point.,122 Soldiers Point Rd Soldiers Point NSW 2317 Australia,106,106,point_in_polygon,,analysis_ready
l_17ef4fa6865b00a5815f,o_022471524c9d92e538b2,,"561-583 Polding St, Sydney, 2176",127,127,point_in_polygon,,analysis_ready
l_17f908982cce1c898a43,o_15939ac67df1441fe74a,,"7 Northwood Rd, Longueville NSW 2066, Australia",121,121,point_in_polygon,,analysis_ready
l_18055a332654327f3c79,o_022471524c9d92e538b2,,"31 Marsh St, Armidale, 2350",110,110,point_in_polygon,,analysis_ready
l_18260143f953bb72e108,o_e43c5e61858e588c2c2f,,"1183-1187 The Horsley Dr, Sydney, 2164",127,127,point_in_polygon,,analysis_ready
l_183e4a9531849b98ff98,o_4e1932045daf2a3e6c57,,"302-312 Parramatta Rd, Sydney, 2134",120,120,point_in_polygon,,analysis_ready
l_18474834ae314570e032,o_fbc5e183d8ce80f2f8eb,,7 Jersey Rd Woollahra NSW 2025 Australia,118,118,point_in_polygon,,analysis_ready
l_186fb0152eafb21824f9,o_5b4f3a03bda45dcf8609,,"1 Kendall Ave, Bathurst, 2795",103,103,point_in_polygon,,analysis_ready
l_18cd5c4d2cbb2d421237,o_5b4f3a03bda45dcf8609,,"528 John Oxley Dr, Thrumster, 2444",108,108,point_in_polygon,,analysis_ready
l_18f3c9fec3d7a7260d41,o_17324b0193cb7a1c3925,Edward River Council,Cressy St Deniliquin NSW 2710 Australia,109,109,point_in_polygon,,analysis_ready
l_1977b7ce670a47ba523a,o_ca990827c48864e843f3,,41 Owen St Huskisson NSW 2540 Australia,114,114,point_in_polygon,,analysis_ready
l_1985bc0afc762a942f80,o_022471524c9d92e538b2,,"Cypress Dr, Pokolbin, 2320",106,106,point_in_polygon,,analysis_ready
l_1993b1e9d427ca65363a,o_6a6e0a5733bcc6eefe20,,66 Dover Rd Rose Bay NSW 2029 Australia,118,118,point_in_polygon,,analysis_ready
l_1995e1a6c4976cfbee6d,o_4733c69eed3ea98c9b3b,,592 Anzac Pde Kingsford NSW 2032 Australia,118,118,point_in_polygon,,analysis_ready
l_199ede8e5a0e788eb7f8,o_022471524c9d92e538b2,,"298 Lake Canobolas Rd, Canobolas, 2800",103,103,point_in_polygon,,analysis_ready
l_19ca1d00baee0f522e07,o_fbc5e183d8ce80f2f8eb,,229 Denison St Queens Park NSW 2022 Australia,118,118,point_in_polygon,,analysis_ready
l_19e1ee1978bd9cc6be12,o_15939ac67df1441fe74a,,"481 Pacific Hwy, Wyoming NSW 2250, Australia",102,102,point_in_polygon,,analysis_ready
l_19ecb231a0a8356c1e0d,o_6a6e0a5733bcc6eefe20,,"25 Childe St, Byron Bay , NSW 2481",112,112,point_in_polygon,,analysis_ready
l_1a14af4b564a876d23aa,o_5b4f3a03bda45dcf8609,,"Car Park behind the Civic Centre, Orange, 2800",103,103,point_in_polygon,,analysis_ready
l_1ab49937c29075f7f54f,o_022471524c9d92e538b2,,"115 Rowe St, Sydney, 2122",126,126,point_in_polygon,,analysis_ready
l_1b4045fbab9d18671922,o_eb0d1fe740ad969aad27,Mollymook Caravan Park,"32 Ilett St, Mollymook NSW 2539",114,114,point_in_polygon,,analysis_ready
l_1b56bc844b22049d706d,o_fbc5e183d8ce80f2f8eb,,104 Mill Hill Rd Bondi Junction NSW 2022 Australia,118,118,point_in_polygon,,analysis_ready
l_1b955c9049e5ce5a7529,o_022471524c9d92e538b2,,"36 College St, Sydney, 2010",117,117,point_in_polygon,,analysis_ready
l_1bb0e6da9a5f954b43b0,o_ca990827c48864e843f3,,"Waddells Ave, Singleton, 2330",106,106,point_in_polygon,,analysis_ready
l_1bb727ebd0d512d34daf,o_17324b0193cb7a1c3925,Hay Shire Council,406 Moppett St Hay NSW 2711 Australia,109,109,point_in_polygon,,analysis_ready
l_1bbb768b6a3a4cbe7d32,o_17324b0193cb7a1c3925,Orange Botanic Gardens,300 Hill St Orange NSW 2800 Australia,103,103,point_in_polygon,,analysis_ready
l_1bd6e9c9499c624e7f4c,o_eb0d1fe740ad969aad27,Waterview Motel,121 River St Maclean NSW 2463 Australia,104,104,point_in_polygon,,analysis_ready
l_1be2cc01224a0c4b68c0,o_15939ac67df1441fe74a,,107 Erskine St Dubbo NSW 2830 Australia,105,105,point_in_polygon,,analysis_ready
l_1c0249c4f6c4fb0659bb,o_022471524c9d92e538b2,,"1 Elizabeth St, Merimbula, 2548",101,101,point_in_polygon,,analysis_ready
l_1c3f6e18d23154527fb8,o_ca990827c48864e843f3,Lake Macquarie Council,Park Rd Speers Point NSW 2284 Australia,111,111,point_in_polygon,,analysis_ready
l_1c4a94370c24e06d1112,o_fbc5e183d8ce80f2f8eb,,4 Carter St Lidcombe NSW 2141 Australia,125,125,point_in_polygon,,analysis_ready
l_1c4e2f5ceac223078c53,o_a44733937534aba247a1,,"11 Coolangatta Rd, Coolangatta, 2535",114,114,point_in_polygon,,analysis_ready
l_1c7fcbf725de8ea9ae41,o_4733c69eed3ea98c9b3b,,"85 South St, Ulladulla NSW 2539, Australia",114,114,point_in_polygon,,analysis_ready
l_1ca15aac8c96788b2be7,o_6a6e0a5733bcc6eefe20,,"2 Huntley St, Alexandria, 2015",117,117,point_in_polygon,,analysis_ready
l_1cc092cb94d3d011a9d3,o_15939ac67df1441fe74a,,"Hassall St, Sydney, 2142",125,125,point_in_polygon,,analysis_ready
l_1cd3e5333c1b0f2fa21b,o_aed59b2b089d156de8d7,The Fitz Cafe & Bar,251 Princes Hwy Bulli NSW 2516 Australia,107,107,point_in_polygon,,analysis_ready
l_1d0027e726e6fa1942ee,o_6a6e0a5733bcc6eefe20,,"75 St Johns Rd, Glebe , 2037",117,117,point_in_polygon,,analysis_ready
l_1d1b2fca2fa995389941,o_4733c69eed3ea98c9b3b,,"322 Woodville Rd, Guildford NSW 2161",125,125,point_in_polygon,,analysis_ready
l_1d266f70aa0f4f483434,o_17324b0193cb7a1c3925,,"137 Bronte Rd, Sydney, 2022",118,118,point_in_polygon,,analysis_ready
l_1d31ebcf1ced0f60d4bf,o_c1eaa0df16f31232f695,,"9 Oscar Pl, Sydney, 2036",117,117,point_in_polygon,,analysis_ready
l_1d4f6326d3a0decd4193,o_17324b0193cb7a1c3925,,"550 Kiewa Street, Albury, 2640",109,109,point_in_polygon,,analysis_ready
l_1d6c4d6b4690b274be05,o_17324b0193cb7a1c3925,,"1 Hargreaves St, Wollongong, 2526",107,107,point_in_polygon,,analysis_ready
l_1d7851501ad5506d6004,o_4733c69eed3ea98c9b3b,,"73 Belmore Road, Randwick NSW 2031",118,118,point_in_polygon,,analysis_ready
l_1d9154bf43f657c23a2a,o_6a6e0a5733bcc6eefe20,,"21 Morgo St, Urunga, 2455",104,104,point_in_polygon,,analysis_ready
l_1db3c4a2ba8c040c6890,o_3b88759f24dafcbf3977,Wagga Wagga City Council,10 Morrow St Wagga Wagga NSW 2650 Australia,113,113,point_in_polygon,,analysis_ready
l_1db61b2f54ee32cb6cab,o_15939ac67df1441fe74a,,"712 Pennant Hills Rd, Carlingford NSW 2118, Australia",125,125,point_in_polygon,,analysis_ready
l_1e777e9b6091640b0777,o_022471524c9d92e538b2,,"593 Mount View Rd, Mount View, 2325",106,106,point_in_polygon,,analysis_ready
l_1e77bda2804678f6410e,o_aed59b2b089d156de8d7,,"35 Perry St, Mudgee, 2850",103,103,point_in_polygon,,analysis_ready
l_1e990a5df067058d50c3,o_e43c5e61858e588c2c2f,,"14-16 Darling St, Wentworth, 2648",109,109,point_in_polygon,,analysis_ready
l_1e9eb5434ee0d297c6d2,o_e43c5e61858e588c2c2f,,"43 Station St, Newcastle, 2293",111,111,point_in_polygon,,analysis_ready
l_1f10359914da03faec84,o_e43c5e61858e588c2c2f,,"1-5R Knowles Ave, Sydney, 2036",118,118,point_in_polygon,,analysis_ready
l_1f36c022333a66c9a82d,o_6a6e0a5733bcc6eefe20,,12 Boundary St Croydon NSW 2132 Australia,120,120,point_in_polygon,,analysis_ready
l_1fb2dd5edd987682902b,o_17324b0193cb7a1c3925,Ingenia Holiday Parks - Lake Conjola,1 Norman St Lake Conjola NSW 2539 Australia,114,114,point_in_polygon,,analysis_ready
l_1fbaf06102aa8b91008b,o_eb0d1fe740ad969aad27,Narara Ecovillage,"33 Gugandi Rd, Narara NSW 2250",102,102,point_in_polygon,,analysis_ready
l_20055ae04d84292b16ca,o_17324b0193cb7a1c3925,,"165 Oberon Street, Sydney, 2034",118,118,point_in_polygon,,analysis_ready
l_200c986d366d5891a950,o_c7b27ae4cc0e776696d2,Orange Aquatic Centre,21A Hill St Orange NSW 2800 Australia,103,103,point_in_polygon,,analysis_ready
l_2026cba149e7a815238c,o_17324b0193cb7a1c3925,Roxy Theatre,74 Maitland St Bingara NSW 2404 Australia,110,110,point_in_polygon,,analysis_ready
l_2053d728d16533afc07f,o_022471524c9d92e538b2,,"61 Hawkesbury Valley Way, Windsor, 2756",124,124,point_in_polygon,,analysis_ready
l_20571c0de653257b7d62,o_6a6e0a5733bcc6eefe20,,3 Weston St Balmain East NSW 2041 Australia,120,120,point_in_polygon,,analysis_ready
l_20839aab0c28ab136705,o_022471524c9d92e538b2,,"Ewingsdale Rd, Byron Bay NSW 2481, Australia",112,112,point_in_polygon,,analysis_ready
l_209da7810ed6c4b51036,o_6a6e0a5733bcc6eefe20,,9 Ascot St Kensington NSW 2033 Australia,118,118,point_in_polygon,,analysis_ready
l_20a0544eaef725ff3609,o_e43c5e61858e588c2c2f,"'""Lawson Street North"" Public Carpark - Byron Bay",1 Jonson St Byron Bay NSW 2481 Australia,112,112,point_in_polygon,,analysis_ready
l_20a190d8243f2889a5e8,o_6a6e0a5733bcc6eefe20,,"94 Booner St, Hawks Nest, NSW 2324",106,106,point_in_polygon,,analysis_ready
l_20c89e1c51d00f23cdd7,o_fbc5e183d8ce80f2f8eb,,266 Johnston St Annandale NSW 2038 Australia,120,120,point_in_polygon,,analysis_ready
l_2108fffb243ef682b037,o_5b4f3a03bda45dcf8609,,129 Pacific Hwy Ourimbah NSW 2258 Australia,102,102,point_in_polygon,,analysis_ready
l_2134a4d7f8a21b856312,o_17324b0193cb7a1c3925,,"193 George St, Quirindi, 2343",110,110,point_in_polygon,,analysis_ready
l_2179b3dfdd771b784fc7,o_e43c5e61858e588c2c2f,,"76 Cygnet Ave, Blackbutt, 2529",107,107,point_in_polygon,,analysis_ready
l_219b3680b6bd70df878d,o_022471524c9d92e538b2,,25 Danks St Waterloo NSW 2017,117,117,point_in_polygon,,analysis_ready
l_219bd7f340e578206915,o_4733c69eed3ea98c9b3b,,"152 Pacific Hwy, 36 Josephson St, Swansea NSW 2281",111,111,point_in_polygon,,analysis_ready
l_21b540521adb40fdbe53,o_15939ac67df1441fe74a,,"Hassall Street & James Rouse Drive, Sydney, 2142",125,125,point_in_polygon,,analysis_ready
l_21cee21c81c715f4b0b8,o_17324b0193cb7a1c3925,,"3 Columbia Way, Sydney, 2153",115,115,point_in_polygon,,analysis_ready
l_21d7c81ae4d35fa213d5,o_4733c69eed3ea98c9b3b,,"2 Rosenthal Ave, Lane Cove NSW 2066",121,121,point_in_polygon,,analysis_ready
l_21e4d53078e1b59f1cef,o_17324b0193cb7a1c3925,,"7 Pemell Street, Toronto, 2283",111,111,point_in_polygon,,analysis_ready
l_21ebdd85b037c8e1d2e7,o_eb0d1fe740ad969aad27,Blackheath BnB,22 Murri St Blackheath NSW 2785 Australia,124,124,point_in_polygon,,analysis_ready
l_21fb5380d89e23e07bc1,o_17324b0193cb7a1c3925,Vacy Rest Stop,804 Gresford Rd Vacy NSW 2421 Australia,106,106,point_in_polygon,,analysis_ready
l_221de9e0e2d75945c5b7,o_5b4f3a03bda45dcf8609,,"37 Nabiac St, Nabiac, 2312",108,108,point_in_polygon,,analysis_ready
l_224fee812fe9719223d8,o_6a6e0a5733bcc6eefe20,,112A Burton St Darlinghurst NSW 2010 Australia,117,117,point_in_polygon,,analysis_ready
l_2283fbc5652d009f8aeb,o_5b4f3a03bda45dcf8609,,"82 Marsh St, Armidale, NSW 2350, Australia",110,110,point_in_polygon,,analysis_ready
l_22a6ee219a9be7d19ea1,o_17324b0193cb7a1c3925,,"50 Pembroke St, Sydney, 2131",120,120,point_in_polygon,,analysis_ready
l_22ac8e82b2f32c3fd5e7,o_e43c5e61858e588c2c2f,,"4 Finch Dr, Sydney, 2036",117,117,point_in_polygon,,analysis_ready
l_22acf8d0c18f6d1f69e5,o_5b4f3a03bda45dcf8609,,"3 Broomfield St, Cobar, NSW 2835, Australia",105,105,point_in_polygon,,analysis_ready
l_22ad3567c7fd7e9df8eb,o_15939ac67df1441fe74a,,"329-339 Princes Hwy, Sydney, 2044",117,117,point_in_polygon,,analysis_ready
l_22ae2ec49dfd03d6db54,o_17324b0193cb7a1c3925,,"4 Pinaroo Place, Sydney, 2066",121,121,point_in_polygon,,analysis_ready
l_22c2a4f6599fdc9bab94,o_4733c69eed3ea98c9b3b,,"119 Stenhouse Drive, Cameron Park, 2285",111,111,point_in_polygon,,analysis_ready
l_22d2886e38dc2fa074fd,o_e43c5e61858e588c2c2f,,"Megalong Rd, Megalong Valley, 2785",124,124,point_in_polygon,,analysis_ready
l_22efa02f2238af553a86,o_17324b0193cb7a1c3925,,"63 Graham Street, Nowra, 2541",114,114,point_in_polygon,,analysis_ready
l_22efbc6d99f788e022fc,o_4733c69eed3ea98c9b3b,,"26 Bent St, Sydney, 2137",120,120,point_in_polygon,,analysis_ready
l_22f85b4393132122000e,o_ca990827c48864e843f3,Palms Oasis Motel Coopernook,76 George Gibson Dr Coopernook NSW 2426 Australia,108,108,point_in_polygon,,analysis_ready
l_23419c1663fd939fb3bd,o_eb0d1fe740ad969aad27,Royal Hotel,"14 Olive St, Mandurama NSW 2792",103,103,point_in_polygon,,analysis_ready
l_2346b6c0e755a5d8a9ab,o_0de889e4414435769e84,Wagga Wagga Country Club,Plumpton Rd Kooringal NSW 2650 Australia,113,113,point_in_polygon,,analysis_ready
l_2359cfdeeb3d2acc4cb3,o_eb0d1fe740ad969aad27,The Old Convent Guesthouse,9 John St Largs NSW 2320 Australia,106,106,point_in_polygon,,analysis_ready
l_236d99c29d9e934ea0ad,o_eb0d1fe740ad969aad27,Lake Macquarie Motor Inn,798 Pacific Hwy Marks Point NSW 2280 Australia,111,111,point_in_polygon,,analysis_ready
l_23790085b17f7432664d,o_a44733937534aba247a1,,"Carrington Pde, Sydney, 2096",122,122,point_in_polygon,,analysis_ready
l_23a134d624929bfd15b1,o_5b4f3a03bda45dcf8609,,"132 Pound Street, Grafton, 2460",104,104,point_in_polygon,,analysis_ready
l_23a291542d287073b9fa,o_5b4f3a03bda45dcf8609,,"Riverside Dr, Jugiong, 2726",101,101,point_in_polygon,,analysis_ready
l_23ce0241b01267933f81,o_aed59b2b089d156de8d7,,"6-10 Fraser St, Nambucca Heads, 2448",108,108,point_in_polygon,,analysis_ready
l_2421e1ad6f967d82e6c5,o_e43c5e61858e588c2c2f,,"895 South Dowling St, Sydney, 2017",117,117,point_in_polygon,,analysis_ready
l_243d911fd941ebcac30d,o_eb0d1fe740ad969aad27,Griffith Golf Club,22 Lloyd Prest Dr Griffith NSW 2680 Australia,113,113,point_in_polygon,,analysis_ready
l_24530937e3d61418af78,o_e43c5e61858e588c2c2f,,"18 Silver St, Sydney, 2031",118,118,point_in_polygon,,analysis_ready
l_246b28d63569bf18ce0a,o_5b4f3a03bda45dcf8609,,"18 Dandaloo St, Nyngan, NSW 2825, Australia",105,105,point_in_polygon,,analysis_ready
l_246d80713c18909c3fa1,o_821df35b9743d5584a95,Bella Vista Motel,5 Central Coast Hwy Kariong NSW 2250 Australia,102,102,point_in_polygon,,analysis_ready
l_247b90ebf643cc7168dc,o_130042b74e00dd320b50,,"211 Lake Entrance Rd, Shellharbour City Centre, 2529",107,107,point_in_polygon,,analysis_ready
l_2483b5d2419bbd250683,o_e761439dbb0621ac9a7a,,"1 Cathedral Sq, Sydney, 2000",117,117,point_in_polygon,,analysis_ready
l_2499e0171bc15dfd2719,o_e43c5e61858e588c2c2f,,"Cnr Trafalgar St & Pembroke St, Sydney, 2024",118,118,point_in_polygon,,analysis_ready
l_249f5f8a71ccde8bd47a,o_eb0d1fe740ad969aad27,Jac & Jones Wines Hunter Valley,"771 Hermitage Rd, Pokolbin NSW 2320",106,106,point_in_polygon,,analysis_ready
l_24b8399f81c667d87b29,o_17324b0193cb7a1c3925,,"7 Laguna St, Sydney, 2030",118,118,point_in_polygon,,analysis_ready
l_25312ea4b99af4000822,o_fbc5e183d8ce80f2f8eb,,2 Moyes St Marrickville NSW 2204 Australia,117,117,point_in_polygon,,analysis_ready
l_2570f5d52623fdf40743,o_6a6e0a5733bcc6eefe20,,2 Cavendish St Enmore NSW 2042 Australia,117,117,point_in_polygon,,analysis_ready
l_257356679d5f3972c171,o_eb0d1fe740ad969aad27,Armidale Pines Motel,141 Marsh St Armidale NSW 2350 Australia,110,110,point_in_polygon,,analysis_ready
l_259b10f5ed950c07db6b,o_022471524c9d92e538b2,,"205 O'Riordan St, Sydney, 2020",117,117,point_in_polygon,,analysis_ready
l_25a81196fffec444fdef,o_e43c5e61858e588c2c2f,,"2 John St, Shellharbour, 2529",107,107,point_in_polygon,,analysis_ready
l_25bf22876e68d474bf54,o_022471524c9d92e538b2,,"260 Craft Rd, Corrabare, 2325",106,106,point_in_polygon,,analysis_ready
l_25d1669847d10fab69fb,o_e43c5e61858e588c2c2f,,"Lampe St, Talbingo, 2720",113,113,point_in_polygon,,analysis_ready
l_25d54dcb9347e250622f,o_3b88759f24dafcbf3977,Gowing Bros,35-61 Harbour Dr Coffs Harbour NSW 2450 Australia,104,104,point_in_polygon,,analysis_ready
l_25db848219f656436080,o_eb0d1fe740ad969aad27,Upper Hunter Automotive,"15-17 Rutherford Rd, Muswellbrook NSW 2333",106,106,point_in_polygon,,analysis_ready
l_26438f6aac5de9467e73,o_5b4f3a03bda45dcf8609,,"Darling Dr, Sydney, 2000",117,117,point_in_polygon,,analysis_ready
l_266e266de6f4aa33872b,o_4733c69eed3ea98c9b3b,,"227 Railway Terrace, Schofields NSW 2762",116,116,point_in_polygon,,analysis_ready
l_267794c5923bae6fc81b,o_022471524c9d92e538b2,,"57 Ekerts Rd, Pokolbin, 2320",106,106,point_in_polygon,,analysis_ready
l_2681c11bd56a6bdb82a0,o_022471524c9d92e538b2,,"9913 Kosciuszko Rd, Perisher Valley, 2624",101,101,point_in_polygon,,analysis_ready
l_2688ec2a58857f91448b,o_022471524c9d92e538b2,,"1/118 Bourke Rd, Alexandria NSW 2015",117,117,point_in_polygon,,analysis_ready
l_26a9e7b593a19dea6993,o_c7b27ae4cc0e776696d2,Barham Bridge Motor Inn,1 Cobwell St Barham NSW 2732 Australia,109,109,point_in_polygon,,analysis_ready
l_26e55974df9a20af484e,o_e43c5e61858e588c2c2f,Pioneer Country,98 Fraser Dr Tweed Heads South NSW 2486 Australia,112,112,point_in_polygon,,analysis_ready
l_26ea833cea6288c1737a,o_4733c69eed3ea98c9b3b,,"13-17 Princes Hwy, Albion Park Rail NSW 2527",107,107,point_in_polygon,,analysis_ready
l_2740d69801600a9e5c90,o_15939ac67df1441fe74a,,"134 Seven Hills Rd, Baulkham Hills NSW 2153, Australia",115,115,point_in_polygon,,analysis_ready
l_2764795b8170945afb4b,o_15939ac67df1441fe74a,,"328 Main Rd, Newcastle, 2285",111,111,point_in_polygon,,analysis_ready
l_2787fb72701b1502f64e,o_022471524c9d92e538b2,,"Hermitage Rd, Pokolbin, 2320",106,106,point_in_polygon,,analysis_ready
l_27981d4442a7bc636509,o_5b4f3a03bda45dcf8609,,"89 Market St, Balranald, 2715",109,109,point_in_polygon,,analysis_ready
l_27caa02f1073b901e900,o_17324b0193cb7a1c3925,,"21 Hague Ave, Albury, 2640",109,109,point_in_polygon,,analysis_ready
l_27d327cccf6d65740111,o_15939ac67df1441fe74a,,131 Monaro St Queanbeyan NSW 2620 Australia,101,101,point_in_polygon,,analysis_ready
l_27dbf314ae49a6c37f34,o_022471524c9d92e538b2,,"20 Park St, Port Macquarie, 2444",108,108,point_in_polygon,,analysis_ready
l_27f55c045fc6bcc9a6f9,o_17324b0193cb7a1c3925,,"2 Baptist St, Sydney, 2016",117,117,point_in_polygon,,analysis_ready
l_2818bc017ed5fe5cad67,o_fbc5e183d8ce80f2f8eb,,2 George St Marrickville NSW 2204 Australia,117,117,point_in_polygon,,analysis_ready
l_282e5d306cec8cd9661e,o_d7886d1210f045c6c942,Corowa RSL Club,30 Betterment Pde Corowa NSW 2646 Australia,109,109,point_in_polygon,,analysis_ready
l_28327fad6aaa75b24f4b,o_5b4f3a03bda45dcf8609,,"Joadja Rd, Sydney, 2170",127,127,point_in_polygon,,analysis_ready
l_2860cafde1df08fb7f9b,o_eb0d1fe740ad969aad27,,Riverside Cres Brunswick Heads NSW 2483 Australia,112,112,point_in_polygon,,analysis_ready
l_288819f2d088ca1ee546,o_022471524c9d92e538b2,,"3 Cavvanbah St, Byron Bay, 2481",112,112,point_in_polygon,,analysis_ready
l_28af1a4ab616ea376e9c,o_e43c5e61858e588c2c2f,,"6 Boundary St, Sydney, 2081",121,121,point_in_polygon,,analysis_ready
l_28d02cdb22393c3210e9,o_5b4f3a03bda45dcf8609,,"134 Lachlan St, Hay, 2711",109,109,point_in_polygon,,analysis_ready
l_28d42bc0dc0cf17b09cd,o_5b4f3a03bda45dcf8609,,"1 Little Walker St, Casino, NSW 2470, Australia",112,112,point_in_polygon,,analysis_ready
l_2952fb031feaa1a454ac,o_022471524c9d92e538b2,,"109 Cobra St, Dubbo, 2830",105,105,point_in_polygon,,analysis_ready
l_295669b59d2d5e752167,o_130042b74e00dd320b50,,"516 Punchbowl Rd Cnr Wangee Rd, Lakemba, NSW, 2195",119,119,point_in_polygon,,analysis_ready
l_2994036faf346a95426e,o_eb0d1fe740ad969aad27,Harrington Hotel,28 Beach St Harrington NSW 2427 Australia,108,108,point_in_polygon,,analysis_ready
l_29a2f66231fb8a694eba,o_e43c5e61858e588c2c2f,,69 Bay St Double Bay NSW 2028 Australia,118,118,point_in_polygon,,analysis_ready
l_29a8eecc85684b5f97c6,o_4e1932045daf2a3e6c57,,"Gardeners Rd, Sydney, 2020",117,117,point_in_polygon,,analysis_ready
l_29c5fd7a40b2e8136221,o_022471524c9d92e538b2,,"5 Footbridge Blvd, Sydney, 2127",125,125,point_in_polygon,,analysis_ready
l_29f9a77792e5d608604d,o_eb0d1fe740ad969aad27,Reflections Bonny Hills,920 Ocean Dr Bonny Hills NSW 2445 Australia,108,108,point_in_polygon,,analysis_ready
l_2a06c0da0ced06a714b1,o_5b4f3a03bda45dcf8609,,"7 Tank St, Lithgow, 2790",103,103,point_in_polygon,,analysis_ready
l_2a2805d4e3f8e904e684,o_eb0d1fe740ad969aad27,Rip Curl North Wollongong,"57-61 Flinders St, Wollongong NSW 2500",107,107,point_in_polygon,,analysis_ready
l_2a84bd360ea3fa78f784,o_022471524c9d92e538b2,,"8275 Pacific Hwy, New Italy NSW 2472",108,108,point_in_polygon,,analysis_ready
l_2a877bc89839b8526c18,o_e43c5e61858e588c2c2f,,"42 Cloete St, Young, 2594",101,101,point_in_polygon,,analysis_ready
l_2a8bce0f20868afb7c89,o_6a6e0a5733bcc6eefe20,,9-11 Layton St Camperdown NSW 2050 Australia,117,117,point_in_polygon,,analysis_ready
l_2ad1b0b4902ce0cfbc14,o_17324b0193cb7a1c3925,,"8 Federation Rd, Sydney, 2050",117,117,point_in_polygon,,analysis_ready
l_2ad4500c5e16b4d0a1e5,o_eb0d1fe740ad969aad27,Tumut Farrington Motel,71-73 Capper St Tumut NSW 2720 Australia,113,113,point_in_polygon,,analysis_ready
l_2b03ccf55fa763e2df3a,o_022471524c9d92e538b2,,"491 Masonite Rd, Heatherbrae NSW 2324, Australia",106,106,point_in_polygon,,analysis_ready
l_2b175ea8e0731edc50c5,o_17324b0193cb7a1c3925,,"41 Violet St, Katoomba, 2780",124,124,point_in_polygon,,analysis_ready
l_2b2f8eb90249069d111d,o_17324b0193cb7a1c3925,Hermitage Road,972 Hermitage Rd Pokolbin NSW 2320 Australia,106,106,point_in_polygon,,analysis_ready
l_2b4af329e0490a5c5619,o_022471524c9d92e538b2,,"128 Bonnydoon Rd, Uki, 2484",112,112,point_in_polygon,,analysis_ready
l_2b7abbfc1277536bcba1,o_5b4f3a03bda45dcf8609,,"Prospect St, Holbrook, 2644",109,109,point_in_polygon,,analysis_ready
l_2b7e71131025b46fd03c,o_eb0d1fe740ad969aad27,Pacific Palms,26 Windsor St Tarbuck Bay NSW 2428 Australia,108,108,point_in_polygon,,analysis_ready
l_2b94426354684c3dc9a1,o_4733c69eed3ea98c9b3b,,"2848 Pacific Hwy, Tyndale NSW, 2464",104,104,point_in_polygon,,analysis_ready
l_2b98dd59cf2a8ba77944,o_17324b0193cb7a1c3925,Cunningham Park,2 Copeton Dam Rd Bingara NSW 2404 Australia,110,110,point_in_polygon,,analysis_ready
l_2ba6c9ec7c0fff4bf689,o_130042b74e00dd320b50,,"Newbridge Road 216, Sydney, 2170",127,127,point_in_polygon,,analysis_ready
l_2c72548aaa5fa5518f05,o_e43c5e61858e588c2c2f,,"7-9 Irvine Pl, Sydney, 2153",115,115,point_in_polygon,,analysis_ready
l_2c8f1849230514db6fe6,o_4e1932045daf2a3e6c57,,"550 Bunnerong Rd, Sydney, 2036",118,118,point_in_polygon,,analysis_ready
l_2c987a11359715c2d057,o_e43c5e61858e588c2c2f,,"6 Airport Ave, Sydney, 2200",119,119,point_in_polygon,,analysis_ready
l_2ca1f9e427b792780504,o_022471524c9d92e538b2,,"121 Howick St, Bathurst, 2795",103,103,point_in_polygon,,analysis_ready
l_2cb6da819a47f60aa3da,o_5b4f3a03bda45dcf8609,,"50 Bathurst St, Brewarrina, NSW 2839, Australia",105,105,point_in_polygon,,analysis_ready
l_2cbef4457afae72c4d67,o_5b4f3a03bda45dcf8609,,"2 Perry St, Euston, 2737",109,109,point_in_polygon,,analysis_ready
l_2ce8daa776279d84eabe,o_fbc5e183d8ce80f2f8eb,,22 Bellevue Ave Greenwich NSW 2065 Australia,121,121,point_in_polygon,,analysis_ready
l_2d03494da423b2f48b50,o_022471524c9d92e538b2,,"1 Wharf St, Tweed Heads, 2485",112,112,point_in_polygon,,analysis_ready
l_2d77f14089056d9eb1fc,o_eb0d1fe740ad969aad27,Summerhill Motor Inn,24-26 Merimbula Dr Merimbula NSW 2548 Australia,101,101,point_in_polygon,,analysis_ready
l_2d7afb53b972d78c4081,o_3b88759f24dafcbf3977,Moree and District Services Club,Morton St Moree NSW 2400 Australia,110,110,point_in_polygon,,analysis_ready
l_2dd89cae5962dbb73481,o_6a6e0a5733bcc6eefe20,,22 Church St Burwood NSW 2134 Australia,120,120,point_in_polygon,,analysis_ready
l_2de785fb55cd1abf300d,o_17324b0193cb7a1c3925,,"A/2 Macquarie St, Sydney, 2150",125,125,point_in_polygon,,analysis_ready
l_2dfd77959108c10bfbca,o_e43c5e61858e588c2c2f,NRMA Parks and Resorts,Bombah Point Rd Bulahdelah NSW 2423 Australia,108,108,point_in_polygon,,analysis_ready
l_2e2dd4ecd318ff4f176f,o_17324b0193cb7a1c3925,Wests Illawarra,Hargreaves St Unanderra NSW 2526 Australia,107,107,point_in_polygon,,analysis_ready
l_2e7bbef707f787aa0f02,o_fbc5e183d8ce80f2f8eb,,59 Metropolitan Rd Enmore NSW 2042 Australia,117,117,point_in_polygon,,analysis_ready
l_2e845175ca407a8c21cb,o_e43c5e61858e588c2c2f,,"387 Lake Road, Newcastle, 2285",111,111,point_in_polygon,,analysis_ready
l_2eb20b1b82fde030776a,o_c7b27ae4cc0e776696d2,Club Lithgow,2C Lithgow St Lithgow NSW 2790 Australia,103,103,point_in_polygon,,analysis_ready
l_2eca8c089ee9e94b1242,o_e43c5e61858e588c2c2f,,"Woodriff St, Sydney, 2750",124,124,point_in_polygon,,analysis_ready
l_2ecb3993fe78bfad7d61,o_5b4f3a03bda45dcf8609,,33 Village Cct Gregory Hills NSW 2557 Australia,127,127,point_in_polygon,,analysis_ready
l_2f06b13fe53d83d2551b,o_fbc5e183d8ce80f2f8eb,,19 Queen St Randwick NSW 2031 Australia,118,118,point_in_polygon,,analysis_ready
l_2f1f11f3049fa8f79c1e,o_022471524c9d92e538b2,,"190 Princes Hwy, South Nowra, NSW, 2541",114,114,point_in_polygon,,analysis_ready
l_2f750c1aa432379d558f,o_49d759659e56bd31cc22,,"218 Katoomba St, Katoomba NSW 2780, Australia",124,124,point_in_polygon,,analysis_ready
l_2fb9692ea4913f4a3b86,o_e43c5e61858e588c2c2f,,10 Lenox St Beresfield NSW 2322 Australia,111,111,point_in_polygon,,analysis_ready
l_2fc28e1cd919ffaea977,o_5b4f3a03bda45dcf8609,,3A Cowell Cowell St Gladesville NSW 2111 Australia,126,126,point_in_polygon,,analysis_ready
l_2fcbd2774e1ef92e4eb7,o_17324b0193cb7a1c3925,,"9 Anzac Ave, Sydney, 2097",122,122,point_in_polygon,,analysis_ready
l_2fd27b858c72cf9a58ee,o_eb0d1fe740ad969aad27,Queanbeyan Performing Arts Centre,"253 Crawford St, Queanbeyan NSW 2620",101,101,point_in_polygon,,analysis_ready
l_2fff288d38e3cd398366,o_e43c5e61858e588c2c2f,,801-899R Bunnerong Rd Chifley NSW 2036 Australia,118,118,point_in_polygon,,analysis_ready
l_302a07a2f0a3f2301f69,o_e43c5e61858e588c2c2f,,"345 Victoria Ave, Sydney, 2067",121,121,point_in_polygon,,analysis_ready
l_30462d5e3097e1381147,o_eb0d1fe740ad969aad27,Palm View,17 Babs Rd Killcare Heights NSW 2257 Australia,102,102,point_in_polygon,,analysis_ready
l_305162dd408194399a34,o_6a6e0a5733bcc6eefe20,,44 Anderson St Chatswood NSW 2067 Australia,121,121,point_in_polygon,,analysis_ready
l_3059ea9a3ffa0b504815,o_4733c69eed3ea98c9b3b,,"2 Stewart St, Lithgow, 2790",103,103,point_in_polygon,,analysis_ready
l_306723767e6819217140,o_4733c69eed3ea98c9b3b,,"Franklin St, Sydney, 2036",118,118,point_in_polygon,,analysis_ready
l_3072fa8d566eb4bb9595,o_eb0d1fe740ad969aad27,Endeavour Restaurant,233 Newcastle Rd East Maitland NSW 2323 Australia,106,106,point_in_polygon,,analysis_ready
l_3081cd97dd9a7a59b0d8,o_e43c5e61858e588c2c2f,Shellharbour City Council,Cygnet Ave Shellharbour City Centre NSW 2529 Australia,107,107,point_in_polygon,,analysis_ready
l_311822a482177570fbba,o_e43c5e61858e588c2c2f,Young Federation Motor Inn,109 Main St Young NSW 2594 Australia,101,101,point_in_polygon,,analysis_ready
l_31282b7862f2f25d96c4,o_4733c69eed3ea98c9b3b,,"374 Peel St, Tamworth NSW 2340, Australia",110,110,point_in_polygon,,analysis_ready
l_31801d797911a3fd0fe8,o_e43c5e61858e588c2c2f,Cabins in the Clouds,424 Moonabung Rd Vacy NSW 2421 Australia,106,106,point_in_polygon,,analysis_ready
l_320737875a296dfb2a7d,o_0de889e4414435769e84,Strikes,31 Strikes Ln Eurunderee NSW 2850 Australia,103,103,point_in_polygon,,analysis_ready
l_328f135ba7c79f2c1380,o_a44733937534aba247a1,,"143 Johnston St, Casino, 2470",112,112,point_in_polygon,,analysis_ready
l_32a8725251283903b36a,o_3b88759f24dafcbf3977,The Arabella North Coast,1 Smiths Ln Wollongbar NSW 2477 Australia,112,112,point_in_polygon,,analysis_ready
l_32b44ef33b86c0a2f5f8,o_eb0d1fe740ad969aad27,Beauty by Jackie,"118 Mountview Ave, Narwee NSW 2209",119,119,point_in_polygon,,analysis_ready
l_32c1d5219f378116ed1b,o_e43c5e61858e588c2c2f,,"40 Wharf Rd, Newcastle, 2300",111,111,point_in_polygon,,analysis_ready
l_32cdea50ba8fb33465a8,o_ca990827c48864e843f3,Lake Macquarie Council,30 Gommera St Blacksmiths NSW 2281 Australia,111,111,point_in_polygon,,analysis_ready
l_32ce520c966986120058,o_022471524c9d92e538b2,,"2 Quay St, Sydney, 2000",117,117,point_in_polygon,,analysis_ready
l_32eb185d7df4945bac3c,o_15939ac67df1441fe74a,,"224 Princes Hwy, Wollongong, 2519",107,107,point_in_polygon,,analysis_ready
l_331c8b811755eb33c865,o_17324b0193cb7a1c3925,Ingenia Holiday Park - Ulladulla,300 Kings Point Dr Ulladulla NSW 2539 Australia,114,114,point_in_polygon,,analysis_ready
l_332444795a24ccd9af95,o_eb0d1fe740ad969aad27,Cellar Door,42 Lake Canobolas Rd Nashdale NSW 2800 Australia,103,103,point_in_polygon,,analysis_ready
l_33256e34e464c6a4f696,o_e43c5e61858e588c2c2f,,"46 Peach Tree Rd, Megalong Valley, 2785",124,124,point_in_polygon,,analysis_ready
l_3345761395d8296d9faf,o_17324b0193cb7a1c3925,Comfort Inn City Centre Armidale,146 Dangar St Armidale NSW 2350 Australia,110,110,point_in_polygon,,analysis_ready
l_3371a0ee1c2459142361,o_e43c5e61858e588c2c2f,,"2 Stockton St, Nelson Bay, 2315",106,106,point_in_polygon,,analysis_ready
l_338e89c78d08a08b8896,o_eb0d1fe740ad969aad27,Mandarin Motel Macksville,24 Princess St Macksville NSW 2447 Australia,108,108,point_in_polygon,,analysis_ready
l_33abbba4157cab79b6a6,o_022471524c9d92e538b2,,"287 Mona Vale Rd, Sydney, 2084",122,122,point_in_polygon,,analysis_ready
l_33ac2c3793b8a7758e99,o_5b4f3a03bda45dcf8609,,"37-39 Bong Bong Street,, Dapto NSW 2023, Australia",107,107,point_in_polygon,,analysis_ready
l_33ffbe2150b0821f9266,o_e43c5e61858e588c2c2f,,"Bunnerong Rd, Sydney, 2036",118,118,point_in_polygon,,analysis_ready
l_342f228d276725e07657,o_5b4f3a03bda45dcf8609,,"Sommerlad Ln, Glen Innes, 2370",110,110,point_in_polygon,,analysis_ready
l_344081795f73e481638c,o_17324b0193cb7a1c3925,,"Melyra Street, Grenfell, 2810",103,103,point_in_polygon,,analysis_ready
l_3473f054850b1c24a2f6,o_e43c5e61858e588c2c2f,,"1 Molly Morgan Dr, Maitland, 2323",106,106,point_in_polygon,,analysis_ready
l_347eb4998e58fe46a120,o_022471524c9d92e538b2,,"72 South St, Ulladulla, 2539",114,114,point_in_polygon,,analysis_ready
l_34a7c1a247ea3036b133,o_130042b74e00dd320b50,,"917-923 Old Northern Rd, Dural, NSW, 2158",115,115,point_in_polygon,,analysis_ready
l_34d4f73a8f6742baf37b,o_ee0834b88e02efe95195,,"141 Roselands Ave, Roselands NSW 2196",119,119,point_in_polygon,,analysis_ready
l_350265bfd5e4309cf2c5,o_821df35b9743d5584a95,Victoria and Albert Guest House,19 Station St Wentworth Falls NSW 2782 Australia,124,124,point_in_polygon,,analysis_ready
l_3504825258499689c414,o_17324b0193cb7a1c3925,,"7 Prospect Rd, Sydney, 2130",120,120,point_in_polygon,,analysis_ready
l_3522f71e00aa539e9fdf,o_a44733937534aba247a1,,", Muswellbrook, 2333",106,106,point_in_polygon,,analysis_ready
l_353ee84dcee8651d78a3,o_4733c69eed3ea98c9b3b,,"10 Elizabeth St, Bathurst, 2795",103,103,point_in_polygon,,analysis_ready
l_3598a548df38c4118700,o_eb0d1fe740ad969aad27,Heritage Motor Inn Corowa,25 Edward St Corowa NSW 2646 Australia,109,109,point_in_polygon,,analysis_ready
l_35a5423726a82ebf036a,o_130042b74e00dd320b50,,"133 Wyndham St Cnr Mcevoy St, Alexandria, NSW, 2015",117,117,point_in_polygon,,analysis_ready
l_35b94af5266b77903bbd,o_17324b0193cb7a1c3925,Kempsey Shire Council,Buchanan Dr South West Rocks NSW 2431 Australia,108,108,point_in_polygon,,analysis_ready
l_35c430157768bc491e5a,o_6a6e0a5733bcc6eefe20,,29 Carrington Road Waverley NSW 2024 Australia,118,118,point_in_polygon,,analysis_ready
l_35c80dc0a4760c1c63e5,o_022471524c9d92e538b2,,"8 White Hart Dr, Sydney, 2155",115,115,point_in_polygon,,analysis_ready
l_3603a41e4fdd7766ebd5,o_17324b0193cb7a1c3925,,"388 Edgecliff Rd, Sydney, 2025",118,118,point_in_polygon,,analysis_ready
l_361a7c22a4bdf23b23fe,o_ca5dc5f6227bb7dc6a15,,"33 Cross St, Double Bay, 2028",118,118,point_in_polygon,,analysis_ready
l_362ed62645ca74ecaedd,o_fbc5e183d8ce80f2f8eb,,104 Botany St Kingsford NSW 2032 Australia,118,118,point_in_polygon,,analysis_ready
l_365de60c775690e98b4d,o_afb994c863a6ca0ed26b,,22 Ward St North Sydney NSW 2060 Australia,121,121,point_in_polygon,,analysis_ready
l_366fccca56a60213f7f6,o_fbc5e183d8ce80f2f8eb,,1 York Rd Bondi Junction NSW 2022 Australia,118,118,point_in_polygon,,analysis_ready
l_368f35de34030fd756b9,o_022471524c9d92e538b2,,"2 Ocean Dr, Kew, 2439",108,108,point_in_polygon,,analysis_ready
l_36978a92dbc9f6a26f18,o_17324b0193cb7a1c3925,Small Acres Cyder,12 Akhurst Rd Nashdale NSW 2800 Australia,103,103,point_in_polygon,,analysis_ready
l_36c950edb735b4aa3dc0,o_e43c5e61858e588c2c2f,,"90 Sydney Ave, Central Coast, 2257",102,102,point_in_polygon,,analysis_ready
l_36cb24993074ff5998aa,o_022471524c9d92e538b2,,"Grafton St, Coffs Harbour NSW 2450, Australia",104,104,point_in_polygon,,analysis_ready
l_36e70108d77f450ad957,o_022471524c9d92e538b2,,"997 Milbrodale Rd, Broke, 2330",106,106,point_in_polygon,,analysis_ready
l_3704846038c47d6a6cd2,o_17324b0193cb7a1c3925,,"42 Malakoff St, Sydney, 2204",117,117,point_in_polygon,,analysis_ready
l_375b6fee84fbb7ea96cd,o_821df35b9743d5584a95,Town Square Motel,246 Anson St Orange NSW 2800 Australia,103,103,point_in_polygon,,analysis_ready
l_3767ce53a817d83336b3,o_eb0d1fe740ad969aad27,Cotswold Gardens,34 Marsh St Armidale NSW 2350 Australia,110,110,point_in_polygon,,analysis_ready
l_3785814bdfbce6272ae3,o_eb0d1fe740ad969aad27,McCaffrey's Estate Winery,614 Hermitage Rd Pokolbin NSW 2320 Australia,106,106,point_in_polygon,,analysis_ready
l_37968c6e0219f3f3658c,o_022471524c9d92e538b2,,"52 Princes Hwy, Bodalla, 2545",101,101,point_in_polygon,,analysis_ready
l_37b28e6900547e5c804a,o_022471524c9d92e538b2,,16/20 New England Hwy Willow Tree NSW 2339 Australia,110,110,point_in_polygon,,analysis_ready
l_37e05a5f3fe23c2e5341,o_eb0d1fe740ad969aad27,Darlington Point Motel,23 Demamiel St Darlington Point NSW 2706 Australia,113,113,point_in_polygon,,analysis_ready
l_38170eb505da8b7cca2e,o_17324b0193cb7a1c3925,Weddin Shire Council,Forbes St Grenfell NSW 2810 Australia,103,103,point_in_polygon,,analysis_ready
l_382e73896820d05714ee,o_fbc5e183d8ce80f2f8eb,,2A Liverpool St Rose Bay NSW 2029 Australia,118,118,point_in_polygon,,analysis_ready
l_3837f3ffd66cb7c0a1db,o_fbc5e183d8ce80f2f8eb,,61 Broome St Maroubra NSW 2035 Australia,118,118,point_in_polygon,,analysis_ready
l_383f74df7c6dcad64478,o_e43c5e61858e588c2c2f,NRMA Parks and Resorts,1 Baird St Tuncurry NSW 2428 Australia,108,108,point_in_polygon,,analysis_ready
l_384a8450b3a68de73286,o_4733c69eed3ea98c9b3b,,"1215 Anzac Pde, Matraville, NSW, 2036",118,118,point_in_polygon,,analysis_ready
l_3858dcb4be8c10de13b7,o_17324b0193cb7a1c3925,Angourie,166 Angourie Rd Yamba NSW 2464 Australia,104,104,point_in_polygon,,analysis_ready
l_38698b6813f24bd5c946,o_17324b0193cb7a1c3925,,"1 Sublime Point Rd, Leura, 2780",124,124,point_in_polygon,,analysis_ready
l_387350027afa4774863d,o_e43c5e61858e588c2c2f,,"127 Conadilly St, Gunnedah, 2380",110,110,point_in_polygon,,analysis_ready
l_38a3d4faaa538c64c4f2,o_17324b0193cb7a1c3925,,"316 Victoria Rd, Sydney, 2116",125,125,point_in_polygon,,analysis_ready
l_38f1a55b517de3b5e924,o_022471524c9d92e538b2,,"2457 Broke Rd, Pokolbin, 2320",106,106,point_in_polygon,,analysis_ready
l_38fb9fefa34a42615a13,o_5b4f3a03bda45dcf8609,,"82 Mulgoa Rd, Jamisontown NSW 2750, Australia",124,124,point_in_polygon,,analysis_ready
l_3915fce4190876f18d00,o_4733c69eed3ea98c9b3b,,"201 Manning River Drive, Taree, 2430",108,108,point_in_polygon,,analysis_ready
l_392ff8b809c3db48b272,o_022471524c9d92e538b2,,3-5 Underwood Rd Homebush NSW 2140 Australia,120,120,point_in_polygon,,analysis_ready
l_39573ba0c9ea58a6f55a,o_eb0d1fe740ad969aad27,Bridges on Meninya,38 Meninya St Moama NSW 2731 Australia,109,109,point_in_polygon,,analysis_ready
l_395d72b887ba3c6c001b,o_4733c69eed3ea98c9b3b,,"224 Prospect Hwy, Seven Hills NSW 2147",116,116,point_in_polygon,,analysis_ready
l_395dc8f2ce8bbcc777a4,o_022471524c9d92e538b2,,"555 Hermitage Rd, Pokolbin, 2320",106,106,point_in_polygon,,analysis_ready
l_396adc8d248636738371,o_4733c69eed3ea98c9b3b,,"82A O'Connell St, Sydney, 2747",124,124,point_in_polygon,,analysis_ready
l_398b0b9810e46cd06f59,o_fbc5e183d8ce80f2f8eb,,31 Duxford St Paddington NSW 2021 Australia,118,118,point_in_polygon,,analysis_ready
l_39e046cc16cbf99cf684,o_cc3f86eca00d6229a580,,"Civic Dr, Sydney, 2099",122,122,point_in_polygon,,analysis_ready
l_39fdd34f0e74f24decaa,o_5b4f3a03bda45dcf8609,,16 Cooper St Macksville NSW 2447 Australia,108,108,point_in_polygon,,analysis_ready
l_3a1879a3bfbf0fe504ac,o_022471524c9d92e538b2,,"Pine Tree Ln, Central Coast, 2260",102,102,point_in_polygon,,analysis_ready
l_3a200e00478c9fabe4d6,o_eb0d1fe740ad969aad27,Woolworths Tahmoor,"117 Remembrance Driveway, Tahmoor NSW 2573",123,123,point_in_polygon,,analysis_ready
l_3a9b8d523cfa4da15d42,o_022471524c9d92e538b2,,Ross Smith Ave Mascot NSW 2020 Australia,117,117,point_in_polygon,,analysis_ready
l_3acb577be63bc7dc74fa,o_e43c5e61858e588c2c2f,,"42 Camden Rd, Sydney, 2560",123,123,point_in_polygon,,analysis_ready
l_3acdd3d5e680cd5cdf27,o_e18b3618c9ce844d240b,,11 Fowler St Camperdown NSW 2050 Australia,117,117,point_in_polygon,,analysis_ready
l_3af45df8d036ef8cde94,o_eb0d1fe740ad969aad27,Scone Equine Hospital,406 Bunnan Rd Scone NSW 2337 Australia,106,106,point_in_polygon,,analysis_ready
l_3b333a42780dd662c71d,o_5b4f3a03bda45dcf8609,,Alexander St Crows Nest NSW 2065 Australia,121,121,point_in_polygon,,analysis_ready
l_3b3daa6f3025eacc10e5,o_eb0d1fe740ad969aad27,Hunter Gleann - Hunter Valley Farm Stay Accommodation,545 Hermitage Rd Pokolbin NSW 2320 Australia,106,106,point_in_polygon,,analysis_ready
l_3b5ac62a755879867edd,o_022471524c9d92e538b2,,"1442 George Downes Dr, Kulnura, 2250",102,102,point_in_polygon,,analysis_ready
l_3b981ca602d16875cad4,o_e43c5e61858e588c2c2f,,"8-10 Perkins St, Newcastle, 2300",111,111,point_in_polygon,,analysis_ready
l_3ba44375f9e08567d44e,o_e43c5e61858e588c2c2f,Talbingo Shopping Centre,49 Lampe St Talbingo NSW 2720 Australia,113,113,point_in_polygon,,analysis_ready
l_3bb4f802394d68073943,o_17324b0193cb7a1c3925,"Visitor Information Centre, Lake Cargelligo",1 Foster St Lake Cargelligo NSW 2672 Australia,103,103,point_in_polygon,,analysis_ready
l_3bde63502eff00cefb64,o_fbc5e183d8ce80f2f8eb,,69 St Marks Rd Randwick NSW 2031 Australia,118,118,point_in_polygon,,analysis_ready
l_3c37d0f8a1545758e42f,o_022471524c9d92e538b2,,"134 Wallace Ln, Canobolas, 2800",103,103,point_in_polygon,,analysis_ready
l_3c6e58d2f5c4c5469289,o_5b4f3a03bda45dcf8609,,"Coonabarabran Visitor Cntr, Coonabarabran, 2357",105,105,point_in_polygon,,analysis_ready
l_3c709d000dacb5619f7d,o_17324b0193cb7a1c3925,,"24-28 Burns Bay Rd, Sydney, 2066",121,121,point_in_polygon,,analysis_ready
l_3c8cd224ed080f1aa289,o_6a6e0a5733bcc6eefe20,,"Rankine St, Crescent Head, 2440",108,108,point_in_polygon,,analysis_ready
l_3c8ce7392606c2865fec,o_6a6e0a5733bcc6eefe20,,42 Carrington Pde Curl Curl NSW 2096 Australia,122,122,point_in_polygon,,analysis_ready
l_3cadc82143735fb35f71,o_15939ac67df1441fe74a,,"368 Anzac Pde, Sydney, 2032",118,118,point_in_polygon,,analysis_ready
l_3ce338d79dde894053bd,o_022471524c9d92e538b2,,19-21 Tennyson Rd Breakfast Point NSW 2137 Australia,120,120,point_in_polygon,,analysis_ready
l_3cf3a607846b39517dde,o_c71d79267ebac7f0c9db,Lake Conjola Bowling and Recreation Club,180 Lake Conjola Entrance Rd Lake Conjola NSW 2539 Australia,114,114,point_in_polygon,,analysis_ready
l_3d006be1e05e50e34a99,o_eb0d1fe740ad969aad27,Kurrara Guest House,17 Coomonderry St Katoomba NSW 2780 Australia,124,124,point_in_polygon,,analysis_ready
l_3d304b9fa667057c6b40,o_e43c5e61858e588c2c2f,,"2 Sentry Dr, Sydney, 2768",116,116,point_in_polygon,,analysis_ready
l_3d59bd4597dc79683aa6,o_a44733937534aba247a1,Country Plaza Motel Queanbeyan,147 Uriarra Rd Crestwood NSW 2620 Australia,101,101,point_in_polygon,,analysis_ready
l_3d7abc396feeb65c79bb,o_17324b0193cb7a1c3925,Quirindi Library,193 George St Quirindi NSW 2343 Australia,110,110,point_in_polygon,,analysis_ready
l_3d877e02513f424e9823,o_6a6e0a5733bcc6eefe20,,5 Broughton Rd Artarmon NSW 2064 Australia,121,121,point_in_polygon,,analysis_ready
l_3d8bb2856baedc2d9ccc,o_6a6e0a5733bcc6eefe20,,"12 Trinity Ave, Dawes Point, 2000",117,117,point_in_polygon,,analysis_ready
l_3dab9f7f97794da2c0cc,o_022471524c9d92e538b2,,"191 Mitchell Pde, Mollymook Beach, 2539",114,114,point_in_polygon,,analysis_ready
l_3dac50db68c7b9c1c02a,o_4733c69eed3ea98c9b3b,,"872 Anzac Pde, Sydney, 2035",118,118,point_in_polygon,,analysis_ready
l_3df023a39200b264b31b,o_fbc5e183d8ce80f2f8eb,,86 Elswick St Leichhardt NSW 2040 Australia,120,120,point_in_polygon,,analysis_ready
l_3e0729db1fd2785e8ae8,o_e43c5e61858e588c2c2f,,"University Dr, Newcastle, 2308",111,111,point_in_polygon,,analysis_ready
l_3e1205acde55013ed909,o_fbc5e183d8ce80f2f8eb,,2 Hollywood Ave Bondi Junction NSW 2022 Australia,118,118,point_in_polygon,,analysis_ready
l_3e52224d6a04f1b5cb7f,o_6a6e0a5733bcc6eefe20,,"22 Carillon St, Camperdown, 2042",117,117,point_in_polygon,,analysis_ready
l_3e6a54c8f2e989b76128,o_821df35b9743d5584a95,Basalt Orange,1100 Pinnacle Rd Canobolas NSW 2800 Australia,103,103,point_in_polygon,,analysis_ready
l_3e77eb77e75c61eb7f4a,o_eb0d1fe740ad969aad27,Wenty Leagues,"50 Smith St, Wentworthville NSW 2145",125,125,point_in_polygon,,analysis_ready
l_3e7e0fabeaa1b6f55deb,o_e18b3618c9ce844d240b,,40 Malakoff St Marrickville NSW 2204 Australia,117,117,point_in_polygon,,analysis_ready
l_3e81eba8abf22634e9b3,o_17324b0193cb7a1c3925,Acacia Snowy Motel,8 Nettin Cct Jindabyne NSW 2627 Australia,101,101,point_in_polygon,,analysis_ready
l_3e875a721540f3243515,o_6a6e0a5733bcc6eefe20,,"Wordsworth St, Byron Bay, NSW 2481",112,112,point_in_polygon,,analysis_ready
l_3ebe8f39b3f5179534ea,o_e43c5e61858e588c2c2f,,50 O'Sullivan Rd Rose Bay NSW 2029 Australia,118,118,point_in_polygon,,analysis_ready
l_3ec3949a911ef0693ea3,o_e43c5e61858e588c2c2f,,"555 High St, Maitland, 2320",106,106,point_in_polygon,,analysis_ready
l_3ecc3cf634a771b2dcac,o_17324b0193cb7a1c3925,,"123 Wharf Street, Tweed Heads, 2485",112,112,point_in_polygon,,analysis_ready
l_3eee459ac9ad5955d214,o_e43c5e61858e588c2c2f,Alloggio Hotel Thornton,21 Poynton Pl Thornton NSW 2322 Australia,106,106,point_in_polygon,,analysis_ready
l_3f0ea6831ba9ec4982dc,o_17324b0193cb7a1c3925,,"13 Kalinya Street, Sydney, 2106",122,122,point_in_polygon,,analysis_ready
l_3f37dc64828cfe79c0fe,o_eb0d1fe740ad969aad27,Moruya Golf Club,28A Evans St Moruya NSW 2537 Australia,101,101,point_in_polygon,,analysis_ready
l_3fadc375708cf321924a,o_5b4f3a03bda45dcf8609,,"Gasworks Ln, Molong, 2866",103,103,point_in_polygon,,analysis_ready
l_3fb33d0f81380af4418c,o_ca990827c48864e843f3,Nimbo Fork Lodge,330 Nimbo Rd Killimicat NSW 2720 Australia,113,113,point_in_polygon,,analysis_ready
l_3ff070fbbce13f553c1b,o_4e1932045daf2a3e6c57,,"1106 Barrenjoey Rd, Sydney, 2108",122,122,point_in_polygon,,analysis_ready
l_3ff38e76eeb417368b37,o_4733c69eed3ea98c9b3b,,"9 Vickery Ave, Sydney, 2029",118,118,point_in_polygon,,analysis_ready
l_3ffc50106c064de86a80,o_d7886d1210f045c6c942,Riverglade Caravan Park,Riverglade Caravan Park 2 Fitzroy St Tumut NSW 2720 Australia,113,113,point_in_polygon,,analysis_ready
l_4003e580292ec23a04c7,o_17324b0193cb7a1c3925,Tathra Beachfront Holiday Park,2 Andy Poole Dr Tathra NSW 2550 Australia,101,101,point_in_polygon,,analysis_ready
l_40147c4be518629baf2f,o_6a6e0a5733bcc6eefe20,,"3 Brown St, Newtown, 2042",117,117,point_in_polygon,,analysis_ready
l_408a3a768ef9ab219644,o_e43c5e61858e588c2c2f,,"1 Hollinsworth Rd, Sydney, 2765",116,116,point_in_polygon,,analysis_ready
l_40adcdc1cd8bac03aed4,o_4e1932045daf2a3e6c57,,"59 The Centre, Sydney, 2087",122,122,point_in_polygon,,analysis_ready
l_40b051ea52827ca96a91,o_17324b0193cb7a1c3925,Yalawanyi Gunya,2 Biripi Way Taree South NSW 2430 Australia,108,108,point_in_polygon,,analysis_ready
l_40cf5cc3ae5db8899042,o_022471524c9d92e538b2,,"375-383 Windsor Rd, Sydney, 2153",115,115,point_in_polygon,,analysis_ready
l_410daaf4e580d45ed4ed,o_022471524c9d92e538b2,,"1596 Broke Rd, Pokolbin, 2320",106,106,point_in_polygon,,analysis_ready
l_41188646b478932fd615,o_4733c69eed3ea98c9b3b,,"3 Bungendore Rd, Queanbeyan NSW 2620",101,101,point_in_polygon,,analysis_ready
l_413b8a4a7528d2f9bf74,o_17324b0193cb7a1c3925,Leisure Inn Pokolbin,485 McDonalds Road Pokolbin NSW 2320 Australia,106,106,point_in_polygon,,analysis_ready
l_413cec7c91cece102991,o_fbc5e183d8ce80f2f8eb,,185 Carrington Rd Coogee NSW 2034 Commonwealth of Australia,118,118,point_in_polygon,,analysis_ready
l_4190332a240734a0c269,o_eb0d1fe740ad969aad27,Hunter Valley Lodge,188 Lomas Ln Nulkaba NSW 2325 Australia,106,106,point_in_polygon,,analysis_ready
l_41b54309a7f459b36922,o_17324b0193cb7a1c3925,,"60 Wilson Street, The Rock, 2655",113,113,point_in_polygon,,analysis_ready
l_41c7b17cceed95db44db,o_17324b0193cb7a1c3925,,"21 Roselands Ave, Sydney, 2196",119,119,point_in_polygon,,analysis_ready
l_41ccda9ec658700e275e,o_e43c5e61858e588c2c2f,,"187 Rickard Rd, Leppington, 2179",127,127,point_in_polygon,,analysis_ready
l_41cdbd5ab07905f37d05,o_022471524c9d92e538b2,,"253 Pacific Hwy, Coffs Harbour, 2450",104,104,point_in_polygon,,analysis_ready
l_41fafb83085ed8357181,o_e43c5e61858e588c2c2f,,"164 Camp Drewe Road, Lennox Head, 2478",112,112,point_in_polygon,,analysis_ready
l_420ca068eca2fb5b0437,o_022471524c9d92e538b2,,"Shiers Ave, Sydney, 2020",117,117,point_in_polygon,,analysis_ready
l_422404488cd551e725f5,o_4733c69eed3ea98c9b3b,,"12 Lord St, Botany NSW 2019",117,117,point_in_polygon,,analysis_ready
l_4235e7246068561ee36d,o_4733c69eed3ea98c9b3b,,"5 Willowdale Dr, Denham Court NSW 2565",123,123,point_in_polygon,,analysis_ready
l_425743a016507be71891,o_4733c69eed3ea98c9b3b,,"620-658 Terrigal Dr, Central Coast, 2250",102,102,point_in_polygon,,analysis_ready
l_4273d1476c8e3cde70f7,o_6a6e0a5733bcc6eefe20,,15 Barker St Kensington NSW 2033 Australia,118,118,point_in_polygon,,analysis_ready
l_4288d051d3a348a15989,o_eb0d1fe740ad969aad27,Thynk Beresfield,3 Bowden Way Beresfield NSW 2322 Australia,111,111,point_in_polygon,,analysis_ready
l_4295e4e350397d4388e8,o_a44733937534aba247a1,,"72-78 Brook St, Muswellbrook, 2333",106,106,point_in_polygon,,analysis_ready
l_42a9f4e832094cfddbba,o_022471524c9d92e538b2,,"2 Central Ave, Sydney, 2015",117,117,point_in_polygon,,analysis_ready
l_42aa8fa8eaccbbaae172,o_e18b3618c9ce844d240b,,12-14 Glen St Marrickville NSW 2204 Australia,117,117,point_in_polygon,,analysis_ready
l_42dc675961a0495c8a90,o_022471524c9d92e538b2,,"3241 Hume Hwy, Mount Adrah, 2729",113,113,point_in_polygon,,analysis_ready
l_42f4d60a42bdcbb1f490,o_821df35b9743d5584a95,Nelson Bay Breeze Holiday Apartments,1 Trafalgar St Nelson Bay NSW 2315 Australia,106,106,point_in_polygon,,analysis_ready
l_433699340dcfd0b7cbf3,o_e18b3618c9ce844d240b,,30 Hill St Marrickville NSW 2204 Australia,117,117,point_in_polygon,,analysis_ready
l_4368d6ea719eeef5eb98,o_17324b0193cb7a1c3925,Scenic World,2 Violet St Katoomba NSW 2780 Australia,124,124,point_in_polygon,,analysis_ready
l_437868b51f5ae7bc6a16,o_fbc5e183d8ce80f2f8eb,,272 Johnston St Annandale NSW 2038 Australia,120,120,point_in_polygon,,analysis_ready
l_437878198b56aef68f50,o_022471524c9d92e538b2,,"B640 Princes Hwy, Jaspers Brush, 2535",114,114,point_in_polygon,,analysis_ready
l_437fdac76ffdac31f9c6,o_4733c69eed3ea98c9b3b,,"60 Glenwood Park Dr, Glenwood NSW 2768",116,116,point_in_polygon,,analysis_ready
l_4397075d670cc490811e,o_022471524c9d92e538b2,,"392 Manns Road, West Gosford NSW 2250 Australia",102,102,point_in_polygon,,analysis_ready
l_43c1cc3cf5af4c94f586,o_e2108382db98807a85a5,,"Wolgan Rd, Wolgan Valley, 2790",103,103,point_in_polygon,,analysis_ready
l_43ebd083312d364a6437,o_17324b0193cb7a1c3925,THE CARRINGTON INN,59 Ellendon St Bungendore NSW 2621 Australia,101,101,point_in_polygon,,analysis_ready
l_43fe4eb57932ce0ae018,o_17324b0193cb7a1c3925,,"351 Oran Park Drive, Sydney, 2570",127,127,point_in_polygon,,analysis_ready
l_441632168889d2424f4a,o_022471524c9d92e538b2,,"Robinsons Ln, Tenterfield, 2372",110,110,point_in_polygon,,analysis_ready
l_442ed2f39cbc71fd1a62,o_17324b0193cb7a1c3925,,"21 Church St, Sydney, 2112",126,126,point_in_polygon,,analysis_ready
l_4444b4d783aa116660d8,o_afb994c863a6ca0ed26b,,12 Hipwood St Kirribilli NSW 2061 Australia,121,121,point_in_polygon,,analysis_ready
l_4448e378c7af0cd5ffa1,o_6a6e0a5733bcc6eefe20,,"35 Woodburn St, Evans Head, 2473",112,112,point_in_polygon,,analysis_ready
l_4456187b96dcf1a187cb,o_eb0d1fe740ad969aad27,The Albury Regent Motel,666 Dean St Albury NSW 2640 Australia,109,109,point_in_polygon,,analysis_ready
l_44589c126adad6233ca8,o_15939ac67df1441fe74a,,"Bp Rydalmere, 265 Victoria Rd, Rydalmere, NSW, 2116, Australia",126,126,point_in_polygon,,analysis_ready
l_44bcb4455317ddf37fbe,o_3b88759f24dafcbf3977,Mid-Western Regional Council,90 Market St Mudgee NSW 2850 Australia,103,103,point_in_polygon,,analysis_ready
l_44dca56501d0233c004b,o_e43c5e61858e588c2c2f,Bermagui Fishermen's Co-Operative,73-79 Lamont St Bermagui NSW 2546 Australia,101,101,point_in_polygon,,analysis_ready
l_451af58f6ec0c9ac167d,o_6a6e0a5733bcc6eefe20,,54 Brown St Bronte NSW 2024 Australia,118,118,point_in_polygon,,analysis_ready
l_453a37b25d2065310d3b,o_ca5dc5f6227bb7dc6a15,,"Salisbury Rd, Sydney, 2154",115,115,point_in_polygon,,analysis_ready
l_453e772e773b18ede435,o_022471524c9d92e538b2,,"117 Macquarie St, Sydney, 2000",117,117,point_in_polygon,,analysis_ready
l_4553878b5798d23b3efa,o_17324b0193cb7a1c3925,Osborn House,96 Osborn Ave Bundanoon NSW 2578 Australia,114,114,point_in_polygon,,analysis_ready
l_458ac53a3306ffd54297,o_e43c5e61858e588c2c2f,,"2A Richmond Rd, Sydney, 2029",118,118,point_in_polygon,,analysis_ready
l_4592803be71c761717d7,o_130042b74e00dd320b50,,"105 Station Rd, Sydney, 2147",116,116,point_in_polygon,,analysis_ready
l_45b32f31bd9daf770eae,o_3b88759f24dafcbf3977,,7-11 Old Hume Hwy Mittagong NSW 2575 Australia,114,114,point_in_polygon,,analysis_ready
l_465c9d321bac1781c644,o_ca990827c48864e843f3,Echo Point Discovery Motel,18 Echo Point Rd Katoomba NSW 2780 Australia,124,124,point_in_polygon,,analysis_ready
l_46608696c4cad4698387,o_17324b0193cb7a1c3925,Hamilton's Queanbeyan Motel,53 Tharwa Rd Queanbeyan West NSW 2620 Australia,101,101,point_in_polygon,,analysis_ready
l_46878d3909e821bbe2d4,o_6a6e0a5733bcc6eefe20,,18 Council St Bondi Junction NSW 2022 Australia,118,118,point_in_polygon,,analysis_ready
l_468842bb0ca3281a48e4,o_821df35b9743d5584a95,Tamburlaine Organic Wines,358 McDonalds Rd Pokolbin NSW 2320 Australia,106,106,point_in_polygon,,analysis_ready
l_469d8d90229a52bf41a3,o_fbc5e183d8ce80f2f8eb,,97 Cascade St Paddington NSW 2021 Australia,118,118,point_in_polygon,,analysis_ready
l_470cde0be437159d0029,o_6a6e0a5733bcc6eefe20,,39 Grove St Birchgrove NSW 2041 Australia,120,120,point_in_polygon,,analysis_ready
l_470d5eb30c96a2fb2957,o_8489a89c8befb35ccbdc,,"225 George St, Sydney, 2000",117,117,point_in_polygon,,analysis_ready
l_4718a5a8373d9d0b8d97,o_4e1932045daf2a3e6c57,,"Gardeners Rd, Sydney, 2020",117,117,point_in_polygon,,analysis_ready
l_4732c399b614feac41b0,o_e43c5e61858e588c2c2f,Byron Shire Council Administration Building Public Carpark,70 Station St Mullumbimby NSW 2482 Australia,112,112,point_in_polygon,,analysis_ready
l_4768d5c289737f32960b,o_eb0d1fe740ad969aad27,Sub Base Platypus,"120 High St, North Sydney NSW 2060",121,121,point_in_polygon,,analysis_ready
l_47822ee33357a3fe734c,o_17324b0193cb7a1c3925,,"18A Gould Dr, Lemon Tree Passage, 2319",106,106,point_in_polygon,,analysis_ready
l_47afd4696eb10fe958b7,o_022471524c9d92e538b2,,"2a Todman Ave, Sydney, 2033",118,118,point_in_polygon,,analysis_ready
l_47bc37bf29e101b5775b,o_eb0d1fe740ad969aad27,Allegiance Wines,3446 Jingellic Rd Mannus NSW 2653 Australia,113,113,point_in_polygon,,analysis_ready
l_48074052e52472741d15,o_e43c5e61858e588c2c2f,Cargo Road Wines,1064 Cargo Rd Lidster NSW 2800 Australia,103,103,point_in_polygon,,analysis_ready
l_480ccd145117443d7005,o_e43c5e61858e588c2c2f,,"303 Henry Parry Dr, Central Coast, 2250",102,102,point_in_polygon,,analysis_ready
l_481266885e20cadf58ae,o_4733c69eed3ea98c9b3b,,"60-62 Amherst St, Sydney, 2062",121,121,point_in_polygon,,analysis_ready
l_482445af34fbf999f13d,o_17324b0193cb7a1c3925,The Civic,83 Chandos St Gunnedah NSW 2380 Australia,110,110,point_in_polygon,,analysis_ready
l_48331edb16cf4b92cca5,o_022471524c9d92e538b2,,"24 Princes Hwy, Ulladulla, 2539",114,114,point_in_polygon,,analysis_ready
l_484d4c91a418d3df4cbc,o_e43c5e61858e588c2c2f,,"40 Jersey Rd, Sydney, 2770",116,116,point_in_polygon,,analysis_ready
l_489934c39ded9fc39c17,o_ca5dc5f6227bb7dc6a15,,"Soldiers Point Road, Soldiers Point, 2317",106,106,point_in_polygon,,analysis_ready
l_489ae1c90174e92bf09e,o_e43c5e61858e588c2c2f,,"Innovation Way, Wollongong, 2500",107,107,point_in_polygon,,analysis_ready
l_48a68ba9e101e73f1821,o_fbc5e183d8ce80f2f8eb,,75 Corunna Rd Stanmore NSW 2048 Australia,117,117,point_in_polygon,,analysis_ready
l_48d871063b483c35a2f0,o_ca990827c48864e843f3,,"Popran Rd, Glenworth Valley, 2250",102,102,point_in_polygon,,analysis_ready
l_48e95a426efe6a42056f,o_e43c5e61858e588c2c2f,,12 Wilberforce Ave Rose Bay NSW 2029 Australia,118,118,point_in_polygon,,analysis_ready
l_48fcdc8e065f25652363,o_e43c5e61858e588c2c2f,,"53 Sydney Rd, Goulburn, 2580",101,101,point_in_polygon,,analysis_ready
l_49393ecaec8f6f344c46,o_e43c5e61858e588c2c2f,,"Goobarabah Ave, Central Coast, 2263",102,102,point_in_polygon,,analysis_ready
l_49875a92ee855707f408,o_17324b0193cb7a1c3925,,"1498 Cullinga Rd, Wallendbeen, 2588",113,113,point_in_polygon,,analysis_ready
l_49950ef9329276e421f5,o_fbc5e183d8ce80f2f8eb,,"64-106 Mallett St, Camperdown, NSW, 2050, Australia",117,117,point_in_polygon,,analysis_ready
l_49b0a5a2a3f1fe176f67,o_5b4f3a03bda45dcf8609,,"8/24 Cross St, Wagga Wagga, NSW 2650",113,113,point_in_polygon,,analysis_ready
l_49b20e00a8391245a76d,o_022471524c9d92e538b2,,"57 Ellendon St, Bungendore, 2621",101,101,point_in_polygon,,analysis_ready
l_49b8dee770c95898f3b9,o_eb0d1fe740ad969aad27,Snowbound,5 Crackenback Dr Thredbo NSW 2625 Australia,101,101,point_in_polygon,,analysis_ready
l_49ed954693fc5153e351,o_15939ac67df1441fe74a,,"169 Willoughby Rd, Sydney, 2065",121,121,point_in_polygon,,analysis_ready
l_4a00a65ef80c8227734f,o_17324b0193cb7a1c3925,,"20 Phoenix Street, Sydney, 2066",121,121,point_in_polygon,,analysis_ready
l_4ab7a4fccc34def8a113,o_e43c5e61858e588c2c2f,,"1 Williamtown Drive, Williamtown, 2318",106,106,point_in_polygon,,analysis_ready
l_4ae78120f6a00ccd9154,o_e43c5e61858e588c2c2f,,"180 George St, Sydney, 2150",125,125,point_in_polygon,,analysis_ready
l_4afaac21436020e675e1,o_fbc5e183d8ce80f2f8eb,,163 Windsor St Paddington NSW 2021 Australia,118,118,point_in_polygon,,analysis_ready
l_4b008425308777a803d9,o_bcaad2992c1da7826658,,"9-11 Roberts Rd, Greenacre NSW 2190, Australia",119,119,point_in_polygon,,analysis_ready
l_4b0f68c168d2620edfc1,o_e43c5e61858e588c2c2f,,"2 Greycliffe Ave, Vaucluse, NSW, 2030",118,118,point_in_polygon,,analysis_ready
l_4b57a2dd678e632d515d,o_022471524c9d92e538b2,,"2 Lachlan Valley Way, Cowra, 2794",103,103,point_in_polygon,,analysis_ready
l_4b8a3138222bb213a309,o_eb0d1fe740ad969aad27,Emerald Hills Shopping Village,"5 Emerald Hills Blvd, Leppington NSW 2179",127,127,point_in_polygon,,analysis_ready
l_4bdf1db06fac4e25a7d8,o_6a6e0a5733bcc6eefe20,,146 Glenmore Rd Paddington NSW 2021 Australia,118,118,point_in_polygon,,analysis_ready
l_4bf0f16a2ef56b7639c8,o_17324b0193cb7a1c3925,,"12 Arncliffe St, Sydney, 2205",119,119,point_in_polygon,,analysis_ready
l_4ca174acd09b98c0e0d2,o_022471524c9d92e538b2,,"55 North Steyne, Sydney, 2095",122,122,point_in_polygon,,analysis_ready
l_4cf4253db9bbfd00d2db,o_cc3f86eca00d6229a580,,"31-39 Macquarie St, Sydney, 2150",125,125,point_in_polygon,,analysis_ready
l_4cfb01382447958c6800,o_aed59b2b089d156de8d7,,"47 Airport Rd, Albion Park Rail, 2527",107,107,point_in_polygon,,analysis_ready
l_4d011ad66e5c03718ea1,o_4733c69eed3ea98c9b3b,,"9-49 Chapel Rd, Bankstown NSW 2200",119,119,point_in_polygon,,analysis_ready
l_4d0dcff3a3f0cac850b8,o_022471524c9d92e538b2,,477 Coolac Rd Coolac NSW 2727 Australia,113,113,point_in_polygon,,analysis_ready
l_4d43e95d4a05277bff92,o_17324b0193cb7a1c3925,,"94 Princes Hwy, Wollongong, 2500",107,107,point_in_polygon,,analysis_ready
l_4d82fc30921af8ef0f16,o_3b88759f24dafcbf3977,Budgewoi Bungelow,24 Kewalo Ave Budgewoi NSW 2262 Australia,102,102,point_in_polygon,,analysis_ready
l_4daecd0397a35fc0048a,o_4e1932045daf2a3e6c57,,"Oatley Railway Station, Oatley Pde, Oatley, New South Wales 2223, Australia",119,119,point_in_polygon,,analysis_ready
l_4dc35361b70945f02481,o_022471524c9d92e538b2,,"6 The Avenue, Wentworth Falls, 2782",124,124,point_in_polygon,,analysis_ready
l_4e13ed41019f01c676c2,o_fbc5e183d8ce80f2f8eb,,23 See St Kingsford NSW 2032 Australia,118,118,point_in_polygon,,analysis_ready
l_4e28ef0381887ae57678,o_4733c69eed3ea98c9b3b,,"260 Jersey Rd, Plumpton NSW 2761",116,116,point_in_polygon,,analysis_ready
l_4e596486056f5806da44,o_ca990827c48864e843f3,,"67 Thomas St, Sydney, 2007",117,117,point_in_polygon,,analysis_ready
l_4e61a6446d82b43fb0de,o_eb0d1fe740ad969aad27,Winning Post Hotel,101 Church St Mudgee NSW 2850 Australia,103,103,point_in_polygon,,analysis_ready
l_4e7531d9aa94cc049b56,o_cc3f86eca00d6229a580,,"1-11 Lexington Dr, Sydney, 2153",115,115,point_in_polygon,,analysis_ready
l_4e824fc6bbe0331d3a8b,o_022471524c9d92e538b2,,"20 Wentworth St, Sydney, 2142",125,125,point_in_polygon,,analysis_ready
l_4f0e54e6945ee8be278f,o_e43c5e61858e588c2c2f,,"44 Bangalow Rd, Ballina, 2478",112,112,point_in_polygon,,analysis_ready
l_4f1b469b2b2c81dd2657,o_17324b0193cb7a1c3925,,"88 Parker St, Sydney, 2747",124,124,point_in_polygon,,analysis_ready
l_4f221bcd746e99c52e75,o_fbc5e183d8ce80f2f8eb,,103 Denison St Rozelle NSW 2039 Australia,120,120,point_in_polygon,,analysis_ready
l_4f2c2ac69e78ef659331,o_6a6e0a5733bcc6eefe20,,429 Old South Head Rd Rose Bay NSW 2029 Australia,118,118,point_in_polygon,,analysis_ready
l_4f4878cd14c201fcad57,o_fbc5e183d8ce80f2f8eb,,2 Quarry St Paddington NSW 2021 Australia,118,118,point_in_polygon,,analysis_ready
l_4f92f6c255136d562354,o_6a6e0a5733bcc6eefe20,,726 Bourke St Redfern NSW 2016 Australia,117,117,point_in_polygon,,analysis_ready
l_4fbbd61f0104e0a0ea91,o_fbc5e183d8ce80f2f8eb,,17 Grove St Dulwich Hill NSW 2203 Australia,120,120,point_in_polygon,,analysis_ready
l_4fcad91609b467be42ce,o_022471524c9d92e538b2,,"2 Murray St, Port Macquarie, 2444",108,108,point_in_polygon,,analysis_ready
l_50040883c1918163638b,o_e43c5e61858e588c2c2f,,"94 Epsom Rd, Sydney, 2017",117,117,point_in_polygon,,analysis_ready
l_5016c1a232561a70b6b9,o_6a6e0a5733bcc6eefe20,,2 King St Balmain NSW 2041 Australia,120,120,point_in_polygon,,analysis_ready
l_50301b9f6a1e07b9dbc5,o_022471524c9d92e538b2,,"242 Arden St, Sydney, 2034",118,118,point_in_polygon,,analysis_ready
l_503c4efc0bce9ad52463,o_17324b0193cb7a1c3925,,"1 Friday Dr, Thredbo, 2625",101,101,point_in_polygon,,analysis_ready
l_508197a6e65801e5a667,o_130042b74e00dd320b50,,"Castlereagh Rd, Sydney, 2750",124,124,point_in_polygon,,analysis_ready
l_50b98952c63186cc14d3,o_022471524c9d92e538b2,,"574 Henry Lawson Dr, Eurunderee, 2850",103,103,point_in_polygon,,analysis_ready
l_50fb6017869d3650350d,o_eb0d1fe740ad969aad27,The Midge Tallong,90 Caoura Rd Tallong NSW 2579 Australia,101,101,point_in_polygon,,analysis_ready
l_511723eb76c0a88be235,o_17324b0193cb7a1c3925,The Commercial Hotel Wallerawang,66 Main St Wallerawang NSW 2845 Australia,103,103,point_in_polygon,,analysis_ready
l_51489750c9bacd1f1530,o_15939ac67df1441fe74a,,"24-42 King Georges Rd, Sydney, 2195",119,119,point_in_polygon,,analysis_ready
l_5176bcd4851febff25d0,o_3b88759f24dafcbf3977,Rich River Golf Club,Twenty Four Ln Moama NSW 2731 Australia,109,109,point_in_polygon,,analysis_ready
l_517873f34144fe1de2ca,o_17324b0193cb7a1c3925,,"107 John St, Singleton, 2330",106,106,point_in_polygon,,analysis_ready
l_51967fa50fe906492641,o_022471524c9d92e538b2,,"179-183 Hume St, Goulburn NSW 2580",101,101,point_in_polygon,,analysis_ready
l_519c10c9adb3e0c2648f,o_17324b0193cb7a1c3925,,"124 Wallace St, Nowra, 2541",114,114,point_in_polygon,,analysis_ready
l_519de0877082b81f2941,o_5b4f3a03bda45dcf8609,,"116 Liverpool St, Scone, NSW 2337, Australia",106,106,point_in_polygon,,analysis_ready
l_51ba1b0a94114e8352c5,o_022471524c9d92e538b2,,"97 Cobra St, Dubbo, 2830",105,105,point_in_polygon,,analysis_ready
l_51bff8453eedb369f763,o_e43c5e61858e588c2c2f,,1-19 Dora St Mayfield NSW 2304 Australia,111,111,point_in_polygon,,analysis_ready
l_51d68daf4e9789b06215,o_15939ac67df1441fe74a,,"Bp Potts Hill Truckstop, 155-157 Rockwood Road, Yagoona NSW 2199, Australia",119,119,point_in_polygon,,analysis_ready
l_51e86ff0baa83a47f211,o_022471524c9d92e538b2,,"170 Riversdale Rd, Illaroo, 2540",114,114,point_in_polygon,,analysis_ready
l_51f9fd12c1b41e586501,o_17324b0193cb7a1c3925,The Levee Central Maitland,2 St Andrews St Maitland NSW 2320 Australia,106,106,point_in_polygon,,analysis_ready
l_51fdc7150b6a337ce00b,o_17324b0193cb7a1c3925,,"361A Bobbin Head Rd, Sydney, 2074",121,121,point_in_polygon,,analysis_ready
l_51fea3b417d7bc64b4bb,o_fbc5e183d8ce80f2f8eb,,180 Darling St Balmain NSW 2041 Australia,120,120,point_in_polygon,,analysis_ready
l_5238c6956dbc1836a62b,o_022471524c9d92e538b2,,"600 Kingsway, Sydney, 2228",128,128,point_in_polygon,,analysis_ready
l_525794e991b51357265b,o_15939ac67df1441fe74a,,"01 Wallgrove Road, Sydney, 2766",116,116,point_in_polygon,,analysis_ready
l_528480f6181944de9abe,o_022471524c9d92e538b2,,"1 Ferrers Rd, Sydney, 2766",116,116,point_in_polygon,,analysis_ready
l_528ca783384bd59c897d,o_022471524c9d92e538b2,,"336 Oakey Creek Rd, Pokolbin, 2320",106,106,point_in_polygon,,analysis_ready
l_52980b7c8f66f02c17dc,o_4733c69eed3ea98c9b3b,,"Pole Ln, Sydney, 2065",121,121,point_in_polygon,,analysis_ready
l_52fe97be75afe503a74e,o_e43c5e61858e588c2c2f,,25 Rockleigh Rd Exeter NSW 2579 Australia,114,114,point_in_polygon,,analysis_ready
l_531b35e1141b14c905b4,o_fbc5e183d8ce80f2f8eb,,110 Beach St Coogee NSW 2034 Australia,118,118,point_in_polygon,,analysis_ready
l_5347c3803a68ae6f73d0,o_17324b0193cb7a1c3925,,"41 Yobarnie Ave, Richmond, 2754",124,124,point_in_polygon,,analysis_ready
l_5365bb54fea7ed4aee9b,o_ca990827c48864e843f3,,"13 Park Rd, Speers Point, 2284",111,111,point_in_polygon,,analysis_ready
l_53d0e6a1aa24d6b5ad1f,o_eb0d1fe740ad969aad27,,Stockton St Nelson Bay NSW 2315 Australia,106,106,point_in_polygon,,analysis_ready
l_53f08103947c37ff473a,o_821df35b9743d5584a95,Mollymook Shores Hotel,11 Golf Ave Mollymook NSW 2539 Australia,114,114,point_in_polygon,,analysis_ready
l_53fcdcd078b646523307,o_fbc5e183d8ce80f2f8eb,,90 Rowntree St Birchgrove NSW 2041 Australia,120,120,point_in_polygon,,analysis_ready
l_545ce1fb21a9cf76bfd1,o_15939ac67df1441fe74a,,"76 Glossop St, North St Marys NSW 2760, Australia",124,124,point_in_polygon,,analysis_ready
l_5480293dbd5f62828817,o_e43c5e61858e588c2c2f,,"36 Blue St, Sydney, 2060",121,121,point_in_polygon,,analysis_ready
l_548bac8c840538cbf6f0,o_e43c5e61858e588c2c2f,,"Tathra Bermagui Rd, Tathra, 2550",101,101,point_in_polygon,,analysis_ready
l_54be1dd0d0c2c775ae6a,o_e43c5e61858e588c2c2f,,"Muir St, Medowie, 2318",106,106,point_in_polygon,,analysis_ready
l_54d92f90a822b84ea807,o_6a6e0a5733bcc6eefe20,,35 Fitzroy St Marrickville NSW 2204 Australia,117,117,point_in_polygon,,analysis_ready
l_54dfb0e18f3270bb0f97,o_1bb1aca68da22d6e6c53,Titania Motel,11-13 Tarana Cres Oberon NSW 2787 Australia,103,103,point_in_polygon,,analysis_ready
l_54e1fb9b01b9c89aa8cf,o_15939ac67df1441fe74a,,"Bp Kennedy Drive, CNR KENNEDY DVE & DUCAT ST, Tweed Heads NSW 2485, Australia",112,112,point_in_polygon,,analysis_ready
l_54f78e66fb7452588271,o_e43c5e61858e588c2c2f,,"101 Goulburn St, Sydney, 2000",117,117,point_in_polygon,,analysis_ready
l_551f09553e0553959117,o_afb994c863a6ca0ed26b,,2 Kelrose Ln North Sydney NSW 2060 Australia,121,121,point_in_polygon,,analysis_ready
l_55706c207da10f7b383e,o_eb0d1fe740ad969aad27,Hume Street Park,"44 Hume St, Crows Nest NSW 2065",121,121,point_in_polygon,,analysis_ready
l_557d9a33a7ab574a4943,o_4733c69eed3ea98c9b3b,,"330 Pennant Hills Rd, Pennant Hills NSW 2120",126,126,point_in_polygon,,analysis_ready
l_559e0e80bbd0d4486ba0,o_d60ddd6e958e286f4797,Cantrill Organics,103 Old Canobolas Rd Nashdale NSW 2800 Australia,103,103,point_in_polygon,,analysis_ready
l_55cd4ce9f89536223534,o_eb0d1fe740ad969aad27,Common People Brewing Co,9 Dudgeons Ln Bangalow NSW 2479 Australia,112,112,point_in_polygon,,analysis_ready
l_560a069790db2f826869,o_17324b0193cb7a1c3925,,"24 Golf Pl, Wollongong, 2502",107,107,point_in_polygon,,analysis_ready
l_5616b97809c0d499c506,o_eb0d1fe740ad969aad27,Caves Coastal Bar and Bungalows,"27 Mawson Cl, Caves Beach NSW 2281",111,111,point_in_polygon,,analysis_ready
l_5617df25e7fc5dc3ef32,o_4e1932045daf2a3e6c57,,"2260 Camden Valley Way, Sydney, 2170",127,127,point_in_polygon,,analysis_ready
l_56546e0da01f8979de67,o_022471524c9d92e538b2,,"31 Stonehaven Rd, Wollongong, 2508",107,107,point_in_polygon,,analysis_ready
l_56a10fe75efcfa0bb244,o_e18b3618c9ce844d240b,,67 John St Leichhardt NSW 2040 Australia,120,120,point_in_polygon,,analysis_ready
l_56f3247ca4995432bbcc,o_e43c5e61858e588c2c2f,,7 Poynton Pl Thornton NSW 2322 Australia,106,106,point_in_polygon,,analysis_ready
l_57090e8917e081d6ef4c,o_4e1932045daf2a3e6c57,,"1068 Pittwater Rd, Sydney, 2097",122,122,point_in_polygon,,analysis_ready
l_5711ab1d8fc3bab1a5f8,o_022471524c9d92e538b2,,"201 Sloane St, Goulburn , 2580",101,101,point_in_polygon,,analysis_ready
l_57129364d0796f1ae6f9,o_eb0d1fe740ad969aad27,Goulburn Health Hub,37 Ross St Goulburn NSW 2580 Australia,101,101,point_in_polygon,,analysis_ready
l_5736650d7078ab8dd9e2,o_6a6e0a5733bcc6eefe20,,284 Old South Head Rd Watsons Bay NSW 2030 Australia,118,118,point_in_polygon,,analysis_ready
l_57579c6bf729ab6fc9e8,o_5b4f3a03bda45dcf8609,,"81 Meehan St, Yass NSW 2582, Australia",101,101,point_in_polygon,,analysis_ready
l_575a0f4a3bbe55256f05,o_eb0d1fe740ad969aad27,Bay Central,"453A Captain Cook Dr, Woolooware NSW 2230",128,128,point_in_polygon,,analysis_ready
l_5770ecb7c9c66dff6288,o_6a6e0a5733bcc6eefe20,,36R Dudley St Randwick NSW 2031 Australia,118,118,point_in_polygon,,analysis_ready
l_579ccd1676de5b9150b2,o_4e1932045daf2a3e6c57,,"109 Beecroft Rd, Sydney, 2119",126,126,point_in_polygon,,analysis_ready
l_57a99869918e9c6de1ba,o_ca5dc5f6227bb7dc6a15,,"Arthur St, Moss Vale, 2577",114,114,point_in_polygon,,analysis_ready
l_57c4a30c122ea877a3ba,o_022471524c9d92e538b2,,"120 Rouse St, Tenterfield, 2372",110,110,point_in_polygon,,analysis_ready
l_580e495dd13825016a21,o_6a6e0a5733bcc6eefe20,,"10 Victoria St, Wollongong , NSW 2500",107,107,point_in_polygon,,analysis_ready
l_58292c11c98b902568ae,o_e43c5e61858e588c2c2f,,8-12 Bega St Tathra NSW 2550 Australia,101,101,point_in_polygon,,analysis_ready
l_58316eb580fdd1b0cade,o_022471524c9d92e538b2,,"12 Carabella St, Sydney, 2061",121,121,point_in_polygon,,analysis_ready
l_58679f2cce2f2abf3628,o_15939ac67df1441fe74a,,"2398 Pacific Hwy, Heatherbrae, 2324",106,106,point_in_polygon,,analysis_ready
l_587cf7158192f326aeb4,o_6a6e0a5733bcc6eefe20,,2A Central St Naremburn NSW 2065 Australia,121,121,point_in_polygon,,analysis_ready
l_58842dbacc2b603f83df,o_2db6b6ed3b00e6d56f6e,,"Cnr Swallow & Peppertree Drive, Erskine Park NSW 2759, Australia",124,124,point_in_polygon,,analysis_ready
l_5886f54f83bb83c2c02b,o_eb0d1fe740ad969aad27,Oyster Catcher Huskisson,4 Jervis St Huskisson NSW 2540 Australia,114,114,point_in_polygon,,analysis_ready
l_589390d5b72561c0d1e3,o_022471524c9d92e538b2,,"6 David St, Bowral, 2576",114,114,point_in_polygon,,analysis_ready
l_58a865d51067b72663f4,o_e43c5e61858e588c2c2f,,"2 Hector Ct, Sydney, 2155",115,115,point_in_polygon,,analysis_ready
l_58b24d0889a4466e567b,o_e43c5e61858e588c2c2f,,"42 New Beach Rd, Darling Point, NSW, 2027",118,118,point_in_polygon,,analysis_ready
l_58d9cc5ff991f5481daf,o_eb0d1fe740ad969aad27,Angullong Wines,"37 Victoria St, Millthorpe NSW 2798",103,103,point_in_polygon,,analysis_ready
l_58e1e5af75ee9f059e21,o_eb0d1fe740ad969aad27,,"Herbert St, Tooleybuc, 2736",109,109,point_in_polygon,,analysis_ready
l_58e3cb462ef21c5a90d1,o_e43c5e61858e588c2c2f,Siesta Unit Trust,416 Wagga Rd Lavington NSW 2641 Australia,109,109,point_in_polygon,,analysis_ready
l_58f0e92976c6212d88a2,o_ca990827c48864e843f3,The Sampson - Orange,106 Sampson St Orange NSW 2800 Australia,103,103,point_in_polygon,,analysis_ready
l_590d04866b4e4f791ef2,o_e18b3618c9ce844d240b,,528 Illawarra Rd Marrickville NSW 2204 Australia,117,117,point_in_polygon,,analysis_ready
l_5916d065c5c17589abe0,o_e43c5e61858e588c2c2f,Pender Lea Chalets,1056 Alpine Way Crackenback NSW 2627 Australia,101,101,point_in_polygon,,analysis_ready
l_5938b9395d11ec3376e6,o_eb0d1fe740ad969aad27,Hunter Moon Country House,919 Milbrodale Rd Broke NSW 2330 Australia,106,106,point_in_polygon,,analysis_ready
l_59a62645b60d7edd3a1e,o_fbc5e183d8ce80f2f8eb,,31 Diamond Bay Rd Vaucluse NSW 2030 Australia,118,118,point_in_polygon,,analysis_ready
l_59b85a2e83ea9e0cc943,o_15939ac67df1441fe74a,,"134-136 Grafton St, Coffs Harbour, 2450",104,104,point_in_polygon,,analysis_ready
l_59c56f94d3ce0078ac2d,o_4733c69eed3ea98c9b3b,,"1-3 Dural St, Hornsby NSW 2077",121,121,point_in_polygon,,analysis_ready
l_5a1e9decb99d49379776,o_6a6e0a5733bcc6eefe20,,"66 Cliff Rd, Wollongong , NSW 2500",107,107,point_in_polygon,,analysis_ready
l_5a26884dcf239516ce6f,o_6a6e0a5733bcc6eefe20,,322 Bourke St Surry Hills NSW 2010 Australia,117,117,point_in_polygon,,analysis_ready
l_5a624b39d21362429fa3,o_022471524c9d92e538b2,,"241 Keen St, Lismore, 2480",112,112,point_in_polygon,,analysis_ready
l_5a6907485aa733f09403,o_fbc5e183d8ce80f2f8eb,,136 Young St Annandale NSW 2038 Australia,120,120,point_in_polygon,,analysis_ready
l_5ab937825f4fa4a5990f,o_17324b0193cb7a1c3925,,"10 Burkinshaw St, Barooga, 3644",109,109,point_in_polygon,,analysis_ready
l_5adeb4484ccc79da6efd,o_e43c5e61858e588c2c2f,Twin Towns Services Club Limited,Leisure Dr Banora Point NSW 2486 Australia,112,112,point_in_polygon,,analysis_ready
l_5b283226ae23613e9f45,o_fbc5e183d8ce80f2f8eb,,66 Mill Hill Rd Bondi Junction NSW 2022 Australia,118,118,point_in_polygon,,analysis_ready
l_5b334947cac0d4a7bb17,o_5b4f3a03bda45dcf8609,,"Kintore Headframe Car Park, 51 Bromide St, Broken Hill, NSW 2880, Australia",105,105,point_in_polygon,,analysis_ready
l_5b381b8a57af9c8022fb,o_eb0d1fe740ad969aad27,Garden Motor Inn,101 West St Gundagai NSW 2722 Australia,113,113,point_in_polygon,,analysis_ready
l_5b73620b7ff7c100d61f,o_17324b0193cb7a1c3925,Bega Showground,1-13 Upper St Bega NSW 2550 Australia,101,101,point_in_polygon,,analysis_ready
l_5b788a10a71c249a8a03,o_17324b0193cb7a1c3925,,"72 Christie Street, Sydney, 2065",121,121,point_in_polygon,,analysis_ready
l_5b8c5d82be70584c371c,o_eb0d1fe740ad969aad27,,1190 Tunnel Rd Talmalmo NSW 2640 Australia,109,109,point_in_polygon,,analysis_ready
l_5bb60ef543943e3d0ffa,o_17324b0193cb7a1c3925,Adelong Motel,174 Maitland St Narrabri NSW 2390 Australia,110,110,point_in_polygon,,analysis_ready
l_5be534781ab9228b1ca2,o_17324b0193cb7a1c3925,Ingenia Holiday Parks - Old Bar Beach,25 Old Bar Rd Old Bar NSW 2430 Australia,108,108,point_in_polygon,,analysis_ready
l_5c13ea0a9b82151ef235,o_022471524c9d92e538b2,,72 Lachlan St Hay NSW 2711 Australia,109,109,point_in_polygon,,analysis_ready
l_5c37c09d4b2424a67c35,o_4733c69eed3ea98c9b3b,,"4-6 New St, Lawson NSW 2783",124,124,point_in_polygon,,analysis_ready
l_5c4fb60c02047489f51b,o_17324b0193cb7a1c3925,,"161 Elizabeth Street, Sydney, 2000",117,117,point_in_polygon,,analysis_ready
l_5c616374411e098100c2,o_17324b0193cb7a1c3925,Tathra Beach House Apartments,17 John Taylor Cres Tathra NSW 2550 Australia,101,101,point_in_polygon,,analysis_ready
l_5c83258c9054c496762b,o_fbc5e183d8ce80f2f8eb,,4 Stanley St Queens Park NSW 2022 Australia,118,118,point_in_polygon,,analysis_ready
l_5c833c49ddbc6af8b1d3,o_3b88759f24dafcbf3977,Wagga Wagga City Council,43 Eastlake Dr Lake Albert NSW 2650 Australia,113,113,point_in_polygon,,analysis_ready
l_5ce61c38544bd2d13456,o_eb0d1fe740ad969aad27,Penrose Village General Store,"901 Penrose Rd, Penrose NSW 2579",114,114,point_in_polygon,,analysis_ready
l_5d1f985cbb5e397b6d09,o_17324b0193cb7a1c3925,Ingenia Holiday Park - Bonny Hills,24 Beach St Bonny Hills NSW 2445 Australia,108,108,point_in_polygon,,analysis_ready
l_5d53c530d9a2abf79826,o_eb0d1fe740ad969aad27,Talbingo Tourist Park,"7-11 Lawrence Hargrave Dr, Helensburgh NSW 2508, Australia",107,107,point_in_polygon,,analysis_ready
l_5da82ed9b10e3a7f7cbe,o_5b4f3a03bda45dcf8609,,"Dalton St, Parkes, 2870",103,103,point_in_polygon,,analysis_ready
l_5dae0158cc8b537ba75b,o_e43c5e61858e588c2c2f,,7 Collingwood St Bronte NSW 2024 Australia,118,118,point_in_polygon,,analysis_ready
l_5dd898752e9e1c6901fc,o_e43c5e61858e588c2c2f,,"311-315 Marius St, Tamworth, 2340",110,110,point_in_polygon,,analysis_ready
l_5de9de3bac2bf4ebe887,o_fbc5e183d8ce80f2f8eb,,2 Orchard Ave Singleton NSW 2330 Australia,106,106,point_in_polygon,,analysis_ready
l_5e447eca97d90ba6c8c5,o_17324b0193cb7a1c3925,,"44 Mileham Ave, Sydney, 2153",115,115,point_in_polygon,,analysis_ready
l_5e58c5bc653de447508a,o_a44733937534aba247a1,Motel Miramar,1 Nelson St Nambucca Heads NSW 2448 Australia,108,108,point_in_polygon,,analysis_ready
l_5e6eeda5a88a0b7c5b3c,o_130042b74e00dd320b50,,"38 Abbott Rd, Seven Hills NSW 2147",116,116,point_in_polygon,,analysis_ready
l_5eb3cecf90b0da924087,o_eb0d1fe740ad969aad27,TLE Electrical - Artarmon,"C/65 Reserve Rd, St Leonards NSW 2065",121,121,point_in_polygon,,analysis_ready
l_5f1b81a30a7ae8b0cc0a,o_17324b0193cb7a1c3925,,"40 Oxley Street, Sydney, 2570",123,123,point_in_polygon,,analysis_ready
l_5f5b02e099e04f62cba8,o_022471524c9d92e538b2,,"462 Chapel Rd N, Sydney, 2200",119,119,point_in_polygon,,analysis_ready
l_5f94fa468a07be960841,o_17324b0193cb7a1c3925,,"1-3 Warners Ave, Sydney, 2026",118,118,point_in_polygon,,analysis_ready
l_5f973cc68bebeb731142,o_eb0d1fe740ad969aad27,Valley House,10A Whiffens Ln Central Tilba NSW 2546 Australia,101,101,point_in_polygon,,analysis_ready
l_5fa6bda966daf369546e,o_15939ac67df1441fe74a,,"Cnr Cumberland Hwy & Cabramatta Rd W, Cabramatta NSW 2166, Australia",127,127,point_in_polygon,,analysis_ready
l_5fc20065eb2541c94590,o_022471524c9d92e538b2,,"46 Wynter St, Taree NSW 2430, Australia",108,108,point_in_polygon,,analysis_ready
l_5fc3cf30e0914aec771c,o_022471524c9d92e538b2,,"27 Fitzroy St, Grafton, 2460",104,104,point_in_polygon,,analysis_ready
l_5fd65ab2685cf3a0f3a9,o_e43c5e61858e588c2c2f,,"University of Wollongong, Northfields Avenue, Wollongong NSW 2522, Australia",107,107,point_in_polygon,,analysis_ready
l_5ffb0694cabe7bd610f6,o_17324b0193cb7a1c3925,,"173 The Vineyards Rd, Lake George, 2581",101,101,point_in_polygon,,analysis_ready
l_6011351e3734e73f6f2f,o_eb0d1fe740ad969aad27,,37 West St Gundagai NSW 2722 Australia,113,113,point_in_polygon,,analysis_ready
l_601b43839e97ef226f31,o_eb0d1fe740ad969aad27,Port Macquarie Library,32 Grant St Port Macquarie NSW 2444 Australia,108,108,point_in_polygon,,analysis_ready
l_606f3398113ed1760395,o_0de889e4414435769e84,CH Boutique Hotel,52 Brisbane St Tamworth NSW 2340 Australia,110,110,point_in_polygon,,analysis_ready
l_609c33694d2bbc5826a3,o_fbc5e183d8ce80f2f8eb,,11 Beaumond Ave Maroubra NSW 2035 Australia,118,118,point_in_polygon,,analysis_ready
l_60a1347d7a93794d5b66,o_e43c5e61858e588c2c2f,Emma's Cottage,438 Wilderness Rd Lovedale NSW 2325 Australia,106,106,point_in_polygon,,analysis_ready
l_60d00207194b66e9cc86,o_3b88759f24dafcbf3977,Gowing Bros,42 Horton St Port Macquarie NSW 2444 Australia,108,108,point_in_polygon,,analysis_ready
l_60da9da65872580ed0b1,o_3b88759f24dafcbf3977,Muswellbrook Accommodation,3/47 Scott St Muswellbrook NSW 2333 Australia,106,106,point_in_polygon,,analysis_ready
l_60ed8efd2231083aa957,o_022471524c9d92e538b2,,"1 Molly Morgan Dr, Maitland, 2323",106,106,point_in_polygon,,analysis_ready
l_610b7a9ed0f730db8970,o_17324b0193cb7a1c3925,,"45 Syncarpia Cres, Central Coast, 2250",102,102,point_in_polygon,,analysis_ready
l_611ca40500e33ca885b8,o_4733c69eed3ea98c9b3b,,Gouldsbury St Mosman NSW 2088 Australia,121,121,point_in_polygon,,analysis_ready
l_612114eeeff26ff04c21,o_eb0d1fe740ad969aad27,Hunter Wetlands Centre Australia,"1 Wetlands Pl, Shortland NSW 2307",111,111,point_in_polygon,,analysis_ready
l_61426a635cc6c75e334d,o_6a6e0a5733bcc6eefe20,,1 Greenwood Ave South Coogee NSW 2034 Australia,118,118,point_in_polygon,,analysis_ready
l_614879eb5abcab6f959a,o_4733c69eed3ea98c9b3b,,"220 Taren Point Rd, Caringbah NSW 2229",128,128,point_in_polygon,,analysis_ready
l_618148c12194e6534014,o_eb0d1fe740ad969aad27,Bellingen Farmstay,417 Martells Rd Brierfield NSW 2454 Australia,104,104,point_in_polygon,,analysis_ready
l_61f32a319bbc9b809bd6,o_022471524c9d92e538b2,,20-22 Camden Rd Campbelltown NSW 2560 Australia,123,123,point_in_polygon,,analysis_ready
l_620932f1577a8ce2f856,o_17324b0193cb7a1c3925,Park Proxi Gibraltar Bowral,7 Boronia St Bowral NSW 2576 Australia,114,114,point_in_polygon,,analysis_ready
l_623879f69ea5f5ed32bb,o_c7b27ae4cc0e776696d2,Cadman Motor Inn and Apartments,103-111 Ebsworth St West Tamworth NSW 2340 Australia,110,110,point_in_polygon,,analysis_ready
l_623d399086e56081a581,o_ca5dc5f6227bb7dc6a15,,"Halls Rd, Pokolbin, 2320",106,106,point_in_polygon,,analysis_ready
l_62472a108aa143c1952c,o_17324b0193cb7a1c3925,The Cottage Motor Inn,523 Hume St South Albury NSW 2640 Australia,109,109,point_in_polygon,,analysis_ready
l_625e47bd482aa02c099b,o_022471524c9d92e538b2,,"32 Cricketers Arms Rd, Sydney, 2148",116,116,point_in_polygon,,analysis_ready
l_627b65d474fe613a0c44,o_a44733937534aba247a1,Muswellbrook Shire Council,Hill St Muswellbrook NSW 2333 Australia,106,106,point_in_polygon,,analysis_ready
l_62d5f34984c841c2f5b3,o_022471524c9d92e538b2,,82 Summer St Orange NSW 2800 Australia,103,103,point_in_polygon,,analysis_ready
l_62fc18e20a70780c4b5d,o_aed59b2b089d156de8d7,Archys on the Lake,1 Princess Ave Burrill Lake NSW 2539 Australia,114,114,point_in_polygon,,analysis_ready
l_630de9176fc1dca64e4e,o_a44733937534aba247a1,,"55 Train St, Broulee, 2537",101,101,point_in_polygon,,analysis_ready
l_6326e86e2a4ca2740561,o_e43c5e61858e588c2c2f,,"95-97 Grafton St, Sydney, 2022",118,118,point_in_polygon,,analysis_ready
l_632fb625f4f151273694,o_fbc5e183d8ce80f2f8eb,,34 Chandos St Ashfield NSW 2131 Australia,120,120,point_in_polygon,,analysis_ready
l_636092ba6dfd88df3f37,o_17324b0193cb7a1c3925,,"19 Ebsworth St, Redhead, 2290",111,111,point_in_polygon,,analysis_ready
l_637a6e9574499fd01c3e,o_e43c5e61858e588c2c2f,,"66 Princes Hwy, Wollongong, 2519",107,107,point_in_polygon,,analysis_ready
l_637b670afe9c8021b995,o_17324b0193cb7a1c3925,Wollongong Surf Leisure Resort,201 Pioneer Rd Fairy Meadow NSW 2519 Australia,107,107,point_in_polygon,,analysis_ready
l_63cd4dda854f19f6ce2f,o_17324b0193cb7a1c3925,,"18 Yango St, Cessnock, 2325",106,106,point_in_polygon,,analysis_ready
l_63d45929d3b56d4066ac,o_022471524c9d92e538b2,,"30-36 Camperdown St, Coffs Harbour, 2450",104,104,point_in_polygon,,analysis_ready
l_63d806aa24fd4f9214d5,o_4e1932045daf2a3e6c57,,"670 Richmond Rd, Sydney, 2761",116,116,point_in_polygon,,analysis_ready
l_64059e6f54d8548ae62e,o_5b4f3a03bda45dcf8609,,"157 Rouse Street, Tenterfield, NSW 2372, Australia",110,110,point_in_polygon,,analysis_ready
l_642ffc297831739eb03e,o_eb0d1fe740ad969aad27,,33 High View Rd Pretty Beach NSW 2257 Australia,102,102,point_in_polygon,,analysis_ready
l_645535b4364b60b886db,o_eb0d1fe740ad969aad27,Bay Escapes | Echoes @ Fingal Bay,23 Bent St Fingal Bay NSW 2315 Australia,106,106,point_in_polygon,,analysis_ready
l_64a0cba3a8bda610eeed,o_bcaad2992c1da7826658,,"241 Waterworth Dr, Mount Annan NSW 2567, Australia",123,123,point_in_polygon,,analysis_ready
l_64d094f44f1442fcb36f,o_17324b0193cb7a1c3925,,"70 Maitland St, Bingara, 2404",110,110,point_in_polygon,,analysis_ready
l_64e016edfd9f5359e622,o_e18b3618c9ce844d240b,,51 Albert St Petersham NSW 2049 Australia,117,117,point_in_polygon,,analysis_ready
l_64f6f9d49f6ef52fa949,o_17324b0193cb7a1c3925,,"25 Ashburner St, Sydney, 2095",122,122,point_in_polygon,,analysis_ready
l_64fd9f1973b53f7dad68,o_e43c5e61858e588c2c2f,,72 Watt St Newcastle NSW 2300 Australia,111,111,point_in_polygon,,analysis_ready
l_65780327aedb49d47dfb,o_3b88759f24dafcbf3977,Deniliquin RSL Club Ltd,72 End St Deniliquin NSW 2710 Australia,109,109,point_in_polygon,,analysis_ready
l_657e7772f1f2446826a4,o_ca990827c48864e843f3,,"Sussex St, Sydney, 2000",117,117,point_in_polygon,,analysis_ready
l_6589d1203603f797c3c2,o_fbc5e183d8ce80f2f8eb,,64 Kensington Rd Summer Hill NSW 2130 Australia,120,120,point_in_polygon,,analysis_ready
l_658cb39230ade6768e63,o_5b4f3a03bda45dcf8609,,"29-55 Twynam St, Narrandera, 2700",113,113,point_in_polygon,,analysis_ready
l_659502ad4cf8c132bb7b,o_5b4f3a03bda45dcf8609,,"29-55 Twynam St, Narrandera, 2700",113,113,point_in_polygon,,analysis_ready
l_65fe1bc32f172262e4d8,o_6a6e0a5733bcc6eefe20,,"363-367 Bronte Rd, Bronte, NSW, 2024, Australia",118,118,point_in_polygon,,analysis_ready
l_660c7b08ec7369142df6,o_022471524c9d92e538b2,,"350 Church St, Sydney, 2150",125,125,point_in_polygon,,analysis_ready
l_66207c8601840754570c,o_5b4f3a03bda45dcf8609,,"15c Mitchell St, Bourke, NSW 2840, Australia",105,105,point_in_polygon,,analysis_ready
l_664747222ed7c4fa0d42,o_a44733937534aba247a1,JETTY MOTEL THE ENTRANCE,353 The Entrance Rd Long Jetty NSW 2261 Australia,102,102,point_in_polygon,,analysis_ready
l_66666497a1ae830e0549,o_eb0d1fe740ad969aad27,Eddy’s of Canowindra,"13 Tilga St, Canowindra NSW 2804",103,103,point_in_polygon,,analysis_ready
l_669de34636619aeba944,o_022471524c9d92e538b2,,"509-517 The Entrance Rd, Central Coast, 2261",102,102,point_in_polygon,,analysis_ready
l_66a2b50c01118ad8de39,o_022471524c9d92e538b2,,"18-40 Anderson St, Sydney, 2150",125,125,point_in_polygon,,analysis_ready
l_66c13f282b07320e4550,o_fbc5e183d8ce80f2f8eb,,59 Church St Randwick NSW 2031 Australia,118,118,point_in_polygon,,analysis_ready
l_66cac09a2b9bf1ff82b9,o_1bb1aca68da22d6e6c53,Highlands Motor Inn,77-79 Dart St Oberon NSW 2787 Australia,103,103,point_in_polygon,,analysis_ready
l_66cbe5067887e42fba46,o_17324b0193cb7a1c3925,,"30A Richland St, Sydney, 2208",119,119,point_in_polygon,,analysis_ready
l_670a933bd0fd6afe1b3f,o_022471524c9d92e538b2,,"B640 Princes Hwy, Berry, 2535",114,114,point_in_polygon,,analysis_ready
l_671410890d9b7e6a8886,o_821df35b9743d5584a95,Club Maitland City,279 New England Hwy Rutherford NSW 2320 Australia,106,106,point_in_polygon,,analysis_ready
l_673089b8205c8ce1b46d,o_4733c69eed3ea98c9b3b,,60-62 Amherst St Cammeray NSW 2062 Australia,121,121,point_in_polygon,,analysis_ready
l_673f34d10ac560fc1cdc,o_17324b0193cb7a1c3925,,"39 Clarence St, Tabulam, 2469",112,112,point_in_polygon,,analysis_ready
l_676e925031a605f309a5,o_4733c69eed3ea98c9b3b,,"872 Anzac Pde, Maroubra, NSW, 2035",118,118,point_in_polygon,,analysis_ready
l_677dddcdb585695b1324,o_ca990827c48864e843f3,ZIG ZAG MOTEL,70 Chifley Rd Vale of Clwydd NSW 2790 Australia,103,103,point_in_polygon,,analysis_ready
l_67819e1b2bc20caf233a,o_4e1932045daf2a3e6c57,,"14 Everton Rd, Sydney, 2135",120,120,point_in_polygon,,analysis_ready
l_6787fe95c070304d927c,o_fbc5e183d8ce80f2f8eb,,326 Birrell St Bondi NSW 2026 Australia,118,118,point_in_polygon,,analysis_ready
l_67927e788ff62fe93bfc,o_022471524c9d92e538b2,,"113 Hanwood Ave, Hanwood, 2680",113,113,point_in_polygon,,analysis_ready
l_67a242a5e3cee70e4e22,o_e43c5e61858e588c2c2f,,159 Birrell St Waverley NSW 2024 Australia,118,118,point_in_polygon,,analysis_ready
l_6814e8615c759486f9df,o_eb0d1fe740ad969aad27,Tropical Fruit World,"29 Duranbah Rd, Duranbah NSW 2487",112,112,point_in_polygon,,analysis_ready
l_681897b33117e8f0db15,o_eb0d1fe740ad969aad27,KFC Frenchs Forest,"20 Frenchs Forest Rd E, Frenchs Forest NSW 2086",122,122,point_in_polygon,,analysis_ready
l_68291ad118eee7eaf940,o_4733c69eed3ea98c9b3b,,"1 Ingham Dr, Casula NSW 2170",127,127,point_in_polygon,,analysis_ready
l_6846d447591a6d0434e6,o_e18b3618c9ce844d240b,,67 Lilyfield Rd Rozelle NSW 2039 Australia,120,120,point_in_polygon,,analysis_ready
l_6882be724af965c3b7ec,o_6a6e0a5733bcc6eefe20,,26 Terry St Balmain NSW 2041 Australia,120,120,point_in_polygon,,analysis_ready
l_688b0c2087b8ebfbc60f,o_5b4f3a03bda45dcf8609,,"2A Beach Rd, Batemans Bay, 2536",101,101,point_in_polygon,,analysis_ready
l_68b77fedac5682d92c6b,o_eb0d1fe740ad969aad27,Stone & Wood Brewery Byron Bay,100 Centennial Cirt Byron Bay NSW 2481 Australia,112,112,point_in_polygon,,analysis_ready
l_694e3515e424ae8585b1,o_ee0834b88e02efe95195,,"Lake Haven Dr, Lake Haven NSW 2263",102,102,point_in_polygon,,analysis_ready
l_69f42bd496c70704f044,o_eb0d1fe740ad969aad27,Rainbow Power Company,"1 Alternative Way, Nimbin NSW 2480",112,112,point_in_polygon,,analysis_ready
l_6a0ac394c475e9e9c076,o_17324b0193cb7a1c3925,,"71 Bulahdelah Way, Bulahdelah, 2423",108,108,point_in_polygon,,analysis_ready
l_6a1f20b95b47f5b0f5a3,o_eb0d1fe740ad969aad27,Valley View,5 Somerville St Wentworth Falls NSW 2782 Australia,124,124,point_in_polygon,,analysis_ready
l_6a253a6cd19b319119fb,o_e43c5e61858e588c2c2f,,28 Kenneth St Tamarama NSW 2026 Australia,118,118,point_in_polygon,,analysis_ready
l_6a40aca2836a61cb50c6,o_3b88759f24dafcbf3977,Dubbo Regional Council,99 Percy St Wellington NSW 2820 Australia,105,105,point_in_polygon,,analysis_ready
l_6a57a5d7c7f2f78daf1e,o_e43c5e61858e588c2c2f,,"Robey St, Sydney, 2035",118,118,point_in_polygon,,analysis_ready
l_6a6002b227db6b382b9a,o_17324b0193cb7a1c3925,Lockhart Shire Council,Wilson St The Rock NSW 2655 Australia,113,113,point_in_polygon,,analysis_ready
l_6a677dbac073aaf411a9,o_e18b3618c9ce844d240b,,52 Pembroke St Ashfield NSW 2131 Australia,120,120,point_in_polygon,,analysis_ready
l_6a719cbf392e9cabbd24,o_e43c5e61858e588c2c2f,,157 Curlewis St Bondi Beach NSW 2026 Australia,118,118,point_in_polygon,,analysis_ready
l_6a8925b746e56760a8ae,o_bcaad2992c1da7826658,,"4974 Pacific Hwy, Halfway Creek NSW 2460, Australia",104,104,point_in_polygon,,analysis_ready
l_6ae47c835af3f21a6b61,o_4e1932045daf2a3e6c57,,"25-47 Ocean St, Sydney, 2101",122,122,point_in_polygon,,analysis_ready
l_6aed0340389f402656b2,o_fbc5e183d8ce80f2f8eb,,396 Mowbray Rd Lane Cove North NSW 2066 Australia,121,121,point_in_polygon,,analysis_ready
l_6b44255af197e10bb90c,o_022471524c9d92e538b2,,"101 Grafton St, Sydney, 2022",118,118,point_in_polygon,,analysis_ready
l_6b878b61405b03f24100,o_6a6e0a5733bcc6eefe20,,218 Norton St Leichhardt NSW 2040 Australia,120,120,point_in_polygon,,analysis_ready
l_6bad16eb313d9843bfb4,o_c7b27ae4cc0e776696d2,The Bay Hotel,330 Fishery Point Rd Bonnells Bay NSW 2264 Australia,111,111,point_in_polygon,,analysis_ready
l_6c01c66a5aeda28b9482,o_130042b74e00dd320b50,,"164 Mona Vale Rd, St Ives, NSW, 2075",121,121,point_in_polygon,,analysis_ready
l_6c3040d9e1f5d8f48bb9,o_17324b0193cb7a1c3925,,"52 Taylor Rd, Albion Park, 2527",107,107,point_in_polygon,,analysis_ready
l_6c6131f547b8e5362203,o_17324b0193cb7a1c3925,,"5 Ray St, Sydney, 2074",121,121,point_in_polygon,,analysis_ready
l_6c697a211014dac9323e,o_022471524c9d92e538b2,,"Kokera St, Newcastle, 2287",111,111,point_in_polygon,,analysis_ready
l_6c95fadb8ce41a0f8e4d,o_022471524c9d92e538b2,,"888 Pittwater Rd, Sydney, 2099",122,122,point_in_polygon,,analysis_ready
l_6cccaf12061354fa06c2,o_6a6e0a5733bcc6eefe20,,12 Frederick St St Leonards NSW 2065 Australia,121,121,point_in_polygon,,analysis_ready
l_6d3a8d0f8000b777f236,o_fbc5e183d8ce80f2f8eb,,4 Guihen St Annandale NSW 2038 Australia,120,120,point_in_polygon,,analysis_ready
l_6d79a064bd5d7abcee52,o_17324b0193cb7a1c3925,,"972 Hermitage Rd, Pokolbin, 2320",106,106,point_in_polygon,,analysis_ready
l_6db0dc0351f5a142f3b1,o_e43c5e61858e588c2c2f,Tumbarumba Overnight Camper Parking,Union Ln Tumbarumba NSW 2653 Australia,113,113,point_in_polygon,,analysis_ready
l_6db937204545047f3bcc,o_aed59b2b089d156de8d7,,"88 Lockhart Rd, Tooleybuc, 2736",109,109,point_in_polygon,,analysis_ready
l_6dfba21358b05866333b,o_6a6e0a5733bcc6eefe20,,16 Charlotte St Ashfield NSW 2131 Australia,120,120,point_in_polygon,,analysis_ready
l_6e3d9ca76b87b7e64a7a,o_4733c69eed3ea98c9b3b,,106 Parraween St Cremorne NSW 2090 Australia,121,121,point_in_polygon,,analysis_ready
l_6e4fcff5bdfefce3a884,o_eb0d1fe740ad969aad27,St Kilda Street,"1A St Kilda St, Bexley North NSW 2207",119,119,point_in_polygon,,analysis_ready
l_6e6c8f62951e60a4e69c,o_022471524c9d92e538b2,,"77 Lagoon St, Goulburn, 2580",101,101,point_in_polygon,,analysis_ready
l_6e9252b6305c2c036ce0,o_821df35b9743d5584a95,Gartelmann Wines,701 Lovedale Rd Lovedale NSW 2325 Australia,106,106,point_in_polygon,,analysis_ready
l_6edbede63a44d665bf66,o_17324b0193cb7a1c3925,Currabubula Recreation Grounds,Davis St Currabubula NSW 2342 Australia,110,110,point_in_polygon,,analysis_ready
l_6ee163bbc4d6e8ff5d99,o_e43c5e61858e588c2c2f,,"27 Munda St, Sydney, 2031",118,118,point_in_polygon,,analysis_ready
l_6f087bf50b55abafc36a,o_ee0834b88e02efe95195,,"345 Victoria Ave, Chatswood NSW 2067",121,121,point_in_polygon,,analysis_ready
l_6f1a964e3cc8864c660f,o_17324b0193cb7a1c3925,"War Memorial Hall, Tottenham",Bulbodney St Tottenham NSW 2873 Australia,103,103,point_in_polygon,,analysis_ready
l_6f1d1ebb94e4aa0f1064,o_eb0d1fe740ad969aad27,Strathfield Square,"5 Churchill Ave, Strathfield NSW 2135",120,120,point_in_polygon,,analysis_ready
l_6f445b8e7c4d26ff60b8,o_d7886d1210f045c6c942,Antikvorem,3020 Old Hume Hwy Berrima NSW 2577 Australia,114,114,point_in_polygon,,analysis_ready
l_6f81cdf1839df204be4e,o_022471524c9d92e538b2,,79/113 Sailors Bay Rd Northbridge NSW 2063 Australia,121,121,point_in_polygon,,analysis_ready
l_6fd0c26ef089d9ba212b,o_17324b0193cb7a1c3925,Parkes Shire Council Public Parking,2 Cecile St Parkes NSW 2870 Australia,103,103,point_in_polygon,,analysis_ready
l_705ce103d05dd463509e,o_5b4f3a03bda45dcf8609,,"1 - 7 Ross St, Wilcannia NSW 2836, Australia",105,105,point_in_polygon,,analysis_ready
l_705d2275b7b8d66bcc0e,o_e43c5e61858e588c2c2f,,"417-439 Bunnerong Rd, Sydney, 2035",118,118,point_in_polygon,,analysis_ready
l_7073e2987994a39e1b4b,o_6a6e0a5733bcc6eefe20,,1 Mears Ave Randwick NSW 2031 Australia,118,118,point_in_polygon,,analysis_ready
l_70777e985ad5b5b9ee99,o_4e1932045daf2a3e6c57,,"17 Stanley St, Sydney, 2210",119,119,point_in_polygon,,analysis_ready
l_707d51500800e49e4fda,o_eb0d1fe740ad969aad27,,"Darling Cswy, Mount Victoria, 2786",124,124,point_in_polygon,,analysis_ready
l_70b62ce6672d7861923c,o_e43c5e61858e588c2c2f,,"96 Mackay Ave, Yoogali, 2680",113,113,point_in_polygon,,analysis_ready
l_70d96124491d283d91bf,o_e43c5e61858e588c2c2f,,"51 Metford Rd, Maitland, 2323",106,106,point_in_polygon,,analysis_ready
l_70dde87835324b1311cf,o_bcaad2992c1da7826658,,"386 Pennant Hills Rd, Pennant Hills NSW 2120, Australia",126,126,point_in_polygon,,analysis_ready
l_7115e781313f5feef775,o_17324b0193cb7a1c3925,,"50 Wiley St, Sydney, 2024",118,118,point_in_polygon,,analysis_ready
l_71720f7538b7900fb193,o_fbc5e183d8ce80f2f8eb,,34 Spencer St Rose Bay NSW 2029 Australia,118,118,point_in_polygon,,analysis_ready
l_7177562b6915cb8a2294,o_fbc5e183d8ce80f2f8eb,,39 Dulwich St Dulwich Hill NSW 2203 Australia,120,120,point_in_polygon,,analysis_ready
l_71a59ee42d9ee14a0699,o_17324b0193cb7a1c3925,Liverpool Plains Visitor Information Centre,11 New England Hwy Willow Tree NSW 2339 Australia,110,110,point_in_polygon,,analysis_ready
l_71b3c037e6ade6cee981,o_c7b27ae4cc0e776696d2,Golden Age,56 Macquoid St Queanbeyan East NSW 2620 Australia,101,101,point_in_polygon,,analysis_ready
l_71f8da8ffb0f939d0e4b,o_022471524c9d92e538b2,,"311 Ophir Rd, Stewarts Mount, 2795",103,103,point_in_polygon,,analysis_ready
l_7218935a93660be66772,o_e43c5e61858e588c2c2f,,"108 Ingleburn Rd, Leppington, 2179",127,127,point_in_polygon,,analysis_ready
l_7251e6ce308f70bc8257,o_eb0d1fe740ad969aad27,Bulahdelah Motor Lodge,67-71 Bulahdelah Way Bulahdelah NSW 2423 Australia,108,108,point_in_polygon,,analysis_ready
l_7257298a469fe37b8cd3,o_eb0d1fe740ad969aad27,Coles Huntlee,"22 Empire St, Branxton NSW 2335",106,106,point_in_polygon,,analysis_ready
l_72a41d0ebfe3a69a0635,o_022471524c9d92e538b2,,"88 Broadway, Sydney, 2008",117,117,point_in_polygon,,analysis_ready
l_72d7361671dbff3039bd,o_e43c5e61858e588c2c2f,,81 De Vitre St Lambton NSW 2299 Australia,111,111,point_in_polygon,,analysis_ready
l_730d62eb1fcb6aef0f84,o_a44733937534aba247a1,,"152 Church St, Glen Innes, 2370",110,110,point_in_polygon,,analysis_ready
l_73124b3da54c2eaa12c6,o_6a6e0a5733bcc6eefe20,,"20 Ocean St, Merewether, NSW 2291",111,111,point_in_polygon,,analysis_ready
l_732b9ecad22a0b149579,o_15939ac67df1441fe74a,,"Bp Moorebank, 226/228 Newbridge Rd, Moorebank NSW 2170",127,127,point_in_polygon,,analysis_ready
l_732cb546fc462a069150,o_c71d79267ebac7f0c9db,Best Western Plus All Settlers,191 Goonoo Goonoo Rd South Tamworth NSW 2340 Australia,110,110,point_in_polygon,,analysis_ready
l_73390be6fee00b575a98,o_eb0d1fe740ad969aad27,Chatswood Place,"260 Victoria Ave, Chatswood NSW 2067",121,121,point_in_polygon,,analysis_ready
l_73392c1fc201dc5d53f3,o_4733c69eed3ea98c9b3b,,"88 Christie St, St Leonards NSW 2065",121,121,point_in_polygon,,analysis_ready
l_733b9f9cf28474a2a52d,o_17324b0193cb7a1c3925,Sponars Chalet,8568 Kosciuszko Rd Wilsons Valley NSW 2624 Australia,101,101,point_in_polygon,,analysis_ready
l_734b28e911bb52c8e69d,o_fbc5e183d8ce80f2f8eb,,128 Rowntree St Birchgrove NSW 2041 Australia,120,120,point_in_polygon,,analysis_ready
l_735a16aa26926d7826fa,o_ca990827c48864e843f3,,"Stuart St, Wagga Wagga, 2650",113,113,point_in_polygon,,analysis_ready
l_737eb524a7a46eff20ba,o_022471524c9d92e538b2,,"Cnr Compton Drive & Cedar Cres, Ballina, 2478",112,112,point_in_polygon,,analysis_ready
l_73c72e9ef358fc5781aa,o_022471524c9d92e538b2,,"162 Rouse St, Tenterfield NSW 2372, Australia",110,110,point_in_polygon,,analysis_ready
l_73e7966bb21a6cd00581,o_fbc5e183d8ce80f2f8eb,,96A Dudley St Coogee NSW 2034 Australia,118,118,point_in_polygon,,analysis_ready
l_7415b44303266b820724,o_022471524c9d92e538b2,,"11 Coolangatta Rd, Coolangatta, 2535",114,114,point_in_polygon,,analysis_ready
l_741d1717634bef221cb3,o_6a6e0a5733bcc6eefe20,,47-49 Archer St Chatswood NSW 2067 Australia,121,121,point_in_polygon,,analysis_ready
l_7420331a244e1f52cfd3,o_e43c5e61858e588c2c2f,Wentworth Civic Centre Carpark,61-79 Darling St Wentworth NSW 2648 Australia,109,109,point_in_polygon,,analysis_ready
l_745d190c329ae2a2d826,o_022471524c9d92e538b2,,"2352 George Bass Dr, Broulee, 2537",101,101,point_in_polygon,,analysis_ready
l_749d8c0cc4c947ffdc97,o_e43c5e61858e588c2c2f,,"Pacific Hwy, Boambee, 2450",104,104,point_in_polygon,,analysis_ready
l_74b7c4d8bff1f8673513,o_eb0d1fe740ad969aad27,Narrabri & District Citizens Boys Club,65A Barwan Street Narrabri NSW,110,110,point_in_polygon,,analysis_ready
l_74b835971dfbbb99ad88,o_17324b0193cb7a1c3925,Cael's Gate Wines,697 Wollombi Rd Broke NSW 2330 Australia,106,106,point_in_polygon,,analysis_ready
l_74ce8341afe66ed31fbb,o_4e1932045daf2a3e6c57,,"40 Panmure St, Sydney, 2155",115,115,point_in_polygon,,analysis_ready
l_74fbe0e1e32ee23786fb,o_4e1932045daf2a3e6c57,,"819-827 Anzac Pde, Sydney, 2035",118,118,point_in_polygon,,analysis_ready
l_74fbf24856afa1c4cfdc,o_eb0d1fe740ad969aad27,Mid Coast Council,"2 Pulteney St, Taree NSW 2430",108,108,point_in_polygon,,analysis_ready
l_7506ca9dcd6781813b50,o_022471524c9d92e538b2,,"Bay St, Sydney, 2007",117,117,point_in_polygon,,analysis_ready
l_75464f7c649a30fad5ac,o_eb0d1fe740ad969aad27,,Opal Blvd Korora NSW 2450 Australia,104,104,point_in_polygon,,analysis_ready
l_754e3307d5ed63bc24b4,o_17324b0193cb7a1c3925,,"27 Wyee Rd, Morisset, 2264",111,111,point_in_polygon,,analysis_ready
l_7558aaf15fca50ae84c6,o_17324b0193cb7a1c3925,Thornton Library,Thornton Library Taylor Avenue Thornton NSW 2322 Australia,106,106,point_in_polygon,,analysis_ready
l_758587195e820219edca,o_5b4f3a03bda45dcf8609,,"76 Cowper St, Wallsend, 2287",111,111,point_in_polygon,,analysis_ready
l_75b8ce0254cd2db487a7,o_e43c5e61858e588c2c2f,,"1067 Oxley Hwy, Thrumster, 2444",108,108,point_in_polygon,,analysis_ready
l_75bc9dca7330b23168e1,o_fbc5e183d8ce80f2f8eb,,Evans St Randwick NSW 2031 Australia,118,118,point_in_polygon,,analysis_ready
l_75be917d95af91a9a839,o_17324b0193cb7a1c3925,Hillston Township - Library Carpark,175 High St Hillston NSW 2675 Australia,113,113,point_in_polygon,,analysis_ready
l_75bf304850225bff760a,o_eb0d1fe740ad969aad27,Club McLean,1A McLachlan St Maclean NSW 2463 Australia,104,104,point_in_polygon,,analysis_ready
l_75c621428d772a844d6b,o_17324b0193cb7a1c3925,,"4-10 Hillcrest Rd, Sydney, 2120",126,126,point_in_polygon,,analysis_ready
l_75df30c75b76c4f15dd7,o_17324b0193cb7a1c3925,,"28 Albion Street, Sydney, 2010",117,117,point_in_polygon,,analysis_ready
l_75e1c1f5027fee6a2ddf,o_3b88759f24dafcbf3977,Museum of Riverina-Botanic Garden Sites,127 Lord Baden Powell Dr Turvey Park NSW 2650 Australia,113,113,point_in_polygon,,analysis_ready
l_761da18965587a8e1963,o_6a6e0a5733bcc6eefe20,,13 Beattie St Balmain NSW 2041 Australia,120,120,point_in_polygon,,analysis_ready
l_7631a9743b06ffef2965,o_4733c69eed3ea98c9b3b,,"25 Frenchs Forest Rd E, Frenchs Forest NSW 2086",122,122,point_in_polygon,,analysis_ready
l_763ff75aac5153ec953c,o_022471524c9d92e538b2,,"154 Beach Rd, Batemans Bay NSW 2536",101,101,point_in_polygon,,analysis_ready
l_764fe7ec72c62a349d0f,o_4e1932045daf2a3e6c57,,"11-37 Alexandria Pde, Sydney, 2077",121,121,point_in_polygon,,analysis_ready
l_76564f0e5f017047ebbc,o_cc3f86eca00d6229a580,,"417 Hinterland Way, Knockrow, 2479",112,112,point_in_polygon,,analysis_ready
l_765b78f16ef812505912,o_17324b0193cb7a1c3925,,"137 Beamish St, Sydney, 2194",119,119,point_in_polygon,,analysis_ready
l_765cd59dc025044eb30a,o_022471524c9d92e538b2,,"34 Annie Pyers Dr, Gundagai , 2722",113,113,point_in_polygon,,analysis_ready
l_767790f8b941a57ed903,o_130042b74e00dd320b50,,"98-100 Windsor Rd Cnr Lombard Rd, Northmead, NSW, 2152",125,125,point_in_polygon,,analysis_ready
l_76c62f0dc665dcf90716,o_eb0d1fe740ad969aad27,Golf Links Motel,260 Bridge St West Tamworth NSW 2340 Australia,110,110,point_in_polygon,,analysis_ready
l_76d1a586b32fa4cd40fa,o_cc3f86eca00d6229a580,,"Ross St, Goulburn, 2580",101,101,point_in_polygon,,analysis_ready
l_76e507a6bb917ed4c21d,o_022471524c9d92e538b2,,"Ozone St, Chinderah NSW 2487, Australia",112,112,point_in_polygon,,analysis_ready
l_76f03b8ea87b17967596,o_17324b0193cb7a1c3925,Rosevale,361 Rankin St Bathurst NSW 2795 Australia,103,103,point_in_polygon,,analysis_ready
l_76f043de2b84cff2a966,o_eb0d1fe740ad969aad27,Next Tech Group Albury,"3/314 Kiewa St, South Albury NSW 2640",109,109,point_in_polygon,,analysis_ready
l_77955739e444d8f7deed,o_fbc5e183d8ce80f2f8eb,,84 Frenchmans Rd Randwick NSW 2031 Australia,118,118,point_in_polygon,,analysis_ready
l_7798a8eac1657564771d,o_17324b0193cb7a1c3925,EAST MAITLAND BOWLING CLUB.,Banks St East Maitland NSW 2323 Australia,106,106,point_in_polygon,,analysis_ready
l_77de27316d42856e3175,o_17324b0193cb7a1c3925,The Entrance Leagues Club,3 Bay Village Rd Bateau Bay NSW 2261 Australia,102,102,point_in_polygon,,analysis_ready
l_780c170cab23fb84e2ea,o_ca990827c48864e843f3,Hotel Metropole,98 Keen St Lismore NSW 2480 Australia,112,112,point_in_polygon,,analysis_ready
l_7810c0558acc63bf96de,o_eb0d1fe740ad969aad27,Albatross Marina,"44 Cook Parade, Lemon Tree Passage NSW 2319",106,106,point_in_polygon,,analysis_ready
l_78165f34858fc427b778,o_6a6e0a5733bcc6eefe20,,34C Taylor St Annandale NSW 2038 Australia,120,120,point_in_polygon,,analysis_ready
l_78278d9cbcaa8a3ed72a,o_5b4f3a03bda45dcf8609,,"140 Queen St, Berry, 2535",114,114,point_in_polygon,,analysis_ready
l_78442ed7458f1f3ea314,o_15939ac67df1441fe74a,,"Wyong Rd, Central Coast, 2261",102,102,point_in_polygon,,analysis_ready
l_784910677816dcee696a,o_eb0d1fe740ad969aad27,Kiama Community Charger,"19 Farmer St, Kiama NSW 2533",107,107,point_in_polygon,,analysis_ready
l_78a93ada41236178babf,o_a1380b01ccc999da057d,,"39 East Espl, Sydney, 2095",122,122,point_in_polygon,,analysis_ready
l_78d08871d74395d05c34,o_fbc5e183d8ce80f2f8eb,,8 Belmore St Enmore NSW 2042 Australia,117,117,point_in_polygon,,analysis_ready
l_791c871f8cd8c6cb0214,o_022471524c9d92e538b2,,"Mulgoa Rd & Wolseley St, Sydney, 2750",124,124,point_in_polygon,,analysis_ready
l_791cb4b24c292afa6c34,o_17324b0193cb7a1c3925,Bay and Bush,21 Pritchard Ave Woollamia NSW 2540 Australia,114,114,point_in_polygon,,analysis_ready
l_7947f7985f70470e281f,o_022471524c9d92e538b2,,"23-25 Oxley St, Taree, 2430",108,108,point_in_polygon,,analysis_ready
l_7961c79944339bbbbff7,o_e43c5e61858e588c2c2f,,"320 Princes Hwy, Bomaderry, 2541",114,114,point_in_polygon,,analysis_ready
l_797974111def7c23062d,o_eb0d1fe740ad969aad27,"Holiday Rental, Hyams Beach",24 Hyam Rd Hyams Beach NSW 2540 Australia,114,114,point_in_polygon,,analysis_ready
l_7980d545a5d259b3ad23,o_fbc5e183d8ce80f2f8eb,,176 Darling St Balmain NSW 2041 Australia,120,120,point_in_polygon,,analysis_ready
l_79b03c79ef9d28df939e,o_ca990827c48864e843f3,,"34 Echo Point Rd, Katoomba, 2780",124,124,point_in_polygon,,analysis_ready
l_79d0df83d5ae4860e16e,o_17324b0193cb7a1c3925,,"2-10 Wentworth St, Sydney, 2150",125,125,point_in_polygon,,analysis_ready
l_79d147104375fac00b72,o_e43c5e61858e588c2c2f,,"430 Marion St, Sydney, 2200",119,119,point_in_polygon,,analysis_ready
l_79d7b42ffa3ce65c6c83,o_4733c69eed3ea98c9b3b,,9 Vickery Ave Rose Bay NSW 2029 Australia,118,118,point_in_polygon,,analysis_ready
l_79deb45d9aac4616b770,o_cc3f86eca00d6229a580,,"147 Princes Hwy, Bodalla, 2545",101,101,point_in_polygon,,analysis_ready
l_79fb09d7fc6724e4eea8,o_022471524c9d92e538b2,,55 Norton St Leichhardt NSW 2040 Australia,120,120,point_in_polygon,,analysis_ready
l_7a077e3729651144a749,o_c71d79267ebac7f0c9db,Blue Mountain Highway Motel,181 Great Western Hwy Katoomba NSW 2780 Australia,124,124,point_in_polygon,,analysis_ready
l_7a1f17cea4f6ed6bd924,o_e43c5e61858e588c2c2f,,"126 Mackay Ave, Yoogali, 2680",113,113,point_in_polygon,,analysis_ready
l_7a89b905b9aa4b521e64,o_4733c69eed3ea98c9b3b,,234 Miller St North Sydney NSW 2060 Australia,121,121,point_in_polygon,,analysis_ready
l_7ad39b1ebc8eeea4fe40,o_6a6e0a5733bcc6eefe20,,17 Flood St Bondi NSW 2026 Australia,118,118,point_in_polygon,,analysis_ready
l_7af4567f76dab9876ff2,o_e43c5e61858e588c2c2f,,"18 Alfred St, Dubbo, 2830",105,105,point_in_polygon,,analysis_ready
l_7af8b0583809ebb8f019,o_4733c69eed3ea98c9b3b,,"4 Tindall St, Sydney, 2560",123,123,point_in_polygon,,analysis_ready
l_7b1700d8f1da1edc6f7e,o_e43c5e61858e588c2c2f,UOW Science Space,Squires Way North Wollongong NSW 2500 Australia,107,107,point_in_polygon,,analysis_ready
l_7b41f16b1e7c13f0bf4a,o_022471524c9d92e538b2,,2 Moonee Beach Rd Moonee Beach NSW 2450 Australia,104,104,point_in_polygon,,analysis_ready
l_7badbdc99d2d5018d3a5,o_17324b0193cb7a1c3925,,"26-30 Bayley St, Sydney, 2204",117,117,point_in_polygon,,analysis_ready
l_7bbf684bea2156102e9c,o_6a6e0a5733bcc6eefe20,,32 Riverstone Pde Riverstone NSW 2765 Australia,116,116,point_in_polygon,,analysis_ready
l_7bc95205a8f87ef9657c,o_4733c69eed3ea98c9b3b,,"2 Hercules Street, Murrumbateman, 2582",101,101,point_in_polygon,,analysis_ready
l_7bf17954f8891daaae89,o_e43c5e61858e588c2c2f,,"1 Porter St, Byron Bay, 2481",112,112,point_in_polygon,,analysis_ready
l_7c262e7e47a0956a77bb,o_1bb1aca68da22d6e6c53,RedGround Truffle Hunting Lodge,264 Titania Rd Oberon NSW 2787 Australia,103,103,point_in_polygon,,analysis_ready
l_7c30e8299a32c81c6f2c,o_15939ac67df1441fe74a,,"450 Quakers Hill Pkwy, Quakers Hill NSW 2763",116,116,point_in_polygon,,analysis_ready
l_7c52df11164453c7033d,o_e43c5e61858e588c2c2f,,"1 Laman St, Newcastle, 2300",111,111,point_in_polygon,,analysis_ready
l_7c681d356dada4f67881,o_17324b0193cb7a1c3925,,"7 Harbourne Lane, Sydney, 2032",118,118,point_in_polygon,,analysis_ready
l_7c978977c12dcbe5e7b9,o_e43c5e61858e588c2c2f,,"1 North Rocks Rd, Sydney, 2151",125,125,point_in_polygon,,analysis_ready
l_7cd39b2dd85100bb238a,o_4e1932045daf2a3e6c57,,"Berowra Railway Station, Pacific Highway, Berowra, New South Wales 2081, Australia",121,121,point_in_polygon,,analysis_ready
l_7d0bd642d76df7afdf23,o_eb0d1fe740ad969aad27,Top Shops Kiama,"162 Manning St, Kiama NSW 2533",107,107,point_in_polygon,,analysis_ready
l_7d2a6afbd2b13582ee34,o_022471524c9d92e538b2,,"205 Kelly St, Scone, 2337",106,106,point_in_polygon,,analysis_ready
l_7d30355180351a2e417e,o_eb0d1fe740ad969aad27,Allegiance Wines,"74 Maitland St, Bingara NSW 2404, Australia",110,110,point_in_polygon,,analysis_ready
l_7d310d8aece783ab59dc,o_4733c69eed3ea98c9b3b,,"6 Myahgah Rd, Sydney, 2088",121,121,point_in_polygon,,analysis_ready
l_7d38f42bf1af8833a330,o_17324b0193cb7a1c3925,Gillieston Heights Community Hub,25 Redwood Dr Gillieston Heights NSW 2321 Australia,106,106,point_in_polygon,,analysis_ready
l_7d67f4286f4885dcb9f5,o_eb0d1fe740ad969aad27,Barrons Tyre & Mechanical,"74/76 Dalgarno St, Coonabarabran NSW 2357",105,105,point_in_polygon,,analysis_ready
l_7daba6b66fc55715d982,o_ca990827c48864e843f3,Redhead Beach Carpark,2B Beach Rd Redhead NSW 2290 Australia,111,111,point_in_polygon,,analysis_ready
l_7dad04d58605282bca5d,o_e43c5e61858e588c2c2f,,"3-5 Underwood Rd, Sydney, 2140",120,120,point_in_polygon,,analysis_ready
l_7db12512f4bd4baba525,o_e43c5e61858e588c2c2f,,"96-100 Centennial Cct, Byron Bay, 2481",112,112,point_in_polygon,,analysis_ready
l_7db26718bcad6ce8bf53,o_130042b74e00dd320b50,,"M4 Motorway Westbound, Sydney, 2766",116,116,point_in_polygon,,analysis_ready
l_7db6e9d4cc1e82ef8b21,o_6a6e0a5733bcc6eefe20,,60 Frenchs Rd Willoughby NSW 2068 Australia,121,121,point_in_polygon,,analysis_ready
l_7dd863236de0c8a54d9e,o_6a6e0a5733bcc6eefe20,,1 Denison St Rozelle NSW 2039 Australia,120,120,point_in_polygon,,analysis_ready
l_7e349185b74163a9daf5,o_e43c5e61858e588c2c2f,,"9A Elizabeth Bay Rd, Sydney, 2011",117,117,point_in_polygon,,analysis_ready
l_7e71fbcbf4e5d90efce0,o_17324b0193cb7a1c3925,,"40 Blackbutts Rd, Sydney, 2086",122,122,point_in_polygon,,analysis_ready
l_7e80a277fc27451959f7,o_022471524c9d92e538b2,,"15 Chancellors Dr, Thrumster , 2444",108,108,point_in_polygon,,analysis_ready
l_7ee4af5c08915eb5d6b3,o_022471524c9d92e538b2,,"1 Dalgal Way, Sydney, 2037",117,117,point_in_polygon,,analysis_ready
l_7ee54029a89ffdda358a,o_d7886d1210f045c6c942,Cardiff Executive Apartments,53 Macquarie Rd Cardiff NSW 2285 Australia,111,111,point_in_polygon,,analysis_ready
l_7f26afba4c9c450e6c01,o_17324b0193cb7a1c3925,,"37-39 O'Donnell St, Sydney, 2026",118,118,point_in_polygon,,analysis_ready
l_7f312e33fb43e3fabb62,o_17324b0193cb7a1c3925,,"3 Fordham Way, Sydney, 2570",127,127,point_in_polygon,,analysis_ready
l_7f7adf823be9eac71e25,o_eb0d1fe740ad969aad27,Big 4 Holiday Park,"282 O'Keefes Ln, Palmers Island NSW 2463",104,104,point_in_polygon,,analysis_ready
l_7fa2ad53c25e80f812ee,o_eb0d1fe740ad969aad27,,"25A Rowley St, Brighton-Le-Sands NSW 2216",119,119,point_in_polygon,,analysis_ready
l_7fd5bfaae6239c1e0b77,o_022471524c9d92e538b2,,"38 Swift St, Holbrook, 2644",109,109,point_in_polygon,,analysis_ready
l_802f743ec46618e9f6e3,o_fbc5e183d8ce80f2f8eb,,17 Holmwood St Newtown NSW 2042 Australia,117,117,point_in_polygon,,analysis_ready
l_80484f411d8425d308c5,o_8489a89c8befb35ccbdc,,"243 Liverpool St, Sydney, 2010",117,117,point_in_polygon,,analysis_ready
l_805340edf704b9bbd5a9,o_17324b0193cb7a1c3925,SHOALHAVEN EX-SERVICEMEN'S CLUB LTD,131 Greenwell Point Rd Worrigee NSW 2540 Australia,114,114,point_in_polygon,,analysis_ready
l_80569abd812a4aea4a9f,o_17324b0193cb7a1c3925,,"19 Spring St, Forbes, 2871",103,103,point_in_polygon,,analysis_ready
l_80680fee28b91cf797cd,o_3b88759f24dafcbf3977,Thrive Medical,170 Crystal St Broken Hill NSW 2880 Australia,105,105,point_in_polygon,,analysis_ready
l_80726d751edfe7a7211b,o_eb0d1fe740ad969aad27,Melaleuca Cottage and Retreat,381 Pinnacle Rd Orange NSW 2800 Australia,103,103,point_in_polygon,,analysis_ready
l_807720760c92f5b6d288,o_6a6e0a5733bcc6eefe20,,"26 Terry St, Sydney, 2041",120,120,point_in_polygon,,analysis_ready
l_807a4e4c8efff92c93a6,o_17324b0193cb7a1c3925,,"67 Roberts Rd, Sydney, 2190",119,119,point_in_polygon,,analysis_ready
l_807e9c930d5ba072c9a6,o_fbc5e183d8ce80f2f8eb,,4 Salisbury Rd Kensington NSW 2033 Australia,118,118,point_in_polygon,,analysis_ready
l_808509042f530a13da96,o_022471524c9d92e538b2,,"733 Pacific Hwy, Central Coast, 2250",102,102,point_in_polygon,,analysis_ready
l_80966565225bcb785c89,o_6a6e0a5733bcc6eefe20,,"Church St, Sydney, 2024",118,118,point_in_polygon,,analysis_ready
l_809b713e1b45a72ecb11,o_4733c69eed3ea98c9b3b,,"128 Flood Street, Leichhardt NSW 2040",120,120,point_in_polygon,,analysis_ready
l_80a7b74da938f38c2212,o_022471524c9d92e538b2,,"6 Black Springs Rd, Eurunderee, 2850",103,103,point_in_polygon,,analysis_ready
l_810012f620fe9ed3e622,o_022471524c9d92e538b2,,"427 McDonalds Rd, Pokolbin, 2320",106,106,point_in_polygon,,analysis_ready
l_8102f328c27079343db5,o_eb0d1fe740ad969aad27,CIRCA 1928 Art Hotel,588 Dean St Albury NSW 2640 Australia,109,109,point_in_polygon,,analysis_ready
l_8105e23dfb8bf6df2909,o_ee0834b88e02efe95195,,"3-5 Underwood Rd, Homebush NSW 2140",120,120,point_in_polygon,,analysis_ready
l_8106b4cc01967a486395,o_17324b0193cb7a1c3925,,"430 Wine Country Drive, Lovedale, 2325",106,106,point_in_polygon,,analysis_ready
l_8125e487548f3ef29267,o_eb0d1fe740ad969aad27,The Quays Marina,"1856 Pittwater Rd, Church Point NSW 2105",122,122,point_in_polygon,,analysis_ready
l_8135ecaa995f01f47af1,o_022471524c9d92e538b2,,"1 Jondaryan Ave, Griffith, 2680",113,113,point_in_polygon,,analysis_ready
l_8160954da25d776cd777,o_022471524c9d92e538b2,,"36 Blue St, Sydney, 2060",121,121,point_in_polygon,,analysis_ready
l_817e5601be16aa4093ff,o_6a6e0a5733bcc6eefe20,,"3 Paragon Ave, South West Rocks, 2431",108,108,point_in_polygon,,analysis_ready
l_81ac1c0eb40f1e500ff0,o_4733c69eed3ea98c9b3b,,"Cnr Herring & Waterloo Rd, North Ryde NSW 2113",126,126,point_in_polygon,,analysis_ready
l_81f63ead85ad719be04b,o_4733c69eed3ea98c9b3b,,"William St, Sydney, 2046",120,120,point_in_polygon,,analysis_ready
l_81fd78e05fda579157bf,o_17324b0193cb7a1c3925,Tallawudjah Dog,57-59 Coramba St Glenreagh NSW 2450 Australia,104,104,point_in_polygon,,analysis_ready
l_828c50ea7a5f58a7b7d8,o_5b4f3a03bda45dcf8609,,"Murray Rose Ave, Sydney, 2127",125,125,point_in_polygon,,analysis_ready
l_828da4a302ef22b4b284,o_5b4f3a03bda45dcf8609,,"2090 Broke Rd, Pokolbin, 2320",106,106,point_in_polygon,,analysis_ready
l_828ed39f6c1b570aeec4,o_17324b0193cb7a1c3925,Merimbula Beach Holiday Resort,2 Short Point Rd Merimbula NSW 2548 Australia,101,101,point_in_polygon,,analysis_ready
l_82fd7aa5dc3d3f186824,o_a44733937534aba247a1,Tura Garden Centre,9 Tura Beach Dr Tura Beach NSW 2548 Australia,101,101,point_in_polygon,,analysis_ready
l_831fd863c359f2b5839f,o_e43c5e61858e588c2c2f,,"12 Cooper Park Rd, Sydney, 2023",118,118,point_in_polygon,,analysis_ready
l_836ebcb8c2c9a6cd5243,o_3b88759f24dafcbf3977,West Wallsend Workers club,51 Carrington St West Wallsend NSW 2286 Australia,111,111,point_in_polygon,,analysis_ready
l_838b7c57e8aa191f45c9,o_2db6b6ed3b00e6d56f6e,,"89 Darley St, Mona Vale, NSW, 2103, Australia",122,122,point_in_polygon,,analysis_ready
l_8392b24efad311eb42a9,o_17324b0193cb7a1c3925,Tallowood Cottages,1600 BOWRAVILLE RD SPICKETTS CREEK NSW 2454 Australia,104,104,point_in_polygon,,analysis_ready
l_83a3bd35be89b0e05daf,o_e43c5e61858e588c2c2f,,"19 Roseby St, Sydney, 2047",120,120,point_in_polygon,,analysis_ready
l_83c8ae46883f30ae83bc,o_eb0d1fe740ad969aad27,GT Tooling,"34 Railway Rd S, Mulgrave NSW 2756",115,115,point_in_polygon,,analysis_ready
l_83d24a577943ce09a811,o_4733c69eed3ea98c9b3b,,Queens Rd Five Dock NSW 2046 Australia,120,120,point_in_polygon,,analysis_ready
l_83ec183015f9114bdfe1,o_022471524c9d92e538b2,,"307 Lane Cove Rd, Sydney, 2113",126,126,point_in_polygon,,analysis_ready
l_8416f791abd4d41697fe,o_5b4f3a03bda45dcf8609,,"10W Apsley St, Walcha NSW 2354, Australia",110,110,point_in_polygon,,analysis_ready
l_8422a9ee7cb0f27a4eb0,o_130042b74e00dd320b50,,"Central Ave 2, Sydney, 2015",117,117,point_in_polygon,,analysis_ready
l_84440ba13dc519521898,o_eb0d1fe740ad969aad27,Reflections Coffs Harbour - Holiday Park,123 Pacific Hwy Coffs Harbour NSW 2450 Australia,104,104,point_in_polygon,,analysis_ready
l_84543260ff7c7b684f8c,o_022471524c9d92e538b2,,"7 Hickson Rd, Sydney, 2000",117,117,point_in_polygon,,analysis_ready
l_845630cca906cfdaba30,o_eb0d1fe740ad969aad27,Tallawong Village Retail,2 Conferta Ave Tallawong NSW 2762,116,116,point_in_polygon,,analysis_ready
l_84ecd12e6d4d7535cf22,o_17324b0193cb7a1c3925,,"86 Arncliffe St, Sydney, 2205",119,119,point_in_polygon,,analysis_ready
l_851bb80fba7b7b405db1,o_5b4f3a03bda45dcf8609,,"89 Barwan St, Narrabri, NSW 2390, Australia,",110,110,point_in_polygon,,analysis_ready
l_855242fcd5ec72510fb1,o_17324b0193cb7a1c3925,The Sebel Kiama,2 Minnamurra St Kiama NSW 2533 Australia,107,107,point_in_polygon,,analysis_ready
l_856f55bb1dbb65468d70,o_17324b0193cb7a1c3925,,"41 Yambo St, Morisset, 2264",111,111,point_in_polygon,,analysis_ready
l_85a8cfb4b69117c90a87,o_fbc5e183d8ce80f2f8eb,,85 Denison St Bondi Junction NSW 2022 Australia,118,118,point_in_polygon,,analysis_ready
l_85c7632ab12d02c5bfe2,o_130042b74e00dd320b50,,"198 Great Western Highway, Hazelbrook, NSW, 2779",124,124,point_in_polygon,,analysis_ready
l_8600c233e618aff935ff,o_e43c5e61858e588c2c2f,The Surf Yamba,2 Queen St Yamba NSW 2464 Australia,104,104,point_in_polygon,,analysis_ready
l_862c8f696684c43b5407,o_eb0d1fe740ad969aad27,THYNK Cafe + Bar,3 Bowden Way Beresfield NSW 2322 Australia,111,111,point_in_polygon,,analysis_ready
l_864ca36a72274eb6755f,o_aed59b2b089d156de8d7,,"Milbrodale Road 1100, Broke, 2330",106,106,point_in_polygon,,analysis_ready
l_8659a385636a80b56b9b,o_022471524c9d92e538b2,,"5 Tilba St, Narooma, 2546",101,101,point_in_polygon,,analysis_ready
l_865e149e2abf4c05c985,o_e43c5e61858e588c2c2f,,58 Wharf Rd Newcastle East NSW 2300 Australia,111,111,point_in_polygon,,analysis_ready
l_868948efeed878eba6b4,o_e43c5e61858e588c2c2f,,"30-32 Beach St, Harrington, 2427",108,108,point_in_polygon,,analysis_ready
l_86933707e2b3b3c67eaa,o_022471524c9d92e538b2,,"76 Wingewarra St, Dubbo , 2830",105,105,point_in_polygon,,analysis_ready
l_869d79ad9d8fa028b1f8,o_17324b0193cb7a1c3925,Corrigans Cove Resort,204 Beach Rd Batehaven NSW 2536 Australia,101,101,point_in_polygon,,analysis_ready
l_869e6e5a871eb2c09267,o_ca5dc5f6227bb7dc6a15,,"Nowra Rd, Moss Vale, 2577",114,114,point_in_polygon,,analysis_ready
l_86b6830036a67563ea12,o_6a6e0a5733bcc6eefe20,,1 Sandy Bay Rd Clontarf NSW 2093 Australia,122,122,coastal_nearest_within_50m,,analysis_ready
l_86d363a34dff5ba1c14f,o_022471524c9d92e538b2,,"89-113 Kent St, Sydney, 2000",117,117,point_in_polygon,,analysis_ready
l_86ec5c8fc42b347d31f7,o_17324b0193cb7a1c3925,,"The Boulevarde, Sydney, 2216",119,119,point_in_polygon,,analysis_ready
l_8722362ab3a46242a05f,o_e43c5e61858e588c2c2f,,"28-38 Powell St, Sydney, 2140",120,120,point_in_polygon,,analysis_ready
l_87401b22d3eee15648a2,o_4733c69eed3ea98c9b3b,,"634-726 Princes Hwy, Tempe NSW 2044",117,117,point_in_polygon,,analysis_ready
l_876fda1a580ef82ed5b1,o_eb0d1fe740ad969aad27,Zane Gray Caravan Park,1 Lamont St Bermagui NSW 2546 Australia,101,101,point_in_polygon,,analysis_ready
l_879a8c65ad1b83704473,o_eb0d1fe740ad969aad27,,312 Tomakin Rd Mogo (South) NSW 2536 Australia,101,101,point_in_polygon,,analysis_ready
l_87d6d791cca5f994f497,o_e18b3618c9ce844d240b,,34 Myra Rd Dulwich Hill NSW 2203 Australia,120,120,point_in_polygon,,analysis_ready
l_88484db7728f6ea4dd26,o_17324b0193cb7a1c3925,,"455 George St, Sydney, 2000",117,117,point_in_polygon,,analysis_ready
l_884c49e510dc2df89dd6,o_e2108382db98807a85a5,,"Grandview Lane, Bowen Mountain, 2753",115,115,point_in_polygon,,analysis_ready
l_88613e836b36e967affb,o_eb0d1fe740ad969aad27,Mudgee Meat,82 Depot Rd Mudgee NSW 2850 Australia,103,103,point_in_polygon,,analysis_ready
l_8879d79a26f0cf5f31a4,o_fbc5e183d8ce80f2f8eb,,65 Elizabeth St Paddington NSW 2021 Australia,118,118,point_in_polygon,,analysis_ready
l_8890bf19000c5b8d62c0,o_eb0d1fe740ad969aad27,Wombat Crossing Vineyard,530 Hermitage Rd Pokolbin NSW 2320 Australia,106,106,point_in_polygon,,analysis_ready
l_88ce0949dd84e3fa5637,o_e43c5e61858e588c2c2f,,"10 Tryon Rd, Sydney, 2070",121,121,point_in_polygon,,analysis_ready
l_8913c0d528ad98fb03bc,o_aed59b2b089d156de8d7,,"60 Miller St, Sydney, 2060",121,121,point_in_polygon,,analysis_ready
l_89294e662ce7ec67e426,o_eb0d1fe740ad969aad27,Darling Square Car Park,"35 Tumbalong Bvd, Haymarket NSW 2000",117,117,point_in_polygon,,analysis_ready
l_896940c1e9a526f17a14,o_17324b0193cb7a1c3925,,"72 Central Ave, Sydney, 2570",127,127,point_in_polygon,,analysis_ready
l_898bc643a32acadc26b8,o_17324b0193cb7a1c3925,,"3 Margaret St, Sydney, 2135",120,120,point_in_polygon,,analysis_ready
l_89e7bb12912d228537b2,o_17324b0193cb7a1c3925,Milton Ulladulla Ex Services Club,222 Princes Hwy Ulladulla NSW 2539 Australia,114,114,point_in_polygon,,analysis_ready
l_89f9ca13b224413edec0,o_eb0d1fe740ad969aad27,,Lockhart Rd Tooleybuc NSW 2736 Australia,109,109,point_in_polygon,,analysis_ready
l_8a19b4584a79596637a0,o_eb0d1fe740ad969aad27,The Remington Orange,"1517 Forest Rd, Orange NSW 2800",103,103,point_in_polygon,,analysis_ready
l_8a4134ff30f497e7c484,o_aed59b2b089d156de8d7,Poet's Cottage,63 Valley Rd Wentworth Falls NSW 2782 Australia,124,124,point_in_polygon,,analysis_ready
l_8a7a327b085d26ad1726,o_e43c5e61858e588c2c2f,,"97R Brook St, Sydney, 2034",118,118,point_in_polygon,,analysis_ready
l_8b0120c8ede2dccc884c,o_4733c69eed3ea98c9b3b,,"54-76 Captain Cook Dr, Caringbah NSW 2229",128,128,point_in_polygon,,analysis_ready
l_8b78ca6ec33002f5b36c,o_fbc5e183d8ce80f2f8eb,,12 Brown St Bronte NSW 2024 Australia,118,118,point_in_polygon,,analysis_ready
l_8b79a589ad8f3165202d,o_eb0d1fe740ad969aad27,Broulee Brewhouse,71 Coronation Dr Broulee NSW 2537 Australia,101,101,point_in_polygon,,analysis_ready
l_8b8fc53043f30288e8e5,o_17324b0193cb7a1c3925,,"Prince of Wales Dr, Sydney, 2073",121,121,point_in_polygon,,analysis_ready
l_8b99751ca87142e8b3f4,o_e43c5e61858e588c2c2f,,"41 Endeavour Ave, La Perouse, 2036",118,118,point_in_polygon,,analysis_ready
l_8b9d14da53d4632082cb,o_130042b74e00dd320b50,,"481 Princes Hwy, Sydney, 2232",128,128,point_in_polygon,,analysis_ready
l_8be1b2ba9e639d49fa29,o_eb0d1fe740ad969aad27,,Robertson St Mudgee NSW 2850 Australia,103,103,point_in_polygon,,analysis_ready
l_8be564c8aa1fcc46ccc8,o_e18b3618c9ce844d240b,,16 Myra Rd Dulwich Hill NSW 2203 Australia,120,120,point_in_polygon,,analysis_ready
l_8c3d2cfdb77cf3251f6a,o_eb0d1fe740ad969aad27,The Argyle Inn,80 Orchard St Taralga NSW 2580 Australia,101,101,point_in_polygon,,analysis_ready
l_8c5c159947cdbcd047ca,o_fbc5e183d8ce80f2f8eb,,442-446 Edgecliff Rd Edgecliff NSW 2027 Australia,118,118,point_in_polygon,,analysis_ready
l_8c63aec82fafc9f95f9a,o_ca990827c48864e843f3,Glenworth Valley Outdoor Adventures,69 Cooks Rd Glenworth Valley NSW 2250 Australia,102,102,point_in_polygon,,analysis_ready
l_8cb464c9c30fb563f647,o_e43c5e61858e588c2c2f,,"Railway St, Sydney, 2067",121,121,point_in_polygon,,analysis_ready
l_8ccb14f6aa6b3f727515,o_6a6e0a5733bcc6eefe20,,1 Rich St Marrickville NSW 2204 Australia,117,117,point_in_polygon,,analysis_ready
l_8d38ec12e9993a3deec1,o_e43c5e61858e588c2c2f,,"Soldiers Pde, Sydney, 2174",127,127,point_in_polygon,,analysis_ready
l_8d3da20839be541c819e,o_e43c5e61858e588c2c2f,The Wool Store,121A Keppel St Bathurst NSW 2795 Australia,103,103,point_in_polygon,,analysis_ready
l_8d64efdbab76f61b694c,o_e43c5e61858e588c2c2f,,26 Manion Ave Rose Bay NSW 2029 Australia,118,118,point_in_polygon,,analysis_ready
l_8dad45e200491dfd6207,o_17324b0193cb7a1c3925,Dungowan,99 Naval Pde Erowal Bay NSW 2540 Australia,114,114,point_in_polygon,,analysis_ready
l_8dd4f9550e32b973cda3,o_5b4f3a03bda45dcf8609,,"77 Darling St, Cowra, 2794",103,103,point_in_polygon,,analysis_ready
l_8dd767a83bde0adf7651,o_17324b0193cb7a1c3925,,"23 Roma Ave, Sydney, 2033",118,118,point_in_polygon,,analysis_ready
l_8dfa8ebca7d3568b2cdf,o_eb0d1fe740ad969aad27,Ballina Beach Nature Resort,440 SOUTH BALLINA BEACH ROAD South Ballina NSW 2478 Australia,112,112,point_in_polygon,,analysis_ready
l_8e1fcc49565724d84068,o_eb0d1fe740ad969aad27,,231 Darling St Dubbo NSW 2830 Australia,105,105,point_in_polygon,,analysis_ready
l_8e584a3e5126339dad7f,o_e43c5e61858e588c2c2f,,"Unicentre Ln, Wollongong, 2500",107,107,point_in_polygon,,analysis_ready
l_8ebe713106ca9ccc6dc7,o_eb0d1fe740ad969aad27,Ibis Styles Orange,146 Bathurst Rd Orange NSW 2800 Australia,103,103,point_in_polygon,,analysis_ready
l_8ec24a1520416b13350b,o_17324b0193cb7a1c3925,Hall St Carpark - Warialda,72 Hope St Warialda NSW 2402 Australia,110,110,point_in_polygon,,analysis_ready
l_8f329a7b67e324193e30,o_e43c5e61858e588c2c2f,Esca Bimbadgen,790 McDonalds Rd Pokolbin NSW 2320 Australia,106,106,point_in_polygon,,analysis_ready
l_8f3a73c756a52fd8393e,o_022471524c9d92e538b2,,"22 Buchanan St, Kandos, 2848",103,103,point_in_polygon,,analysis_ready
l_8f58931cf945392bd70e,o_4e1932045daf2a3e6c57,,"Pittwater Road, Sydney, 2101",122,122,point_in_polygon,,analysis_ready
l_8f64648fb1b4c05f5d16,o_4733c69eed3ea98c9b3b,,"3 George St, North Strathfield NSW 2137",120,120,point_in_polygon,,analysis_ready
l_8f7c4187c4cd065f7569,o_6a6e0a5733bcc6eefe20,,75 Park Rd Naremburn NSW 2065 Australia,121,121,point_in_polygon,,analysis_ready
l_8f8e062a0f3bf158904b,o_022471524c9d92e538b2,,"153 Fitzmaurice St, Wagga Wagga, 2650",113,113,point_in_polygon,,analysis_ready
l_8f9fbc225b48bae357ad,o_fbc5e183d8ce80f2f8eb,,55 Grove St Birchgrove NSW 2041 Australia,120,120,point_in_polygon,,analysis_ready
l_8fa95bdd178d13088a00,o_821df35b9743d5584a95,Club Maitland City,14 Arthur St Rutherford NSW 2320 Australia,106,106,point_in_polygon,,analysis_ready
l_8fb60531a13d5bf34e96,o_17324b0193cb7a1c3925,Mingara Recreation Club,12 Mingara Rd Tumbi Umbi NSW 2261 Australia,102,102,point_in_polygon,,analysis_ready
l_8fed35c0116b83888052,o_6a6e0a5733bcc6eefe20,,"14 Aquatic Dr, Sydney, 2086",122,122,point_in_polygon,,analysis_ready
l_90373c458e5824d62a4b,o_fbc5e183d8ce80f2f8eb,,270 Johnston St Annandale NSW 2038 Australia,120,120,point_in_polygon,,analysis_ready
l_9079f5cefdb5581daf9b,o_6a6e0a5733bcc6eefe20,,"345 Lawrence Hargrave Dr, Thirroul , NSW 2515",107,107,point_in_polygon,,analysis_ready
l_9092563e3af2780a877d,o_022471524c9d92e538b2,,"8 Central Pl, Sydney, 2760",116,116,point_in_polygon,,analysis_ready
l_90a0becf3134172d1f01,o_e43c5e61858e588c2c2f,,"345 Victoria Ave, Sydney, 2067",121,121,point_in_polygon,,analysis_ready
l_90bc59c5864665a17c6a,o_130042b74e00dd320b50,,"78 Great Western Hwy Cnr Ross St, Glenbrook, NSW, 2773",124,124,point_in_polygon,,analysis_ready
l_90d205e857f5babd906e,o_17324b0193cb7a1c3925,,"461 Victoria Rd, Sydney, 2111",126,126,point_in_polygon,,analysis_ready
l_90d50a57aa940c4b23e6,o_e43c5e61858e588c2c2f,,"134-140 Francis St, Sydney, 2026",118,118,point_in_polygon,,analysis_ready
l_90e9d5c49ef6b2c84c62,o_fbc5e183d8ce80f2f8eb,,261 Clovelly Rd Clovelly NSW 2031 Australia,118,118,point_in_polygon,,analysis_ready
l_90edae6b2f8ff9925535,o_fbc5e183d8ce80f2f8eb,,5 Pearson St Balmain East NSW 2041 Australia,120,120,point_in_polygon,,analysis_ready
l_910d96f72b5baf25e7b5,o_eb0d1fe740ad969aad27,SPS Solar Pumping Solutions,"28 B55, Mudgee NSW 2850",103,103,point_in_polygon,,analysis_ready
l_910feefd7eb2b5c85295,o_022471524c9d92e538b2,,"4968 Mitchell Hwy, Orange, 2800",103,103,point_in_polygon,,analysis_ready
l_9124fae008fe1ee05707,o_c7b27ae4cc0e776696d2,Port Kembla Golf Club,Golf Pl Primbee NSW 2502 Australia,107,107,point_in_polygon,,analysis_ready
l_912bdd4f2920dde393e6,o_022471524c9d92e538b2,,"1 Salisbury Rd, Sydney, 2154",115,115,point_in_polygon,,analysis_ready
l_913c9fe6ba3fdbd68b18,o_e43c5e61858e588c2c2f,,"38 Flora St, Sydney, 2232",128,128,point_in_polygon,,analysis_ready
l_9148f44c9d3bb1786ae5,o_17324b0193cb7a1c3925,,"Methul St N, Coolamon, 2701",113,113,point_in_polygon,,analysis_ready
l_918ba134e512decabda5,o_17324b0193cb7a1c3925,,"Ascot St, Sydney, 2033",118,118,point_in_polygon,,analysis_ready
l_9194e9c08b2a604a41c1,o_eb0d1fe740ad969aad27,Reflections Bonny Hills - Holiday Park,920 Ocean Dr Bonny Hills NSW 2445 Australia,108,108,point_in_polygon,,analysis_ready
l_91ae7825aabd120af8f8,o_fbc5e183d8ce80f2f8eb,,2 Diamond Bay Rd Vaucluse NSW 2030 Australia,118,118,point_in_polygon,,analysis_ready
l_91c8a561c298c3b396cd,o_eb0d1fe740ad969aad27,Moby Dick Motel,27-29 Yamba Rd Yamba NSW 2464 Australia,104,104,point_in_polygon,,analysis_ready
l_920e6e9275604a626186,o_aed59b2b089d156de8d7,Cooma Motor Lodge,6 Sharp St Cooma NSW 2630 Australia,101,101,point_in_polygon,,analysis_ready
l_92327481b74eaf2dba7f,o_e43c5e61858e588c2c2f,,"4 Harris St, Newcastle, 2287",111,111,point_in_polygon,,analysis_ready
l_924c3110df42fbe40498,o_821df35b9743d5584a95,Club Maitland City,258 New England Hwy Rutherford NSW 2320 Australia,106,106,point_in_polygon,,analysis_ready
l_925803a5a105558d35a5,o_e43c5e61858e588c2c2f,,"Link Road, Sydney, 2113",126,126,point_in_polygon,,analysis_ready
l_926d39efdf251af0d11d,o_4e1932045daf2a3e6c57,,"15 Merriville Rd, Sydney, 2155",116,116,point_in_polygon,,analysis_ready
l_92927bd22dc61e1fcf79,o_e43c5e61858e588c2c2f,Cobargo Co-operative Society,52-54 Princes Hwy Cobargo NSW 2550 Australia,101,101,point_in_polygon,,analysis_ready
l_92994ee190adf43d20bf,o_4733c69eed3ea98c9b3b,,"930 Old Northern Rd, Glenorie NSW 2157",115,115,point_in_polygon,,analysis_ready
l_92c7ac4d6d406c5c4034,o_022471524c9d92e538b2,,"315 The Entrance Rd, Central Coast, 2261",102,102,point_in_polygon,,analysis_ready
l_93256c25f2ff1fd0a115,o_e43c5e61858e588c2c2f,,"9-13 Winbourne Rd, Sydney, 2100",122,122,point_in_polygon,,analysis_ready
l_932a718a9a800e538d59,o_022471524c9d92e538b2,,528 Kent St Sydney NSW 2000 Australia,117,117,point_in_polygon,,analysis_ready
l_9345524f98d88e87488f,o_e43c5e61858e588c2c2f,,"Breese Pde, Forster, 2428",108,108,point_in_polygon,,analysis_ready
l_93492e0b4693072c4129,o_4e1932045daf2a3e6c57,,"472 Pacific Hwy, Sydney, 2066",121,121,point_in_polygon,,analysis_ready
l_935d6dee3fc311daa876,o_eb0d1fe740ad969aad27,Elements of Byron,"144 Bayshore Dr, Byron Bay NSW 2481",112,112,point_in_polygon,,analysis_ready
l_935e738b914f8dc299ce,o_022471524c9d92e538b2,,"11 Jamison St, Sydney, 2000",117,117,point_in_polygon,,analysis_ready
l_9360ba9a91fcb7f168b0,o_17324b0193cb7a1c3925,,"1 Littlebourne St, Bathurst, 2795",103,103,point_in_polygon,,analysis_ready
l_937bf92121884c3d83d4,o_17324b0193cb7a1c3925,Kyogle Council,19 Bloore St Kyogle NSW 2474 Australia,112,112,point_in_polygon,,analysis_ready
l_9393d85c59c3118a58b0,o_130042b74e00dd320b50,,"4 Defries Ave, Sydney, 2017",117,117,point_in_polygon,,analysis_ready
l_93b118be8b63f7927360,o_a44733937534aba247a1,,"Cowper Street, Warrawong, NSW 2502",107,107,point_in_polygon,,analysis_ready
l_93b8ef757e1aa3f2cb31,o_022471524c9d92e538b2,,"Don Kendell Dr, Forest Hill, 2651",113,113,point_in_polygon,,analysis_ready
l_93b967669f1d57a720b7,o_17324b0193cb7a1c3925,,"6 Budden St, Rockley, 2795",103,103,point_in_polygon,,analysis_ready
l_94251512d4270c77f4a3,o_5b4f3a03bda45dcf8609,,"29 Perry St, Euston NSW 2737, Australia",109,109,point_in_polygon,,analysis_ready
l_9480589138e27915442e,o_022471524c9d92e538b2,,188 Fernleigh Rd Glenfield Park NSW 2650 Australia,113,113,point_in_polygon,,analysis_ready
l_948baf6352bf603393f7,o_17324b0193cb7a1c3925,Ingenia Holiday Parks - Merry Beach,46 Merry Beach Rd Kioloa NSW 2539 Australia,114,114,point_in_polygon,,analysis_ready
l_9493dc45620b6b95f841,o_eb0d1fe740ad969aad27,Hartley Green Power,"22 Coxs River Rd, Little Hartley NSW 2790",103,103,point_in_polygon,,analysis_ready
l_94c213ba9128e4d38d37,o_022471524c9d92e538b2,,197-215 Condamine St Balgowlah NSW 2093 Australia,122,122,point_in_polygon,,analysis_ready
l_94c58a664f486bb420d3,o_821df35b9743d5584a95,Hotel Etico Australia,11 Montgomery St Mount Victoria NSW 2786 Australia,124,124,point_in_polygon,,analysis_ready
l_94e96ced0c67ad7f35b5,o_022471524c9d92e538b2,,"433 Ulan Rd, Buckaroo, 2850",103,103,point_in_polygon,,analysis_ready
l_94f45c62fc3065340c1e,o_15939ac67df1441fe74a,,100 Pacific Hwy Tuggerah NSW 2259 Australia,102,102,point_in_polygon,,analysis_ready
l_951290f4725da3dd2373,o_022471524c9d92e538b2,,88 Mortimer St Mudgee NSW 2850 Australia,103,103,point_in_polygon,,analysis_ready
l_9538e5057439c6ff0cb4,o_022471524c9d92e538b2,,"Bryant Dr, Central Coast, 2259",102,102,point_in_polygon,,analysis_ready
l_9541fc08139b29f10b30,o_fbc5e183d8ce80f2f8eb,,17 Dulwich St Dulwich Hill NSW 2203 Australia,120,120,point_in_polygon,,analysis_ready
l_9564518ea5f7bd2aeb6f,o_a44733937534aba247a1,Deniliquin Country Club Motor Inn,68 Crispe St Deniliquin NSW 2710 Australia,109,109,point_in_polygon,,analysis_ready
l_9565ff52769d04a1bfdc,o_022471524c9d92e538b2,,"342 Conadilly St, Gunnedah, 2380",110,110,point_in_polygon,,analysis_ready
l_958984e098eae4b40964,o_eb0d1fe740ad969aad27,Adelong Motel,"351 Pacific Hwy, Coffs Harbour NSW 2450, Australia",104,104,point_in_polygon,,analysis_ready
l_9592fd1c2d4757be0914,o_3b88759f24dafcbf3977,Wagga Wagga City Council,183 Tarcutta St Wagga Wagga NSW 2650 Australia,113,113,point_in_polygon,,analysis_ready
l_95c3dd4bbc007baec567,o_4e1932045daf2a3e6c57,,"16 Oaks Ave, Sydney, 2099",122,122,point_in_polygon,,analysis_ready
l_95f3d4e97e3671a15e99,o_17324b0193cb7a1c3925,Maranda Country Estate,68 Wollombi St Broke NSW 2330 Australia,106,106,point_in_polygon,,analysis_ready
l_95f732573fe898dd77a1,o_fbc5e183d8ce80f2f8eb,,35 Diamond Bay Rd Vaucluse NSW 2030 Australia,118,118,point_in_polygon,,analysis_ready
l_961b2b4ba6577063907c,o_15939ac67df1441fe74a,,King St Warrawong NSW 2502 Australia,107,107,point_in_polygon,,analysis_ready
l_96a9a93c467fa06afe41,o_ca5dc5f6227bb7dc6a15,,"Princes Highway, Gerringong, 2534",107,107,point_in_polygon,,analysis_ready
l_96c5a792d8ba97b74b34,o_eb0d1fe740ad969aad27,Adelaide Hotel,36-38 Vulcan St Moruya NSW 2537 Australia,101,101,point_in_polygon,,analysis_ready
l_96c745c3f95f444c2914,o_022471524c9d92e538b2,,"9-17 Short St, Parkes NSW 2870",103,103,point_in_polygon,,analysis_ready
l_96e4758e419413dfc1c3,o_022471524c9d92e538b2,,"250-318 Parramatta Rd, Sydney, 2140",120,120,point_in_polygon,,analysis_ready
l_96f90e83e3b8efc31aa3,o_fbc5e183d8ce80f2f8eb,,2 Wauhope Cres South Coogee NSW 2034 Australia,118,118,point_in_polygon,,analysis_ready
l_9700cce27b27f22d7577,o_6a6e0a5733bcc6eefe20,,551 Darling St Rozelle NSW 2039 Australia,120,120,point_in_polygon,,analysis_ready
l_970681e29b1e033f434b,o_fbc5e183d8ce80f2f8eb,,626 Mowbray Rd Lane Cove North NSW 2066 Australia,121,121,point_in_polygon,,analysis_ready
l_9725f8739754cc2e95f6,o_5b4f3a03bda45dcf8609,,"Wingewarra St, Dubbo, 2830",105,105,point_in_polygon,,analysis_ready
l_973c2fa0b7b2002faf9e,o_e43c5e61858e588c2c2f,,"Bradleys Head Road, Sydney, 2088",121,121,point_in_polygon,,analysis_ready
l_97696ae8a5cfd3f9ea30,o_fbc5e183d8ce80f2f8eb,,20 Johnston St Balmain East NSW 2041 Australia,120,120,point_in_polygon,,analysis_ready
l_977ddb32f7362588d772,o_eb0d1fe740ad969aad27,Bressington Park Dog Park,"Bressington Park, Underwood Rd, Homebush NSW 2140",120,120,point_in_polygon,,analysis_ready
l_97d4a48e0cdd6fe1209f,o_5b4f3a03bda45dcf8609,,"134 Lachlan St, Hay, 2711",109,109,point_in_polygon,,analysis_ready
l_97d544f4c0f280a6d782,o_4e1932045daf2a3e6c57,,"149 Alison Rd, Sydney, 2031",118,118,point_in_polygon,,analysis_ready
l_97eacb7ffbc642d2de1a,o_a44733937534aba247a1,Centrepoint Motel Deniliquin,399 Cressy St Deniliquin NSW 2710 Australia,109,109,point_in_polygon,,analysis_ready
l_9805678ff4da6b1b1f08,o_6a6e0a5733bcc6eefe20,,50 Cascade St Paddington NSW 2021 Australia,118,118,point_in_polygon,,analysis_ready
l_980db725973a4ce1fa18,o_5b4f3a03bda45dcf8609,,"Kiewa St, Albury, 2640",109,109,point_in_polygon,,analysis_ready
l_98247725bf252bb5e576,o_4733c69eed3ea98c9b3b,,"260A Liverpool Rd, Ashfield NSW 2131",120,120,point_in_polygon,,analysis_ready
l_983ae5c60da63c259180,o_17324b0193cb7a1c3925,,"8s South Steyne, Sydney, 2095",122,122,point_in_polygon,,analysis_ready
l_983b2c5606c298d907dd,o_17324b0193cb7a1c3925,Bridgeview Motel,2 The Corso Gorokan NSW 2263 Australia,102,102,point_in_polygon,,analysis_ready
l_984d67c7af50292af0ab,o_eb0d1fe740ad969aad27,Landcare & Sustainable Living Centre,"110 York St, Booragul NSW 2284",111,111,point_in_polygon,,analysis_ready
l_9857988d3aaa41efbdc0,o_17324b0193cb7a1c3925,,"28-32 Bowen St, Huskisson, 2540",114,114,point_in_polygon,,analysis_ready
l_985f4a32260a20df665d,o_17324b0193cb7a1c3925,,"446 Dean St, Albury, 2640",109,109,point_in_polygon,,analysis_ready
l_9886a6c108b89884f37f,o_af5146f2d40a3e18c3c6,,"1 Matong St, Dareton, 2717",109,109,point_in_polygon,,analysis_ready
l_989f81ca3d730f3142f5,o_022471524c9d92e538b2,,"1 Ferguson Cres, Mittagong, 2575",114,114,point_in_polygon,,analysis_ready
l_98aad71bd1e57f6908f8,o_fbc5e183d8ce80f2f8eb,,2 Allman Ave Summer Hill NSW 2130 Australia,120,120,point_in_polygon,,analysis_ready
l_98ac7de41071809aa858,o_eb0d1fe740ad969aad27,,193 Great Western Hwy Blackheath NSW 2785 Australia,124,124,point_in_polygon,,analysis_ready
l_98af0b98434bdf876e53,o_5b4f3a03bda45dcf8609,,"Shire St, West Wyalong, 2671",103,103,point_in_polygon,,analysis_ready
l_98b85dc50d3e15cdd841,o_17324b0193cb7a1c3925,Ingenia Holiday Parks - South West Rocks.,Gordon Young Dr South West Rocks NSW 2431 Australia,108,108,point_in_polygon,,analysis_ready
l_98da3ad650c8aaeb7371,o_17324b0193cb7a1c3925,,"17 Roberts Rd, Sydney, 2766",116,116,point_in_polygon,,analysis_ready
l_98fee8c32b03eff3e7d5,o_17324b0193cb7a1c3925,Mingara Recreation Club,83 Macquarie Rd Springwood NSW 2777 Australia,124,124,point_in_polygon,,analysis_ready
l_99128d8b4f8bd02f8e62,o_6a6e0a5733bcc6eefe20,,"5-7 Ascot St, Sydney, 2033",118,118,point_in_polygon,,analysis_ready
l_9943cbc02fc7b64e53c8,o_ee0834b88e02efe95195,,"12 Jacksons Rd, Warriewood NSW 2102",122,122,point_in_polygon,,analysis_ready
l_99923fd69b051e0471a6,o_e43c5e61858e588c2c2f,,1R Marine Pde Maroubra NSW 2035 Australia,118,118,point_in_polygon,,analysis_ready
l_99a294ded3edb29fe66d,o_17324b0193cb7a1c3925,,"Albert Pde, Sydney, 2131",120,120,point_in_polygon,,analysis_ready
l_99ad1e5acb4c7a95e19d,o_130042b74e00dd320b50,,"342 Kanahooka Rd, Brownsville, NSW, 2530",107,107,point_in_polygon,,analysis_ready
l_99c3060f98356e22d96f,o_022471524c9d92e538b2,,1/3 Brady St Mosman NSW 2088 Australia,121,121,point_in_polygon,,analysis_ready
l_99c4f9737249a7e167dd,o_17324b0193cb7a1c3925,,"2-110 Ben Boyd Pde, Boydtown, 2551",101,101,point_in_polygon,,analysis_ready
l_99d4a0052e642deee67a,o_4733c69eed3ea98c9b3b,,"188 Raglan St, Sydney, 2088",121,121,point_in_polygon,,analysis_ready
l_99ef6870d967d3139757,o_ca990827c48864e843f3,,"119 Greenwell Point Rd, Greenwell Point, 2540",114,114,point_in_polygon,,analysis_ready
l_9a073af7c348fc5d6044,o_ca5dc5f6227bb7dc6a15,,"King St, Newcastle, 2300",111,111,point_in_polygon,,analysis_ready
l_9a08a433ebb3419ee5eb,o_022471524c9d92e538b2,,"375-383 Windsor Rd, Sydney, 2153",115,115,point_in_polygon,,analysis_ready
l_9a15ca8b9bc8819df8b1,o_17324b0193cb7a1c3925,Ingenia Holiday Parks - Lake Macquarie,20 Monterey Ave Mannering Park NSW 2259 Australia,102,102,point_in_polygon,,analysis_ready
l_9a18885934066bc686f7,o_eb0d1fe740ad969aad27,Royal Motor Yacht Club Port Hacking,"228-232 Woolooware Rd, Burraneer NSW 2230",128,128,point_in_polygon,,analysis_ready
l_9a38a8cd6619b9c1ed6e,o_e43c5e61858e588c2c2f,Matador Motor Inn,11 Grafton St Coffs Harbour NSW 2450 Australia,104,104,point_in_polygon,,analysis_ready
l_9aa3a2f47fd3c7772fd7,o_022471524c9d92e538b2,,"68 Lead St, Yass NSW 2582, Australia",101,101,point_in_polygon,,analysis_ready
l_9af3d0a19bec187dbbd7,o_2db6b6ed3b00e6d56f6e,,"1 Frederick St, Artarmon, NSW, 2064, Australia",121,121,point_in_polygon,,analysis_ready
l_9afb2913db4a974f4d6e,o_4e1932045daf2a3e6c57,,"44 Broadarrow Rd, Sydney, 2209",119,119,point_in_polygon,,analysis_ready
l_9afe0fe6196359613351,o_022471524c9d92e538b2,,"2197 Giinagay Way, Nambucca Heads, 2448",108,108,point_in_polygon,,analysis_ready
l_9b34ff9cc84f6fae0e90,o_4e1932045daf2a3e6c57,,"7 Bungan St, Sydney, 2103",122,122,point_in_polygon,,analysis_ready
l_9b366990e3581dafad13,o_ee0834b88e02efe95195,,"1183-1187 The Horsley Dr, Wetherill Park NSW 2164",127,127,point_in_polygon,,analysis_ready
l_9bb5760457091e7e8d71,o_5b4f3a03bda45dcf8609,,"424 Hoxton Park Rd, Prestons, NSW, 2170",127,127,point_in_polygon,,analysis_ready
l_9be809db1a1a29023bf8,o_15939ac67df1441fe74a,,"Jersey St, Sydney, 2077",121,121,point_in_polygon,,analysis_ready
l_9c18ead4012aa68a3172,o_fbc5e183d8ce80f2f8eb,,168 Beach St Coogee NSW 2034 Australia,118,118,point_in_polygon,,analysis_ready
l_9c1c4df8e50ce7ab4692,o_fbc5e183d8ce80f2f8eb,,182 Evans St Rozelle NSW 2039 Australia,120,120,point_in_polygon,,analysis_ready
l_9c3e111fcc1bfb2f0717,o_eb0d1fe740ad969aad27,Rainer Kwast Building & Design,1211 Oallen Rd Oallen NSW 2622 Australia,101,101,point_in_polygon,,analysis_ready
l_9c466be6c274502d0bd0,o_022471524c9d92e538b2,,"2-14 Cliff Rd, Wollongong, 2500",107,107,point_in_polygon,,analysis_ready
l_9c55cbf88f358f6734fc,o_4733c69eed3ea98c9b3b,,"1 Perry St, Batemans Bay, 2536",101,101,point_in_polygon,,analysis_ready
l_9c853428cee96cd5bac2,o_5b4f3a03bda45dcf8609,,"Eskbank St, Lithgow, 2790",103,103,point_in_polygon,,analysis_ready
l_9c87473fb487e4fa076d,o_e43c5e61858e588c2c2f,,"1650 Alpine Way, Crackenback, 2627",101,101,point_in_polygon,,analysis_ready
l_9c91bcd7989334411a16,o_ac62ba71ef19df031777,Dunedoo Bowling Club Carpark,39 Cobborah St Dunedoo NSW 2844 Australia,103,103,point_in_polygon,,analysis_ready
l_9c9a40267dd822a6d0b5,o_fbc5e183d8ce80f2f8eb,,164 Darling St Balmain NSW 2041 Australia,120,120,point_in_polygon,,analysis_ready
l_9cb1c346be2ed5832926,o_4e1932045daf2a3e6c57,,"2 Premier St, Sydney, 2217",119,119,point_in_polygon,,analysis_ready
l_9cc585178d3aa13cc171,o_eb0d1fe740ad969aad27,Zig Zag Railway,"840 Chifley Rd, Clarence NSW 2790",103,103,point_in_polygon,,analysis_ready
l_9cdfbd6b69a96dd0aa75,o_17324b0193cb7a1c3925,,"Alford St, Currabubula, 2342",110,110,point_in_polygon,,analysis_ready
l_9ce59a749d21d5608e1d,o_022471524c9d92e538b2,,"200 Horderns Rd, Bowral, 2576",114,114,point_in_polygon,,analysis_ready
l_9cf06c0f3f4c65a469eb,o_821df35b9743d5584a95,Boathouse Resort,21-23 Marine Dr Tea Gardens NSW 2324 Australia,106,106,point_in_polygon,,analysis_ready
l_9d282aa1b4b1e10446cb,o_022471524c9d92e538b2,,"252 Centennial Rd, Bowral, 2576",114,114,point_in_polygon,,analysis_ready
l_9d4074fac6e1238e6536,o_4733c69eed3ea98c9b3b,,"221 Wolseley St, Jamisontown NSW 2750",124,124,point_in_polygon,,analysis_ready
l_9d5bac4e4c14f97cdbcb,o_17324b0193cb7a1c3925,,"81 Eastern Rd, Sydney, 2766",116,116,point_in_polygon,,analysis_ready
l_9da5faf300fd10acd433,o_022471524c9d92e538b2,,"10 Winery Dr, Port Macquarie, 2444",108,108,point_in_polygon,,analysis_ready
l_9dba4affc6e49c90859a,o_15939ac67df1441fe74a,,"1234 Princes Hwy, Engadine NSW 2233, Australia",128,128,point_in_polygon,,analysis_ready
l_9de1a9ca000f3ba8fd37,o_eb0d1fe740ad969aad27,Denman Van Village,14 Macauley St Denman NSW 2328 Australia,106,106,point_in_polygon,,analysis_ready
l_9de483f73c0a0d15d9f7,o_130042b74e00dd320b50,,"87-91 Roberts Rd Cnr Moondo St, Greenacre, NSW, 2190",119,119,point_in_polygon,,analysis_ready
l_9deadb2a0afc611a6cea,o_4e1932045daf2a3e6c57,,"1 Park St, Sydney, 2103",122,122,point_in_polygon,,analysis_ready
l_9df7cc861a9ae20b6478,o_022471524c9d92e538b2,,"200 Gilchrist Drive, Sydney, 2560",123,123,point_in_polygon,,analysis_ready
l_9e06548ce3afd6a6bb56,o_fbc5e183d8ce80f2f8eb,,93 Metropolitan Rd Enmore NSW 2042 Australia,117,117,point_in_polygon,,analysis_ready
l_9e0fcf03e9e1c1c1e17f,o_5b4f3a03bda45dcf8609,,"9 Bessemer St, Mittagong, 2575",114,114,point_in_polygon,,analysis_ready
l_9e3a7cb90e8146263db8,o_8489a89c8befb35ccbdc,,"40 Langlee Ave, Sydney, 2024",118,118,point_in_polygon,,analysis_ready
l_9e4c2f3014a4770c851c,o_15939ac67df1441fe74a,,"15620 Hume Hwy, Marulan, 2579",101,101,point_in_polygon,,analysis_ready
l_9e7a0beca84a7d9e019d,o_5b4f3a03bda45dcf8609,,"Corner of Snowy River Avenue and Kalkite St, Jindabyne, 2627",101,101,point_in_polygon,,analysis_ready
l_9e972a90d9c046302d2d,o_022471524c9d92e538b2,,"1 Kendall Ave, Bathurst , 2795",103,103,point_in_polygon,,analysis_ready
l_9e9e5377af6ec8251080,o_6a6e0a5733bcc6eefe20,,18 Bishop St Newport NSW 2106 Australia,122,122,point_in_polygon,,analysis_ready
l_9ee66b250daf221c2b06,o_022471524c9d92e538b2,,"339 Warialda St, Moree, 2400",110,110,point_in_polygon,,analysis_ready
l_9ef5ee8281df13e08712,o_e43c5e61858e588c2c2f,NRMA Parks and Resorts,102 Corowa Rd Mulwala NSW 2647 Australia,109,109,point_in_polygon,,analysis_ready
l_9f314a8f6ceab1bb477a,o_a44733937534aba247a1,Holbrook Motel,10 Sydney Rd Holbrook NSW 2644 Australia,109,109,point_in_polygon,,analysis_ready
l_9f3f8450126c32c4352a,o_a44733937534aba247a1,,"162 Canterbury St, Casino, 2470",112,112,point_in_polygon,,analysis_ready
l_9f576ffd1679c7fa1891,o_17324b0193cb7a1c3925,Ingenia Holiday Parks - One Mile Beach,426 Gan Gan Rd One Mile NSW 2316 Australia,106,106,point_in_polygon,,analysis_ready
l_9f7d8443d2a153ab0819,o_022471524c9d92e538b2,,"Hope St, Blaxland NSW 2774, Australia",124,124,point_in_polygon,,analysis_ready
l_9f936cf9324a367d1201,o_17324b0193cb7a1c3925,Lockhart Shire Council,Green St Lockhart NSW 2656 Australia,113,113,point_in_polygon,,analysis_ready
l_9faf5dd65d8e18b735f3,o_022471524c9d92e538b2,,Corner Sturgeon St & Glenelg St Raymond Terrace NSW 2324 Australia,106,106,point_in_polygon,,analysis_ready
l_9fb46c4c5dec66343a07,o_6a6e0a5733bcc6eefe20,,"11 William St, Bellingen, 2454",104,104,point_in_polygon,,analysis_ready
l_9fb72c5ed34e6ec8184a,o_022471524c9d92e538b2,,"84 Market St, Mudgee, 2850",103,103,point_in_polygon,,analysis_ready
l_9fc61b13f66f9d01b303,o_130042b74e00dd320b50,,"Cnr Dunheved Rd & Henry Lawson Dr, Werrington, NSW, 2747",124,124,point_in_polygon,,analysis_ready
l_9fd963f0f216b551f05f,o_022471524c9d92e538b2,,"Unit 10/1A Mitchell, Mollymook , 2539",114,114,point_in_polygon,,analysis_ready
l_a0081802db332ca5f970,o_e43c5e61858e588c2c2f,,"4 Defries Ave, Sydney, 2017",117,117,point_in_polygon,,analysis_ready
l_a0b41e327bd819e11391,o_a44733937534aba247a1,,"Campbell St, Sydney, 2150",125,125,point_in_polygon,,analysis_ready
l_a122e76d09541b415a42,o_eb0d1fe740ad969aad27,Kinda Kapers,"200 Pacific Hwy, Belmont North NSW 2280",111,111,point_in_polygon,,analysis_ready
l_a12c19e0e576cc62f1e9,o_e43c5e61858e588c2c2f,NRMA Parks and Resorts,250 Sydney Rd Kelso NSW 2795 Australia,103,103,point_in_polygon,,analysis_ready
l_a1a130c747718c4382b3,o_4733c69eed3ea98c9b3b,,"247 Belmore Rd, Riverwood NSW 2210",119,119,point_in_polygon,,analysis_ready
l_a1bd4d4615a894ffc60c,o_e43c5e61858e588c2c2f,Tumut Riverina Highlands Building Public Car Park,76 Capper St Tumut NSW 2720 Australia,113,113,point_in_polygon,,analysis_ready
l_a1c9428d82e771875583,o_ca990827c48864e843f3,,"Darwin St, Cessnock, 2325",106,106,point_in_polygon,,analysis_ready
l_a1e361e8c45196aff7b7,o_e43c5e61858e588c2c2f,,"1 Golf Club Rd, Deniliquin, 2710",109,109,point_in_polygon,,analysis_ready
l_a1e725bb6228d6be59be,o_e43c5e61858e588c2c2f,,"536 New South Head Rd, Sydney, 2028",118,118,point_in_polygon,,analysis_ready
l_a1f0bf547ba1a1a2cee7,o_a44733937534aba247a1,D.G BENYON & D.M BENYON & The Trustee for Benyon Family Trust,"119 Borella Rd, East Albury NSW 2640, Australia",109,109,point_in_polygon,,analysis_ready
l_a20bc0147ac67ab3461b,o_17324b0193cb7a1c3925,,"Shop 2140, Newcastle, 2289",111,111,point_in_polygon,,analysis_ready
l_a24a517b2cb379e31da0,o_c1eaa0df16f31232f695,,"156 Melbourne St, Mulwala, 2647",109,109,point_in_polygon,,analysis_ready
l_a2a03a1ddf37874d0119,o_4e1932045daf2a3e6c57,,"Penrith Railway Station, Jane St, Penrith, New South Wales 2750, Australia",124,124,point_in_polygon,,analysis_ready
l_a2ff8a280974268771b4,o_bcaad2992c1da7826658,,"2 Macquarie Pl, Haywards Bay NSW 2530, Australia",107,107,point_in_polygon,,analysis_ready
l_a3000912deeddde99fe7,o_5b4f3a03bda45dcf8609,,"17 Stewart St, Wollongong NSW 2500, Australia",107,107,point_in_polygon,,analysis_ready
l_a3076e389ef32dbd4e11,o_eb0d1fe740ad969aad27,Hillston Township - Library Carpark,"14 Macauley St, Denman NSW 2328, Australia",106,106,point_in_polygon,,analysis_ready
l_a31d896a7ea937ef8d69,o_a44733937534aba247a1,,"11 West St, Wollongong, 2500",107,107,point_in_polygon,,analysis_ready
l_a32c484f55d610df7c89,o_eb0d1fe740ad969aad27,Five Mile Hotel,289 Armidale Rd South Grafton NSW 2460 Australia,104,104,point_in_polygon,,analysis_ready
l_a3520d525b4e50f97a3d,o_eb0d1fe740ad969aad27,Bells at Killcare,"107 The Scenic Rd, Killcare Heights NSW 2257, Australia",102,102,point_in_polygon,,analysis_ready
l_a3a1edf3621aeff8f7df,o_022471524c9d92e538b2,,15 Crawford St Jindabyne NSW 2627 Australia,101,101,point_in_polygon,,analysis_ready
l_a3d8a2a0aa5efec25839,o_5b4f3a03bda45dcf8609,,"Skillman's Lane, Coonamble, NSW 2829, Australia",105,105,point_in_polygon,,analysis_ready
l_a3fa41459a039f549feb,o_e43c5e61858e588c2c2f,,"2 Robsons Rd, Wollongong, 2500",107,107,point_in_polygon,,analysis_ready
l_a409ad8d42ea496d8be8,o_6a6e0a5733bcc6eefe20,,146 Flood St Leichhardt NSW 2040 Australia,120,120,point_in_polygon,,analysis_ready
l_a413baa9b49545b2a606,o_2db6b6ed3b00e6d56f6e,,"28 Blue Gum Rd, Jesmond NSW 2299, Australia",111,111,point_in_polygon,,analysis_ready
l_a41cfcfc0a3dd2838c1e,o_a44733937534aba247a1,,"21 Ayrshire Cres, Newcastle, 2304",111,111,point_in_polygon,,analysis_ready
l_a42a882d90dba5b5bab2,o_5b4f3a03bda45dcf8609,,"15 Victory St, Braidwood, NSW 2622, Australia",101,105,official_locality_containment,RR_BRAIDWOOD_20260909,unresolved
l_a432cf056b20181bd38a,o_17324b0193cb7a1c3925,,"22 Giffnock Ave, Sydney, 2113",126,126,point_in_polygon,,analysis_ready
l_a442eb6c34bcbbf48e94,o_17324b0193cb7a1c3925,"Bathurst Street, Condobolin",51 Bathurst St Condobolin NSW 2877 Australia,103,103,point_in_polygon,,analysis_ready
l_a472280246ecce97cc72,o_022471524c9d92e538b2,,"161 Elizabeth St, Sydney, 2000",117,117,point_in_polygon,,analysis_ready
l_a51d2fa280bc3eff5e19,o_130042b74e00dd320b50,,"741 George St, Windsor, 2756",124,124,point_in_polygon,,analysis_ready
l_a5498827d90b39a68d32,o_4733c69eed3ea98c9b3b,,"1/9 Railway Parade, Kogarah NSW 2217",119,119,point_in_polygon,,analysis_ready
l_a563816d322eec2c6433,o_eb0d1fe740ad969aad27,Sapphire City Motor Inn,30/34 Glen Innes Rd Inverell NSW 2360 Australia,110,110,point_in_polygon,,analysis_ready
l_a571645e8251a1425054,o_022471524c9d92e538b2,,"3483 Jerrys Plains Rd, Jerrys Plains, 2330",106,106,point_in_polygon,,analysis_ready
l_a593cd051d3bb599919b,o_2db6b6ed3b00e6d56f6e,,"205 Old Hume Hwy, Mittagong NSW 2575, Australia",114,114,point_in_polygon,,analysis_ready
l_a5b47985d2b2146ebe96,o_e43c5e61858e588c2c2f,,"Henderson Rd, Sydney, 2174",127,127,point_in_polygon,,analysis_ready
l_a5dc54c10eff8da88ade,o_17324b0193cb7a1c3925,,"9 Chilvers Rd, Sydney, 2120",121,121,point_in_polygon,,analysis_ready
l_a5febfe011101f7b67a5,o_eb0d1fe740ad969aad27,Four Points by Sheraton Sydney,"4 Central Park Ave, Chippendale NSW 2008",117,117,point_in_polygon,,analysis_ready
l_a603456c3067f2326bae,o_17324b0193cb7a1c3925,Ingenia Holiday Park - Hunter Valley,137 Mount View Rd Cessnock NSW 2325 Australia,106,106,point_in_polygon,,analysis_ready
l_a641d644aa6f744570af,o_022471524c9d92e538b2,,"387 Lake Rd, Newcastle, 2285",111,111,point_in_polygon,,analysis_ready
l_a65b85735b325f758c34,o_6a6e0a5733bcc6eefe20,,2 Tebbutt St Leichhardt NSW 2040 Australia,120,120,point_in_polygon,,analysis_ready
l_a65f170c4dbb3b5c1198,o_ca990827c48864e843f3,,"142 Addison Rd, Sydney, 2204",117,117,point_in_polygon,,analysis_ready
l_a6690500ed1a630e0386,o_15939ac67df1441fe74a,,"214 Sydney Rd, Kelso NSW 2795, Australia",103,103,point_in_polygon,,analysis_ready
l_a671d905baec821a14cd,o_2db6b6ed3b00e6d56f6e,,"245/259 Pittwater Rd, Manly NSW 2095, Australia",122,122,point_in_polygon,,analysis_ready
l_a6e291787a42fd7522ac,o_eb0d1fe740ad969aad27,Talbingo Caravan Park,"24 Whitty St, Talbingo NSW 2720",113,113,point_in_polygon,,analysis_ready
l_a6e9da40020787f23688,o_17324b0193cb7a1c3925,,"152 Green Street W, Lockhart, 2656",113,113,point_in_polygon,,analysis_ready
l_a6fcff954228b2a7371d,o_022471524c9d92e538b2,,"30 Staples St, Shoalhaven Heads, 2535",114,114,point_in_polygon,,analysis_ready
l_a729a3806bb5a9a60e74,o_ca5dc5f6227bb7dc6a15,,"Beachside Dr, Caves Beach, 2281",111,111,point_in_polygon,,analysis_ready
l_a748a3e2e5ba74e7a8ff,o_0de889e4414435769e84,Wandana Brewing Co.,20 Manns Rd Mullumbimby NSW 2482 Australia,112,112,point_in_polygon,,analysis_ready
l_a78efb5963484bdfb51f,o_4733c69eed3ea98c9b3b,,"4-6 Niangala Cl, Belrose NSW 2085",122,122,point_in_polygon,,analysis_ready
l_a78fa16270d9eaf0261f,o_eb0d1fe740ad969aad27,Nimmitavel Motel,15 Stanton St Nimmitabel NSW 2631 Australia,101,101,point_in_polygon,,analysis_ready
l_a7ceec6014e94d3b9919,o_eb0d1fe740ad969aad27,Lyrebird's Nest Campground,91 Koolilabah Ln Penrose NSW 2579 Australia,114,114,point_in_polygon,,analysis_ready
l_a7d11396ec58cb710c38,o_ca990827c48864e843f3,,"Parramatta Rd 214, Sydney, 2134",120,120,point_in_polygon,,analysis_ready
l_a7e9c7317fedc5a0e737,o_eb0d1fe740ad969aad27,De iuliis Wines,1616 Broke Rd Pokolbin NSW 2320 Australia,106,106,point_in_polygon,,analysis_ready
l_a824dbefdb5a072f5da3,o_17324b0193cb7a1c3925,,"121 Princes Hwy, Wollongong, 2519",107,107,point_in_polygon,,analysis_ready
l_a83fcdbb0606db454687,o_fbc5e183d8ce80f2f8eb,,98 Rowntree St Birchgrove NSW 2041 Australia,120,120,point_in_polygon,,analysis_ready
l_a858f1b71c60f5026aaf,o_2db6b6ed3b00e6d56f6e,,"135 Fairfield Rd, Guildford West 2161, NSW",125,125,point_in_polygon,,analysis_ready
l_a883544f017383a0aaa6,o_0de889e4414435769e84,,140 Keppel St Bathurst NSW 2795 Australia,103,103,point_in_polygon,,analysis_ready
l_a8e2297be670714ef7fd,o_fbc5e183d8ce80f2f8eb,,25 Llandaff St Bondi Junction NSW 2022 Australia,118,118,point_in_polygon,,analysis_ready
l_a9017dc5ed82492a945b,o_fbc5e183d8ce80f2f8eb,,5 Robey St Maroubra NSW 2035 Australia,118,118,point_in_polygon,,analysis_ready
l_a9881aaaadfa0808a031,o_fbc5e183d8ce80f2f8eb,,167 Darley Rd Randwick NSW 2031 Australia,118,118,point_in_polygon,,analysis_ready
l_a98884c7b5b79e35088f,o_4e1932045daf2a3e6c57,,"22 Cook Ln, Sydney, 2223",119,119,point_in_polygon,,analysis_ready
l_a9e485b615fdf8aa6aef,o_17324b0193cb7a1c3925,,31 Cobra St Dubbo NSW 2830 Australia,105,105,point_in_polygon,,analysis_ready
l_aa4b4d09b4f43305fbb3,o_e43c5e61858e588c2c2f,,"Sunset Blvd, Soldiers Point, 2317",106,106,point_in_polygon,,analysis_ready
l_aa57b6532f170da081eb,o_4733c69eed3ea98c9b3b,,"1-9 Railway Parade, Kogarah NSW 2217",119,119,point_in_polygon,,analysis_ready
l_aa7b307b295d6a3cce5e,o_17324b0193cb7a1c3925,,"21 Combo St, Goolgowi, 2652",113,113,point_in_polygon,,analysis_ready
l_aa9edfeed40a59dcb3e8,o_022471524c9d92e538b2,,"298 Lake Canobolas Rd, Canobolas, 2800",103,103,point_in_polygon,,analysis_ready
l_aaafc1dfb20d75e3b81f,o_130042b74e00dd320b50,,"69-71 Central Coast Hwy, Gosford West, NSW, 2250",102,102,point_in_polygon,,analysis_ready
l_aacb0644b6e02b2231fa,o_e43c5e61858e588c2c2f,NRMA Parks and Resorts,6 Kosciuszko Rd Jindabyne NSW 2627 Australia,101,101,point_in_polygon,,analysis_ready
l_aad008d4027b51391968,o_4733c69eed3ea98c9b3b,,"15 Ridge St, Sydney, 2060",121,121,point_in_polygon,,analysis_ready
l_aad552644517c604677c,o_e43c5e61858e588c2c2f,Arcadia Wilderness Retreat,530 Moonabung Rd Vacy NSW 2421 Australia,106,106,point_in_polygon,,analysis_ready
l_aadd4ab284c3d6224e93,o_0de889e4414435769e84,Clancy's Cottage- Talbingo,25 Bowman St Talbingo NSW 2720 Australia,113,113,point_in_polygon,,analysis_ready
l_ab06e555a58318e45c48,o_c7b27ae4cc0e776696d2,Orange Visitor Information Centre,151 Byng St Orange NSW 2800 Australia,103,103,point_in_polygon,,analysis_ready
l_ab2dcbdcd31cb79d4e72,o_022471524c9d92e538b2,,"71 Market St, Wollongong, 2500",107,107,point_in_polygon,,analysis_ready
l_abb5df3e2443a5903a76,o_5b4f3a03bda45dcf8609,,"Darling Dr, Sydney, 2000",117,117,point_in_polygon,,analysis_ready
l_ac2621c5e28b18ec0d36,o_17324b0193cb7a1c3925,,"49 Harrison St, Newcastle, 2285",111,111,point_in_polygon,,analysis_ready
l_ac66c7ec22107d6d0fa7,o_15939ac67df1441fe74a,,"Charter Hall Carnes Hill Marketplace, Corner Cowpasture & Kurrajong Roads, Horningsea Park NSW 2171, Australia",127,127,point_in_polygon,,analysis_ready
l_ac758e7e1d32ec6e1a5f,o_022471524c9d92e538b2,,6 Ferdinand Ln Jerrabomberra NSW 2619 Australia,101,101,point_in_polygon,,analysis_ready
l_ac931ab11283a59659e8,o_c7b27ae4cc0e776696d2,Bridges Hill Park,Yango St Cessnock NSW 2325 Australia,106,106,point_in_polygon,,analysis_ready
l_aca37b13516afeb51348,o_17324b0193cb7a1c3925,Gosford RSL Club,26 Central Coast Hwy West Gosford NSW 2250 Australia,102,102,point_in_polygon,,analysis_ready
l_acc76a50759fc15b150f,o_e43c5e61858e588c2c2f,,"190 Portland Dr, Cameron Park, 2285",111,111,point_in_polygon,,analysis_ready
l_ad70b168b573f9484a4e,o_17324b0193cb7a1c3925,,"53-71 Rowe Street, Sydney, 2122",126,126,point_in_polygon,,analysis_ready
l_ad70c1db2e20eb4f7bdd,o_17324b0193cb7a1c3925,,"23A Roylston Street, Sydney, 2021",118,118,point_in_polygon,,analysis_ready
l_ad79c0734212cd4f3527,o_022471524c9d92e538b2,,"152 Church St, Glen Innes, 2370",110,110,point_in_polygon,,analysis_ready
l_ad85ecae7e79b1cbf2fd,o_4733c69eed3ea98c9b3b,,"205 Old Hume Hwy, Mittagong, 2575",114,114,point_in_polygon,,analysis_ready
l_adb7b60f8ecb77fd5d63,o_4733c69eed3ea98c9b3b,,"Cnr Elara Bvd &, Northbourne Dr, Sydney, 2765",116,116,point_in_polygon,,analysis_ready
l_ae031dc7ef7d95c43947,o_eb0d1fe740ad969aad27,Pet Medical,14 Aberdeen St Muswellbrook NSW 2333 Australia,106,106,point_in_polygon,,analysis_ready
l_ae1179c3c5bb3f751632,o_022471524c9d92e538b2,,"2 Rosenthal Ave, Sydney, 2066",121,121,point_in_polygon,,analysis_ready
l_ae7a26fc4841ef72173e,o_17324b0193cb7a1c3925,,"10 Tryon Rd, Sydney, 2070",121,121,point_in_polygon,,analysis_ready
l_ae80fcf0313b22195db6,o_022471524c9d92e538b2,,"1 Railway Pde, Sydney, 2217",119,119,point_in_polygon,,analysis_ready
l_ae8414370c21e9d1a591,o_130042b74e00dd320b50,,"NARELLAN RD CNR MAXWELL PL, Sydney, 2567",123,123,point_in_polygon,,analysis_ready
l_ae8686aaa6fc8bf73954,o_fbc5e183d8ce80f2f8eb,,35 Metropolitan Rd Enmore NSW 2042 Australia,117,117,point_in_polygon,,analysis_ready
l_aebe55ed5e4f5d84c347,o_17324b0193cb7a1c3925,,"185 O'Riordan St, Sydney, 2020",117,117,point_in_polygon,,analysis_ready
l_aed5b112ac481f87a0f8,o_17324b0193cb7a1c3925,Orange Waratah Sports Club,36 Telopea Way Orange NSW 2800 Australia,103,103,point_in_polygon,,analysis_ready
l_aee0f527479d90645b3c,o_e43c5e61858e588c2c2f,,"144 Bayshore Dr, Byron Bay, 2481",112,112,point_in_polygon,,analysis_ready
l_af14af01cf7021c8bb99,o_17324b0193cb7a1c3925,,"8 Euston Rd, Sydney, 2015",117,117,point_in_polygon,,analysis_ready
l_af2383f8330363405cd2,o_17324b0193cb7a1c3925,,"77 Broken Head Rd, Byron Bay, 2481",112,112,point_in_polygon,,analysis_ready
l_af458e97293e54bdebb1,o_022471524c9d92e538b2,,"260 Victoria Avenue, Chatswood, NSW 2067",121,121,point_in_polygon,,analysis_ready
l_af4bffc87aa86061db68,o_fbc5e183d8ce80f2f8eb,,120 Marine Pde Maroubra NSW 2035 Australia,118,118,point_in_polygon,,analysis_ready
l_af768c0bd187521a24b5,o_e43c5e61858e588c2c2f,,3A Hunter St Stockton NSW 2295 Australia,111,111,point_in_polygon,,analysis_ready
l_afa8d0dbf4539e9f9c8f,o_eb0d1fe740ad969aad27,Federation Motel,330 Honour Ave Corowa NSW 2646 Australia,109,109,point_in_polygon,,analysis_ready
l_afb76cfc71408547d08c,o_022471524c9d92e538b2,,"455 George St, Sydney, 2000",117,117,point_in_polygon,,analysis_ready
l_afcd59264636d3186b6a,o_eb0d1fe740ad969aad27,Huskisson Beach Escape,28 Jervis St Huskisson NSW 2540 Australia,114,114,point_in_polygon,,analysis_ready
l_afcf0c51c59697437c4b,o_130042b74e00dd320b50,,"875 Richmond Rd, Marsden Park, NSW, 2765",116,116,point_in_polygon,,analysis_ready
l_afdf5670ac33c6469f91,o_4e1932045daf2a3e6c57,,"Cronulla Railway Station, Tonkin Street, Cronulla, New South Wales 2230, Australia",128,128,point_in_polygon,,analysis_ready
l_aff976d40e039084d6ef,o_e43c5e61858e588c2c2f,Teneco Hospitality,95 Cherry St Ballina NSW 2478 Australia,112,112,point_in_polygon,,analysis_ready
l_b00ffb63143d9845800c,o_022471524c9d92e538b2,,"224 Railway Pde, Sydney, 2166",127,127,point_in_polygon,,analysis_ready
l_b04205a55da6f93c2993,o_0de889e4414435769e84,Quest Griffith,53 Railway St Griffith NSW 2680 Australia,113,113,point_in_polygon,,analysis_ready
l_b05a16822089ad69897f,o_022471524c9d92e538b2,,"2 West St, Bermagui, 2546",101,101,point_in_polygon,,analysis_ready
l_b0618ff66fe968fc7343,o_eb0d1fe740ad969aad27,Reflections Eden,Aslings Beach Rd Eden NSW 2551 Australia,101,101,point_in_polygon,,analysis_ready
l_b0f74363f2923661b48b,o_022471524c9d92e538b2,,"30-36 Sharp St, Cooma, 2630",101,101,point_in_polygon,,analysis_ready
l_b12aae95e8cf38aaf1fa,o_17324b0193cb7a1c3925,Batemans Bay Soldiers Club,4 Beach Rd Batemans Bay NSW 2536 Australia,101,101,point_in_polygon,,analysis_ready
l_b15be2e64cc385bba7ba,o_eb0d1fe740ad969aad27,Brewarrina RSL,25 Bourke St Brewarrina NSW 2839 Australia,105,105,point_in_polygon,,analysis_ready
l_b174f484465d02bbc74f,o_821df35b9743d5584a95,Select Inn Gosford,512 Pacific Hwy Wyoming NSW 2250 Australia,102,102,point_in_polygon,,analysis_ready
l_b1c15fcd54b4c02e0f28,o_c7b27ae4cc0e776696d2,Narara Ecovillage,33 Gugandi Rd Narara NSW 2250 Australia,102,102,point_in_polygon,,analysis_ready
l_b1cb33a782642ab1a625,o_ca5dc5f6227bb7dc6a15,,"Birmingham St, Sydney, 2015",117,117,point_in_polygon,,analysis_ready
l_b1e8a840aac16b6192e4,o_022471524c9d92e538b2,,"Mount View Rd, Mount View, 2325",106,106,point_in_polygon,,analysis_ready
l_b1fa41e78d8a7ed854ac,o_6a6e0a5733bcc6eefe20,EVX,"3 Hilltop Cres, Fairlight NSW 2094, Australia",122,122,point_in_polygon,,analysis_ready
l_b2664a12950048580c82,o_ca5dc5f6227bb7dc6a15,,"Grenache Way, Murrumbateman, 2582",101,101,point_in_polygon,,analysis_ready
l_b2a414e16d79d6243d2a,o_afb994c863a6ca0ed26b,,17 Nicholson St Wollstonecraft NSW 2065 Australia,121,121,point_in_polygon,,analysis_ready
l_b2a6b868435fa8184251,o_4e1932045daf2a3e6c57,,"110 Anzac Pde, Sydney, 2033",118,118,point_in_polygon,,analysis_ready
l_b2c64c22b6ade0b9603c,o_e43c5e61858e588c2c2f,,"201 Sussex St, Sydney, 2000",117,117,point_in_polygon,,analysis_ready
l_b2d2b4a86d06edc75a09,o_5b4f3a03bda45dcf8609,,"26 Neilly St, Walgett, NSW 2832, Australia",105,112,official_locality_containment,RR_WALGETT_20260909,unresolved
l_b2e2d1e42cdab1aeadb1,o_17324b0193cb7a1c3925,Wallendbeen Park Farm,Cullinga Rd Wallendbeen NSW 2588 Australia,113,113,point_in_polygon,,analysis_ready
l_b2fa85462933559650ab,o_fbc5e183d8ce80f2f8eb,,50 Chandos St Ashfield NSW 2131 Australia,120,120,point_in_polygon,,analysis_ready
l_b305629587038a7bf931,o_bcaad2992c1da7826658,,"797 Pacific Hwy, Belmont South NSW 2280, Australia",111,111,point_in_polygon,,analysis_ready
l_b32d2fb8a69139096698,o_eb0d1fe740ad969aad27,The Convent Hunter Valley Hotel,64 Halls Rd Pokolbin NSW 2320 Australia,106,106,point_in_polygon,,analysis_ready
l_b3a1407de2426cce5795,o_eb0d1fe740ad969aad27,Heritage House Motel,178 Imlay St Eden NSW 2551 Australia,101,101,point_in_polygon,,analysis_ready
l_b3db129d699719dc8d33,o_fbc5e183d8ce80f2f8eb,,57 Mallett St Camperdown NSW 2050 Australia,117,117,point_in_polygon,,analysis_ready
l_b3f3cf4f2933cf4fbaff,o_5b4f3a03bda45dcf8609,,"29 Church St, Maitland NSW 2320, Australia",106,106,point_in_polygon,,analysis_ready
l_b415c2f621ac86218306,o_6a6e0a5733bcc6eefe20,,"5 Bishop St, Sydney, 2106",122,122,point_in_polygon,,analysis_ready
l_b45e1b0eaa6413d79c5a,o_130042b74e00dd320b50,,"12 Hume Hwy, Pheasants Nest, 2574",123,123,point_in_polygon,,analysis_ready
l_b46fcd60a5c0eeafe6bb,o_17324b0193cb7a1c3925,Bonn Abbey,25 Nelson St Broke NSW 2330 Australia,106,106,point_in_polygon,,analysis_ready
l_b499386711792d61095d,o_15939ac67df1441fe74a,,"3 Carlton Cres, Summer Hill, NSW, 2130, Australia",120,120,point_in_polygon,,analysis_ready
l_b4a12ab004b6d7395619,o_4733c69eed3ea98c9b3b,,924 Anzac Pde Maroubra NSW 2035 Australia,118,118,point_in_polygon,,analysis_ready
l_b4ddea8a86fe8dbdde42,o_fbc5e183d8ce80f2f8eb,,20 Federation Rd Camperdown NSW 2050 Australia,117,117,point_in_polygon,,analysis_ready
l_b516eb75458d76ce5dd6,o_e43c5e61858e588c2c2f,,"9 Studio Dr, Sydney, 2036",117,117,point_in_polygon,,analysis_ready
l_b53096b7a100da0280ad,o_fbc5e183d8ce80f2f8eb,,32 Liverpool St Rose Bay NSW 2029 Australia,118,118,point_in_polygon,,analysis_ready
l_b53b6f3f59f5c03bed4f,o_e43c5e61858e588c2c2f,,"3 Midway Dr, Buronga, 2739",109,109,point_in_polygon,,analysis_ready
l_b53c8d230a9365dc443d,o_130042b74e00dd320b50,,"12 Hume Hwy, Pheasants Nest, 2574",107,107,point_in_polygon,,analysis_ready
l_b560aca589f1bb12e49d,o_fbc5e183d8ce80f2f8eb,,30 Little St Lane Cove NSW 2066 Australia,121,121,point_in_polygon,,analysis_ready
l_b5823d39fd298d6b137d,o_022471524c9d92e538b2,,"41-47 Shepherds Dr, Sydney, 2126",115,115,point_in_polygon,,analysis_ready
l_b59ceb8e30b97b643258,o_17324b0193cb7a1c3925,,"Bellambi Ln, Wollongong, 2518",107,107,point_in_polygon,,analysis_ready
l_b59e70429f3a163e1a1a,o_17324b0193cb7a1c3925,,"8 Soudan St, Sydney, 2031",118,118,point_in_polygon,,analysis_ready
l_b5afce75dd201f040e88,o_17324b0193cb7a1c3925,Village Fair Maitland Plaza,405 High St Maitland NSW 2320 Australia,106,106,point_in_polygon,,analysis_ready
l_b5b017ad4ec5f9b28af9,o_e43c5e61858e588c2c2f,,"133 Samantha Riley Dr, Sydney, 2155",115,115,point_in_polygon,,analysis_ready
l_b5cf642bcae5a474bbe5,o_17324b0193cb7a1c3925,Kyogle Council,Clarence St Tabulam NSW 2469 Australia,112,112,point_in_polygon,,analysis_ready
l_b5e031ff4f363c15ccf7,o_17324b0193cb7a1c3925,,"400 Panorama Ave, Bathurst, 2795",103,103,point_in_polygon,,analysis_ready
l_b63549221fad87b3262c,o_5b4f3a03bda45dcf8609,,"28 Auburn Street, Moree, NSW 2400, Australia",110,109,official_locality_containment,RR_MOREE_20260909,unresolved
l_b66e84f0e63044df33b3,o_15939ac67df1441fe74a,,"1233 Victoria Rd, West Ryde NSW 2114, Australia",126,126,point_in_polygon,,analysis_ready
l_b6bbbd88f2c381b6659d,o_17324b0193cb7a1c3925,,"126 Havannah St, Bathurst, 2795",103,103,point_in_polygon,,analysis_ready
l_b7136bed4f88c00b79a7,o_eb0d1fe740ad969aad27,Blackmores Campus,"20 Jubilee Ave, Warriewood NSW 2102",122,122,point_in_polygon,,analysis_ready
l_b72be71b60579e75bfd1,o_5b4f3a03bda45dcf8609,,88 Smithfield Rd Smithfield NSW 2164 Australia,127,127,point_in_polygon,,analysis_ready
l_b74861fcd404408096e2,o_e43c5e61858e588c2c2f,,5 Portland St Dover Heights NSW 2030 Australia,118,118,point_in_polygon,,analysis_ready
l_b74d2f674b5543116ab4,o_6a6e0a5733bcc6eefe20,,176 Mons Ave Maroubra NSW 2035 Australia,118,118,point_in_polygon,,analysis_ready
l_b76b6679a2fe987c6c23,o_a44733937534aba247a1,Sydney Ski Club,18 Diggings Ter Thredbo NSW 2625 Australia,101,101,point_in_polygon,,analysis_ready
l_b7ab3847cc3e20ba8d6e,o_6a6e0a5733bcc6eefe20,,"Napier St, Sydney, 2021",118,118,point_in_polygon,,analysis_ready
l_b7c0edb55c51d2772ec4,o_2db6b6ed3b00e6d56f6e,,"240 Hillsborough Rd, Warners Bay NSW 2282, Australia",111,111,point_in_polygon,,analysis_ready
l_b7c6b72b99bc29793cdc,o_fbc5e183d8ce80f2f8eb,,27 Bennett St Bondi NSW 2026 Australia,118,118,point_in_polygon,,analysis_ready
l_b7edf3f5fec503e10642,o_4e1932045daf2a3e6c57,,"15 Merriville Rd, Sydney, 2155",116,116,point_in_polygon,,analysis_ready
l_b7fe3f1b0df812363b02,o_fbc5e183d8ce80f2f8eb,,52 Dudley St Coogee NSW 2034 Australia,118,118,point_in_polygon,,analysis_ready
l_b813f077a468ff44a84e,o_ca990827c48864e843f3,Lake Macquarie Council,1 Dobinson Dr Swansea NSW 2281 Australia,111,111,point_in_polygon,,analysis_ready
l_b86cf6210c05e4d5369b,o_022471524c9d92e538b2,,"103 Sandy Flat Rd, Sandy Flat, 2372",110,110,point_in_polygon,,analysis_ready
l_b88d0a9250d101657a6f,o_3b88759f24dafcbf3977,Mid-Western Regional Council,108 Herbert St Gulgong NSW 2852 Australia,103,103,point_in_polygon,,analysis_ready
l_b8b0b0aa9309bef7bc43,o_c7b27ae4cc0e776696d2,Gerringong Bowlo,Pacific Ave Gerringong NSW 2534 Australia,107,107,point_in_polygon,,analysis_ready
l_b8b61c9c0ff283fe2a4c,o_022471524c9d92e538b2,,"40 William St, Port Macquarie, 2444",108,108,point_in_polygon,,analysis_ready
l_b8c46e148a2862d60baa,o_4733c69eed3ea98c9b3b,,"18 Victoria Avenue, Castle Hill NSW 2154",115,115,point_in_polygon,,analysis_ready
l_b8cb4c7add608fbd79ac,o_fbc5e183d8ce80f2f8eb,,2 King St Bondi NSW 2026 Australia,118,118,point_in_polygon,,analysis_ready
l_b8cc8bdb1fd78a479df7,o_15939ac67df1441fe74a,,"Charter Hall Rutherford Marketplace, 1 Hillview St, Rutherford NSW 2320, Australia",106,106,point_in_polygon,,analysis_ready
l_b8d14cb60a7df0d57d5c,o_5b4f3a03bda45dcf8609,,57 Manchester Rd Gymea NSW 2227 Australia,128,128,point_in_polygon,,analysis_ready
l_b9310417276799341d49,o_17324b0193cb7a1c3925,,"2 Little St, Sydney, 2066",121,121,point_in_polygon,,analysis_ready
l_b94afcfc60e952b24090,o_eb0d1fe740ad969aad27,Mount Airlie,"34 Woodstock Rd, Woodstock NSW 2538",114,114,point_in_polygon,,analysis_ready
l_b95fda2a5dfd50021d16,o_4733c69eed3ea98c9b3b,,"Dorhauer Ln, Sydney, 2025",118,118,point_in_polygon,,analysis_ready
l_b968027079594c1cc4a3,o_15939ac67df1441fe74a,,"1 Tasman Rd, Gumly Gumly NSW 2652, Australia",113,113,point_in_polygon,,analysis_ready
l_b977ff53bc310311b516,o_eb0d1fe740ad969aad27,Granville Place,"38 Cowper St, Granville NSW 2142",125,125,point_in_polygon,,analysis_ready
l_b97d4e975a01aba7ef82,o_17324b0193cb7a1c3925,Singleton Diggers - Alroy Park Club,8-14 Dorsman Dr Singleton Heights NSW 2330 Australia,106,106,point_in_polygon,,analysis_ready
l_b9ad8176a981a4b12999,o_e43c5e61858e588c2c2f,,"52 Albert Ave, Sydney, 2067",121,121,point_in_polygon,,analysis_ready
l_b9dfdd696e958a5195f0,o_fbc5e183d8ce80f2f8eb,,287 Ramsay St Haberfield NSW 2045 Australia,120,120,point_in_polygon,,analysis_ready
l_b9efd94cd6bb4b7a1711,o_17324b0193cb7a1c3925,,"33 Smith St, Newcastle, 2290",111,111,point_in_polygon,,analysis_ready
l_b9f7ba39ac4cfe799425,o_afb994c863a6ca0ed26b,,8 Holtermann St Crows Nest NSW 2065 Australia,121,121,point_in_polygon,,analysis_ready
l_ba1fda80beb376d60fae,o_022471524c9d92e538b2,,13 Boundary St Macksville NSW 2447 Australia,108,108,point_in_polygon,,analysis_ready
l_ba3c7d6f42433263f504,o_5b4f3a03bda45dcf8609,,"Cabarita Rd, Bogangar, 2488",112,112,point_in_polygon,,analysis_ready
l_ba42707ee6dfafd3d846,o_17324b0193cb7a1c3925,,"22A Clovelly Rd, Sydney, 2031",118,118,point_in_polygon,,analysis_ready
l_ba7743304583fa3a535e,o_eb0d1fe740ad969aad27,HIES Electrical Services,"22-24 Almond St, Denman NSW 2328",106,106,point_in_polygon,,analysis_ready
l_ba79e588b579d676c3b6,o_e43c5e61858e588c2c2f,,"Obley Road, Dubbo, 2830",105,105,point_in_polygon,,analysis_ready
l_bab6f0f232d08a6bbeb9,o_5b4f3a03bda45dcf8609,,"Gipps St, Bega, 2550",101,101,point_in_polygon,,analysis_ready
l_bad37c5230a82b6f4b4c,o_5b4f3a03bda45dcf8609,,"Rogan Ln, Young, 2594",101,101,point_in_polygon,,analysis_ready
l_bb30477e51b13990463e,o_e43c5e61858e588c2c2f,,"117 Glenayr Ave, Sydney, 2026",118,118,point_in_polygon,,analysis_ready
l_bb3b7350802e914c7818,o_022471524c9d92e538b2,,"18 Imlay St, Broulee, 2537",101,101,point_in_polygon,,analysis_ready
l_bb3c6564c688ce9115a9,o_17324b0193cb7a1c3925,Dunghutti-Ngaku Aboriginal Art Gallery,62-118 Lachlan St South Kempsey NSW 2440 Australia,108,108,point_in_polygon,,analysis_ready
l_bb996d40650e392334d7,o_022471524c9d92e538b2,,"211 Lake Entrance Rd, Shellharbour City Centre, 2529",107,107,point_in_polygon,,analysis_ready
l_bb99e617c715af18403c,o_022471524c9d92e538b2,,"338 King St, Sydney, 2020",117,117,point_in_polygon,,analysis_ready
l_bba1dd5b47baa55637ba,o_fbc5e183d8ce80f2f8eb,,52 Spencer St Rose Bay NSW 2029 Australia,118,118,point_in_polygon,,analysis_ready
l_bbb45e027c4946625f86,o_eb0d1fe740ad969aad27,,"55-65 Murray St, Sydney, 2009",117,117,point_in_polygon,,analysis_ready
l_bbb8e03be128ac5ad9b6,o_15939ac67df1441fe74a,,"Bp Marsden Park, 851 Richmond Road, Marsden Park NSW 2765, Australia",116,116,point_in_polygon,,analysis_ready
l_bc43dfca880ffb942ad0,o_022471524c9d92e538b2,,"24 Sallys Corner Rd, Exeter , 2579",114,114,point_in_polygon,,analysis_ready
l_bc48e5356bc48752d739,o_5b4f3a03bda45dcf8609,,"Mortimer St, Mudgee, 2850",103,103,point_in_polygon,,analysis_ready
l_bc4964a8e9df9a0af5db,o_022471524c9d92e538b2,,"1 Bay Ln, Byron Bay, 2481",112,112,point_in_polygon,,analysis_ready
l_bc6fc7188da33ce01f39,o_eb0d1fe740ad969aad27,Sandbar Restaurant & Bar,11 Hawke St Huskisson NSW 2540 Australia,114,114,point_in_polygon,,analysis_ready
l_bc72a15e13e7b22d045f,o_a44733937534aba247a1,Ulan Village Green,94 Main St Ulan NSW 2850 Australia,103,103,point_in_polygon,,analysis_ready
l_bc77e5f6c4c60359b971,o_e43c5e61858e588c2c2f,,"Smith St, Newcastle West, NSW 2303",111,111,point_in_polygon,,analysis_ready
l_bc7c5d331c7f6c793775,o_5b4f3a03bda45dcf8609,,"Kable Ave, Tamworth, 2340",110,110,point_in_polygon,,analysis_ready
l_bd0fdc85bff0929e3964,o_fbc5e183d8ce80f2f8eb,,276 Birrell St Bondi NSW 2026 Australia,118,118,point_in_polygon,,analysis_ready
l_bd2423da8974bf11bed4,o_e43c5e61858e588c2c2f,,"18 Station St, Sydney, 2766",116,116,point_in_polygon,,analysis_ready
l_bd4a37daf500a2098918,o_fbc5e183d8ce80f2f8eb,,402 Mowbray Rd Lane Cove North NSW 2066 Australia,121,121,point_in_polygon,,analysis_ready
l_bd521d0514279e5d5a98,o_ca990827c48864e843f3,Metropole Guest House,11-15 Gang Gang St Katoomba NSW 2780 Australia,124,124,point_in_polygon,,analysis_ready
l_bd6ef1894c22d1363cb7,o_4733c69eed3ea98c9b3b,,"93 Byamee St, Dapto NSW 2530",107,107,point_in_polygon,,analysis_ready
l_bd74f564a774b4892267,o_e43c5e61858e588c2c2f,,"1 Balfour St, Sydney, 2070",121,121,point_in_polygon,,analysis_ready
l_bd77f9a4f2df96aee80d,o_eb0d1fe740ad969aad27,Cedars Mount View,60 Mitchells Rd Mount View NSW 2325 Australia,106,106,point_in_polygon,,analysis_ready
l_bd7da9dd795cddcb183f,o_4733c69eed3ea98c9b3b,,"2 Coast Hospital Rd, Sydney, 2036",118,118,point_in_polygon,,analysis_ready
l_bd8b81a55806feb514fc,o_022471524c9d92e538b2,,"290 Pacific Hwy, Newcastle, 2290",111,111,point_in_polygon,,analysis_ready
l_bdba419e1eb74b4c0338,o_022471524c9d92e538b2,,"2 Sentry Dr, Sydney, 2768",116,116,point_in_polygon,,analysis_ready
l_bdd96fd222fbf38d8abb,o_4e1932045daf2a3e6c57,,"9 Lagoon St, Sydney, 2101",122,122,point_in_polygon,,analysis_ready
l_bdddd26944f9730bfdc5,o_a44733937534aba247a1,,"Moore St, Banksmeadow , 2019",117,117,point_in_polygon,,analysis_ready
l_bde02e32d7c60cadad9c,o_fbc5e183d8ce80f2f8eb,,59 Holmwood St Newtown NSW 2042 Australia,117,117,point_in_polygon,,analysis_ready
l_be07f0d563abefc38375,o_022471524c9d92e538b2,,"5 Norton Ln, Bowral, 2576",114,114,point_in_polygon,,analysis_ready
l_be0d6831b6f921c74141,o_6a6e0a5733bcc6eefe20,,24 Fourth Ave Seven Hills NSW 2147 Australia,116,116,point_in_polygon,,analysis_ready
l_be37dcfef546a06e4cb3,o_17324b0193cb7a1c3925,,"2 Hannabus Pl, Windsor, 2756",115,115,point_in_polygon,,analysis_ready
l_be7767c393124e2a9745,o_e43c5e61858e588c2c2f,,"286-288 New Line Rd, Sydney, 2158",115,115,point_in_polygon,,analysis_ready
l_be78613cbf4867441ebd,o_a44733937534aba247a1,Sapphire Valley Caravan Park,29 Sapphire Coast Dr Merimbula NSW 2548 Australia,101,101,point_in_polygon,,analysis_ready
l_be878d622df168a97099,o_e43c5e61858e588c2c2f,,"130 Glenayr Ave, Sydney, 2026",118,118,point_in_polygon,,analysis_ready
l_be923bd2432a5489b1d6,o_6a6e0a5733bcc6eefe20,,"14 George St, Wollongong, NSW 2500",107,107,point_in_polygon,,analysis_ready
l_bebb19b1156280ae638e,o_e43c5e61858e588c2c2f,,"403 Tarean Rd, Karuah, 2324",106,106,point_in_polygon,,analysis_ready
l_bed7431c62a25ba6663b,o_eb0d1fe740ad969aad27,Reflections Lennox Head,Cnr Ross Street & Pacific Parade LENNOX HEAD NSW 2478 Australia,112,112,point_in_polygon,,analysis_ready
l_bf067cd90ea584881c83,o_e43c5e61858e588c2c2f,Young Services Club,46 Cloete St Young NSW 2594 Australia,101,101,point_in_polygon,,analysis_ready
l_bf13454ff00cab378f0a,o_0de889e4414435769e84,The Charles Boutique Hotel & Dining,82 Tarcutta St Wagga Wagga NSW 2650 Australia,113,113,point_in_polygon,,analysis_ready
l_bf662340fdda2fa5d468,o_17324b0193cb7a1c3925,,"10 Seymour street, Laurieton, 2443",108,108,point_in_polygon,,analysis_ready
l_bf71d1b4432dab2cb14c,o_ca990827c48864e843f3,Cessnock Hospitality Group,5 Darwin St Cessnock NSW 2325 Australia,106,106,point_in_polygon,,analysis_ready
l_bf77d2475240f78d7d59,o_eb0d1fe740ad969aad27,Greenacres Motel,91 Federation Ave Corowa NSW 2646 Australia,109,109,point_in_polygon,,analysis_ready
l_bfc0aadbb02226fd9b35,o_ca5dc5f6227bb7dc6a15,,"First Ave, Gundagai, 2722",113,113,point_in_polygon,,analysis_ready
l_bfdc1d955b7bc681318d,o_bcaad2992c1da7826658,,"52–58 Gardeners Rd, Kingsford NSW 2032",118,118,point_in_polygon,,analysis_ready
l_bfe97b09908b0df5ab7a,o_022471524c9d92e538b2,,"188 Fernleigh Rd, Wagga Wagga, 2650",113,113,point_in_polygon,,analysis_ready
l_c000c7e22f28961fcf83,o_022471524c9d92e538b2,,"14 Cross St, Forbes, 2871",103,103,point_in_polygon,,analysis_ready
l_c0301b6e85e7f824f2d7,o_17324b0193cb7a1c3925,,"235-285 New South Head Rd, Sydney, 2027",118,118,point_in_polygon,,analysis_ready
l_c048af57dbf60de22d03,o_4e1932045daf2a3e6c57,,"11 Scott St, Sydney, 2170",127,127,point_in_polygon,,analysis_ready
l_c054e90134acb0ef6265,o_15939ac67df1441fe74a,,"Avenue Rd, Sydney, 2088",121,121,point_in_polygon,,analysis_ready
l_c15b7267b21fd68aaf93,o_8489a89c8befb35ccbdc,,"19 Narabang Way, Sydney, 2085",122,122,point_in_polygon,,analysis_ready
l_c182756fce5e784dd73b,o_cc3f86eca00d6229a580,,"3 Lyttle St, Broulee, 2537",101,101,point_in_polygon,,analysis_ready
l_c1b84dd9f2c38b37cda3,o_eb0d1fe740ad969aad27,Serenity Diamond Beach,"3 Government Rd, Nelson Bay NSW 2315, Australia",106,106,point_in_polygon,,analysis_ready
l_c208879a6b0290f0ce4b,o_fbc5e183d8ce80f2f8eb,,16 Duxford St Paddington NSW 2021 Australia,118,118,point_in_polygon,,analysis_ready
l_c20e839205a6f63b65d5,o_eb0d1fe740ad969aad27,Gundagai Tourist Park,1 Nangus Rd Gundagai NSW 2722 Australia,113,113,point_in_polygon,,analysis_ready
l_c225d334e9ce7c1e261d,o_fbc5e183d8ce80f2f8eb,,"17 Joseph St, Lilyfield, NSW, 2040, Australia",120,120,point_in_polygon,,analysis_ready
l_c234117c6f0de82ae487,o_4733c69eed3ea98c9b3b,,"9 Eastern Valley Way, Northbridge NSW 2063",121,121,point_in_polygon,,analysis_ready
l_c255f440a94afadb0020,o_fbc5e183d8ce80f2f8eb,,2A Frances St Randwick NSW 2031 Australia,118,118,point_in_polygon,,analysis_ready
l_c27bfc1060091f5d9b63,o_022471524c9d92e538b2,,"16 Nettin Cct, Jindabyne, 2627",101,101,point_in_polygon,,analysis_ready
l_c28088d3de37821b77e6,o_4733c69eed3ea98c9b3b,,"1 Bells Blvd, Kingscliff, 2487",112,112,point_in_polygon,,analysis_ready
l_c2af1f7f45c7a67ca566,o_022471524c9d92e538b2,,"52-88 Great Western Hwy, Medlow Bath, 2780",124,124,point_in_polygon,,analysis_ready
l_c2c6669b4be74abac527,o_eb0d1fe740ad969aad27,CRU Lake Mac Camp and Conference Centre,40 Yarrawonga Park Rd Balcolyn NSW 2264 Australia,111,111,point_in_polygon,,analysis_ready
l_c2e4309c40f65d964ce7,o_17324b0193cb7a1c3925,Kyogle Council,29 Woodenbong Rd Bonalbo NSW 2469 Australia,112,112,point_in_polygon,,analysis_ready
l_c307502f7f93712ff799,o_022471524c9d92e538b2,,"2 Ween St, Peak Hill, 2869",103,103,point_in_polygon,,analysis_ready
l_c3968621078e9f5b4abb,o_17324b0193cb7a1c3925,Wallsend Diggers Car Park,2 Tyrrell St Wallsend NSW 2287 Australia,111,111,point_in_polygon,,analysis_ready
l_c3a86fe148f60f960b43,o_022471524c9d92e538b2,,"58 Phillip St, West Tamworth , 2340",110,110,point_in_polygon,,analysis_ready
l_c3b89a1652e2312b50e4,o_e43c5e61858e588c2c2f,,"Ring Rd, Newcastle, 2308",111,111,point_in_polygon,,analysis_ready
l_c42f28e8df126baf786e,o_eb0d1fe740ad969aad27,Pacific Garage,"17 Piper Dr, Ballina NSW 2478",112,112,point_in_polygon,,analysis_ready
l_c43bdad53a3fb6ea9c8f,o_fbc5e183d8ce80f2f8eb,,6 Burt St Rozelle NSW 2039 Australia,120,120,point_in_polygon,,analysis_ready
l_c45a8e642136acb713f1,o_15939ac67df1441fe74a,,"15666 Hume Hwy, Marulan, 2579",101,101,point_in_polygon,,analysis_ready
l_c472d487010d97b2e534,o_fbc5e183d8ce80f2f8eb,,100 Constitution Rd Dulwich Hill NSW 2203 Australia,120,120,point_in_polygon,,analysis_ready
l_c47a84a1c074a0ccf8b8,o_17324b0193cb7a1c3925,,"6 Aeolia St, Sydney, 2031",118,118,point_in_polygon,,analysis_ready
l_c4b21b8d5d74c881e088,o_022471524c9d92e538b2,,"31 Berrara Rd, Berrara, 2540",114,114,point_in_polygon,,analysis_ready
l_c4e32789a0207c324748,o_022471524c9d92e538b2,,"86 Meehan St, Yass, 2582",101,101,point_in_polygon,,analysis_ready
l_c503ef26239a612c9446,o_e43c5e61858e588c2c2f,,"35-39 Lord St, Port Macquarie, 2444",108,108,point_in_polygon,,analysis_ready
l_c518c40e5e29d8ad15c7,o_fbc5e183d8ce80f2f8eb,,3 Gladstone St Newtown NSW 2042 Australia,117,117,point_in_polygon,,analysis_ready
l_c568a6548781fde69e55,o_5b4f3a03bda45dcf8609,,"Commercial St, Walla Walla, 2659",109,109,point_in_polygon,,analysis_ready
l_c5a11cb962cb5aff5d92,o_17324b0193cb7a1c3925,Albury City Council,"526 Smollett St, Albury NSW 2640, Australia",109,109,point_in_polygon,,analysis_ready
l_c5a24cae83be1847998f,o_e43c5e61858e588c2c2f,,"361 Milperra Rd, Sydney, 2200",119,119,point_in_polygon,,analysis_ready
l_c5bee75a2dcafb8ddfd9,o_e43c5e61858e588c2c2f,,"Victoria Hill Rd, Adelong, 2729",113,113,point_in_polygon,,analysis_ready
l_c5d42276eff25f1408cb,o_a44733937534aba247a1,Cousins Motor Inn,9-11 Glen Innes Rd Inverell NSW 2360 Australia,110,110,point_in_polygon,,analysis_ready
l_c5ea9befe96c68f7cef9,o_e43c5e61858e588c2c2f,NRMA Parks and Resorts,1 Munster St Port Macquarie NSW 2444 Australia,108,108,point_in_polygon,,analysis_ready
l_c641fd47f22268982106,o_fbc5e183d8ce80f2f8eb,,91 Annandale St Annandale NSW 2038 Australia,120,120,point_in_polygon,,analysis_ready
l_c6aa157c311d6ffe7c2d,o_022471524c9d92e538b2,,"345 Dangarsleigh Rd, Armidale, 2350",110,110,point_in_polygon,,analysis_ready
l_c6cb7af5523e22d2037c,o_fbc5e183d8ce80f2f8eb,,9 Fort St Petersham NSW 2049 Australia,117,117,point_in_polygon,,analysis_ready
l_c6e50e0548338070a865,o_6a6e0a5733bcc6eefe20,,3-9 Spring St Chatswood NSW 2067 Australia,121,121,point_in_polygon,,analysis_ready
l_c709c26760dc6f2ea449,o_eb0d1fe740ad969aad27,Col Crawford BMW,"485 Pittwater Rd, Brookvale NSW 2100",122,122,point_in_polygon,,analysis_ready
l_c71677e2e652d6361927,o_e43c5e61858e588c2c2f,,"1 Bradleys Head Rd, Sydney, 2088",121,121,point_in_polygon,,analysis_ready
l_c728a9b6243f7d2e1e0e,o_e43c5e61858e588c2c2f,,"Science Rd, Sydney, 2113",126,126,point_in_polygon,,analysis_ready
l_c72e074c0024f04db9fe,o_17324b0193cb7a1c3925,,"118 Allambie Rd, Sydney, 2100",122,122,point_in_polygon,,analysis_ready
l_c730199590b388ecc6f1,o_022471524c9d92e538b2,,"5 King St, Newcastle, 2300",111,111,point_in_polygon,,analysis_ready
l_c78107320e0813ae79ca,o_e43c5e61858e588c2c2f,,"Date St, Newcastle, 2289",111,111,point_in_polygon,,analysis_ready
l_c7a749b76f44aafc92e6,o_0de889e4414435769e84,Ourimbah RSL Club Carpark,20 Pacific Hwy Ourimbah NSW 2258 Australia,102,102,point_in_polygon,,analysis_ready
l_c7c1a8b6870e92611539,o_3b88759f24dafcbf3977,Mid-Western Regional Council,73 Louee St Rylstone NSW 2849 Australia,103,103,point_in_polygon,,analysis_ready
l_c7e9831ee8fc8562accb,o_a44733937534aba247a1,Federation of Community Sporting and Workers Clubs Limited,48 Marine Dr Fingal Bay NSW 2315 Australia,106,106,point_in_polygon,,analysis_ready
l_c81d973a2a4846de0390,o_5b4f3a03bda45dcf8609,,"81 Hickory St, Dorrigo, NSW 2453, Australia",104,105,official_locality_containment,RR_DORRIGO_20260909,unresolved
l_c86eee654e576c9d2c72,o_e43c5e61858e588c2c2f,,"North Ter, Sydney, 2200",119,119,point_in_polygon,,analysis_ready
l_c88a0765c9b2106edf1c,o_022471524c9d92e538b2,,"419 Captains Flat Rd, Carwoola, 2620",101,101,point_in_polygon,,analysis_ready
l_c8a2c1a9b2b732880757,o_e43c5e61858e588c2c2f,,"20 Owen St, Sydney, 2761",116,116,point_in_polygon,,analysis_ready
l_c8b65664007d4c551013,o_022471524c9d92e538b2,,"111 Park Beach Rd, Coffs Harbour, 2450",104,104,point_in_polygon,,analysis_ready
l_c8c0247b6a7ceb6b9c4f,o_eb0d1fe740ad969aad27,,38 Long Brush Rd Jerrara NSW 2533 Australia,107,107,point_in_polygon,,analysis_ready
l_c8e0fb42c3b7ade7bf26,o_4733c69eed3ea98c9b3b,,"20 Smidmore St, Marrickville NSW 2204",117,117,point_in_polygon,,analysis_ready
l_c8fbc277bca6a916a484,o_aed59b2b089d156de8d7,,"93 Princes Hwy, Ulladulla, 2539",114,114,point_in_polygon,,analysis_ready
l_c917752b4e7ab2dd4400,o_0de889e4414435769e84,Talbingo Tourist Park,45 Whitty St Talbingo NSW 2720 Australia,113,113,point_in_polygon,,analysis_ready
l_c9748b10e8ccc7f643e4,o_022471524c9d92e538b2,,"1 Pambula Beach Rd, Pambula Beach, 2549",101,101,point_in_polygon,,analysis_ready
l_c9a0a950c2479427e440,o_17324b0193cb7a1c3925,Coolamon Shire Council,76 Ford St Ganmain NSW 2702 Australia,113,113,point_in_polygon,,analysis_ready
l_c9dcca45557accc7fdbf,o_fbc5e183d8ce80f2f8eb,,642 Mowbray Rd Lane Cove North NSW 2066 Australia,121,121,point_in_polygon,,analysis_ready
l_c9edb3efcd34476ad94c,o_130042b74e00dd320b50,,"2072 Camden Valley Way, Edmondson Park, NSW, 2174",127,127,point_in_polygon,,analysis_ready
l_c9f268b9d5b94866d815,o_6a6e0a5733bcc6eefe20,,30 Military Road North Bondi NSW 2026 Australia,118,118,point_in_polygon,,analysis_ready
l_c9f56e7dd98904ecb50f,o_022471524c9d92e538b2,,"135 King St, Sydney, 2000",117,117,point_in_polygon,,analysis_ready
l_ca1a30937624edb54e79,o_ca5dc5f6227bb7dc6a15,,"Mitchell Pde, Mollymook Beach, 2539",114,114,point_in_polygon,,analysis_ready
l_ca2ddf9e6cb67f6a9dec,o_e43c5e61858e588c2c2f,,"2 Riddell St, Sydney, 2023",118,118,point_in_polygon,,analysis_ready
l_ca476ce7f7ecd656aa79,o_5b4f3a03bda45dcf8609,,"50 Lowe St, Queanbeyan, 2620",101,101,point_in_polygon,,analysis_ready
l_ca5909007ae40929f558,o_17324b0193cb7a1c3925,Fisherman's Paradise In Australia,164 River Rd Sussex Inlet NSW 2540 Australia,114,114,point_in_polygon,,analysis_ready
l_ca72b8271f8a8be8c309,o_15939ac67df1441fe74a,,Butler Rd Mascot NSW 2020 Australia,117,117,point_in_polygon,,analysis_ready
l_ca7d980b3b658fbd3bc9,o_eb0d1fe740ad969aad27,Cedar Lodge Cabins,42 Great Western Hwy Mount Victoria NSW 2786 Australia,124,124,point_in_polygon,,analysis_ready
l_cacfab5d219917efffdc,o_17324b0193cb7a1c3925,,"12 Rosenthal Ave, Sydney, 2066",121,121,point_in_polygon,,analysis_ready
l_cae4f0f9f9135808389b,o_15939ac67df1441fe74a,,"13 Southey St, Jerilderie NSW 2716, Australia",109,109,point_in_polygon,,analysis_ready
l_cb16ac7539944c019413,o_2db6b6ed3b00e6d56f6e,,"238-262 Bunnerong Rd, Hillsdale NSW 2036, Australia",117,117,point_in_polygon,,analysis_ready
l_cb36da8a2b4fd41ae0c5,o_022471524c9d92e538b2,,"85/91 Commissioner St, Cooma , 2630",101,101,point_in_polygon,,analysis_ready
l_cb5219b172c7a5f3d610,o_e43c5e61858e588c2c2f,Four Cats Coffee,33-35 Warne St Wellington NSW 2820 Australia,105,105,point_in_polygon,,analysis_ready
l_cb689199b3e5d4ed26ad,o_e43c5e61858e588c2c2f,Hanging Tree Wines,294 O'Connors Rd Pokolbin NSW 2320 Australia,106,106,point_in_polygon,,analysis_ready
l_cb8d878a5b38f0f26308,o_e43c5e61858e588c2c2f,,"Lauder St, Tumbarumba, 2653",113,113,point_in_polygon,,analysis_ready
l_cbb708c21cf195bb329b,o_fbc5e183d8ce80f2f8eb,,11 Duxford St Paddington NSW 2021 Australia,118,118,point_in_polygon,,analysis_ready
l_cbd530536c69c938f555,o_6a6e0a5733bcc6eefe20,,"1 Stanley St, Sydney, 2025",118,118,point_in_polygon,,analysis_ready
l_cc4040349db1402e91cd,o_15939ac67df1441fe74a,,"89 Williamson Rd, Sydney, 2565",123,123,point_in_polygon,,analysis_ready
l_cc422a813c32bdf1f656,o_e43c5e61858e588c2c2f,,"1-21 Bay St, Sydney, 2037",117,117,point_in_polygon,,analysis_ready
l_cce64b7311b0b837375b,o_fbc5e183d8ce80f2f8eb,,176 Beach St Coogee NSW 2034 Australia,118,118,point_in_polygon,,analysis_ready
l_cd09c129e92e28e81d61,o_022471524c9d92e538b2,,"Market St, Merimbula, 2548",101,101,point_in_polygon,,analysis_ready
l_cd1822704b94d80469bb,o_17324b0193cb7a1c3925,Lake Canobolas,87 Lake Canobolas Rd Nashdale NSW 2800 Australia,103,103,point_in_polygon,,analysis_ready
l_cd1dc7c2303c82ecd791,o_17324b0193cb7a1c3925,Coolamon Shire Council,Loughnan St Coolamon NSW 2701 Australia,113,113,point_in_polygon,,analysis_ready
l_cda6c22e460b1a5b98f3,o_17324b0193cb7a1c3925,,"Koonya Cct, Sydney, 2229",128,128,point_in_polygon,,analysis_ready
l_cdc4faf3cb83a0c69e07,o_022471524c9d92e538b2,,"580 Princes Hwy, Sydney, 2232",128,128,point_in_polygon,,analysis_ready
l_ce1d2a7d82972aca01f2,o_4733c69eed3ea98c9b3b,,"3 Leisure Dr, Tweed Heads, 2486",112,112,point_in_polygon,,analysis_ready
l_ce75648b4e31813484f2,o_6a6e0a5733bcc6eefe20,,"3-19 Yurong St, Darlinghurst, 2010",117,117,point_in_polygon,,analysis_ready
l_cebce0f1b1865824e9e0,o_022471524c9d92e538b2,,"54 Meninya St, Moama, 2731",109,109,point_in_polygon,,analysis_ready
l_cecc15203cb42d39d24d,o_e43c5e61858e588c2c2f,Willow Bend Caravan Park,14-16 Darling St Wentworth NSW 2648 Australia,109,109,point_in_polygon,,analysis_ready
l_ceecdbcd065ecc4f7c43,o_022471524c9d92e538b2,,"312 Mount View Rd, Mount View, 2325",106,106,point_in_polygon,,analysis_ready
l_cf2fd012b6b93bd68f29,o_4733c69eed3ea98c9b3b,,3A Cowell St Gladesville NSW 2111 Australia,126,126,point_in_polygon,,analysis_ready
l_cf5fd2e61bc9423988b6,o_e18b3618c9ce844d240b,,407 New Canterbury Rd Dulwich Hill NSW 2203 Australia,120,120,point_in_polygon,,analysis_ready
l_cf72256bc089ac7c6c19,o_fbc5e183d8ce80f2f8eb,,160 Australia St Newtown NSW 2042 Australia,117,117,point_in_polygon,,analysis_ready
l_cfedb7369b2a36a10e3c,o_fbc5e183d8ce80f2f8eb,,64 Coogee Bay Rd Randwick NSW 2031 Australia,118,118,point_in_polygon,,analysis_ready
l_d030e8bf2836382bc819,o_022471524c9d92e538b2,,"57 Boronia St, Sawtell, 2452",104,104,point_in_polygon,,analysis_ready
l_d047e387096a0af8412a,o_15939ac67df1441fe74a,,347 Great Western Hwy South Wentworthville NSW 2145 Australia,125,125,point_in_polygon,,analysis_ready
l_d04d0a16f8a413c35ef0,o_022471524c9d92e538b2,,"Cnr Herring Rd & Waterloo Rd, Sydney, 2113",126,126,point_in_polygon,,analysis_ready
l_d0560a1e7c4c3c6adc59,o_eb0d1fe740ad969aad27,Bega Motel,191 Newtown Rd Bega NSW 2550 Australia,101,101,point_in_polygon,,analysis_ready
l_d08083108f8098b3ab42,o_e18b3618c9ce844d240b,,40 Albert Pde Ashfield NSW 2131 Australia,120,120,point_in_polygon,,analysis_ready
l_d09213256b366fb15017,o_6a6e0a5733bcc6eefe20,,188 Beattie St Rozelle NSW 2039 Australia,120,120,point_in_polygon,,analysis_ready
l_d0a819b95a2a2f3fb46a,o_e43c5e61858e588c2c2f,,"Harbour Boulevard, Shell Cove, 2529",107,107,point_in_polygon,,analysis_ready
l_d0a9404546055cfa1362,o_022471524c9d92e538b2,,"1-5 Capper St, Tumut, 2720",113,113,point_in_polygon,,analysis_ready
l_d0c327b92dba0f0c76db,o_eb0d1fe740ad969aad27,Golf View Motel,49 Paradise Beach Rd Sanctuary Point NSW 2540 Australia,114,114,point_in_polygon,,analysis_ready
l_d0ccabbee425053f0a80,o_fbc5e183d8ce80f2f8eb,,49 Llandaff St Bondi Junction NSW 2022 Australia,118,118,point_in_polygon,,analysis_ready
l_d16f1576e7523cdaca65,o_aed59b2b089d156de8d7,,"189 Newcastle Rd, Newcastle, 2299",111,111,point_in_polygon,,analysis_ready
l_d174aa0c1262a90d144c,o_15939ac67df1441fe74a,,"Charter Hall Lake Macquarie, 46 Wilson Road, Mount Hutton NSW 2290, Australia",111,111,point_in_polygon,,analysis_ready
l_d1876bc476f9ae838287,o_4e1932045daf2a3e6c57,,"230 Arden St, Sydney, 2034",118,118,point_in_polygon,,analysis_ready
l_d18a4b9fed86f1fa0e71,o_022471524c9d92e538b2,,"15 Mort St, Port Macquarie, 2444",108,108,point_in_polygon,,analysis_ready
l_d2164e9017d058e1ff22,o_e43c5e61858e588c2c2f,,31 Moate St Georgetown NSW 2298 Australia,111,111,point_in_polygon,,analysis_ready
l_d25813c2ddfb1930b889,o_eb0d1fe740ad969aad27,Trading Post Laguna,"3718 Great N Rd, Laguna NSW 2325",106,106,point_in_polygon,,analysis_ready
l_d25dbd72d01854a3ff14,o_eb0d1fe740ad969aad27,Mercure Orange,94 Byng St Orange NSW 2800 Australia,103,103,point_in_polygon,,analysis_ready
l_d26fd1bbf135e5b1584b,o_fbc5e183d8ce80f2f8eb,,22 Stafford St Paddington NSW 2021 Australia,118,118,point_in_polygon,,analysis_ready
l_d27d151a79c967315e48,o_17324b0193cb7a1c3925,,"19/287 Victoria Rd, Sydney, 2116",125,125,point_in_polygon,,analysis_ready
l_d28c393a2e0380f288e6,o_17324b0193cb7a1c3925,Albion Park Bowling CLub,178 Tongarra Rd Albion Park NSW 2527 Australia,107,107,point_in_polygon,,analysis_ready
l_d2b2ac7898cb662a369e,o_ca5dc5f6227bb7dc6a15,,"Ferguson Cres, Mittagong, 2575",114,114,point_in_polygon,,analysis_ready
l_d2e7af148f48f07cc474,o_6a6e0a5733bcc6eefe20,,1 Darley Rd Randwick NSW 2031 Australia,118,118,point_in_polygon,,analysis_ready
l_d32536830a66209d247b,o_17324b0193cb7a1c3925,Tyrrell's Vineyards,1838 Broke Rd Pokolbin NSW 2320 Australia,106,106,point_in_polygon,,analysis_ready
l_d32ae6a0b7063e4c85d8,o_af5146f2d40a3e18c3c6,,"225 George St, Sydney, 2000",117,117,point_in_polygon,,analysis_ready
l_d36ddb171388aafdf744,o_2db6b6ed3b00e6d56f6e,,"Stoney Creek Road Car Park, 497 Forest Rd, Bexley, 2207, NSW",119,119,point_in_polygon,,analysis_ready
l_d3708b2096d3bd95fa31,o_ca990827c48864e843f3,,"1 Eels Pl, Sydney, 2150",125,125,point_in_polygon,,analysis_ready
l_d37d76056ee2fcdc00b0,o_c7b27ae4cc0e776696d2,Pro Shop Car Park,11 Paradise Beach Rd Sanctuary Point NSW 2540 Australia,114,114,point_in_polygon,,analysis_ready
l_d380211b831b90078756,o_eb0d1fe740ad969aad27,ThumbPrint Wines,491 Ulan Rd Eurunderee NSW 2850 Australia,103,103,point_in_polygon,,analysis_ready
l_d39f4fc8acfc83c787e0,o_4733c69eed3ea98c9b3b,,"24 Cooper St, Macksville, 2447",108,108,point_in_polygon,,analysis_ready
l_d3d77ee8b061e110461e,o_e43c5e61858e588c2c2f,,"177-179 Glenayr Ave, Sydney, 2026",118,118,point_in_polygon,,analysis_ready
l_d4078fc4eb2f6a6b0d67,o_17324b0193cb7a1c3925,,"Holborn Ct, Sydney, 2557",127,127,point_in_polygon,,analysis_ready
l_d4309deac5f622ffb974,o_17324b0193cb7a1c3925,Club Lemon Tree,Gould Dr Lemon Tree Passage NSW 2319 Australia,106,106,point_in_polygon,,analysis_ready
l_d437650364c39faf1778,o_4733c69eed3ea98c9b3b,,"1985 Camden Valley Way, Prestons NSW 2170",127,127,point_in_polygon,,analysis_ready
l_d43e4b7ccbb35ec21f5e,o_fbc5e183d8ce80f2f8eb,,41 St Marks Rd Randwick NSW 2031 Australia,118,118,point_in_polygon,,analysis_ready
l_d465760304eed49e1820,o_4e1932045daf2a3e6c57,,"54 Brighton St, Sydney, 2132",120,120,point_in_polygon,,analysis_ready
l_d4883810626a2c9cfce0,o_17324b0193cb7a1c3925,Lockhart Shire Council,109 Green St Lockhart NSW 2656 Australia,113,113,point_in_polygon,,analysis_ready
l_d48dde625a6bc9bea8cd,o_5b4f3a03bda45dcf8609,,Council Car Park Lot 4 / DP251076 between 46 Lowe Street Queanbeyan NSW 2620,101,101,point_in_polygon,,analysis_ready
l_d5004ed591c2ca448416,o_15939ac67df1441fe74a,,"Bp Mortdale, 21 Boundary Rd, Mortdale NSW 2223, Australia",119,119,point_in_polygon,,analysis_ready
l_d513945e49bf8392fbdb,o_e43c5e61858e588c2c2f,Mantra on Salt Beach,9 Gunnamatta Ave Kingscliff NSW 2487 Australia,112,112,point_in_polygon,,analysis_ready
l_d5465eb09b9393284921,o_c7b27ae4cc0e776696d2,Harvest Lodge Motel,404 Conadilly St Gunnedah NSW 2380 Australia,110,110,point_in_polygon,,analysis_ready
l_d5684975a820cf04d702,o_17324b0193cb7a1c3925,,"12 Yulong Ave, Sydney, 2084",122,122,point_in_polygon,,analysis_ready
l_d56dfd130f91c7b0583e,o_17324b0193cb7a1c3925,Ingenia Holiday Parks - Wagga Wagga,93 Hammond Ave Wagga Wagga NSW 2650 Australia,113,113,point_in_polygon,,analysis_ready
l_d5a0d49703bf827917e0,o_e43c5e61858e588c2c2f,Twin Towns Services Club,2-4 Stuart St Tweed Heads NSW 2485 Australia,112,112,point_in_polygon,,analysis_ready
l_d5a7e7effa89f137384f,o_4e1932045daf2a3e6c57,,"87 Winbourne Rd, Sydney, 2100",122,122,point_in_polygon,,analysis_ready
l_d5aba7151b28444981c7,o_4733c69eed3ea98c9b3b,,"240 Hillsborough Rd, Warners Bay NSW 2282",111,111,point_in_polygon,,analysis_ready
l_d5c1e6df77c05237a6a1,o_022471524c9d92e538b2,,2 Bridge Rd Griffith NSW 2680 Australia,113,113,point_in_polygon,,analysis_ready
l_d5c59076f4f343f61b81,o_022471524c9d92e538b2,,"179 Gordon St, Port Macquarie, 2444",108,108,point_in_polygon,,analysis_ready
l_d5dd4a8b9dd3660757f7,o_fbc5e183d8ce80f2f8eb,,21-23 Corunna Rd Stanmore NSW 2048 Australia,117,117,point_in_polygon,,analysis_ready
l_d5f89340137b06ea01b0,o_fbc5e183d8ce80f2f8eb,,2 Alice St Newtown NSW 2042 Australia,117,117,point_in_polygon,,analysis_ready
l_d61269ad92070b68141e,o_5b4f3a03bda45dcf8609,,"Cabarita Beach Bowls and Sports Club, Cabarita Beach NSW 2488",112,112,point_in_polygon,,analysis_ready
l_d631413d088732971296,o_e43c5e61858e588c2c2f,,"9 Barracluff Ave, Sydney, 2026",118,118,point_in_polygon,,analysis_ready
l_d667a480d19d6ac64260,o_6a6e0a5733bcc6eefe20,,65 Booth St Annandale NSW 2038 Australia,120,120,point_in_polygon,,analysis_ready
l_d6a103d4236d79a8dbda,o_e43c5e61858e588c2c2f,,"37-39 Baird Ave, Sydney, 2036",118,118,point_in_polygon,,analysis_ready
l_d6f761922edabbc9f130,o_17324b0193cb7a1c3925,,"96 Ocean St, Dudley, 2290",111,111,point_in_polygon,,analysis_ready
l_d6f7920370a67c39a81b,o_e43c5e61858e588c2c2f,,"Cnr Beggs Road & Rooty Hill Road, Sydney, 2766",116,116,point_in_polygon,,analysis_ready
l_d736119ffaecdce8d1b6,o_fbc5e183d8ce80f2f8eb,,111 Duncan St Maroubra NSW 2035 Australia,118,118,point_in_polygon,,analysis_ready
l_d74683f9807ef816e17f,o_eb0d1fe740ad969aad27,,13 Glasford Cres Kioloa NSW 2539 Australia,114,114,point_in_polygon,,analysis_ready
l_d7be5e373b06278feb7a,o_130042b74e00dd320b50,,"59-61 Pacific Hwy Cnr Unwin Rd, Waitara, NSW, 2077",121,121,point_in_polygon,,analysis_ready
l_d7ca5caa6b7d39ccce3b,o_e43c5e61858e588c2c2f,Early Start Discovery Space,Early Start Discovery Space (Building 21) University of Wollongong Northfields Ave Wollongong NSW 2522 Australia,107,107,point_in_polygon,,analysis_ready
l_d7e8a6739689bf98ee77,o_5b4f3a03bda45dcf8609,,"Car park, Little Hoskins St, Temora, NSW 2666",113,113,point_in_polygon,,analysis_ready
l_d813f6d679728d3c3dcb,o_022471524c9d92e538b2,,"1 Dalgal Way, Sydney, 2037",117,117,point_in_polygon,,analysis_ready
l_d89edee82f3cd3c0a483,o_6a6e0a5733bcc6eefe20,,110 Reserve Rd Artarmon NSW 2064 Australia,121,121,point_in_polygon,,analysis_ready
l_d8ca7666bce3477391dd,o_6a6e0a5733bcc6eefe20,,"34 Morley Ave, Rosebery, 2018",117,117,point_in_polygon,,analysis_ready
l_d8d5c779cba5f11b5293,o_0de889e4414435769e84,Elizabeth Motor Inn Adamstown,165 Brunker Rd Adamstown NSW 2289 Australia,111,111,point_in_polygon,,analysis_ready
l_d8fb98799bdaaacc4f14,o_fbc5e183d8ce80f2f8eb,,23 Terrace Rd Dulwich Hill NSW 2203 Australia,120,120,point_in_polygon,,analysis_ready
l_d9778396c3c14741c1d7,o_4733c69eed3ea98c9b3b,,"32 Sydney St, Tarcutta, 2652",113,113,point_in_polygon,,analysis_ready
l_d9d2fd1783140e4129e3,o_17324b0193cb7a1c3925,Cootamundra Library Car Park,81 Wallendoon St Cootamundra NSW 2590 Australia,113,113,point_in_polygon,,analysis_ready
l_d9dd4b187ca995db08b1,o_e18b3618c9ce844d240b,,"2 Davids Rd, Haberfield NSW 2045",120,120,point_in_polygon,,analysis_ready
l_d9ed28af4de5b10731b3,o_e43c5e61858e588c2c2f,,"Banyandah St, South Durras, 2536",101,101,point_in_polygon,,analysis_ready
l_da1385f1598f530d7e28,o_022471524c9d92e538b2,,"259 Pitt St, Sydney, 2000",117,117,point_in_polygon,,analysis_ready
l_da58da3983b51b5b0ac5,o_4733c69eed3ea98c9b3b,,"1 Frederick St, Sydney, 2064",121,121,point_in_polygon,,analysis_ready
l_da8502e662662bca242d,o_022471524c9d92e538b2,,"109 Whylandra St, Dubbo, 2830",105,105,point_in_polygon,,analysis_ready
l_dab2aace887a499d2642,o_e43c5e61858e588c2c2f,,"202 Parramatta Rd, Sydney, 2131",120,120,point_in_polygon,,analysis_ready
l_dabf5902e44833b9d350,o_c7b27ae4cc0e776696d2,Bendalong (Manchester Lane Nashdale),35 Manchester Ln Nashdale NSW 2800 Australia,103,103,point_in_polygon,,analysis_ready
l_dac1e06ae7fede11abe7,o_17324b0193cb7a1c3925,,"44-60 Allison Cres, Sydney, 2234",128,128,point_in_polygon,,analysis_ready
l_dadbf2504f1f4c08f816,o_6a6e0a5733bcc6eefe20,,1A Gloucester Ave Burwood NSW 2134 Australia,120,120,point_in_polygon,,analysis_ready
l_dade24a00136b64808f9,o_022471524c9d92e538b2,,4/6 Niangala Clos Belrose NSW 2085 Australia,122,122,point_in_polygon,,analysis_ready
l_db19b61b3a478a7e1f42,o_4733c69eed3ea98c9b3b,,"40 Gouldsbury St, Sydney, 2088",121,121,point_in_polygon,,analysis_ready
l_db2a4043940a12b178c2,o_17324b0193cb7a1c3925,The Old Bakery Guesthouse,Whitton St Harden NSW 2587 Australia,101,101,point_in_polygon,,analysis_ready
l_db6291953a247edf1e70,o_e43c5e61858e588c2c2f,,"16-20 Goodhope St, Sydney, 2021",118,118,point_in_polygon,,analysis_ready
l_db78b70e55e21e3bdf1f,o_022471524c9d92e538b2,,14 Anzac Ave Fairfield NSW 2165 Australia,127,127,point_in_polygon,,analysis_ready
l_db810169f00d64378e85,o_f64b433d590a351d262c,,"46 Hercules St, Sydney, 2067",121,121,point_in_polygon,,analysis_ready
l_dba7a2c6650b77e96ff4,o_e43c5e61858e588c2c2f,,"1 Seabeach Ave, Sydney, 2103",122,122,point_in_polygon,,analysis_ready
l_dc2f0f2e62ef181a9d09,o_a44733937534aba247a1,,"Prospect Hwy, Sydney, 2147",116,116,point_in_polygon,,analysis_ready
l_dc330c3fbe293cf016ba,o_fbc5e183d8ce80f2f8eb,,31 Mallett St Camperdown NSW 2050 Australia,117,117,point_in_polygon,,analysis_ready
l_dc5e493d42215a711c94,o_17324b0193cb7a1c3925,,"19A Sirius Rd, Sydney, 2066",121,121,point_in_polygon,,analysis_ready
l_dc8c8b12743a6196a5ec,o_17324b0193cb7a1c3925,Albury City Council,520 David St Albury NSW 2640 Australia,109,109,point_in_polygon,,analysis_ready
l_dc9b917873ae561a9211,o_e43c5e61858e588c2c2f,Tathra Beach Country Club,1 Andy Poole Dr Tathra NSW 2550 Australia,101,101,point_in_polygon,,analysis_ready
l_dcc0ac7a45b4eab28369,o_5b4f3a03bda45dcf8609,,"16 Berry St, Nowra, 2541",114,114,point_in_polygon,,analysis_ready
l_dcd2212e1869ca02750b,o_17324b0193cb7a1c3925,,"102 Volt Lane, Albury, 2640",109,109,point_in_polygon,,analysis_ready
l_dcf96de9b82077023329,o_eb0d1fe740ad969aad27,Eastern Creek Quarter XL,"181 Rooty Hill Rd S, Eastern Creek NSW 2766",116,116,point_in_polygon,,analysis_ready
l_dcf99edbf44851e6ed4a,o_022471524c9d92e538b2,,"155 Governor Macquarie Dr, Sydney, 2170",127,127,point_in_polygon,,analysis_ready
l_dd68f5e3724635d2a515,o_17324b0193cb7a1c3925,,"83 Mulgoa Rd, Sydney, 2750",124,124,point_in_polygon,,analysis_ready
l_dd70f0561f79ee1095d1,o_5b4f3a03bda45dcf8609,,"Car park, 51 Evans St (Victoria Park), Inverell, NSW 2360, Australia",110,113,official_locality_containment,RR_INVERELL_20260909,unresolved
l_dd7ad05d936c56a82713,o_e43c5e61858e588c2c2f,Deni Golf Resort,1 Golf Club Rd Deniliquin NSW 2710 Australia,109,109,point_in_polygon,,analysis_ready
l_dde60588d5632f727635,o_17324b0193cb7a1c3925,The Wallangulla Motel,22 Morilla St Lightning Ridge NSW 2834 Australia,105,105,point_in_polygon,,analysis_ready
l_de6b9348858268353e2e,o_022471524c9d92e538b2,,"67 Shirley St, Byron Bay, 2481",112,112,point_in_polygon,,analysis_ready
l_de740fe006e16b1d9788,o_eb0d1fe740ad969aad27,Serenity Diamond Beach,75 Sundew Ave Diamond Beach NSW 2430 Australia,108,108,point_in_polygon,,analysis_ready
l_de93b2c9b441d744f28b,o_eb0d1fe740ad969aad27,Transgrid Discovery Hub,"27 Kincaid St, Wagga Wagga NSW 2650",113,113,point_in_polygon,,analysis_ready
l_de98ca8b04ba67ba1775,o_6a6e0a5733bcc6eefe20,,30 The Esplanade Narrabeen NSW 2101 Australia,122,122,point_in_polygon,,analysis_ready
l_deab95b41a5ea98316bc,o_a44733937534aba247a1,,"Havenview Rd, Central Coast, 2260",102,102,point_in_polygon,,analysis_ready
l_dec4fb7d3fbf73a61cdc,o_eb0d1fe740ad969aad27,Mid Coast Council,"1 Biripi Wy, Taree South NSW 2430",108,108,point_in_polygon,,analysis_ready
l_defb9614142ce2cb8a69,o_6a6e0a5733bcc6eefe20,,70 Lower Gibbes St Chatswood NSW 2067 Australia,121,121,point_in_polygon,,analysis_ready
l_defd6413f416b79df233,o_5b4f3a03bda45dcf8609,,203 Holt Rd Taren Point NSW 2229 Australia,128,128,point_in_polygon,,analysis_ready
l_df20a72aa7db5a35d414,o_022471524c9d92e538b2,,"27 Arthur St, Moss Vale, 2577",114,114,point_in_polygon,,analysis_ready
l_df304c7cb30586f66cfd,o_022471524c9d92e538b2,,618 Dean St Albury NSW 2640 Australia,109,109,point_in_polygon,,analysis_ready
l_df40d7d3573e28383e78,o_022471524c9d92e538b2,,"145 Old Pittwater Rd, Sydney, 2100",122,122,point_in_polygon,,analysis_ready
l_df46f0abb60c5a1a1d79,o_17324b0193cb7a1c3925,Parkes International Motel,18-32 Peak Hill Rd Parkes NSW 2870 Australia,103,103,point_in_polygon,,analysis_ready
l_df54108a4c73beb53354,o_022471524c9d92e538b2,,215 Anzac Pde Kensington NSW 2033 Australia,118,118,point_in_polygon,,analysis_ready
l_df54b6f3cb53dfb1c06d,o_c7b27ae4cc0e776696d2,Stockmans Motel Tamworth,2-24 Spains Ln Kingswood NSW 2340 Australia,110,110,point_in_polygon,,analysis_ready
l_df5badc0c27dba894862,o_e43c5e61858e588c2c2f,NRMA Parks and Resorts,Whylandra St Dubbo NSW 2830 Australia,105,105,point_in_polygon,,analysis_ready
l_df76b00c3ba0720b0938,o_fbc5e183d8ce80f2f8eb,,3 Carlton St Kensington NSW 2033 Australia,118,118,point_in_polygon,,analysis_ready
l_df8e90ecf52e7721bfe8,o_e43c5e61858e588c2c2f,,133 Curlewis St Bondi Beach NSW 2026 Australia,118,118,point_in_polygon,,analysis_ready
l_dfaefdf227d66d3d08e4,o_6a6e0a5733bcc6eefe20,,"16 Kent St, Millers Point, 2000",117,117,point_in_polygon,,analysis_ready
l_dfd5014a0e38b86e31ad,o_17324b0193cb7a1c3925,,"100 Weakleys Dr, Beresfield, 2322",111,111,point_in_polygon,,analysis_ready
l_dffe26aa2d90e923acd9,o_4e1932045daf2a3e6c57,,"31 Treacy St, Sydney, 2220",119,119,point_in_polygon,,analysis_ready
l_e02b12d74f766ec18198,o_eb0d1fe740ad969aad27,Nicholas Royal Motel,152 Lachlan St Hay NSW 2711 Australia,109,109,point_in_polygon,,analysis_ready
l_e069f78a6fc5320bc931,o_0de889e4414435769e84,Yarrawonga Mulwala Golf Club Resort,1 Golf Club Rd Mulwala NSW 2647 Australia,109,109,point_in_polygon,,analysis_ready
l_e07dbfccc7fba71deef0,o_022471524c9d92e538b2,,"26 Aspect Dr, Coffs Harbour, 2450",104,104,point_in_polygon,,analysis_ready
l_e08df5ab11b54dfa818c,o_e43c5e61858e588c2c2f,,2 Rickard Ave Bondi Beach NSW 2026 Australia,118,118,point_in_polygon,,analysis_ready
l_e0a4ca8de766f78be883,o_022471524c9d92e538b2,,"203 Victoria St, Potts Point, 2011",117,117,point_in_polygon,,analysis_ready
l_e0aa5d210f08a36e440d,o_e43c5e61858e588c2c2f,,"97 Glenayr Ave, Sydney, 2026",118,118,point_in_polygon,,analysis_ready
l_e0b6af303e1333047ebb,o_eb0d1fe740ad969aad27,Flynns on Surf Beach Villas,"25 Surf St, Port Macquarie NSW 2444",108,108,point_in_polygon,,analysis_ready
l_e0b835b8452e2e400df7,o_17324b0193cb7a1c3925,,"149 Coward St, Sydney, 2020",117,117,point_in_polygon,,analysis_ready
l_e0d2ea0aa5af56af0780,o_e43c5e61858e588c2c2f,,"142 Glenayr Ave, Sydney, 2026",118,118,point_in_polygon,,analysis_ready
l_e0e5f67c02f28b6a837c,o_e43c5e61858e588c2c2f,,49A Bondi Rd Bondi Junction NSW 2022 Australia,118,118,point_in_polygon,,analysis_ready
l_e0f5e9f6c8849bd89c2d,o_ac62ba71ef19df031777,Camellia Motel,80 Whitton St Narrandera NSW 2700 Australia,113,113,point_in_polygon,,analysis_ready
l_e14a88d67bd087d0a879,o_e43c5e61858e588c2c2f,,"731-741 Military Rd, Sydney, 2088",121,121,point_in_polygon,,analysis_ready
l_e16fb42c5bf2ad04a583,o_15939ac67df1441fe74a,,"John Renshaw Dr, Beresfield, 2322",111,111,point_in_polygon,,analysis_ready
l_e18831b57b52bdb7cc54,o_17324b0193cb7a1c3925,,"6 Cecil Street, Sydney, 2021",118,118,point_in_polygon,,analysis_ready
l_e1b3520f7faaae34f683,o_a44733937534aba247a1,,"Alleyne St, Sydney, 2067",121,121,point_in_polygon,,analysis_ready
l_e1e5df1bce6633eda5fa,o_fbc5e183d8ce80f2f8eb,,16 Fletcher St Bondi NSW 2026 Australia,118,118,point_in_polygon,,analysis_ready
l_e1f047d32a0c03490cfc,o_4733c69eed3ea98c9b3b,,"88-90 Houston Rd, Sydney, 2032",118,118,point_in_polygon,,analysis_ready
l_e20ace84f62a039524a2,o_e43c5e61858e588c2c2f,,"Queen Elizabeth Dr, Sydney, 2026",118,118,point_in_polygon,,analysis_ready
l_e233e72e9bc71516eb34,o_fbc5e183d8ce80f2f8eb,,121 Todman Ave Kensington NSW 2033 Australia,118,118,point_in_polygon,,analysis_ready
l_e26d29f268c6bf4681aa,o_eb0d1fe740ad969aad27,Cargo Road Wines,"East St, Harden NSW 2587, Australia",101,101,point_in_polygon,,analysis_ready
l_e26d72d69dc9216a5948,o_6a6e0a5733bcc6eefe20,,"15 Greenwich Rd, Greenwich , 2065",121,121,point_in_polygon,,analysis_ready
l_e2817f75b4b2fabb7a3f,o_6a6e0a5733bcc6eefe20,,"54 Gordon Cres, Lane Cove North, 2066",121,121,point_in_polygon,,analysis_ready
l_e29fc12a54cfc453bfd2,o_022471524c9d92e538b2,,"1 Magenta Dr, Central Coast, 2261",102,102,point_in_polygon,,analysis_ready
l_e2aa44198f554bcc70c3,o_3b88759f24dafcbf3977,Club Catalina,1 Stilling St Rathmines NSW 2283 Australia,111,111,point_in_polygon,,analysis_ready
l_e2e5fa302f0e089c750b,o_eb0d1fe740ad969aad27,The Barn,610 Waverley Rd Gundy NSW 2337 Australia,106,106,point_in_polygon,,analysis_ready
l_e30665b1b98b4640a833,o_022471524c9d92e538b2,,"3 Government Rd, Nelson Bay, 2315",106,106,point_in_polygon,,analysis_ready
l_e31d60cc8bd6d147a4fb,o_eb0d1fe740ad969aad27,Clock Tower Motor Inn,47 Dalgarno St Coonabarabran NSW 2357 Australia,105,105,point_in_polygon,,analysis_ready
l_e3407e360e0aec5bd012,o_fbc5e183d8ce80f2f8eb,,5 Grove St Dulwich Hill NSW 2203 Australia,120,120,point_in_polygon,,analysis_ready
l_e370c16fb854f8e70311,o_6a6e0a5733bcc6eefe20,,3 Hilltop Cres Fairlight NSW 2094 Australia,122,122,point_in_polygon,,analysis_ready
l_e37794a543ff126492b9,o_e43c5e61858e588c2c2f,Buronga Midway Centre,6 Midway Dr Buronga NSW 2739 Australia,109,109,point_in_polygon,,analysis_ready
l_e39c690e9dc2ea66f82c,o_022471524c9d92e538b2,,"49 Nile St, Orange, 2800",103,103,point_in_polygon,,analysis_ready
l_e3d0df1ceeee9bbdfae6,o_130042b74e00dd320b50,,"1509-1511 Pittwater Rd, Sydney, 2101",122,122,point_in_polygon,,analysis_ready
l_e3e23abe4e636b3bd683,o_e43c5e61858e588c2c2f,,178A Campbell Pde Bondi Beach NSW 2026 Australia,118,118,point_in_polygon,,analysis_ready
l_e3eb4d5c708bb99784f2,o_c71d79267ebac7f0c9db,Symbio Wildlife Park,7-11 Lawrence Hargrave Dr Helensburgh NSW 2508 Australia,107,107,point_in_polygon,,analysis_ready
l_e3fee88b31e9311b5a60,o_4733c69eed3ea98c9b3b,,"10 Brookfield Rd, Minto NSW 2566",123,123,point_in_polygon,,analysis_ready
l_e4302d05d226ef843e59,o_17324b0193cb7a1c3925,,"27 Campbell Avenue, Sydney, 2021",118,118,point_in_polygon,,analysis_ready
l_e4fc09efdc0639205bea,o_4733c69eed3ea98c9b3b,,"54 Minjungbal Dr, Tweed Heads, 2486",112,112,point_in_polygon,,analysis_ready
l_e53b2423db03de06f94c,o_022471524c9d92e538b2,,"6056 Henry Parkes Way, Manildra, 2865",103,103,point_in_polygon,,analysis_ready
l_e556153ac852c4b79419,o_fbc5e183d8ce80f2f8eb,,1 Ewell St Bondi NSW 2026 Australia,118,118,point_in_polygon,,analysis_ready
l_e580bc3d50242ff774f8,o_e18b3618c9ce844d240b,,1 Station St Petersham NSW 2049 Australia,117,117,point_in_polygon,,analysis_ready
l_e5d7d27c440c822c4ffd,o_a44733937534aba247a1,,"28 Lawson St, Byron Bay, 2481",112,112,point_in_polygon,,analysis_ready
l_e6136e98e2eb879384e9,o_17324b0193cb7a1c3925,Mingara Recreation Club,25 Buller St Port Macquarie NSW 2444 Australia,108,108,point_in_polygon,,analysis_ready
l_e6336143ad704af8bb66,o_17324b0193cb7a1c3925,,"42 Lake Canobolas Rd, Nashdale, 2800",103,103,point_in_polygon,,analysis_ready
l_e63dfce043b2cbe50f73,o_5b4f3a03bda45dcf8609,,"80 Little Barber St, Gunnedah, 2380",110,110,point_in_polygon,,analysis_ready
l_e6489d9dbaf2dd98ff3c,o_022471524c9d92e538b2,,"11 Hickson Rd, Sydney, 2000",117,117,point_in_polygon,,analysis_ready
l_e64afe042a19dd1c2584,o_17324b0193cb7a1c3925,,"1 Reina Street, Sydney, 2026",118,118,point_in_polygon,,analysis_ready
l_e67f3b17e86f6561da7f,o_17324b0193cb7a1c3925,,"3 Thomas Holt Drive, Sydney, 2113",126,126,point_in_polygon,,analysis_ready
l_e6e907dc082b381e70cd,o_022471524c9d92e538b2,,"1034 The Escort Way, Borenore, 2800",103,103,point_in_polygon,,analysis_ready
l_e6ef0955f0bbc68009bb,o_e43c5e61858e588c2c2f,,"233 Wharf Rd, Newcastle, 2300",111,111,point_in_polygon,,analysis_ready
l_e6fb2587809b7ea0cace,o_fbc5e183d8ce80f2f8eb,,1-7 Waratah Ave Randwick NSW 2031 Australia,118,118,point_in_polygon,,analysis_ready
l_e726137730c5df83f162,o_fbc5e183d8ce80f2f8eb,,118 Nelson St Annandale NSW 2038 Australia,120,120,point_in_polygon,,analysis_ready
l_e763114ff0904476bad0,o_fbc5e183d8ce80f2f8eb,,59 Windsor St Paddington NSW 2021 Australia,118,118,point_in_polygon,,analysis_ready
l_e77d241a252f00429c4d,o_aed59b2b089d156de8d7,291 on King,291 King St Newcastle NSW 2300 Australia,111,111,point_in_polygon,,analysis_ready
l_e7c0d8b1aaca27e8c0a3,o_6a6e0a5733bcc6eefe20,,"44 Cherry St, Ballina, 2478",112,112,point_in_polygon,,analysis_ready
l_e7d2239f8659c7caab21,o_fbc5e183d8ce80f2f8eb,,50 Nelson St Annandale NSW 2038 Australia,120,120,point_in_polygon,,analysis_ready
l_e7f22868b762b7f9b7af,o_cc3f86eca00d6229a580,,"315 Church St, Sydney, 2142",125,125,point_in_polygon,,analysis_ready
l_e8012f15349aedbffc41,o_4e1932045daf2a3e6c57,,"151 Beauchamp Rd, Sydney, 2036",118,118,point_in_polygon,,analysis_ready
l_e80c0c3eb8aac38325c0,o_4e1932045daf2a3e6c57,,"725 Pittwater Rd, Sydney, 2099",122,122,point_in_polygon,,analysis_ready
l_e813dc4295e8d0dcb035,o_4733c69eed3ea98c9b3b,,"Camden Valley Way &, Somerset Ave, Narellan NSW 2567",123,123,official_locality_containment,RR_NARELLAN_20260909,unresolved
l_e81517695cb9719b6f9c,o_022471524c9d92e538b2,,"Jessie St, Armidale NSW 2350, Australia",110,110,point_in_polygon,,analysis_ready
l_e8302269ef400c00661a,o_022471524c9d92e538b2,,"Mowamba Pl, Thredbo, 2625",101,101,point_in_polygon,,analysis_ready
l_e87331c2c56d38358a80,o_022471524c9d92e538b2,,"16 Charlton St, Central Coast, 2261",102,102,point_in_polygon,,analysis_ready
l_e8788caf2972cff93777,o_17324b0193cb7a1c3925,,"66 Queens Park Rd, Sydney, 2022",118,118,point_in_polygon,,analysis_ready
l_e889be038aab17516592,o_fbc5e183d8ce80f2f8eb,,9 Nicholson St Balmain East NSW 2041 Australia,120,120,point_in_polygon,,analysis_ready
l_e88f3ce8e145e38e1110,o_022471524c9d92e538b2,,"28 Blue Gum Rd, Newcastle, 2299",111,111,point_in_polygon,,analysis_ready
l_e896f32bcca160e93b87,o_6a6e0a5733bcc6eefe20,,85 Cowper St Randwick NSW 2031 Australia,118,118,point_in_polygon,,analysis_ready
l_e8bbf337bf47d35e6221,o_130042b74e00dd320b50,,"Pacific Hwy Cnr, 13-15 Costa Ave, Charmhaven NSW 2263",102,102,point_in_polygon,,analysis_ready
l_e8d404de19b1519b6ccd,o_022471524c9d92e538b2,,"Eric Felton St, Sydney, 2154",115,115,point_in_polygon,,analysis_ready
l_e8e986cb0a57f722343e,o_aed59b2b089d156de8d7,,"291 King St, Newcastle, 2300",111,111,point_in_polygon,,analysis_ready
l_e8f30d6522a7c0b11d72,o_6a6e0a5733bcc6eefe20,,15 Boundary St Darlinghurst NSW 2010 Australia,117,117,point_in_polygon,,analysis_ready
l_e8f4fc54a6e0e5f0cfeb,o_17324b0193cb7a1c3925,,"Leisure Haven Caravan Pk, Woollamia, 2540",114,114,point_in_polygon,,analysis_ready
l_e912b7a191c94baa320e,o_fbc5e183d8ce80f2f8eb,,153 Windsor St Paddington NSW 2021 Australia,118,118,point_in_polygon,,analysis_ready
l_e912b9efa6db6c893aa0,o_fbc5e183d8ce80f2f8eb,,67 Boomerang St Haberfield NSW 2045 Australia,120,120,point_in_polygon,,analysis_ready
l_e926b96286a519747b25,o_022471524c9d92e538b2,,"Merewether St & Wharf Rd, Newcastle , 2300",111,111,point_in_polygon,,analysis_ready
l_e94d5293ac13211156d1,o_022471524c9d92e538b2,,"11 Renown Rd, Sydney, 2153",115,115,point_in_polygon,,analysis_ready
l_e98c924ee53e2bcbe8ad,o_6a6e0a5733bcc6eefe20,,166 Wyndham St Alexandria NSW 2015 Australia,117,117,point_in_polygon,,analysis_ready
l_e9bd123338ac93ae5479,o_2db6b6ed3b00e6d56f6e,,1 Kiaora Lane Double Bay NSW 2028,118,118,point_in_polygon,,analysis_ready
l_e9d9d981d53b62bc86f6,o_022471524c9d92e538b2,,"56 Morpeth St, Harwood , 2465",104,104,point_in_polygon,,analysis_ready
l_e9fbb30c982f555e20bd,o_e43c5e61858e588c2c2f,Printhie Wines,208 Nancarrow Ln Nashdale NSW 2800 Australia,103,103,point_in_polygon,,analysis_ready
l_ea39e7f16c83c96344b2,o_17324b0193cb7a1c3925,,"10B Charles St, Sydney, 2193",120,120,point_in_polygon,,analysis_ready
l_ea84ad1e514ffde53165,o_e43c5e61858e588c2c2f,,"634-726 Princes Hwy, Sydney, 2044",117,117,point_in_polygon,,analysis_ready
l_ea90fd6ea194b95da204,o_022471524c9d92e538b2,,"21 Alice St, Moree, 2400",110,110,point_in_polygon,,analysis_ready
l_eaa7bc933d0072f0fd34,o_17324b0193cb7a1c3925,Maitland Town Hall,263 High St Maitland NSW 2320 Australia,106,106,point_in_polygon,,analysis_ready
l_eaa7ec30de4b5a416770,o_eb0d1fe740ad969aad27,Hobby Sheep Farm,170 Fernleigh Clos Windellama NSW 2580 Australia,101,101,point_in_polygon,,analysis_ready
l_eaca74bc0b3e11885ee6,o_15939ac67df1441fe74a,,"Bp Dundas, 256 Kissing Point Rd, Dundas Valley NSW 2117, Australia",125,125,point_in_polygon,,analysis_ready
l_ead54cb37dc2a4e842b4,o_4733c69eed3ea98c9b3b,,2-8 Turramurra Ave Turramurra NSW 2074 Australia,121,121,point_in_polygon,,analysis_ready
l_eb0ffbfcd4758036faaa,o_4e1932045daf2a3e6c57,,"2260 Camden Valley Way, Sydney, 2170",127,127,point_in_polygon,,analysis_ready
l_eb5a882ec5bf4c5c6363,o_17324b0193cb7a1c3925,,"81 Merilba St, Tottenham, 2873",103,103,point_in_polygon,,analysis_ready
l_eba63905b8f698f2ceb0,o_17324b0193cb7a1c3925,Jervis Bay Holiday Park,785 Woollamia Rd Woollamia NSW 2540 Australia,114,114,point_in_polygon,,analysis_ready
l_ec72abae120bcea2c055,o_e43c5e61858e588c2c2f,,"49 Tower Rd, Sydney, 2200",119,119,point_in_polygon,,analysis_ready
l_ec8c2e9816a0882befc7,o_15939ac67df1441fe74a,,"Bp Rozelle, Cnr VIC Rd & Evans St, Rozelle NSW 2039, Australia",120,120,point_in_polygon,,analysis_ready
l_ec9ecb816b9c58bcf62e,o_eb0d1fe740ad969aad27,Collaroy Park and Ride,"1068 Pittwater Rd, Collaroy NSW 2097",122,122,point_in_polygon,,analysis_ready
l_eca5feed9cc74c1b7d2a,o_eb0d1fe740ad969aad27,Fairway Views Motor Inn,32/34 Barooga Rd Tocumwal NSW 2714 Australia,109,109,point_in_polygon,,analysis_ready
l_ecb7bf34f0c102d900c0,o_3b88759f24dafcbf3977,Wagga Wagga City Council,50 Edward St Wagga Wagga NSW 2650 Australia,113,113,point_in_polygon,,analysis_ready
l_ece8d66b82ebb9f1d1b2,o_fbc5e183d8ce80f2f8eb,,3 Botany St Bondi Junction NSW 2022 Australia,118,118,point_in_polygon,,analysis_ready
l_ecec756f8d88436d6c32,o_fbc5e183d8ce80f2f8eb,,88-120 Clovelly Rd Randwick NSW 2031 Australia,118,118,point_in_polygon,,analysis_ready
l_ecf7ca9e4cc28dcf0e79,o_022471524c9d92e538b2,,"169-179 Thomas St, Sydney, 2000",117,117,point_in_polygon,,analysis_ready
l_ed00398600d5eb9a8afc,o_4733c69eed3ea98c9b3b,,"91 Spring St, Sydney, 2022",118,118,point_in_polygon,,analysis_ready
l_ed0df2fad12f7a17f5cb,o_5b4f3a03bda45dcf8609,,"Vesper St, Batemans Bay, 2536",101,101,point_in_polygon,,analysis_ready
l_ed41a6ff28c81d90f6e3,o_022471524c9d92e538b2,,"197-215 Condamine St, Sydney, 2093",122,122,point_in_polygon,,analysis_ready
l_ed43443e29b54ec3259f,o_eb0d1fe740ad969aad27,Parramatta Station Car Park,"17 Wentworth St, Parramatta NSW 2150",125,125,point_in_polygon,,analysis_ready
l_ed98349f6a8f0240a5c3,o_4e1932045daf2a3e6c57,,"22-24 Park Ave, Sydney, 2134",120,120,point_in_polygon,,analysis_ready
l_edaa1ff6d0470631ea5a,o_15939ac67df1441fe74a,,"Bp Bonnyrigg, CNR COWPASTURE & NTH LIVERPOOL RDS, Bonnyrigg NSW 2177, Australia",127,127,point_in_polygon,,analysis_ready
l_edcd246b5db5dc36f0a1,o_17324b0193cb7a1c3925,Ingenia Holiday Park - Middle Rock,554 Gan Gan Rd One Mile NSW 2316 Australia,106,106,point_in_polygon,,analysis_ready
l_eddc77506cf02af1f9df,o_eb0d1fe740ad969aad27,de Russie Boutique Hotel Orange,72 Hill St Orange NSW 2800 Australia,103,103,point_in_polygon,,analysis_ready
l_ee2c88f74b94c4c99ce2,o_fbc5e183d8ce80f2f8eb,,7 Holmwood St Newtown NSW 2042 Australia,117,117,point_in_polygon,,analysis_ready
l_ee5deba6e4c527b0e2d7,o_022471524c9d92e538b2,,"180 Campbell Pde, Sydney, 2026",118,118,point_in_polygon,,analysis_ready
l_ee83f7ed323491c704af,o_e43c5e61858e588c2c2f,,"13-15 Castlefield St, Sydney, 2026",118,118,point_in_polygon,,analysis_ready
l_ee8a147191e54d9a6aa4,o_6a6e0a5733bcc6eefe20,,36 Napier St Paddington NSW 2021 Australia,118,118,point_in_polygon,,analysis_ready
l_eead85d23984e6a813de,o_4733c69eed3ea98c9b3b,,"13125 Hume Hwy, Sutton Forest, 2577",114,114,point_in_polygon,,analysis_ready
l_eece2719c5fa457e8989,o_a44733937534aba247a1,The Mudgee Homestead Guesthouse,31 Coorumbene Rd Buckaroo NSW 2850 Australia,103,103,point_in_polygon,,analysis_ready
l_eef5a1f301ba626d6775,o_e43c5e61858e588c2c2f,,"Gallagher St, Byron Bay, 2481",112,112,point_in_polygon,,analysis_ready
l_ef00858d5d74aa194046,o_fbc5e183d8ce80f2f8eb,,88 Terry St Tempe NSW 2044 Australia,117,117,point_in_polygon,,analysis_ready
l_ef2d0ed1e901ba42e9c7,o_eb0d1fe740ad969aad27,Top Ryde City Shopping Centre,"129 Blaxland Rd, Ryde NSW 2112",126,126,point_in_polygon,,analysis_ready
l_ef4240d6373167a88c66,o_eb0d1fe740ad969aad27,Elizabeth Motor Inn Adamstown,"Mitchell Ave, Khancoban NSW 2642, Australia",113,113,point_in_polygon,,analysis_ready
l_ef527f3c6a73fe7c0cc9,o_17324b0193cb7a1c3925,Solomon Inn,111 Princes Hwy Figtree NSW 2525 Australia,107,107,point_in_polygon,,analysis_ready
l_ef561983cf1feb3d9e14,o_37ff32c3c06db6fe6155,,"180 Stacey Street & Stanley Street, Bankstown, NSW 2200, Australia",119,119,point_in_polygon,,analysis_ready
l_ef5e9ca885d916a27d84,o_022471524c9d92e538b2,,"Brunswick Ter, Brunswick Heads, 2483",112,112,point_in_polygon,,analysis_ready
l_ef6fb828633ecd5827df,o_022471524c9d92e538b2,,19A Evans Evans Ave Eastlakes NSW 2018 Australia,117,117,point_in_polygon,,analysis_ready
l_ef816b6b5395942c25c9,o_022471524c9d92e538b2,,"19 Princes Hwy, Figtree NSW 2525, Australia",107,107,point_in_polygon,,analysis_ready
l_efaaff35308a5180cb31,o_eb0d1fe740ad969aad27,Southern Highlands Visitor Information Centre,"62-70 Main St, Mittagong NSW 2575",114,114,point_in_polygon,,analysis_ready
l_efb77dc859776886856e,o_fbc5e183d8ce80f2f8eb,,15 William St Randwick NSW 2031 Australia,118,118,point_in_polygon,,analysis_ready
l_efcd749b2459366a8f0f,o_17324b0193cb7a1c3925,Club Charlestown,5 Lincoln St Charlestown NSW 2290 Australia,111,111,point_in_polygon,,analysis_ready
l_efd668e0ff493a4c29ac,o_6a6e0a5733bcc6eefe20,,18 Morwick St Strathfield NSW 2135 Australia,120,120,point_in_polygon,,analysis_ready
l_f04b174515e4b635ed40,o_fbc5e183d8ce80f2f8eb,,16 Gower St Summer Hill NSW 2130 Australia,120,120,point_in_polygon,,analysis_ready
l_f05cbab3aa0833577a5b,o_e43c5e61858e588c2c2f,,"12 Jacksons Rd, Sydney, 2102",122,122,point_in_polygon,,analysis_ready
l_f07f13525e27647ca6a6,o_15939ac67df1441fe74a,,Hill St Picton NSW 2571 Australia,123,123,point_in_polygon,,analysis_ready
l_f08cb102a71ba1a0e1a6,o_17324b0193cb7a1c3925,Bathurst Regional Council,Budden St Rockley NSW 2795 Australia,103,103,point_in_polygon,,analysis_ready
l_f08dc378b9060588abe1,o_17324b0193cb7a1c3925,,"34 Macpherson St, Sydney, 2024",118,118,point_in_polygon,,analysis_ready
l_f0a973ccb1794c1b9d3f,o_eb0d1fe740ad969aad27,Glenella Heritage House,56 Govetts Leap Rd Blackheath NSW 2785 Australia,124,124,point_in_polygon,,analysis_ready
l_f0b4b2a66dc524d8053a,o_e18b3618c9ce844d240b,,1A Keith St Dulwich Hill NSW 2203 Australia,120,120,point_in_polygon,,analysis_ready
l_f0cab9cb75a7bb39c13d,o_022471524c9d92e538b2,,"4655 Jenolan Caves Road, Jenolan, 2790",103,103,point_in_polygon,,analysis_ready
l_f1256cf69cb3b8225257,o_17324b0193cb7a1c3925,RIKARD Wines,279 Old Canobolas Rd Nashdale NSW 2800 Australia,103,103,point_in_polygon,,analysis_ready
l_f16722e40e9c58a7271c,o_eb0d1fe740ad969aad27,,"19 Nicholson St, Wollstonecraft, NSW 2065",121,121,point_in_polygon,,analysis_ready
l_f17827739877c6f720cb,o_5b4f3a03bda45dcf8609,,25 Anglo Rd Campsie NSW 2194 Australia,119,119,point_in_polygon,,analysis_ready
l_f18d13eadb9d994275de,o_6a6e0a5733bcc6eefe20,,"32 Military Rd, Sydney, 2026",118,118,point_in_polygon,,analysis_ready
l_f19c0a61aedf61d8c9a2,o_aed59b2b089d156de8d7,Starline Alpacas Farmstay,1100 Milbrodale Rd Broke NSW 2330 Australia,106,106,point_in_polygon,,analysis_ready
l_f19fad3e38cd3155245d,o_15939ac67df1441fe74a,,"41 Bruxner Hwy, Ballina, 2478",112,112,point_in_polygon,,analysis_ready
l_f1afe2858ccda50abd67,o_15939ac67df1441fe74a,,"2 Corkwood Rd, Valla, 2448",108,108,point_in_polygon,,analysis_ready
l_f1d1eb07fd810d8f5113,o_e43c5e61858e588c2c2f,,63 Wild St Maroubra NSW 2035 Australia,118,118,point_in_polygon,,analysis_ready
l_f1e0ad15c6d8a6311d2e,o_e43c5e61858e588c2c2f,,"5 Beames Ave, Sydney, 2766",116,116,point_in_polygon,,analysis_ready
l_f265ff547e202f9aa9de,o_e43c5e61858e588c2c2f,,55 Grafton St Bondi Junction NSW 2022 Australia,118,118,point_in_polygon,,analysis_ready
l_f26a690ab6d5d1de4f5d,o_022471524c9d92e538b2,,"87 Tallwood Ave, Mollymook Beach, 2539",114,114,point_in_polygon,,analysis_ready
l_f2a279348525641592dc,o_eb0d1fe740ad969aad27,Quest Dubbo,22 Bultje St Dubbo NSW 2830 Australia,105,105,point_in_polygon,,analysis_ready
l_f2ca627f6f92c2e495e9,o_5b4f3a03bda45dcf8609,,50 Pitt St Singleton NSW 2330 Australia,106,106,point_in_polygon,,analysis_ready
l_f2dba8611f1cace1eddb,o_17324b0193cb7a1c3925,,"23 Morwick St, Sydney, 2135",120,120,point_in_polygon,,analysis_ready
l_f3298a512a100799a5dc,o_17324b0193cb7a1c3925,Forster Visitor Information Centre,4A Lake St Forster NSW 2428 Australia,108,108,point_in_polygon,,analysis_ready
l_f3339b0acf0153caab4b,o_fbc5e183d8ce80f2f8eb,,35 Gould Ave Lewisham NSW 2049 Australia,120,120,point_in_polygon,,analysis_ready
l_f345960c3e63493751e3,o_fbc5e183d8ce80f2f8eb,,150 Bellevue Rd Bellevue Hill NSW 2023 Australia,118,118,point_in_polygon,,analysis_ready
l_f37cafc766d5fd9b7cf2,o_022471524c9d92e538b2,,"1a Duck St, Sydney, 2144",125,125,point_in_polygon,,analysis_ready
l_f3a390a85329b4f33cfc,o_17324b0193cb7a1c3925,,"2032 Camden Valley Way, Sydney, 2174",127,127,point_in_polygon,,analysis_ready
l_f3d6495f56b87a47fcaf,o_aed59b2b089d156de8d7,,"49 Macquarie Rd, Newcastle, 2285",111,111,point_in_polygon,,analysis_ready
l_f3de993021435cf66317,o_130042b74e00dd320b50,,"Western Motorway, Sydney, 2766",116,116,point_in_polygon,,analysis_ready
l_f3e545aac21e57e04af3,o_5b4f3a03bda45dcf8609,,1-5 Hill Rd Sydney Olympic Park NSW 2127 Australia,125,125,point_in_polygon,,analysis_ready
l_f4516921d77fac42b455,o_e43c5e61858e588c2c2f,,"7-9 New Beach Rd, Sydney, 2027",118,118,point_in_polygon,,analysis_ready
l_f464418bc0161f5e0002,o_6a6e0a5733bcc6eefe20,,36 Hopewell St Paddington NSW 2021 Australia,118,118,point_in_polygon,,analysis_ready
l_f48738f4d9fc39c9f4de,o_eb0d1fe740ad969aad27,Walcha Motel,31w Fitzroy Street Walcha NSW 2354 Australia,110,110,point_in_polygon,,analysis_ready
l_f49d346ab16665729194,o_ca990827c48864e843f3,,"6 McIntosh St, Sydney, 2067",121,121,point_in_polygon,,analysis_ready
l_f4a60bb0c0de260159fa,o_e43c5e61858e588c2c2f,,44 Station St Wickham NSW 2293 Australia,111,111,point_in_polygon,,analysis_ready
l_f4cb1c029b7a38f1d3c6,o_2db6b6ed3b00e6d56f6e,,"658 Terrigal Dr, Erina NSW 2250, Australia",102,102,point_in_polygon,,analysis_ready
l_f501bbe73f8c17af1d72,o_022471524c9d92e538b2,,Auckland St Bega NSW 2550 Australia,101,101,point_in_polygon,,analysis_ready
l_f512e7a69310dedb553d,o_eb0d1fe740ad969aad27,Adelong Golden Gully Carpark,Victoria Hill Rd Adelong NSW 2729 Australia,113,113,point_in_polygon,,analysis_ready
l_f54919222f5e4e1a0995,o_17324b0193cb7a1c3925,,"15 Little Street, Sydney, 2066",121,121,point_in_polygon,,analysis_ready
l_f558c269e230c74becd4,o_15939ac67df1441fe74a,,"Bp Normanhurst, 155 Pennant Hills Rd, Normanhurst NSW 2076, Australia",121,121,point_in_polygon,,analysis_ready
l_f596f806e9bb6dd7e860,o_e43c5e61858e588c2c2f,,"50 O'Sullivan Rd, Sydney, 2029",118,118,point_in_polygon,,analysis_ready
l_f5aad21c9ffc996b8819,o_022471524c9d92e538b2,,"19 Bourke Rd, Sydney, 2020",117,117,point_in_polygon,,analysis_ready
l_f5ab8f69e03aae58c1b4,o_022471524c9d92e538b2,,"1 Hay St, Port Macquarie, 2444",108,108,point_in_polygon,,analysis_ready
l_f5c2a52fea17dcb0dd8a,o_ca990827c48864e843f3,Evans Beach House,24 Cedar St Evans Head NSW 2473 Australia,112,112,point_in_polygon,,analysis_ready
l_f5e907a01ac042da1dbc,o_eb0d1fe740ad969aad27,Newell Motor Inn,16294 Newell Hwy Gillenbah NSW 2700 Australia,113,113,point_in_polygon,,analysis_ready
l_f5ee2aae1792e65a5b53,o_c7b27ae4cc0e776696d2,Eastcoast Beverages,993 George Downes Dr Kulnura NSW 2250 Australia,102,102,point_in_polygon,,analysis_ready
l_f5f3139072cce175987c,o_e18b3618c9ce844d240b,,8 Federation Rd Camperdown NSW 2050 Australia,117,117,point_in_polygon,,analysis_ready
l_f5fe2d3c58e16d323833,o_e43c5e61858e588c2c2f,,"143 Terralong St, Kiama, 2533",107,107,point_in_polygon,,analysis_ready
l_f60af4cc19336343fa2e,o_d7886d1210f045c6c942,Eden Motel,2 Blue Marlin Ct Eden NSW 2551 Australia,101,101,point_in_polygon,,analysis_ready
l_f6158b175166495c02f7,o_821df35b9743d5584a95,Gosford Palms Motor Inn,7 Moore St West Gosford NSW 2250 Australia,102,102,point_in_polygon,,analysis_ready
l_f662f5b85b3e6bdb4a5b,o_17324b0193cb7a1c3925,,"266 Cressy St, Deniliquin, 2710",109,109,point_in_polygon,,analysis_ready
l_f690a5980567d84d0b43,o_eb0d1fe740ad969aad27,Quest Tamworth,"337 Armidale Rd, Tamworth NSW 2340",110,110,point_in_polygon,,analysis_ready
l_f6918e39dd984b94f460,o_022471524c9d92e538b2,,117 Tibbereena St Narrabri NSW 2390 Australia,110,110,point_in_polygon,,analysis_ready
l_f6947a304cd9a59ea5c0,o_fbc5e183d8ce80f2f8eb,,3 William St Randwick NSW 2031 Australia,118,118,point_in_polygon,,analysis_ready
l_f6ab30a6bd7fdc03583d,o_eb0d1fe740ad969aad27,"Rosby Wines, Gallery & Sculpture Garden",122 Strikes Ln Eurunderee NSW 2850 Australia,103,103,point_in_polygon,,analysis_ready
l_f6ac196faba5d9aefe03,o_d7886d1210f045c6c942,Skylodge,1-9 Tom Moon Ave Temora NSW 2666 Australia,113,113,point_in_polygon,,analysis_ready
l_f73e4eaeafcf516c7c74,o_6a6e0a5733bcc6eefe20,,"154 Canterbury St, Casino, 2470",112,112,point_in_polygon,,analysis_ready
l_f79e6316a8342abea01c,o_3b88759f24dafcbf3977,Moama Riverside & Tourist Holiday Park,1 Cobb Hwy Moama NSW 2731 Australia,109,109,point_in_polygon,,analysis_ready
l_f7a032e5cbd07b233147,o_eb0d1fe740ad969aad27,Forster Community Charger,"2/19 Boundary St, Forster NSW 2428",108,108,point_in_polygon,,analysis_ready
l_f7df5d60b78a8a406a4c,o_e43c5e61858e588c2c2f,,89 Curlewis St Bondi Beach NSW 2026 Australia,118,118,point_in_polygon,,analysis_ready
l_f7ffc9db354b0eadfb4d,o_e43c5e61858e588c2c2f,,"1 Greenbridge Dr, Wilton, 2571",123,123,point_in_polygon,,analysis_ready
l_f8042822a6e659affbe0,o_e18b3618c9ce844d240b,,20 Arthur St Marrickville NSW 2204 Australia,117,117,point_in_polygon,,analysis_ready
l_f856a7a51b109d4937fa,o_5b4f3a03bda45dcf8609,,"Gasworks Ln, Molong, NSW, 2866, Australia",103,103,point_in_polygon,,analysis_ready
l_f87cd3150201a0e4da41,o_022471524c9d92e538b2,,"6 Santa Ana Lane, Pokolbin, 2320",106,106,point_in_polygon,,analysis_ready
l_f8b4cc58eae8bfd4a953,o_4733c69eed3ea98c9b3b,,"401 Cabramatta Rd W, Cabramatta NSW 2166",127,127,point_in_polygon,,analysis_ready
l_f8de14ec2ec7d3e0335b,o_eb0d1fe740ad969aad27,Kyah Hotel,13-17 Brightlands Ave Blackheath NSW 2785 Australia,124,124,point_in_polygon,,analysis_ready
l_f8e59907af051cf3adba,o_17324b0193cb7a1c3925,Kyogle Council,1 Unumgar St Woodenbong NSW 2476 Australia,112,112,point_in_polygon,,analysis_ready
l_f8f2ec0feca8c90b3fc0,o_17324b0193cb7a1c3925,,1 Post Office Ln Crackenback NSW 2627 Australia,101,101,point_in_polygon,,analysis_ready
l_f8f3b2392af42f5355d9,o_17324b0193cb7a1c3925,,"490 Macleay Valley Way, South Kempsey, 2440",108,108,point_in_polygon,,analysis_ready
l_f90894bbe178c7f03932,o_eb0d1fe740ad969aad27,Oberon Military Museum,Dudley St Oberon NSW 2787 Australia,103,103,point_in_polygon,,analysis_ready
l_f909b8b3e580d24e3401,o_fbc5e183d8ce80f2f8eb,,90 Boundary St Paddington NSW 2021 Australia,118,118,point_in_polygon,,analysis_ready
l_f91453c5f8239954d8c8,o_fbc5e183d8ce80f2f8eb,,32 Belmore St Enmore NSW 2042 Australia,117,117,point_in_polygon,,analysis_ready
l_f9382ca44ec6afa09efe,o_2db6b6ed3b00e6d56f6e,,"273 Fowler Rd, Illawong NSW 2234, Australia",128,128,point_in_polygon,,analysis_ready
l_f94621b0ac885db4d1d9,o_eb0d1fe740ad969aad27,Skimstone Wines,"1307 Castlereagh Hwy, Apple Tree Flat NSW 2850",103,103,point_in_polygon,,analysis_ready
l_f96b8f86a6fa7fbe4e88,o_eb0d1fe740ad969aad27,Alchemy Charge,"230 Harbord Rd, Brookvale NSW 2100",122,122,point_in_polygon,,analysis_ready
l_f9ba087aa70daec660fd,o_022471524c9d92e538b2,,"2285 Pacific Hwy, Heatherbrae, 2324",106,106,point_in_polygon,,analysis_ready
l_fa3a8a91759eb135e4e3,o_ca990827c48864e843f3,,"1 Martin Pl, Sydney, 2000",117,117,point_in_polygon,,analysis_ready
l_fa63169954991ddc5f09,o_e18b3618c9ce844d240b,,61 Constitution Rd Dulwich Hill NSW 2203 Australia,120,120,point_in_polygon,,analysis_ready
l_fa7c475e4fefc7c4b44a,o_130042b74e00dd320b50,,"9 Flinders St, Wollongong North, NSW, 2500",107,107,point_in_polygon,,analysis_ready
l_fa8a38c47074d7037feb,o_ca5dc5f6227bb7dc6a15,,"Horderns Rd, Bowral, 2576",114,114,point_in_polygon,,analysis_ready
l_fa8b5afed244e9bc257b,o_6a6e0a5733bcc6eefe20,,18 Holbeche Rd Arndell Park NSW 2148 Australia,116,116,point_in_polygon,,analysis_ready
l_fb03ba2d6a02769d7fd5,o_fbc5e183d8ce80f2f8eb,,24 Annandale St Annandale NSW 2038 Australia,120,120,point_in_polygon,,analysis_ready
l_fb2922377ac3b4293cd7,o_e43c5e61858e588c2c2f,,"10 Colden Dr, Albion Park Rail, 2527",107,107,point_in_polygon,,analysis_ready
l_fb36c566298b3905e86b,o_fbc5e183d8ce80f2f8eb,,131 Annandale St Annandale NSW 2038 Australia,120,120,point_in_polygon,,analysis_ready
l_fb3ab096defe50bd3b28,o_17324b0193cb7a1c3925,Dungog Visitor Information Centre,191 Dowling St Dungog NSW 2420 Australia,106,106,point_in_polygon,,analysis_ready
l_fb4c2f567e77a21c6198,o_6a6e0a5733bcc6eefe20,,"56-58 Frenchs Rd, Sydney, 2068",121,121,point_in_polygon,,analysis_ready
l_fb625704b85a44f0bb0b,o_15939ac67df1441fe74a,,"580 Parramatta Rd, Sydney, 2132",120,120,point_in_polygon,,analysis_ready
l_fb700cbce1893b6f8a5f,o_a44733937534aba247a1,,"2 Cross St, Sydney, 2100",122,122,point_in_polygon,,analysis_ready
l_fb7200bbc60149518670,o_fbc5e183d8ce80f2f8eb,,10 Isabel Ave Vaucluse NSW 2030 Australia,118,118,point_in_polygon,,analysis_ready
l_fb9c1fce6161a97f8fb1,o_6a6e0a5733bcc6eefe20,,251 Edgecliff Rd Woollahra NSW 2025 Australia,118,118,point_in_polygon,,analysis_ready
l_fbad43722ecea76b6f2a,o_a44733937534aba247a1,Woomargama Village Hotel Motel,679 Woomargama Way Woomargama NSW 2644 Australia,109,109,point_in_polygon,,analysis_ready
l_fbbb31bf926cc0a1e187,o_6a6e0a5733bcc6eefe20,,27 Campbell Pde Manly Vale NSW 2093 Australia,122,122,point_in_polygon,,analysis_ready
l_fbbf87865be94e353b1e,o_e43c5e61858e588c2c2f,,"Ordnance St, Newcastle, 2300",111,111,point_in_polygon,,analysis_ready
l_fbc55857c0a4e1b62a23,o_17324b0193cb7a1c3925,Alpine Resort Motel,1 Nettin Cct Jindabyne NSW 2627 Australia,101,101,point_in_polygon,,analysis_ready
l_fbcee1e03e94d9ac4c0f,o_022471524c9d92e538b2,,"1 Bay St, Sydney, 2037",117,117,point_in_polygon,,analysis_ready
l_fbf90ba4934aba9bc8c1,o_4733c69eed3ea98c9b3b,,"594 Anzac Pde, Sydney, 2032",118,118,point_in_polygon,,analysis_ready
l_fc094e3409fffcf3afe7,o_022471524c9d92e538b2,,"91 Centennial Cct, Byron Bay, 2481",112,112,point_in_polygon,,analysis_ready
l_fc266340da23571c2cdf,o_eb0d1fe740ad969aad27,Berrigan Shire,Burkinshaw St Barooga NSW 3644 Australia,109,109,point_in_polygon,,analysis_ready
l_fc501c5b9a4e95cde768,o_e43c5e61858e588c2c2f,,8 Harris St Wallsend NSW 2287 Australia,111,111,point_in_polygon,,analysis_ready
l_fc6e53d34a4135bb6a18,o_5b4f3a03bda45dcf8609,,"8 Stanley St, Bathurst, NSW, 2795, Australia",103,103,point_in_polygon,,analysis_ready
l_fc87cb9a0ec1e22e31fa,o_a44733937534aba247a1,,119 Borella Rd East Albury NSW 2640 Australia,109,109,point_in_polygon,,analysis_ready
l_fc8e355dcc6bc8d7faf2,o_022471524c9d92e538b2,,"123 Wharf St, Tweed Heads, 2485",112,112,point_in_polygon,,analysis_ready
l_fca5756c31bf279c79e2,o_4733c69eed3ea98c9b3b,,"850 Woodville Rd, Villawood 2163, NSW",125,125,point_in_polygon,,analysis_ready
l_fcdc20146cc4aad3252b,o_ca990827c48864e843f3,,"228-234 Pacific Hwy, Swansea NSW, 2281",111,111,point_in_polygon,,analysis_ready
l_fce3c968260c8627f8b1,o_e43c5e61858e588c2c2f,,"17 Smith St, Sydney, 2067",121,121,point_in_polygon,,analysis_ready
l_fcedd4c38f90a4984a25,o_022471524c9d92e538b2,,"34 Isabel Dr, Murrumbateman, 2582",101,101,point_in_polygon,,analysis_ready
l_fd1c645a4c6adad04f5b,o_4733c69eed3ea98c9b3b,,65 Hume St Crows Nest NSW 2065 Australia,121,121,point_in_polygon,,analysis_ready
l_fd347711912078630087,o_17324b0193cb7a1c3925,,"Alpha Street, Sydney, 2148",116,116,point_in_polygon,,analysis_ready
l_fd3655c442806dfe9c9d,o_17324b0193cb7a1c3925,Albury Showground,836 Mate St North Albury NSW 2640 Australia,109,109,point_in_polygon,,analysis_ready
l_fd71bdf7962ab14d368b,o_e43c5e61858e588c2c2f,,"166 Mona Vale Rd, Sydney, 2075",121,121,point_in_polygon,,analysis_ready
l_fd8217faf03ea388d1bc,o_eb0d1fe740ad969aad27,The Builders Club,61 Church St Wollongong NSW 2500 Australia,107,107,point_in_polygon,,analysis_ready
l_fd86486b3bec0b5c4651,o_ca5dc5f6227bb7dc6a15,,"57 Ekerts Rd, Pokolbin, 2320",106,106,point_in_polygon,,analysis_ready
l_fd99883d1dcf07170aab,o_15939ac67df1441fe74a,,"422 Pacific Hwy, Artarmon NSW 2064, Australia",121,121,point_in_polygon,,analysis_ready
l_fdafd28750719a5f9ef5,o_022471524c9d92e538b2,,"4 Defries Ave, Sydney, 2017",117,117,point_in_polygon,,analysis_ready
l_fdbbb8a8cf33c677517d,o_a44733937534aba247a1,Pelican Motor Inn,18 Merimbula Dr Merimbula NSW 2548 Australia,101,101,point_in_polygon,,analysis_ready
l_fdbc3ac1498f235c3c76,o_022471524c9d92e538b2,,"f 419 Hinterland Wy, Knockrow , 2479",112,112,point_in_polygon,,analysis_ready
l_fdd11429b00958ad0bd7,o_4e1932045daf2a3e6c57,,"141 Morgan St, Sydney, 2209",119,119,point_in_polygon,,analysis_ready
l_fde6e12b0dc2ac97af42,o_e43c5e61858e588c2c2f,Imperial Hotel,458 High St Maitland NSW 2320 Australia,106,106,point_in_polygon,,analysis_ready
l_fe1c1b694942b89c9119,o_6a6e0a5733bcc6eefe20,,"55 Pyrmont St, Pyrmont, 2009",117,117,point_in_polygon,,analysis_ready
l_fe39b125adf35f1fb678,o_e43c5e61858e588c2c2f,,"44 Molesworth St, Lismore, 2480",112,112,point_in_polygon,,analysis_ready
l_fe3c24c4cc1252c5736e,o_17324b0193cb7a1c3925,,"1A Bridges Rd, Gerringong, 2534",107,107,point_in_polygon,,analysis_ready
l_fe6316ce802f85a7e9dd,o_4733c69eed3ea98c9b3b,,Brewer St Concord NSW 2137 Australia,120,120,point_in_polygon,,analysis_ready
l_fe6612323525117bd8ab,o_022471524c9d92e538b2,,"20 Bay St, Byron Bay, 2481",112,112,point_in_polygon,,analysis_ready
l_fe7ca7311e0ea0c22b37,o_4733c69eed3ea98c9b3b,,"772 Anzac Pde, Sydney, 2035",118,118,point_in_polygon,,analysis_ready
l_fea0baedd8cd3f5212ff,o_17324b0193cb7a1c3925,,"140 Denison St, Sydney, 2036",117,117,point_in_polygon,,analysis_ready
l_fec71b710b3767c5250b,o_3b88759f24dafcbf3977,Dubbo Regional Council,Caves Rd Mitchell Highway Wellington NSW 2820 Australia,105,105,point_in_polygon,,analysis_ready
l_fecb079219ddd03a34ed,o_17324b0193cb7a1c3925,,"53 East St, Harden, 2587",101,101,point_in_polygon,,analysis_ready
l_fefef2bd9b7f01e50a80,o_c71d79267ebac7f0c9db,Alexander Motor inn,62 Alice St Moree NSW 2400 Australia,110,110,point_in_polygon,,analysis_ready
l_ff20bfc9848a5afcab01,o_fbc5e183d8ce80f2f8eb,,31 Boronia St Kensington NSW 2033 Australia,118,118,point_in_polygon,,analysis_ready
l_ff52127e9ef9c31fc670,o_4733c69eed3ea98c9b3b,,2 Coast Hospital Rd Little Bay NSW 2036 Australia,118,118,point_in_polygon,,analysis_ready
l_ff8c02100cff519a2129,o_fbc5e183d8ce80f2f8eb,,29 Day St Leichhardt NSW 2040 Australia,120,120,point_in_polygon,,analysis_ready
l_ffc7427bcd4a09180526,o_eb0d1fe740ad969aad27,Fenwick's Marina,"31-33 Brooklyn Rd, Brooklyn NSW 2083",121,121,point_in_polygon,,analysis_ready
