issue_id,record_id,source_row,code,severity,detail
1,r_ffb787267203c2fe83e9,2,missing_source_id,info,Stable content-based record/location identifiers generated
2,r_ffb787267203c2fe83e9,2,missing_station_name,info,Name remains null; address is the display fallback
3,r_8ac1bf727d3903e70216,3,operator_normalized,info,BP -> BP Pulse (AU)
4,r_8ac1bf727d3903e70216,3,missing_source_id,info,Stable content-based record/location identifiers generated
5,r_8ac1bf727d3903e70216,3,missing_station_name,info,Name remains null; address is the display fallback
6,r_7d6623093b496c753aff,4,missing_source_id,info,Stable content-based record/location identifiers generated
7,r_7d6623093b496c753aff,4,missing_station_name,info,Name remains null; address is the display fallback
8,r_7d6623093b496c753aff,4,postcode_address_conflict,warning,"Source PCODE=2350, address postcode=2836; no automatic coordinate correction"
9,r_25dc96a31883a02df3cb,5,missing_source_id,info,Stable content-based record/location identifiers generated
10,r_25dc96a31883a02df3cb,5,missing_station_name,info,Name remains null; address is the display fallback
11,r_1fa55655953f31556991,6,missing_source_id,info,Stable content-based record/location identifiers generated
12,r_1fa55655953f31556991,6,missing_station_name,info,Name remains null; address is the display fallback
13,r_41d8e6cbe1784306a79e,7,missing_source_id,info,Stable content-based record/location identifiers generated
14,r_41d8e6cbe1784306a79e,7,missing_station_name,info,Name remains null; address is the display fallback
15,r_173c6d72b8261a09a720,8,missing_source_id,info,Stable content-based record/location identifiers generated
16,r_173c6d72b8261a09a720,8,missing_station_name,info,Name remains null; address is the display fallback
17,r_eab8c4e3b908dbb5848f,9,missing_source_id,info,Stable content-based record/location identifiers generated
18,r_eab8c4e3b908dbb5848f,9,missing_station_name,info,Name remains null; address is the display fallback
19,r_756c01d118aa3d9b7856,10,missing_source_id,info,Stable content-based record/location identifiers generated
20,r_756c01d118aa3d9b7856,10,missing_station_name,info,Name remains null; address is the display fallback
21,r_f6fc94c73b0c7797b193,11,missing_source_id,info,Stable content-based record/location identifiers generated
22,r_f6fc94c73b0c7797b193,11,missing_station_name,info,Name remains null; address is the display fallback
23,r_4de3dd542ee8839ca7df,12,missing_source_id,info,Stable content-based record/location identifiers generated
24,r_4de3dd542ee8839ca7df,12,missing_station_name,info,Name remains null; address is the display fallback
25,r_4bb9e422c8436447efb9,13,missing_source_id,info,Stable content-based record/location identifiers generated
26,r_4bb9e422c8436447efb9,13,missing_station_name,info,Name remains null; address is the display fallback
27,r_2b43bdaea62bf2a32c88,14,missing_source_id,info,Stable content-based record/location identifiers generated
28,r_2b43bdaea62bf2a32c88,14,missing_station_name,info,Name remains null; address is the display fallback
29,r_abfbe83ecd7c1b21e149,15,missing_source_id,info,Stable content-based record/location identifiers generated
30,r_abfbe83ecd7c1b21e149,15,missing_station_name,info,Name remains null; address is the display fallback
31,r_369d331c11b1912fdcd9,16,missing_source_id,info,Stable content-based record/location identifiers generated
32,r_369d331c11b1912fdcd9,16,missing_station_name,info,Name remains null; address is the display fallback
33,r_46b8d0fad04b9e1ac0e3,17,missing_source_id,info,Stable content-based record/location identifiers generated
34,r_46b8d0fad04b9e1ac0e3,17,missing_station_name,info,Name remains null; address is the display fallback
35,r_31d3db9d705164952c8a,18,missing_source_id,info,Stable content-based record/location identifiers generated
36,r_31d3db9d705164952c8a,18,missing_station_name,info,Name remains null; address is the display fallback
37,r_121854c0cf58d73bee86,19,missing_source_id,info,Stable content-based record/location identifiers generated
38,r_121854c0cf58d73bee86,19,missing_station_name,info,Name remains null; address is the display fallback
39,r_994f370dcd4dba247aab,20,missing_source_id,info,Stable content-based record/location identifiers generated
40,r_994f370dcd4dba247aab,20,missing_station_name,info,Name remains null; address is the display fallback
41,r_023643a564842db25ba8,21,missing_source_id,info,Stable content-based record/location identifiers generated
42,r_023643a564842db25ba8,21,missing_station_name,info,Name remains null; address is the display fallback
43,r_4ad0a4461c31d4f2cb3f,22,missing_source_id,info,Stable content-based record/location identifiers generated
44,r_4ad0a4461c31d4f2cb3f,22,missing_station_name,info,Name remains null; address is the display fallback
45,r_2656c0d8e05b384b2516,23,missing_source_id,info,Stable content-based record/location identifiers generated
46,r_2656c0d8e05b384b2516,23,missing_station_name,info,Name remains null; address is the display fallback
47,r_95adb19eef5aa0a507e9,24,missing_source_id,info,Stable content-based record/location identifiers generated
48,r_95adb19eef5aa0a507e9,24,missing_station_name,info,Name remains null; address is the display fallback
49,r_4ded00c27c6b2b330117,25,missing_source_id,info,Stable content-based record/location identifiers generated
50,r_4ded00c27c6b2b330117,25,missing_station_name,info,Name remains null; address is the display fallback
51,r_45bcb1edae0562ef96be,26,missing_source_id,info,Stable content-based record/location identifiers generated
52,r_45bcb1edae0562ef96be,26,missing_station_name,info,Name remains null; address is the display fallback
53,r_5d90283224361907bd55,27,missing_source_id,info,Stable content-based record/location identifiers generated
54,r_5d90283224361907bd55,27,missing_station_name,info,Name remains null; address is the display fallback
55,r_43396278458ae43f4b46,28,missing_source_id,info,Stable content-based record/location identifiers generated
56,r_43396278458ae43f4b46,28,missing_station_name,info,Name remains null; address is the display fallback
57,r_51d2e19ccbccd5f00a70,29,missing_source_id,info,Stable content-based record/location identifiers generated
58,r_51d2e19ccbccd5f00a70,29,missing_station_name,info,Name remains null; address is the display fallback
59,r_51d2e19ccbccd5f00a70,29,postcode_address_conflict,warning,"Source PCODE=2622, address postcode=2470; no automatic coordinate correction"
60,r_71af0dd9bf0594f6924e,30,missing_source_id,info,Stable content-based record/location identifiers generated
61,r_71af0dd9bf0594f6924e,30,missing_station_name,info,Name remains null; address is the display fallback
62,r_2d77063b6a103ad08a40,31,missing_source_id,info,Stable content-based record/location identifiers generated
63,r_2d77063b6a103ad08a40,31,missing_station_name,info,Name remains null; address is the display fallback
64,r_75d8b618518b7c2da22d,32,missing_source_id,info,Stable content-based record/location identifiers generated
65,r_75d8b618518b7c2da22d,32,missing_station_name,info,Name remains null; address is the display fallback
66,r_8ccad034f9aa120bb3fd,33,missing_source_id,info,Stable content-based record/location identifiers generated
67,r_8ccad034f9aa120bb3fd,33,missing_station_name,info,Name remains null; address is the display fallback
68,r_cbd708614b80945410b0,34,missing_source_id,info,Stable content-based record/location identifiers generated
69,r_cbd708614b80945410b0,34,missing_station_name,info,Name remains null; address is the display fallback
70,r_b1f72da5d226cc0ab741,35,missing_source_id,info,Stable content-based record/location identifiers generated
71,r_b1f72da5d226cc0ab741,35,missing_station_name,info,Name remains null; address is the display fallback
72,r_8acdbed7bd39ff04cee7,36,missing_source_id,info,Stable content-based record/location identifiers generated
73,r_8acdbed7bd39ff04cee7,36,missing_station_name,info,Name remains null; address is the display fallback
74,r_dbdd8f64512e1d892c7a,37,missing_source_id,info,Stable content-based record/location identifiers generated
75,r_dbdd8f64512e1d892c7a,37,missing_station_name,info,Name remains null; address is the display fallback
76,r_15094b4bf9759913e87e,38,missing_source_id,info,Stable content-based record/location identifiers generated
77,r_15094b4bf9759913e87e,38,missing_station_name,info,Name remains null; address is the display fallback
78,r_171394507607134c0473,39,missing_source_id,info,Stable content-based record/location identifiers generated
79,r_171394507607134c0473,39,missing_station_name,info,Name remains null; address is the display fallback
80,r_ac849c5a5d327c2381d0,40,missing_source_id,info,Stable content-based record/location identifiers generated
81,r_ac849c5a5d327c2381d0,40,missing_station_name,info,Name remains null; address is the display fallback
82,r_f4c9a36a990bb56c8c49,41,missing_source_id,info,Stable content-based record/location identifiers generated
83,r_f4c9a36a990bb56c8c49,41,missing_station_name,info,Name remains null; address is the display fallback
84,r_71125a4e591f1027ae2c,42,missing_source_id,info,Stable content-based record/location identifiers generated
85,r_71125a4e591f1027ae2c,42,missing_station_name,info,Name remains null; address is the display fallback
86,r_81a5cd44ab908f0424bc,43,missing_source_id,info,Stable content-based record/location identifiers generated
87,r_81a5cd44ab908f0424bc,43,missing_station_name,info,Name remains null; address is the display fallback
88,r_ea2db6e8c6836047af89,44,missing_source_id,info,Stable content-based record/location identifiers generated
89,r_ea2db6e8c6836047af89,44,missing_station_name,info,Name remains null; address is the display fallback
90,r_0f0b3db3fadd21a858db,45,missing_source_id,info,Stable content-based record/location identifiers generated
91,r_0f0b3db3fadd21a858db,45,missing_station_name,info,Name remains null; address is the display fallback
92,r_565adf7a394fd07c7f57,46,missing_source_id,info,Stable content-based record/location identifiers generated
93,r_565adf7a394fd07c7f57,46,missing_station_name,info,Name remains null; address is the display fallback
94,r_fd91eb66b2c2055de2c0,47,missing_source_id,info,Stable content-based record/location identifiers generated
95,r_fd91eb66b2c2055de2c0,47,missing_station_name,info,Name remains null; address is the display fallback
96,r_cd1b9acda9c3bd155119,48,missing_source_id,info,Stable content-based record/location identifiers generated
97,r_cd1b9acda9c3bd155119,48,missing_station_name,info,Name remains null; address is the display fallback
98,r_8feb578e745b21c620cf,49,missing_source_id,info,Stable content-based record/location identifiers generated
99,r_8feb578e745b21c620cf,49,missing_station_name,info,Name remains null; address is the display fallback
100,r_1619062bea9ea46a9cc8,50,missing_source_id,info,Stable content-based record/location identifiers generated
101,r_1619062bea9ea46a9cc8,50,missing_station_name,info,Name remains null; address is the display fallback
102,r_f1d34b890f664d7d4f64,51,missing_source_id,info,Stable content-based record/location identifiers generated
103,r_f1d34b890f664d7d4f64,51,missing_station_name,info,Name remains null; address is the display fallback
104,r_2a2b8aa045e49c7011ad,52,missing_source_id,info,Stable content-based record/location identifiers generated
105,r_2a2b8aa045e49c7011ad,52,missing_station_name,info,Name remains null; address is the display fallback
106,r_347f615229e66f47ed0e,53,missing_source_id,info,Stable content-based record/location identifiers generated
107,r_347f615229e66f47ed0e,53,missing_station_name,info,Name remains null; address is the display fallback
108,r_ce5194128fe245d3e5b2,54,missing_source_id,info,Stable content-based record/location identifiers generated
109,r_ce5194128fe245d3e5b2,54,missing_station_name,info,Name remains null; address is the display fallback
110,r_bfc932a4ee941b75d2cc,55,missing_source_id,info,Stable content-based record/location identifiers generated
111,r_bfc932a4ee941b75d2cc,55,missing_station_name,info,Name remains null; address is the display fallback
112,r_57388ec1b801d9cb5693,56,missing_source_id,info,Stable content-based record/location identifiers generated
113,r_57388ec1b801d9cb5693,56,missing_station_name,info,Name remains null; address is the display fallback
114,r_1c9b2e2de04bfaba74ea,57,missing_source_id,info,Stable content-based record/location identifiers generated
115,r_1c9b2e2de04bfaba74ea,57,missing_station_name,info,Name remains null; address is the display fallback
116,r_b609ceb41b1365897953,58,missing_source_id,info,Stable content-based record/location identifiers generated
117,r_b609ceb41b1365897953,58,missing_station_name,info,Name remains null; address is the display fallback
118,r_590a4abe547c207938ad,59,missing_source_id,info,Stable content-based record/location identifiers generated
119,r_590a4abe547c207938ad,59,missing_station_name,info,Name remains null; address is the display fallback
120,r_d44757861c623246ed39,60,missing_source_id,info,Stable content-based record/location identifiers generated
121,r_d44757861c623246ed39,60,missing_station_name,info,Name remains null; address is the display fallback
122,r_d44757861c623246ed39,60,postcode_normalized,info,NSW 2500 -> 2500
123,r_f3e5a9b8c8159d9dfea2,61,missing_source_id,info,Stable content-based record/location identifiers generated
124,r_f3e5a9b8c8159d9dfea2,61,missing_station_name,info,Name remains null; address is the display fallback
125,r_567ba1f8069646601efe,62,missing_source_id,info,Stable content-based record/location identifiers generated
126,r_567ba1f8069646601efe,62,missing_station_name,info,Name remains null; address is the display fallback
127,r_4ae113edf66f7265715a,63,missing_source_id,info,Stable content-based record/location identifiers generated
128,r_4ae113edf66f7265715a,63,missing_station_name,info,Name remains null; address is the display fallback
129,r_f6bce659aeba48fa636a,64,missing_source_id,info,Stable content-based record/location identifiers generated
130,r_f6bce659aeba48fa636a,64,missing_station_name,info,Name remains null; address is the display fallback
131,r_245fc1547ec7b1604251,65,missing_source_id,info,Stable content-based record/location identifiers generated
132,r_245fc1547ec7b1604251,65,missing_station_name,info,Name remains null; address is the display fallback
133,r_795de0eca0ad7bf21e70,66,missing_source_id,info,Stable content-based record/location identifiers generated
134,r_795de0eca0ad7bf21e70,66,missing_station_name,info,Name remains null; address is the display fallback
135,r_201820816981bf8548da,67,missing_source_id,info,Stable content-based record/location identifiers generated
136,r_201820816981bf8548da,67,missing_station_name,info,Name remains null; address is the display fallback
137,r_911c277cb58810b6ac6d,68,operator_normalized,info,Ampol -> Ampol AmpCharge
138,r_911c277cb58810b6ac6d,68,missing_source_id,info,Stable content-based record/location identifiers generated
139,r_911c277cb58810b6ac6d,68,missing_station_name,info,Name remains null; address is the display fallback
140,r_18eff170ad77e27b68fb,69,missing_source_id,info,Stable content-based record/location identifiers generated
141,r_18eff170ad77e27b68fb,69,missing_station_name,info,Name remains null; address is the display fallback
142,r_151749c35377ca17c6b4,70,missing_source_id,info,Stable content-based record/location identifiers generated
143,r_151749c35377ca17c6b4,70,missing_station_name,info,Name remains null; address is the display fallback
144,r_428b5a1fad43055ca684,71,missing_source_id,info,Stable content-based record/location identifiers generated
145,r_428b5a1fad43055ca684,71,missing_station_name,info,Name remains null; address is the display fallback
146,r_4a2737de54d535e195dc,72,missing_source_id,info,Stable content-based record/location identifiers generated
147,r_4a2737de54d535e195dc,72,missing_station_name,info,Name remains null; address is the display fallback
148,r_00ea90bed5e4064a3b22,73,missing_source_id,info,Stable content-based record/location identifiers generated
149,r_00ea90bed5e4064a3b22,73,missing_station_name,info,Name remains null; address is the display fallback
150,r_fce50f4c59fbd4ceb4b5,74,missing_source_id,info,Stable content-based record/location identifiers generated
151,r_fce50f4c59fbd4ceb4b5,74,missing_station_name,info,Name remains null; address is the display fallback
152,r_6b33b463e03120ff17db,75,missing_source_id,info,Stable content-based record/location identifiers generated
153,r_6b33b463e03120ff17db,75,missing_station_name,info,Name remains null; address is the display fallback
154,r_e356ce6eae389c386d97,76,missing_source_id,info,Stable content-based record/location identifiers generated
155,r_e356ce6eae389c386d97,76,missing_station_name,info,Name remains null; address is the display fallback
156,r_043d94e74cc7b0cdb0a0,77,missing_source_id,info,Stable content-based record/location identifiers generated
157,r_043d94e74cc7b0cdb0a0,77,missing_station_name,info,Name remains null; address is the display fallback
158,r_8c4ebd56a9eefd59533d,78,missing_source_id,info,Stable content-based record/location identifiers generated
159,r_8c4ebd56a9eefd59533d,78,missing_station_name,info,Name remains null; address is the display fallback
160,r_8c4ebd56a9eefd59533d,78,postcode_address_conflict,warning,"Source PCODE=2839, address postcode=2354; no automatic coordinate correction"
161,r_6ded9ad48f9cd31ce8a2,79,missing_source_id,info,Stable content-based record/location identifiers generated
162,r_6ded9ad48f9cd31ce8a2,79,missing_station_name,info,Name remains null; address is the display fallback
163,r_6330ae3b0353d1384bb3,80,missing_source_id,info,Stable content-based record/location identifiers generated
164,r_6330ae3b0353d1384bb3,80,missing_station_name,info,Name remains null; address is the display fallback
165,r_9e3e7a61edf037cd1379,81,missing_source_id,info,Stable content-based record/location identifiers generated
166,r_9e3e7a61edf037cd1379,81,missing_station_name,info,Name remains null; address is the display fallback
167,r_f25788cd74253c2bc446,82,missing_source_id,info,Stable content-based record/location identifiers generated
168,r_f25788cd74253c2bc446,82,missing_station_name,info,Name remains null; address is the display fallback
169,r_6d2768a505b51828e7c6,83,missing_source_id,info,Stable content-based record/location identifiers generated
170,r_6d2768a505b51828e7c6,83,missing_station_name,info,Name remains null; address is the display fallback
171,r_dc18cdfcb3d59440fda0,84,missing_source_id,info,Stable content-based record/location identifiers generated
172,r_dc18cdfcb3d59440fda0,84,missing_station_name,info,Name remains null; address is the display fallback
173,r_60304bb945af92655b3b,85,missing_source_id,info,Stable content-based record/location identifiers generated
174,r_60304bb945af92655b3b,85,missing_station_name,info,Name remains null; address is the display fallback
175,r_58d1b2d983b58e58c6a1,86,missing_source_id,info,Stable content-based record/location identifiers generated
176,r_58d1b2d983b58e58c6a1,86,missing_station_name,info,Name remains null; address is the display fallback
177,r_84cd5595d4269724e394,87,missing_source_id,info,Stable content-based record/location identifiers generated
178,r_84cd5595d4269724e394,87,missing_station_name,info,Name remains null; address is the display fallback
179,r_6aa92e324ab23a2b064d,88,missing_source_id,info,Stable content-based record/location identifiers generated
180,r_6aa92e324ab23a2b064d,88,missing_station_name,info,Name remains null; address is the display fallback
181,r_9e671729603639a3f5d6,89,missing_source_id,info,Stable content-based record/location identifiers generated
182,r_9e671729603639a3f5d6,89,missing_station_name,info,Name remains null; address is the display fallback
183,r_3b97e87cb2f6fc7244f2,90,missing_source_id,info,Stable content-based record/location identifiers generated
184,r_3b97e87cb2f6fc7244f2,90,missing_station_name,info,Name remains null; address is the display fallback
185,r_7cc21b5b1131ff0dcd2a,91,missing_source_id,info,Stable content-based record/location identifiers generated
186,r_7cc21b5b1131ff0dcd2a,91,missing_station_name,info,Name remains null; address is the display fallback
187,r_58fb14556caac31e34f6,92,missing_source_id,info,Stable content-based record/location identifiers generated
188,r_58fb14556caac31e34f6,92,missing_station_name,info,Name remains null; address is the display fallback
189,r_bec8a2cbf12dace78d44,93,missing_source_id,info,Stable content-based record/location identifiers generated
190,r_bec8a2cbf12dace78d44,93,missing_station_name,info,Name remains null; address is the display fallback
191,r_da8e96b64c5cebbf871b,94,missing_source_id,info,Stable content-based record/location identifiers generated
192,r_da8e96b64c5cebbf871b,94,missing_station_name,info,Name remains null; address is the display fallback
193,r_3abd65dc6badc1f4fec8,95,missing_source_id,info,Stable content-based record/location identifiers generated
194,r_3abd65dc6badc1f4fec8,95,missing_station_name,info,Name remains null; address is the display fallback
195,r_3d840b8578a5d3764b15,96,missing_source_id,info,Stable content-based record/location identifiers generated
196,r_3d840b8578a5d3764b15,96,missing_station_name,info,Name remains null; address is the display fallback
197,r_3d840b8578a5d3764b15,96,postcode_address_conflict,warning,"Source PCODE=2880, address postcode=2337; no automatic coordinate correction"
198,r_93e1758616056a5da1ee,97,missing_source_id,info,Stable content-based record/location identifiers generated
199,r_93e1758616056a5da1ee,97,missing_station_name,info,Name remains null; address is the display fallback
200,r_46225b8c74b5ad67d867,98,missing_source_id,info,Stable content-based record/location identifiers generated
201,r_46225b8c74b5ad67d867,98,missing_station_name,info,Name remains null; address is the display fallback
202,r_7906901f514ad64748be,99,missing_source_id,info,Stable content-based record/location identifiers generated
203,r_7906901f514ad64748be,99,missing_station_name,info,Name remains null; address is the display fallback
204,r_cf9bb3374baaf5edf7d3,100,missing_source_id,info,Stable content-based record/location identifiers generated
205,r_cf9bb3374baaf5edf7d3,100,missing_station_name,info,Name remains null; address is the display fallback
206,r_2f5c1888df34390e6410,101,missing_source_id,info,Stable content-based record/location identifiers generated
207,r_2f5c1888df34390e6410,101,missing_station_name,info,Name remains null; address is the display fallback
208,r_17db03c25ce19c8e47dd,102,missing_source_id,info,Stable content-based record/location identifiers generated
209,r_17db03c25ce19c8e47dd,102,missing_station_name,info,Name remains null; address is the display fallback
210,r_17db03c25ce19c8e47dd,102,power_unavailable,warning,Preserved unparseable rating: AC
211,r_584b11eb4b273acb2749,103,missing_source_id,info,Stable content-based record/location identifiers generated
212,r_584b11eb4b273acb2749,103,missing_station_name,info,Name remains null; address is the display fallback
213,r_5df939d00d0c5e1d6f09,104,missing_source_id,info,Stable content-based record/location identifiers generated
214,r_5df939d00d0c5e1d6f09,104,missing_station_name,info,Name remains null; address is the display fallback
215,r_6e1e574302556ebba401,105,missing_source_id,info,Stable content-based record/location identifiers generated
216,r_6e1e574302556ebba401,105,missing_station_name,info,Name remains null; address is the display fallback
217,r_7f1deb0e507b558b9674,106,missing_source_id,info,Stable content-based record/location identifiers generated
218,r_7f1deb0e507b558b9674,106,missing_station_name,info,Name remains null; address is the display fallback
219,r_d105d69b92bb507fff72,107,missing_source_id,info,Stable content-based record/location identifiers generated
220,r_d105d69b92bb507fff72,107,missing_station_name,info,Name remains null; address is the display fallback
221,r_a8a6c8587e8572928056,108,operator_normalized,info,Ampol -> Ampol AmpCharge
222,r_a8a6c8587e8572928056,108,missing_source_id,info,Stable content-based record/location identifiers generated
223,r_a8a6c8587e8572928056,108,missing_station_name,info,Name remains null; address is the display fallback
224,r_2c859004e1f6497ac43e,109,operator_normalized,info,Ampol -> Ampol AmpCharge
225,r_2c859004e1f6497ac43e,109,missing_source_id,info,Stable content-based record/location identifiers generated
226,r_2c859004e1f6497ac43e,109,missing_station_name,info,Name remains null; address is the display fallback
227,r_f7eee1eedb3ae16906ee,110,missing_source_id,info,Stable content-based record/location identifiers generated
228,r_f7eee1eedb3ae16906ee,110,missing_station_name,info,Name remains null; address is the display fallback
229,r_9852ce6bb0deae98867c,111,missing_source_id,info,Stable content-based record/location identifiers generated
230,r_9852ce6bb0deae98867c,111,missing_station_name,info,Name remains null; address is the display fallback
231,r_5541914acd549f005847,112,missing_source_id,info,Stable content-based record/location identifiers generated
232,r_5541914acd549f005847,112,missing_station_name,info,Name remains null; address is the display fallback
233,r_7ee3b5684b46294f7c97,113,missing_source_id,info,Stable content-based record/location identifiers generated
234,r_7ee3b5684b46294f7c97,113,missing_station_name,info,Name remains null; address is the display fallback
235,r_cc779483a11c90d3b6b5,114,missing_source_id,info,Stable content-based record/location identifiers generated
236,r_cc779483a11c90d3b6b5,114,missing_station_name,info,Name remains null; address is the display fallback
237,r_c6d796e6369c14b72ee8,115,missing_source_id,info,Stable content-based record/location identifiers generated
238,r_c6d796e6369c14b72ee8,115,missing_station_name,info,Name remains null; address is the display fallback
239,r_b4d5ba9111927d24b9c4,116,missing_source_id,info,Stable content-based record/location identifiers generated
240,r_b4d5ba9111927d24b9c4,116,missing_station_name,info,Name remains null; address is the display fallback
241,r_4bd3cd24a5ca02e8f146,117,missing_source_id,info,Stable content-based record/location identifiers generated
242,r_4bd3cd24a5ca02e8f146,117,missing_station_name,info,Name remains null; address is the display fallback
243,r_8131a28ab2469d99df4c,118,missing_source_id,info,Stable content-based record/location identifiers generated
244,r_8131a28ab2469d99df4c,118,missing_station_name,info,Name remains null; address is the display fallback
245,r_2241fb73ce595cf8dc98,119,missing_source_id,info,Stable content-based record/location identifiers generated
246,r_2241fb73ce595cf8dc98,119,missing_station_name,info,Name remains null; address is the display fallback
247,r_cf4d93debd413d45878b,120,missing_source_id,info,Stable content-based record/location identifiers generated
248,r_cf4d93debd413d45878b,120,power_unavailable,warning,Preserved unparseable rating: AC
249,r_15318cc7304359a2e0d7,121,missing_source_id,info,Stable content-based record/location identifiers generated
250,r_15318cc7304359a2e0d7,121,missing_station_name,info,Name remains null; address is the display fallback
251,r_20c9625e7299e87c03a0,122,missing_source_id,info,Stable content-based record/location identifiers generated
252,r_20c9625e7299e87c03a0,122,missing_station_name,info,Name remains null; address is the display fallback
253,r_ba2249957c95a7e12831,123,missing_source_id,info,Stable content-based record/location identifiers generated
254,r_ba2249957c95a7e12831,123,missing_station_name,info,Name remains null; address is the display fallback
255,r_145bc9747712c06ac98d,124,missing_source_id,info,Stable content-based record/location identifiers generated
256,r_145bc9747712c06ac98d,124,missing_station_name,info,Name remains null; address is the display fallback
257,r_1f1f9e6bf0c6bfc96442,125,missing_source_id,info,Stable content-based record/location identifiers generated
258,r_1f1f9e6bf0c6bfc96442,125,missing_station_name,info,Name remains null; address is the display fallback
259,r_0b157811df13adcece39,126,missing_source_id,info,Stable content-based record/location identifiers generated
260,r_0b157811df13adcece39,126,missing_station_name,info,Name remains null; address is the display fallback
261,r_c5e991837692908df9ee,127,missing_source_id,info,Stable content-based record/location identifiers generated
262,r_c5e991837692908df9ee,127,missing_station_name,info,Name remains null; address is the display fallback
263,r_4d8fb17f73718e5d960b,128,missing_source_id,info,Stable content-based record/location identifiers generated
264,r_4d8fb17f73718e5d960b,128,missing_station_name,info,Name remains null; address is the display fallback
265,r_9ff54b19884efb29c230,129,missing_source_id,info,Stable content-based record/location identifiers generated
266,r_9ff54b19884efb29c230,129,missing_station_name,info,Name remains null; address is the display fallback
267,r_b96b55635142fb273d78,130,missing_source_id,info,Stable content-based record/location identifiers generated
268,r_b96b55635142fb273d78,130,missing_station_name,info,Name remains null; address is the display fallback
269,r_7ad86d04302d88aad217,131,missing_source_id,info,Stable content-based record/location identifiers generated
270,r_7ad86d04302d88aad217,131,missing_station_name,info,Name remains null; address is the display fallback
271,r_5986626b1b5ace1ed041,132,missing_source_id,info,Stable content-based record/location identifiers generated
272,r_5986626b1b5ace1ed041,132,missing_station_name,info,Name remains null; address is the display fallback
273,r_daa4ec04955c3ab12ab3,133,missing_source_id,info,Stable content-based record/location identifiers generated
274,r_daa4ec04955c3ab12ab3,133,missing_station_name,info,Name remains null; address is the display fallback
275,r_aa28ce21a2e29184f1f3,134,missing_source_id,info,Stable content-based record/location identifiers generated
276,r_aa28ce21a2e29184f1f3,134,missing_station_name,info,Name remains null; address is the display fallback
277,r_849fcd1035ac5afd4def,135,missing_source_id,info,Stable content-based record/location identifiers generated
278,r_849fcd1035ac5afd4def,135,missing_station_name,info,Name remains null; address is the display fallback
279,r_0616453f2aedcfff7486,136,missing_source_id,info,Stable content-based record/location identifiers generated
280,r_0616453f2aedcfff7486,136,missing_station_name,info,Name remains null; address is the display fallback
281,r_95ea7510333afe8584d8,137,missing_source_id,info,Stable content-based record/location identifiers generated
282,r_95ea7510333afe8584d8,137,missing_station_name,info,Name remains null; address is the display fallback
283,r_2aa223558e07057e448b,138,missing_source_id,info,Stable content-based record/location identifiers generated
284,r_2aa223558e07057e448b,138,missing_station_name,info,Name remains null; address is the display fallback
285,r_5d035819a4af0160268d,139,missing_source_id,info,Stable content-based record/location identifiers generated
286,r_5d035819a4af0160268d,139,missing_station_name,info,Name remains null; address is the display fallback
287,r_335b53caf4d33ebb70e1,140,missing_source_id,info,Stable content-based record/location identifiers generated
288,r_335b53caf4d33ebb70e1,140,missing_station_name,info,Name remains null; address is the display fallback
289,r_1a3fa82b195dd23fc981,141,operator_normalized,info,Ampol -> Ampol AmpCharge
290,r_1a3fa82b195dd23fc981,141,missing_source_id,info,Stable content-based record/location identifiers generated
291,r_1a3fa82b195dd23fc981,141,missing_station_name,info,Name remains null; address is the display fallback
292,r_ceed516398418008fad1,142,missing_source_id,info,Stable content-based record/location identifiers generated
293,r_ceed516398418008fad1,142,missing_station_name,info,Name remains null; address is the display fallback
294,r_defefadfbaf549daf34e,143,missing_source_id,info,Stable content-based record/location identifiers generated
295,r_defefadfbaf549daf34e,143,missing_station_name,info,Name remains null; address is the display fallback
296,r_36321de4ad8b53453ea5,144,missing_source_id,info,Stable content-based record/location identifiers generated
297,r_36321de4ad8b53453ea5,144,missing_station_name,info,Name remains null; address is the display fallback
298,r_6c5b3c674fcb615908d6,145,operator_normalized,info,BP -> BP Pulse (AU)
299,r_6c5b3c674fcb615908d6,145,missing_source_id,info,Stable content-based record/location identifiers generated
300,r_6c5b3c674fcb615908d6,145,missing_station_name,info,Name remains null; address is the display fallback
301,r_05b3ba423443ce0633b3,146,missing_source_id,info,Stable content-based record/location identifiers generated
302,r_05b3ba423443ce0633b3,146,missing_station_name,info,Name remains null; address is the display fallback
303,r_04bd8154143a5194dace,147,missing_source_id,info,Stable content-based record/location identifiers generated
304,r_04bd8154143a5194dace,147,missing_station_name,info,Name remains null; address is the display fallback
305,r_ce2532555be14c87fdc8,148,missing_source_id,info,Stable content-based record/location identifiers generated
306,r_ce2532555be14c87fdc8,148,missing_station_name,info,Name remains null; address is the display fallback
307,r_6a6675cfe5d97d8d1bf8,149,missing_source_id,info,Stable content-based record/location identifiers generated
308,r_6a6675cfe5d97d8d1bf8,149,missing_station_name,info,Name remains null; address is the display fallback
309,r_79bf98726637d5771323,150,missing_source_id,info,Stable content-based record/location identifiers generated
310,r_79bf98726637d5771323,150,missing_station_name,info,Name remains null; address is the display fallback
311,r_c29fb80cc8d306522982,151,missing_source_id,info,Stable content-based record/location identifiers generated
312,r_c29fb80cc8d306522982,151,missing_station_name,info,Name remains null; address is the display fallback
313,r_6092f68792a250571b47,152,missing_source_id,info,Stable content-based record/location identifiers generated
314,r_6092f68792a250571b47,152,missing_station_name,info,Name remains null; address is the display fallback
315,r_f285b30a1161eabd1bf8,153,missing_source_id,info,Stable content-based record/location identifiers generated
316,r_f285b30a1161eabd1bf8,153,missing_station_name,info,Name remains null; address is the display fallback
317,r_f285b30a1161eabd1bf8,153,postcode_normalized,info,NSW 2500 -> 2500
318,r_390fb819a4a96d11cce0,154,missing_source_id,info,Stable content-based record/location identifiers generated
319,r_390fb819a4a96d11cce0,154,power_unavailable,warning,Preserved unparseable rating: AC
320,r_1062809223f4cd84e99c,155,missing_source_id,info,Stable content-based record/location identifiers generated
321,r_1062809223f4cd84e99c,155,missing_station_name,info,Name remains null; address is the display fallback
322,r_2e8da4f730ab0f104f96,156,missing_source_id,info,Stable content-based record/location identifiers generated
323,r_2e8da4f730ab0f104f96,156,missing_station_name,info,Name remains null; address is the display fallback
324,r_28ecfb0ebe358ad4c618,157,missing_source_id,info,Stable content-based record/location identifiers generated
325,r_28ecfb0ebe358ad4c618,157,missing_station_name,info,Name remains null; address is the display fallback
326,r_5d7e24a8779fee8be5ce,158,missing_source_id,info,Stable content-based record/location identifiers generated
327,r_5d7e24a8779fee8be5ce,158,missing_station_name,info,Name remains null; address is the display fallback
328,r_51d62cd0c22200682037,159,missing_source_id,info,Stable content-based record/location identifiers generated
329,r_51d62cd0c22200682037,159,missing_station_name,info,Name remains null; address is the display fallback
330,r_89ab1dc3be5c1d464b3c,160,missing_source_id,info,Stable content-based record/location identifiers generated
331,r_89ab1dc3be5c1d464b3c,160,missing_station_name,info,Name remains null; address is the display fallback
332,r_b03219b786c8d09af8ad,161,missing_source_id,info,Stable content-based record/location identifiers generated
333,r_b03219b786c8d09af8ad,161,missing_station_name,info,Name remains null; address is the display fallback
334,r_18609055ac416ce48328,162,missing_source_id,info,Stable content-based record/location identifiers generated
335,r_18609055ac416ce48328,162,missing_station_name,info,Name remains null; address is the display fallback
336,r_7d445abf1984b50226c0,163,missing_source_id,info,Stable content-based record/location identifiers generated
337,r_7d445abf1984b50226c0,163,missing_station_name,info,Name remains null; address is the display fallback
338,r_f7a90968936602fa8d6f,164,missing_source_id,info,Stable content-based record/location identifiers generated
339,r_f7a90968936602fa8d6f,164,missing_station_name,info,Name remains null; address is the display fallback
340,r_4a9eca68d706a6a267c9,165,missing_source_id,info,Stable content-based record/location identifiers generated
341,r_4a9eca68d706a6a267c9,165,missing_station_name,info,Name remains null; address is the display fallback
342,r_bcda4c0f7bbc477c160d,166,missing_source_id,info,Stable content-based record/location identifiers generated
343,r_bcda4c0f7bbc477c160d,166,missing_station_name,info,Name remains null; address is the display fallback
344,r_719c4566b4bebf380519,167,missing_source_id,info,Stable content-based record/location identifiers generated
345,r_719c4566b4bebf380519,167,missing_station_name,info,Name remains null; address is the display fallback
346,r_5bf3b098f8bd097c960c,168,missing_source_id,info,Stable content-based record/location identifiers generated
347,r_5bf3b098f8bd097c960c,168,missing_station_name,info,Name remains null; address is the display fallback
348,r_f840cbfc5eac098f0c0a,169,missing_source_id,info,Stable content-based record/location identifiers generated
349,r_f840cbfc5eac098f0c0a,169,missing_station_name,info,Name remains null; address is the display fallback
350,r_40a806c831ed11cbdfec,170,missing_source_id,info,Stable content-based record/location identifiers generated
351,r_40a806c831ed11cbdfec,170,missing_station_name,info,Name remains null; address is the display fallback
352,r_f789bbd5dfbed0506f53,171,missing_source_id,info,Stable content-based record/location identifiers generated
353,r_f789bbd5dfbed0506f53,171,missing_station_name,info,Name remains null; address is the display fallback
354,r_681c43722a7f3a3851c3,172,missing_source_id,info,Stable content-based record/location identifiers generated
355,r_681c43722a7f3a3851c3,172,missing_station_name,info,Name remains null; address is the display fallback
356,r_7087a4002303fee37697,173,missing_source_id,info,Stable content-based record/location identifiers generated
357,r_7087a4002303fee37697,173,missing_station_name,info,Name remains null; address is the display fallback
358,r_4eca6dd291ffec4504fd,174,missing_source_id,info,Stable content-based record/location identifiers generated
359,r_4eca6dd291ffec4504fd,174,missing_station_name,info,Name remains null; address is the display fallback
360,r_4efecaac95928d0a2d9b,175,missing_source_id,info,Stable content-based record/location identifiers generated
361,r_4efecaac95928d0a2d9b,175,missing_station_name,info,Name remains null; address is the display fallback
362,r_0146123b61c8aefb85d1,176,missing_source_id,info,Stable content-based record/location identifiers generated
363,r_0146123b61c8aefb85d1,176,missing_station_name,info,Name remains null; address is the display fallback
364,r_97ab24c769daee414129,177,missing_source_id,info,Stable content-based record/location identifiers generated
365,r_97ab24c769daee414129,177,missing_station_name,info,Name remains null; address is the display fallback
366,r_4b4a5a7cfb36397a029b,178,missing_source_id,info,Stable content-based record/location identifiers generated
367,r_4b4a5a7cfb36397a029b,178,missing_station_name,info,Name remains null; address is the display fallback
368,r_8b9806a6221039d3e316,179,missing_source_id,info,Stable content-based record/location identifiers generated
369,r_8b9806a6221039d3e316,179,missing_station_name,info,Name remains null; address is the display fallback
370,r_e1b1cb00046a51572910,180,missing_source_id,info,Stable content-based record/location identifiers generated
371,r_e1b1cb00046a51572910,180,missing_station_name,info,Name remains null; address is the display fallback
372,r_f52c4475d66d2f9baa40,181,missing_source_id,info,Stable content-based record/location identifiers generated
373,r_f52c4475d66d2f9baa40,181,missing_station_name,info,Name remains null; address is the display fallback
374,r_f52c4475d66d2f9baa40,181,postcode_address_conflict,warning,"Source PCODE=2835, address postcode=2622; no automatic coordinate correction"
375,r_060121f325f92208112d,182,operator_normalized,info,Ampol -> Ampol AmpCharge
376,r_060121f325f92208112d,182,missing_source_id,info,Stable content-based record/location identifiers generated
377,r_060121f325f92208112d,182,missing_station_name,info,Name remains null; address is the display fallback
378,r_461b43e0219a2af8a4a3,183,missing_source_id,info,Stable content-based record/location identifiers generated
379,r_461b43e0219a2af8a4a3,183,missing_station_name,info,Name remains null; address is the display fallback
380,r_5415fbecdcf09806a5ec,184,missing_source_id,info,Stable content-based record/location identifiers generated
381,r_5415fbecdcf09806a5ec,184,missing_station_name,info,Name remains null; address is the display fallback
382,r_ea1b8f461353c9bd7f48,185,missing_source_id,info,Stable content-based record/location identifiers generated
383,r_ea1b8f461353c9bd7f48,185,missing_station_name,info,Name remains null; address is the display fallback
384,r_f656773cf68b34a96aef,186,missing_source_id,info,Stable content-based record/location identifiers generated
385,r_f656773cf68b34a96aef,186,missing_station_name,info,Name remains null; address is the display fallback
386,r_fc46c68353536712d27b,187,missing_source_id,info,Stable content-based record/location identifiers generated
387,r_fc46c68353536712d27b,187,missing_station_name,info,Name remains null; address is the display fallback
388,r_819a23bc45c3d42e7350,188,operator_normalized,info,Ampol -> Ampol AmpCharge
389,r_819a23bc45c3d42e7350,188,missing_source_id,info,Stable content-based record/location identifiers generated
390,r_819a23bc45c3d42e7350,188,missing_station_name,info,Name remains null; address is the display fallback
391,r_a6a3dd931342f74f5fcd,189,missing_source_id,info,Stable content-based record/location identifiers generated
392,r_a6a3dd931342f74f5fcd,189,missing_station_name,info,Name remains null; address is the display fallback
393,r_7758c98cc0a6eae3e37c,190,missing_source_id,info,Stable content-based record/location identifiers generated
394,r_7758c98cc0a6eae3e37c,190,missing_station_name,info,Name remains null; address is the display fallback
395,r_73e7715d8c4c8d2c1503,191,missing_source_id,info,Stable content-based record/location identifiers generated
396,r_73e7715d8c4c8d2c1503,191,missing_station_name,info,Name remains null; address is the display fallback
397,r_5746564bd518e7a1521d,192,missing_source_id,info,Stable content-based record/location identifiers generated
398,r_5746564bd518e7a1521d,192,missing_station_name,info,Name remains null; address is the display fallback
399,r_0b68495c521f1c393ec8,193,operator_normalized,info,BP -> BP Pulse (AU)
400,r_0b68495c521f1c393ec8,193,missing_source_id,info,Stable content-based record/location identifiers generated
401,r_0b68495c521f1c393ec8,193,missing_station_name,info,Name remains null; address is the display fallback
402,r_b7b71536d24d27dbbf44,194,operator_normalized,info,BP -> BP Pulse (AU)
403,r_b7b71536d24d27dbbf44,194,missing_source_id,info,Stable content-based record/location identifiers generated
404,r_b7b71536d24d27dbbf44,194,missing_station_name,info,Name remains null; address is the display fallback
405,r_adaa6f8f055ae8bae26b,195,missing_source_id,info,Stable content-based record/location identifiers generated
406,r_adaa6f8f055ae8bae26b,195,missing_station_name,info,Name remains null; address is the display fallback
407,r_adaa6f8f055ae8bae26b,195,postcode_address_conflict,warning,"Source PCODE=2825, address postcode=2372; no automatic coordinate correction"
408,r_34ac0897f6644a7384c5,196,missing_source_id,info,Stable content-based record/location identifiers generated
409,r_34ac0897f6644a7384c5,196,missing_station_name,info,Name remains null; address is the display fallback
410,r_58119a1bdc3beecd76d7,197,missing_source_id,info,Stable content-based record/location identifiers generated
411,r_58119a1bdc3beecd76d7,197,missing_station_name,info,Name remains null; address is the display fallback
412,r_58119a1bdc3beecd76d7,197,postcode_address_conflict,warning,"Source PCODE=2453, address postcode=2840; no automatic coordinate correction"
413,r_8d1e473e3647ca243f00,198,missing_source_id,info,Stable content-based record/location identifiers generated
414,r_8d1e473e3647ca243f00,198,missing_station_name,info,Name remains null; address is the display fallback
415,r_9ad53a2b811edf0b2a5f,199,missing_source_id,info,Stable content-based record/location identifiers generated
416,r_9ad53a2b811edf0b2a5f,199,missing_station_name,info,Name remains null; address is the display fallback
417,r_4d4977259bfc4309ea03,200,missing_source_id,info,Stable content-based record/location identifiers generated
418,r_4d4977259bfc4309ea03,200,missing_station_name,info,Name remains null; address is the display fallback
419,r_28386e35bfffc70afc83,201,missing_source_id,info,Stable content-based record/location identifiers generated
420,r_28386e35bfffc70afc83,201,missing_station_name,info,Name remains null; address is the display fallback
421,r_404ea7e220e0cce45593,202,missing_source_id,info,Stable content-based record/location identifiers generated
422,r_404ea7e220e0cce45593,202,missing_station_name,info,Name remains null; address is the display fallback
423,r_69debc6eaacfe23dd8d8,203,missing_source_id,info,Stable content-based record/location identifiers generated
424,r_69debc6eaacfe23dd8d8,203,missing_station_name,info,Name remains null; address is the display fallback
425,r_afa9762ee9377f32554d,204,missing_source_id,info,Stable content-based record/location identifiers generated
426,r_afa9762ee9377f32554d,204,missing_station_name,info,Name remains null; address is the display fallback
427,r_9bbf924a701ea8573a90,205,missing_source_id,info,Stable content-based record/location identifiers generated
428,r_9bbf924a701ea8573a90,205,missing_station_name,info,Name remains null; address is the display fallback
429,r_a4de5bbc963b745ed119,206,missing_source_id,info,Stable content-based record/location identifiers generated
430,r_a4de5bbc963b745ed119,206,missing_station_name,info,Name remains null; address is the display fallback
431,r_9ed4d7a5779ba5880875,207,missing_source_id,info,Stable content-based record/location identifiers generated
432,r_9ed4d7a5779ba5880875,207,missing_station_name,info,Name remains null; address is the display fallback
433,r_7abe53ad2a7c406a5e7b,208,operator_normalized,info,Ampol -> Ampol AmpCharge
434,r_7abe53ad2a7c406a5e7b,208,missing_source_id,info,Stable content-based record/location identifiers generated
435,r_7abe53ad2a7c406a5e7b,208,missing_station_name,info,Name remains null; address is the display fallback
436,r_23b5abe03e93774de97b,209,missing_source_id,info,Stable content-based record/location identifiers generated
437,r_23b5abe03e93774de97b,209,missing_station_name,info,Name remains null; address is the display fallback
438,r_c61348f52d045c66238c,210,missing_source_id,info,Stable content-based record/location identifiers generated
439,r_c61348f52d045c66238c,210,missing_station_name,info,Name remains null; address is the display fallback
440,r_2e037e5f1f32b3f55e67,211,missing_source_id,info,Stable content-based record/location identifiers generated
441,r_2e037e5f1f32b3f55e67,211,missing_station_name,info,Name remains null; address is the display fallback
442,r_fe1d9184313028881bd6,212,operator_normalized,info,BP -> BP Pulse (AU)
443,r_fe1d9184313028881bd6,212,missing_source_id,info,Stable content-based record/location identifiers generated
444,r_fe1d9184313028881bd6,212,missing_station_name,info,Name remains null; address is the display fallback
445,r_fbee875779ec716311ce,213,missing_source_id,info,Stable content-based record/location identifiers generated
446,r_fbee875779ec716311ce,213,missing_station_name,info,Name remains null; address is the display fallback
447,r_6454960446fdee23399e,214,missing_source_id,info,Stable content-based record/location identifiers generated
448,r_6454960446fdee23399e,214,missing_station_name,info,Name remains null; address is the display fallback
449,r_2eb1088d4d711b489ed7,215,missing_source_id,info,Stable content-based record/location identifiers generated
450,r_2eb1088d4d711b489ed7,215,missing_station_name,info,Name remains null; address is the display fallback
451,r_30c4868b9fef2b7494dd,216,missing_source_id,info,Stable content-based record/location identifiers generated
452,r_30c4868b9fef2b7494dd,216,missing_station_name,info,Name remains null; address is the display fallback
453,r_84de52950c87598dd45f,217,missing_source_id,info,Stable content-based record/location identifiers generated
454,r_84de52950c87598dd45f,217,missing_station_name,info,Name remains null; address is the display fallback
455,r_84de52950c87598dd45f,217,postcode_address_conflict,warning,"Source PCODE=2453, address postcode=2500; no automatic coordinate correction"
456,r_660d7444bd4f5a7cacb5,218,missing_source_id,info,Stable content-based record/location identifiers generated
457,r_660d7444bd4f5a7cacb5,218,missing_station_name,info,Name remains null; address is the display fallback
458,r_00d0a8b9a1471c4a209e,219,missing_source_id,info,Stable content-based record/location identifiers generated
459,r_00d0a8b9a1471c4a209e,219,missing_station_name,info,Name remains null; address is the display fallback
460,r_5dd6f3a102c3b0e4b5bc,220,missing_source_id,info,Stable content-based record/location identifiers generated
461,r_5dd6f3a102c3b0e4b5bc,220,missing_station_name,info,Name remains null; address is the display fallback
462,r_a3b9687eb574e2e47360,221,missing_source_id,info,Stable content-based record/location identifiers generated
463,r_a3b9687eb574e2e47360,221,missing_station_name,info,Name remains null; address is the display fallback
464,r_faacc305d47b7d73ddb0,222,missing_source_id,info,Stable content-based record/location identifiers generated
465,r_faacc305d47b7d73ddb0,222,missing_station_name,info,Name remains null; address is the display fallback
466,r_48599b2c4a029e5b1fee,223,missing_source_id,info,Stable content-based record/location identifiers generated
467,r_48599b2c4a029e5b1fee,223,missing_station_name,info,Name remains null; address is the display fallback
468,r_78349e0586ca664cd082,224,missing_source_id,info,Stable content-based record/location identifiers generated
469,r_78349e0586ca664cd082,224,missing_station_name,info,Name remains null; address is the display fallback
470,r_45f5e41fb9f63b1d2fe2,225,missing_source_id,info,Stable content-based record/location identifiers generated
471,r_45f5e41fb9f63b1d2fe2,225,missing_station_name,info,Name remains null; address is the display fallback
472,r_1e59f65ff126f6e02daf,226,missing_source_id,info,Stable content-based record/location identifiers generated
473,r_1e59f65ff126f6e02daf,226,missing_station_name,info,Name remains null; address is the display fallback
474,r_1e59f65ff126f6e02daf,226,postcode_address_conflict,warning,"Source PCODE=2360, address postcode=2825; no automatic coordinate correction"
475,r_39b1d65cfe08ccaaab00,227,missing_source_id,info,Stable content-based record/location identifiers generated
476,r_39b1d65cfe08ccaaab00,227,missing_station_name,info,Name remains null; address is the display fallback
477,r_246cd82e7e6fbfba6b11,228,missing_source_id,info,Stable content-based record/location identifiers generated
478,r_246cd82e7e6fbfba6b11,228,missing_station_name,info,Name remains null; address is the display fallback
479,r_bd6d444424b68c1e6391,229,missing_source_id,info,Stable content-based record/location identifiers generated
480,r_bd6d444424b68c1e6391,229,missing_station_name,info,Name remains null; address is the display fallback
481,r_53765a9021bbc40e294f,230,missing_source_id,info,Stable content-based record/location identifiers generated
482,r_53765a9021bbc40e294f,230,missing_station_name,info,Name remains null; address is the display fallback
483,r_e7832805fe32744b4d6e,231,missing_source_id,info,Stable content-based record/location identifiers generated
484,r_e7832805fe32744b4d6e,231,missing_station_name,info,Name remains null; address is the display fallback
485,r_346c30c8e989b8643f87,232,missing_source_id,info,Stable content-based record/location identifiers generated
486,r_346c30c8e989b8643f87,232,missing_station_name,info,Name remains null; address is the display fallback
487,r_9a6d9031186a9538f351,233,missing_source_id,info,Stable content-based record/location identifiers generated
488,r_9a6d9031186a9538f351,233,missing_station_name,info,Name remains null; address is the display fallback
489,r_987e543ae41cfc67fe93,234,missing_source_id,info,Stable content-based record/location identifiers generated
490,r_987e543ae41cfc67fe93,234,missing_station_name,info,Name remains null; address is the display fallback
491,r_c4a869a6db928fb7855d,235,missing_source_id,info,Stable content-based record/location identifiers generated
492,r_c4a869a6db928fb7855d,235,missing_station_name,info,Name remains null; address is the display fallback
493,r_eebb9c9f79692a9b73e3,236,missing_source_id,info,Stable content-based record/location identifiers generated
494,r_eebb9c9f79692a9b73e3,236,missing_station_name,info,Name remains null; address is the display fallback
495,r_653a213f7a6628ce0393,237,missing_source_id,info,Stable content-based record/location identifiers generated
496,r_653a213f7a6628ce0393,237,missing_station_name,info,Name remains null; address is the display fallback
497,r_6ae8ca0b0f862c340181,238,missing_source_id,info,Stable content-based record/location identifiers generated
498,r_6ae8ca0b0f862c340181,238,missing_station_name,info,Name remains null; address is the display fallback
499,r_d5d006249ab6eef760eb,239,missing_source_id,info,Stable content-based record/location identifiers generated
500,r_d5d006249ab6eef760eb,239,missing_station_name,info,Name remains null; address is the display fallback
501,r_6136dd7619a88f9e490d,240,missing_source_id,info,Stable content-based record/location identifiers generated
502,r_6136dd7619a88f9e490d,240,missing_station_name,info,Name remains null; address is the display fallback
503,r_6a5aa330f5c2e29577b1,241,missing_source_id,info,Stable content-based record/location identifiers generated
504,r_6a5aa330f5c2e29577b1,241,missing_station_name,info,Name remains null; address is the display fallback
505,r_6eb84a49f213e12ce1f6,242,missing_source_id,info,Stable content-based record/location identifiers generated
506,r_6eb84a49f213e12ce1f6,242,missing_station_name,info,Name remains null; address is the display fallback
507,r_7457c237a978b4823378,243,missing_source_id,info,Stable content-based record/location identifiers generated
508,r_7457c237a978b4823378,243,missing_station_name,info,Name remains null; address is the display fallback
509,r_a6c100ac154048c3330f,244,missing_source_id,info,Stable content-based record/location identifiers generated
510,r_a6c100ac154048c3330f,244,missing_station_name,info,Name remains null; address is the display fallback
511,r_d6b00f1fbe6796311624,245,missing_source_id,info,Stable content-based record/location identifiers generated
512,r_d6b00f1fbe6796311624,245,missing_station_name,info,Name remains null; address is the display fallback
513,r_3626c04dd545edd547d8,246,missing_source_id,info,Stable content-based record/location identifiers generated
514,r_3626c04dd545edd547d8,246,missing_station_name,info,Name remains null; address is the display fallback
515,r_32d59b740445f8165c15,247,missing_source_id,info,Stable content-based record/location identifiers generated
516,r_32d59b740445f8165c15,247,missing_station_name,info,Name remains null; address is the display fallback
517,r_10ef7638ff8d7711a0b1,248,missing_source_id,info,Stable content-based record/location identifiers generated
518,r_10ef7638ff8d7711a0b1,248,missing_station_name,info,Name remains null; address is the display fallback
519,r_d80b7b76a725e8be3701,249,missing_source_id,info,Stable content-based record/location identifiers generated
520,r_d80b7b76a725e8be3701,249,missing_station_name,info,Name remains null; address is the display fallback
521,r_8ddbe6ec060185e53c64,250,operator_normalized,info,BP -> BP Pulse (AU)
522,r_8ddbe6ec060185e53c64,250,missing_source_id,info,Stable content-based record/location identifiers generated
523,r_8ddbe6ec060185e53c64,250,missing_station_name,info,Name remains null; address is the display fallback
524,r_7cc1b4bdc435d349a817,251,missing_source_id,info,Stable content-based record/location identifiers generated
525,r_7cc1b4bdc435d349a817,251,missing_station_name,info,Name remains null; address is the display fallback
526,r_2e5c39b49d9fd14551f1,252,missing_source_id,info,Stable content-based record/location identifiers generated
527,r_2e5c39b49d9fd14551f1,252,missing_station_name,info,Name remains null; address is the display fallback
528,r_e2e377b7f52dea1f2297,253,missing_source_id,info,Stable content-based record/location identifiers generated
529,r_e2e377b7f52dea1f2297,253,missing_station_name,info,Name remains null; address is the display fallback
530,r_f0ae622b910f1f349b27,254,missing_source_id,info,Stable content-based record/location identifiers generated
531,r_f0ae622b910f1f349b27,254,missing_station_name,info,Name remains null; address is the display fallback
532,r_1f71d739635ebd813805,255,missing_source_id,info,Stable content-based record/location identifiers generated
533,r_1f71d739635ebd813805,255,missing_station_name,info,Name remains null; address is the display fallback
534,r_71abf872c785b31b2ae1,256,missing_source_id,info,Stable content-based record/location identifiers generated
535,r_71abf872c785b31b2ae1,256,missing_station_name,info,Name remains null; address is the display fallback
536,r_38581e521b174967b61b,257,operator_normalized,info,Ampol -> Ampol AmpCharge
537,r_38581e521b174967b61b,257,missing_source_id,info,Stable content-based record/location identifiers generated
538,r_38581e521b174967b61b,257,missing_station_name,info,Name remains null; address is the display fallback
539,r_864b6a4f555182ecd455,258,missing_source_id,info,Stable content-based record/location identifiers generated
540,r_864b6a4f555182ecd455,258,missing_station_name,info,Name remains null; address is the display fallback
541,r_fc2956c06687f3c1dedd,259,missing_source_id,info,Stable content-based record/location identifiers generated
542,r_fc2956c06687f3c1dedd,259,missing_station_name,info,Name remains null; address is the display fallback
543,r_df492194af32ea056c13,260,missing_source_id,info,Stable content-based record/location identifiers generated
544,r_df492194af32ea056c13,260,missing_station_name,info,Name remains null; address is the display fallback
545,r_3427af758823fe993845,261,missing_source_id,info,Stable content-based record/location identifiers generated
546,r_3427af758823fe993845,261,missing_station_name,info,Name remains null; address is the display fallback
547,r_ec44ecb370ce1eef32a0,262,missing_source_id,info,Stable content-based record/location identifiers generated
548,r_ec44ecb370ce1eef32a0,262,missing_station_name,info,Name remains null; address is the display fallback
549,r_46f9f190b9565d4c4b13,263,missing_source_id,info,Stable content-based record/location identifiers generated
550,r_46f9f190b9565d4c4b13,263,missing_station_name,info,Name remains null; address is the display fallback
551,r_c31d4f897c7d339c1810,264,missing_source_id,info,Stable content-based record/location identifiers generated
552,r_c31d4f897c7d339c1810,264,missing_station_name,info,Name remains null; address is the display fallback
553,r_61b3a2cc7ef9d362ed0b,265,missing_source_id,info,Stable content-based record/location identifiers generated
554,r_61b3a2cc7ef9d362ed0b,265,missing_station_name,info,Name remains null; address is the display fallback
555,r_ba1f314ad9625c435b47,266,operator_normalized,info,BP -> BP Pulse (AU)
556,r_ba1f314ad9625c435b47,266,missing_source_id,info,Stable content-based record/location identifiers generated
557,r_ba1f314ad9625c435b47,266,missing_station_name,info,Name remains null; address is the display fallback
558,r_2192fe1f6739341bd221,267,missing_source_id,info,Stable content-based record/location identifiers generated
559,r_2192fe1f6739341bd221,267,missing_station_name,info,Name remains null; address is the display fallback
560,r_864796c1cc59b56d0b82,268,missing_source_id,info,Stable content-based record/location identifiers generated
561,r_864796c1cc59b56d0b82,268,missing_station_name,info,Name remains null; address is the display fallback
562,r_60b97c4f9fb8a1ee4fa2,269,missing_source_id,info,Stable content-based record/location identifiers generated
563,r_60b97c4f9fb8a1ee4fa2,269,missing_station_name,info,Name remains null; address is the display fallback
564,r_e527eda8f7481b4cf90d,270,missing_source_id,info,Stable content-based record/location identifiers generated
565,r_e527eda8f7481b4cf90d,270,missing_station_name,info,Name remains null; address is the display fallback
566,r_28b24e3f2d2651c23c12,271,missing_source_id,info,Stable content-based record/location identifiers generated
567,r_28b24e3f2d2651c23c12,271,missing_station_name,info,Name remains null; address is the display fallback
568,r_17d899087b9ab610a561,272,missing_source_id,info,Stable content-based record/location identifiers generated
569,r_17d899087b9ab610a561,272,missing_station_name,info,Name remains null; address is the display fallback
570,r_edd287a7aa35c2ed973f,273,missing_source_id,info,Stable content-based record/location identifiers generated
571,r_edd287a7aa35c2ed973f,273,missing_station_name,info,Name remains null; address is the display fallback
572,r_e0b60689b788292446f1,274,missing_source_id,info,Stable content-based record/location identifiers generated
573,r_e0b60689b788292446f1,274,missing_station_name,info,Name remains null; address is the display fallback
574,r_8bf583700806c0b16241,275,missing_source_id,info,Stable content-based record/location identifiers generated
575,r_8bf583700806c0b16241,275,missing_station_name,info,Name remains null; address is the display fallback
576,r_7eb2bd5677cdea9563ac,276,missing_source_id,info,Stable content-based record/location identifiers generated
577,r_7eb2bd5677cdea9563ac,276,missing_station_name,info,Name remains null; address is the display fallback
578,r_b39ba95d037afb68fca6,277,missing_source_id,info,Stable content-based record/location identifiers generated
579,r_b39ba95d037afb68fca6,277,missing_station_name,info,Name remains null; address is the display fallback
580,r_110fcb8f8b75197d8659,278,missing_source_id,info,Stable content-based record/location identifiers generated
581,r_110fcb8f8b75197d8659,278,missing_station_name,info,Name remains null; address is the display fallback
582,r_0152e21bbeb1e0236ca2,279,missing_source_id,info,Stable content-based record/location identifiers generated
583,r_0152e21bbeb1e0236ca2,279,missing_station_name,info,Name remains null; address is the display fallback
584,r_7e91aa97463eb90f9837,280,missing_source_id,info,Stable content-based record/location identifiers generated
585,r_7e91aa97463eb90f9837,280,missing_station_name,info,Name remains null; address is the display fallback
586,r_abd20fa970b39839ed2b,281,missing_source_id,info,Stable content-based record/location identifiers generated
587,r_abd20fa970b39839ed2b,281,missing_station_name,info,Name remains null; address is the display fallback
588,r_e79a523b062e38befdba,282,missing_source_id,info,Stable content-based record/location identifiers generated
589,r_e79a523b062e38befdba,282,missing_station_name,info,Name remains null; address is the display fallback
590,r_38b3830261daa327cff0,283,missing_source_id,info,Stable content-based record/location identifiers generated
591,r_38b3830261daa327cff0,283,missing_station_name,info,Name remains null; address is the display fallback
592,r_f1ad4970f1ec3badffd3,284,missing_source_id,info,Stable content-based record/location identifiers generated
593,r_f1ad4970f1ec3badffd3,284,missing_station_name,info,Name remains null; address is the display fallback
594,r_41a2a25dc84fe0276323,285,missing_source_id,info,Stable content-based record/location identifiers generated
595,r_41a2a25dc84fe0276323,285,missing_station_name,info,Name remains null; address is the display fallback
596,r_e8c43c66a46bf766e3e1,286,missing_source_id,info,Stable content-based record/location identifiers generated
597,r_e8c43c66a46bf766e3e1,286,missing_station_name,info,Name remains null; address is the display fallback
598,r_54ff2dc1d2c06488f610,287,missing_source_id,info,Stable content-based record/location identifiers generated
599,r_54ff2dc1d2c06488f610,287,missing_station_name,info,Name remains null; address is the display fallback
600,r_b2a2b3879cab63daf923,288,missing_source_id,info,Stable content-based record/location identifiers generated
601,r_b2a2b3879cab63daf923,288,missing_station_name,info,Name remains null; address is the display fallback
602,r_7516435bb8f765735fd6,289,missing_source_id,info,Stable content-based record/location identifiers generated
603,r_7516435bb8f765735fd6,289,missing_station_name,info,Name remains null; address is the display fallback
604,r_9fbde67494fff708b92f,290,missing_source_id,info,Stable content-based record/location identifiers generated
605,r_9fbde67494fff708b92f,290,missing_station_name,info,Name remains null; address is the display fallback
606,r_28ad373530aa7b79eda5,291,missing_source_id,info,Stable content-based record/location identifiers generated
607,r_28ad373530aa7b79eda5,291,missing_station_name,info,Name remains null; address is the display fallback
608,r_e1bd8f40df1408672f35,292,missing_source_id,info,Stable content-based record/location identifiers generated
609,r_e1bd8f40df1408672f35,292,missing_station_name,info,Name remains null; address is the display fallback
610,r_7416a3306438e39aae66,293,missing_source_id,info,Stable content-based record/location identifiers generated
611,r_7416a3306438e39aae66,293,missing_station_name,info,Name remains null; address is the display fallback
612,r_b8f52cfc1edf35d68b54,294,missing_source_id,info,Stable content-based record/location identifiers generated
613,r_b8f52cfc1edf35d68b54,294,missing_station_name,info,Name remains null; address is the display fallback
614,r_88ab30876d8101836323,295,missing_source_id,info,Stable content-based record/location identifiers generated
615,r_88ab30876d8101836323,295,missing_station_name,info,Name remains null; address is the display fallback
616,r_88ab30876d8101836323,295,postcode_normalized,info,NSW 2291 -> 2291
617,r_9df81c993db4d7b46efc,296,missing_source_id,info,Stable content-based record/location identifiers generated
618,r_9df81c993db4d7b46efc,296,missing_station_name,info,Name remains null; address is the display fallback
619,r_0d8a0f85369ce0e55101,297,missing_source_id,info,Stable content-based record/location identifiers generated
620,r_0d8a0f85369ce0e55101,297,missing_station_name,info,Name remains null; address is the display fallback
621,r_4b1f7daac9011a35ef93,298,missing_source_id,info,Stable content-based record/location identifiers generated
622,r_4b1f7daac9011a35ef93,298,missing_station_name,info,Name remains null; address is the display fallback
623,r_7429d08562545595afb4,299,missing_source_id,info,Stable content-based record/location identifiers generated
624,r_7429d08562545595afb4,299,missing_station_name,info,Name remains null; address is the display fallback
625,r_4e074c645b504a52d872,300,missing_source_id,info,Stable content-based record/location identifiers generated
626,r_4e074c645b504a52d872,300,missing_station_name,info,Name remains null; address is the display fallback
627,r_1433ecb3711f0acd798d,301,missing_source_id,info,Stable content-based record/location identifiers generated
628,r_1433ecb3711f0acd798d,301,missing_station_name,info,Name remains null; address is the display fallback
629,r_713305eefcf940230870,302,missing_source_id,info,Stable content-based record/location identifiers generated
630,r_713305eefcf940230870,302,missing_station_name,info,Name remains null; address is the display fallback
631,r_58d7a632f7661b7e254d,303,missing_source_id,info,Stable content-based record/location identifiers generated
632,r_58d7a632f7661b7e254d,303,missing_station_name,info,Name remains null; address is the display fallback
633,r_595c611edd3ac049dc86,304,missing_source_id,info,Stable content-based record/location identifiers generated
634,r_595c611edd3ac049dc86,304,missing_station_name,info,Name remains null; address is the display fallback
635,r_351c66cbd3d708b90029,305,missing_source_id,info,Stable content-based record/location identifiers generated
636,r_351c66cbd3d708b90029,305,missing_station_name,info,Name remains null; address is the display fallback
637,r_a32b1ee5068688433d19,306,missing_source_id,info,Stable content-based record/location identifiers generated
638,r_a32b1ee5068688433d19,306,missing_station_name,info,Name remains null; address is the display fallback
639,r_27050b90342f57630636,307,missing_source_id,info,Stable content-based record/location identifiers generated
640,r_27050b90342f57630636,307,missing_station_name,info,Name remains null; address is the display fallback
641,r_130dda238e2cdc981c4c,308,missing_source_id,info,Stable content-based record/location identifiers generated
642,r_130dda238e2cdc981c4c,308,missing_station_name,info,Name remains null; address is the display fallback
643,r_ba52c48e464b492f4bf0,309,missing_source_id,info,Stable content-based record/location identifiers generated
644,r_ba52c48e464b492f4bf0,309,missing_station_name,info,Name remains null; address is the display fallback
645,r_9aae88d834f1e4cc40a9,310,missing_source_id,info,Stable content-based record/location identifiers generated
646,r_9aae88d834f1e4cc40a9,310,missing_station_name,info,Name remains null; address is the display fallback
647,r_d96d1728058344b0d100,311,missing_source_id,info,Stable content-based record/location identifiers generated
648,r_d96d1728058344b0d100,311,missing_station_name,info,Name remains null; address is the display fallback
649,r_95d135517767ef115228,312,missing_source_id,info,Stable content-based record/location identifiers generated
650,r_95d135517767ef115228,312,missing_station_name,info,Name remains null; address is the display fallback
651,r_0f636989aa9861955e6c,313,operator_normalized,info,Ampol -> Ampol AmpCharge
652,r_0f636989aa9861955e6c,313,missing_source_id,info,Stable content-based record/location identifiers generated
653,r_0f636989aa9861955e6c,313,missing_station_name,info,Name remains null; address is the display fallback
654,r_627263be2273344da021,314,missing_source_id,info,Stable content-based record/location identifiers generated
655,r_627263be2273344da021,314,missing_station_name,info,Name remains null; address is the display fallback
656,r_8782a733fa536b49470d,315,missing_source_id,info,Stable content-based record/location identifiers generated
657,r_8782a733fa536b49470d,315,missing_station_name,info,Name remains null; address is the display fallback
658,r_40bfe7c0e25268e928da,316,missing_source_id,info,Stable content-based record/location identifiers generated
659,r_40bfe7c0e25268e928da,316,missing_station_name,info,Name remains null; address is the display fallback
660,r_0216bb139cdae127d300,317,missing_source_id,info,Stable content-based record/location identifiers generated
661,r_0216bb139cdae127d300,317,missing_station_name,info,Name remains null; address is the display fallback
662,r_82530bb24dbd073937fc,318,missing_source_id,info,Stable content-based record/location identifiers generated
663,r_82530bb24dbd073937fc,318,missing_station_name,info,Name remains null; address is the display fallback
664,r_68501f9588271116c352,319,missing_source_id,info,Stable content-based record/location identifiers generated
665,r_68501f9588271116c352,319,missing_station_name,info,Name remains null; address is the display fallback
666,r_ccda44b34ff78ab2498e,320,missing_source_id,info,Stable content-based record/location identifiers generated
667,r_ccda44b34ff78ab2498e,320,missing_station_name,info,Name remains null; address is the display fallback
668,r_8a82826ad87639944cac,321,missing_source_id,info,Stable content-based record/location identifiers generated
669,r_8a82826ad87639944cac,321,missing_station_name,info,Name remains null; address is the display fallback
670,r_d702d179bee39be90a56,322,missing_source_id,info,Stable content-based record/location identifiers generated
671,r_d702d179bee39be90a56,322,missing_station_name,info,Name remains null; address is the display fallback
672,r_2ba243dc829ebb0c1191,323,missing_source_id,info,Stable content-based record/location identifiers generated
673,r_2ba243dc829ebb0c1191,323,missing_station_name,info,Name remains null; address is the display fallback
674,r_0aa8a30891c4785ba881,324,operator_normalized,info,Ampol -> Ampol AmpCharge
675,r_0aa8a30891c4785ba881,324,missing_source_id,info,Stable content-based record/location identifiers generated
676,r_0aa8a30891c4785ba881,324,missing_station_name,info,Name remains null; address is the display fallback
677,r_0c6f916d928d2d873c57,325,missing_source_id,info,Stable content-based record/location identifiers generated
678,r_0c6f916d928d2d873c57,325,missing_station_name,info,Name remains null; address is the display fallback
679,r_68e96d77ffb4fce920a7,326,missing_source_id,info,Stable content-based record/location identifiers generated
680,r_68e96d77ffb4fce920a7,326,missing_station_name,info,Name remains null; address is the display fallback
681,r_7f187fc971b0c2497f4b,327,missing_source_id,info,Stable content-based record/location identifiers generated
682,r_7f187fc971b0c2497f4b,327,missing_station_name,info,Name remains null; address is the display fallback
683,r_9cee60c34d8a8af6dc0b,328,missing_source_id,info,Stable content-based record/location identifiers generated
684,r_9cee60c34d8a8af6dc0b,328,missing_station_name,info,Name remains null; address is the display fallback
685,r_f2f4a8c9ee7f96a1594e,329,missing_source_id,info,Stable content-based record/location identifiers generated
686,r_f2f4a8c9ee7f96a1594e,329,missing_station_name,info,Name remains null; address is the display fallback
687,r_c78c8f758d2c01a9df3a,330,missing_source_id,info,Stable content-based record/location identifiers generated
688,r_c78c8f758d2c01a9df3a,330,missing_station_name,info,Name remains null; address is the display fallback
689,r_c8d67f89eab319cefa22,331,missing_source_id,info,Stable content-based record/location identifiers generated
690,r_c8d67f89eab319cefa22,331,missing_station_name,info,Name remains null; address is the display fallback
691,r_85bb46ee0c42409265b7,332,missing_source_id,info,Stable content-based record/location identifiers generated
692,r_85bb46ee0c42409265b7,332,missing_station_name,info,Name remains null; address is the display fallback
693,r_a9b0f414081b11190ea1,333,missing_source_id,info,Stable content-based record/location identifiers generated
694,r_a9b0f414081b11190ea1,333,missing_station_name,info,Name remains null; address is the display fallback
695,r_a9b0f414081b11190ea1,333,postcode_address_conflict,warning,"Source PCODE=2614, address postcode=2750; no automatic coordinate correction"
696,r_391002acea3b70877d26,334,missing_source_id,info,Stable content-based record/location identifiers generated
697,r_391002acea3b70877d26,334,missing_station_name,info,Name remains null; address is the display fallback
698,r_566dd46149f69af310d1,335,operator_normalized,info,BP -> BP Pulse (AU)
699,r_566dd46149f69af310d1,335,missing_source_id,info,Stable content-based record/location identifiers generated
700,r_566dd46149f69af310d1,335,missing_station_name,info,Name remains null; address is the display fallback
701,r_3bbe659348dc09c06f19,336,missing_source_id,info,Stable content-based record/location identifiers generated
702,r_3bbe659348dc09c06f19,336,missing_station_name,info,Name remains null; address is the display fallback
703,r_0009efcd96b4cf32f684,337,missing_source_id,info,Stable content-based record/location identifiers generated
704,r_0009efcd96b4cf32f684,337,missing_station_name,info,Name remains null; address is the display fallback
705,r_731091374d3db6402410,338,missing_source_id,info,Stable content-based record/location identifiers generated
706,r_731091374d3db6402410,338,missing_station_name,info,Name remains null; address is the display fallback
707,r_3412de58c3974a4a9451,339,missing_source_id,info,Stable content-based record/location identifiers generated
708,r_3412de58c3974a4a9451,339,missing_station_name,info,Name remains null; address is the display fallback
709,r_7888bd4e54001b938f43,340,missing_source_id,info,Stable content-based record/location identifiers generated
710,r_7888bd4e54001b938f43,340,missing_station_name,info,Name remains null; address is the display fallback
711,r_a6fe3a177488dd30f390,341,missing_source_id,info,Stable content-based record/location identifiers generated
712,r_a6fe3a177488dd30f390,341,missing_station_name,info,Name remains null; address is the display fallback
713,r_76afe61ff0536e488819,342,missing_source_id,info,Stable content-based record/location identifiers generated
714,r_76afe61ff0536e488819,342,missing_station_name,info,Name remains null; address is the display fallback
715,r_98d234f19aff794ce42b,343,missing_source_id,info,Stable content-based record/location identifiers generated
716,r_98d234f19aff794ce42b,343,missing_station_name,info,Name remains null; address is the display fallback
717,r_cf43c5a129de64bbcfe6,344,missing_source_id,info,Stable content-based record/location identifiers generated
718,r_cf43c5a129de64bbcfe6,344,missing_station_name,info,Name remains null; address is the display fallback
719,r_4e0d27f1305a19f019f2,345,missing_source_id,info,Stable content-based record/location identifiers generated
720,r_4e0d27f1305a19f019f2,345,missing_station_name,info,Name remains null; address is the display fallback
721,r_cf30a101d9e05ef71fb4,346,missing_source_id,info,Stable content-based record/location identifiers generated
722,r_cf30a101d9e05ef71fb4,346,missing_station_name,info,Name remains null; address is the display fallback
723,r_8b295098ccc40dd8c273,347,missing_source_id,info,Stable content-based record/location identifiers generated
724,r_8b295098ccc40dd8c273,347,missing_station_name,info,Name remains null; address is the display fallback
725,r_bb5c24d0e17857d5744e,348,missing_source_id,info,Stable content-based record/location identifiers generated
726,r_bb5c24d0e17857d5744e,348,missing_station_name,info,Name remains null; address is the display fallback
727,r_d33cf3e433c88a0479b5,349,missing_source_id,info,Stable content-based record/location identifiers generated
728,r_d33cf3e433c88a0479b5,349,missing_station_name,info,Name remains null; address is the display fallback
729,r_5789ce92bcffa79aaa27,350,missing_source_id,info,Stable content-based record/location identifiers generated
730,r_5789ce92bcffa79aaa27,350,missing_station_name,info,Name remains null; address is the display fallback
731,r_929e653c8a2ea0b2bd47,351,missing_source_id,info,Stable content-based record/location identifiers generated
732,r_929e653c8a2ea0b2bd47,351,missing_station_name,info,Name remains null; address is the display fallback
733,r_4a2316e3fd259ed1f755,352,missing_source_id,info,Stable content-based record/location identifiers generated
734,r_4a2316e3fd259ed1f755,352,missing_station_name,info,Name remains null; address is the display fallback
735,r_a2720457fb04c4750a4b,353,operator_normalized,info,BP -> BP Pulse (AU)
736,r_a2720457fb04c4750a4b,353,missing_source_id,info,Stable content-based record/location identifiers generated
737,r_a2720457fb04c4750a4b,353,missing_station_name,info,Name remains null; address is the display fallback
738,r_64ce8b2d55608af53e78,354,missing_source_id,info,Stable content-based record/location identifiers generated
739,r_64ce8b2d55608af53e78,354,missing_station_name,info,Name remains null; address is the display fallback
740,r_12d531c151f7c3583a68,355,missing_source_id,info,Stable content-based record/location identifiers generated
741,r_12d531c151f7c3583a68,355,missing_station_name,info,Name remains null; address is the display fallback
742,r_ca56c01b7c12e9a166e4,356,missing_source_id,info,Stable content-based record/location identifiers generated
743,r_ca56c01b7c12e9a166e4,356,missing_station_name,info,Name remains null; address is the display fallback
744,r_9b21ffb1bc35f26a4fd4,357,missing_source_id,info,Stable content-based record/location identifiers generated
745,r_9b21ffb1bc35f26a4fd4,357,missing_station_name,info,Name remains null; address is the display fallback
746,r_b5882b4bce7323a5a308,358,missing_source_id,info,Stable content-based record/location identifiers generated
747,r_b5882b4bce7323a5a308,358,missing_station_name,info,Name remains null; address is the display fallback
748,r_6d1f893c6c45fc248fd1,359,missing_source_id,info,Stable content-based record/location identifiers generated
749,r_6d1f893c6c45fc248fd1,359,missing_station_name,info,Name remains null; address is the display fallback
750,r_69c4a989b5904edf24d7,360,missing_source_id,info,Stable content-based record/location identifiers generated
751,r_69c4a989b5904edf24d7,360,missing_station_name,info,Name remains null; address is the display fallback
752,r_45ecad6be12cb2462b70,361,missing_source_id,info,Stable content-based record/location identifiers generated
753,r_45ecad6be12cb2462b70,361,missing_station_name,info,Name remains null; address is the display fallback
754,r_82be99feac523f5a71d1,362,missing_source_id,info,Stable content-based record/location identifiers generated
755,r_82be99feac523f5a71d1,362,missing_station_name,info,Name remains null; address is the display fallback
756,r_7277cdddcc3dd6318671,363,missing_source_id,info,Stable content-based record/location identifiers generated
757,r_7277cdddcc3dd6318671,363,missing_station_name,info,Name remains null; address is the display fallback
758,r_05e90d3e8621c8dcfd53,364,missing_source_id,info,Stable content-based record/location identifiers generated
759,r_05e90d3e8621c8dcfd53,364,missing_station_name,info,Name remains null; address is the display fallback
760,r_f6f2918b8dfddf479e60,365,operator_normalized,info,BP -> BP Pulse (AU)
761,r_f6f2918b8dfddf479e60,365,missing_source_id,info,Stable content-based record/location identifiers generated
762,r_f6f2918b8dfddf479e60,365,missing_station_name,info,Name remains null; address is the display fallback
763,r_0e91802ba272795143de,366,missing_source_id,info,Stable content-based record/location identifiers generated
764,r_0e91802ba272795143de,366,missing_station_name,info,Name remains null; address is the display fallback
765,r_5b4c520fc7fe46dc51c1,367,missing_source_id,info,Stable content-based record/location identifiers generated
766,r_5b4c520fc7fe46dc51c1,367,missing_station_name,info,Name remains null; address is the display fallback
767,r_022d4c459b2e698046cb,368,missing_source_id,info,Stable content-based record/location identifiers generated
768,r_022d4c459b2e698046cb,368,missing_station_name,info,Name remains null; address is the display fallback
769,r_d20855715b67a06babf6,369,missing_source_id,info,Stable content-based record/location identifiers generated
770,r_d20855715b67a06babf6,369,missing_station_name,info,Name remains null; address is the display fallback
771,r_d20855715b67a06babf6,369,postcode_normalized,info,NSW 2481 -> 2481
772,r_12bf25dd8a598ff8859f,370,missing_source_id,info,Stable content-based record/location identifiers generated
773,r_12bf25dd8a598ff8859f,370,missing_station_name,info,Name remains null; address is the display fallback
774,r_12d0619c272253466bfd,371,missing_source_id,info,Stable content-based record/location identifiers generated
775,r_12d0619c272253466bfd,371,missing_station_name,info,Name remains null; address is the display fallback
776,r_06041637c81a82aa0fbd,372,missing_source_id,info,Stable content-based record/location identifiers generated
777,r_06041637c81a82aa0fbd,372,missing_station_name,info,Name remains null; address is the display fallback
778,r_eb2231d890e18eb7d58f,373,missing_source_id,info,Stable content-based record/location identifiers generated
779,r_eb2231d890e18eb7d58f,373,missing_station_name,info,Name remains null; address is the display fallback
780,r_949e0020faa4650566aa,374,missing_source_id,info,Stable content-based record/location identifiers generated
781,r_949e0020faa4650566aa,374,missing_station_name,info,Name remains null; address is the display fallback
782,r_e07890500ed8f079d0f7,375,missing_source_id,info,Stable content-based record/location identifiers generated
783,r_e07890500ed8f079d0f7,375,missing_station_name,info,Name remains null; address is the display fallback
784,r_e882e8b1a7ae0bfff531,376,missing_source_id,info,Stable content-based record/location identifiers generated
785,r_e882e8b1a7ae0bfff531,376,missing_station_name,info,Name remains null; address is the display fallback
786,r_93555053e98583156253,377,missing_source_id,info,Stable content-based record/location identifiers generated
787,r_93555053e98583156253,377,missing_station_name,info,Name remains null; address is the display fallback
788,r_23ff0217ca5d1a1b6856,378,missing_source_id,info,Stable content-based record/location identifiers generated
789,r_23ff0217ca5d1a1b6856,378,missing_station_name,info,Name remains null; address is the display fallback
790,r_d4f3136fcab4d3401406,379,missing_source_id,info,Stable content-based record/location identifiers generated
791,r_d4f3136fcab4d3401406,379,missing_station_name,info,Name remains null; address is the display fallback
792,r_1f8b175f54b73f63a5fb,380,missing_source_id,info,Stable content-based record/location identifiers generated
793,r_1f8b175f54b73f63a5fb,380,missing_station_name,info,Name remains null; address is the display fallback
794,r_1f8b175f54b73f63a5fb,380,postcode_address_conflict,warning,"Source PCODE=2337, address postcode=2832; no automatic coordinate correction"
795,r_dfc2daaa3d89b6e5ff6c,381,missing_source_id,info,Stable content-based record/location identifiers generated
796,r_dfc2daaa3d89b6e5ff6c,381,missing_station_name,info,Name remains null; address is the display fallback
797,r_4b45f32881cec57ab314,382,missing_source_id,info,Stable content-based record/location identifiers generated
798,r_4b45f32881cec57ab314,382,missing_station_name,info,Name remains null; address is the display fallback
799,r_2ba3c507be9d7696f5d3,383,missing_source_id,info,Stable content-based record/location identifiers generated
800,r_2ba3c507be9d7696f5d3,383,missing_station_name,info,Name remains null; address is the display fallback
801,r_e5a1776d08d102dbf6c0,384,missing_source_id,info,Stable content-based record/location identifiers generated
802,r_e5a1776d08d102dbf6c0,384,missing_station_name,info,Name remains null; address is the display fallback
803,r_ba43fcbb7b3949c6369c,385,missing_source_id,info,Stable content-based record/location identifiers generated
804,r_ba43fcbb7b3949c6369c,385,missing_station_name,info,Name remains null; address is the display fallback
805,r_76eb89a1718e74920522,386,missing_source_id,info,Stable content-based record/location identifiers generated
806,r_76eb89a1718e74920522,386,missing_station_name,info,Name remains null; address is the display fallback
807,r_d14f0ac2dba8d725f0fc,387,missing_source_id,info,Stable content-based record/location identifiers generated
808,r_d14f0ac2dba8d725f0fc,387,missing_station_name,info,Name remains null; address is the display fallback
809,r_bf51a29fbc5cf75eee93,388,missing_source_id,info,Stable content-based record/location identifiers generated
810,r_bf51a29fbc5cf75eee93,388,missing_station_name,info,Name remains null; address is the display fallback
811,r_e22d82d8b251b4921e92,389,missing_source_id,info,Stable content-based record/location identifiers generated
812,r_e22d82d8b251b4921e92,389,missing_station_name,info,Name remains null; address is the display fallback
813,r_87d9938da8328a097235,390,missing_source_id,info,Stable content-based record/location identifiers generated
814,r_87d9938da8328a097235,390,missing_station_name,info,Name remains null; address is the display fallback
815,r_df31b638733671385237,391,missing_source_id,info,Stable content-based record/location identifiers generated
816,r_df31b638733671385237,391,missing_station_name,info,Name remains null; address is the display fallback
817,r_9cf13163d5feccde6436,392,missing_source_id,info,Stable content-based record/location identifiers generated
818,r_9cf13163d5feccde6436,392,missing_station_name,info,Name remains null; address is the display fallback
819,r_9fcdf480121523fb62c5,393,missing_source_id,info,Stable content-based record/location identifiers generated
820,r_9fcdf480121523fb62c5,393,missing_station_name,info,Name remains null; address is the display fallback
821,r_61f09ad730952e94e213,394,missing_source_id,info,Stable content-based record/location identifiers generated
822,r_61f09ad730952e94e213,394,missing_station_name,info,Name remains null; address is the display fallback
823,r_78d9a81044a26cf7b6de,395,missing_source_id,info,Stable content-based record/location identifiers generated
824,r_78d9a81044a26cf7b6de,395,missing_station_name,info,Name remains null; address is the display fallback
825,r_78d9a81044a26cf7b6de,395,postcode_address_conflict,warning,"Source PCODE=2716, address postcode=2400; no automatic coordinate correction"
826,r_cdc61cdee1853f89781f,396,missing_source_id,info,Stable content-based record/location identifiers generated
827,r_cdc61cdee1853f89781f,396,missing_station_name,info,Name remains null; address is the display fallback
828,r_b0aa0f70a9f94137ef18,397,missing_source_id,info,Stable content-based record/location identifiers generated
829,r_b0aa0f70a9f94137ef18,397,missing_station_name,info,Name remains null; address is the display fallback
830,r_82ed7fb0b822ab0d926f,398,missing_source_id,info,Stable content-based record/location identifiers generated
831,r_82ed7fb0b822ab0d926f,398,missing_station_name,info,Name remains null; address is the display fallback
832,r_051951c0d0f21e6a41c5,399,missing_source_id,info,Stable content-based record/location identifiers generated
833,r_051951c0d0f21e6a41c5,399,missing_station_name,info,Name remains null; address is the display fallback
834,r_77225cd7f61eae023780,400,missing_source_id,info,Stable content-based record/location identifiers generated
835,r_77225cd7f61eae023780,400,missing_station_name,info,Name remains null; address is the display fallback
836,r_ad64f47afe8620768041,401,missing_source_id,info,Stable content-based record/location identifiers generated
837,r_ad64f47afe8620768041,401,missing_station_name,info,Name remains null; address is the display fallback
838,r_14d7c6a03df9f23d51c7,402,missing_source_id,info,Stable content-based record/location identifiers generated
839,r_14d7c6a03df9f23d51c7,402,missing_station_name,info,Name remains null; address is the display fallback
840,r_83abb88eae42317e0c90,403,missing_source_id,info,Stable content-based record/location identifiers generated
841,r_83abb88eae42317e0c90,403,missing_station_name,info,Name remains null; address is the display fallback
842,r_6acdc966016c855be4b0,404,missing_source_id,info,Stable content-based record/location identifiers generated
843,r_6acdc966016c855be4b0,404,missing_station_name,info,Name remains null; address is the display fallback
844,r_8d8b7e57ee6e6fa43ac4,405,missing_source_id,info,Stable content-based record/location identifiers generated
845,r_8d8b7e57ee6e6fa43ac4,405,missing_station_name,info,Name remains null; address is the display fallback
846,r_f4f0b7d88d7196917461,406,missing_source_id,info,Stable content-based record/location identifiers generated
847,r_f4f0b7d88d7196917461,406,missing_station_name,info,Name remains null; address is the display fallback
848,r_503d9d6deb39ad3a8802,407,missing_source_id,info,Stable content-based record/location identifiers generated
849,r_503d9d6deb39ad3a8802,407,missing_station_name,info,Name remains null; address is the display fallback
850,r_f6113899b5b8d516abc3,408,missing_source_id,info,Stable content-based record/location identifiers generated
851,r_f6113899b5b8d516abc3,408,missing_station_name,info,Name remains null; address is the display fallback
852,r_51e320cba501c7dabfff,409,missing_source_id,info,Stable content-based record/location identifiers generated
853,r_51e320cba501c7dabfff,409,missing_station_name,info,Name remains null; address is the display fallback
854,r_fa1c75feffb22cc5811f,410,missing_source_id,info,Stable content-based record/location identifiers generated
855,r_fa1c75feffb22cc5811f,410,missing_station_name,info,Name remains null; address is the display fallback
856,r_f03b7b2e315d40a2b906,411,missing_source_id,info,Stable content-based record/location identifiers generated
857,r_f03b7b2e315d40a2b906,411,missing_station_name,info,Name remains null; address is the display fallback
858,r_53ac1fbcfc4653a95e51,412,missing_source_id,info,Stable content-based record/location identifiers generated
859,r_53ac1fbcfc4653a95e51,412,missing_station_name,info,Name remains null; address is the display fallback
860,r_06d4edf67ba2a2e9e95e,413,missing_source_id,info,Stable content-based record/location identifiers generated
861,r_06d4edf67ba2a2e9e95e,413,missing_station_name,info,Name remains null; address is the display fallback
862,r_96bc6da2c857fb5780b0,414,missing_source_id,info,Stable content-based record/location identifiers generated
863,r_96bc6da2c857fb5780b0,414,missing_station_name,info,Name remains null; address is the display fallback
864,r_8220665852feb533be97,415,missing_source_id,info,Stable content-based record/location identifiers generated
865,r_8220665852feb533be97,415,missing_station_name,info,Name remains null; address is the display fallback
866,r_08743a63dd11ebddcd87,416,missing_source_id,info,Stable content-based record/location identifiers generated
867,r_08743a63dd11ebddcd87,416,power_unavailable,warning,Preserved unparseable rating: AC
868,r_f321d7cb9ca9578d1718,417,missing_source_id,info,Stable content-based record/location identifiers generated
869,r_f321d7cb9ca9578d1718,417,missing_station_name,info,Name remains null; address is the display fallback
870,r_f321d7cb9ca9578d1718,417,postcode_address_conflict,warning,"Source PCODE=2840, address postcode=2835; no automatic coordinate correction"
871,r_6a1eb5f8a3432d643ceb,418,missing_source_id,info,Stable content-based record/location identifiers generated
872,r_6a1eb5f8a3432d643ceb,418,missing_station_name,info,Name remains null; address is the display fallback
873,r_7a3363a83e17b691ce90,419,missing_source_id,info,Stable content-based record/location identifiers generated
874,r_7a3363a83e17b691ce90,419,missing_station_name,info,Name remains null; address is the display fallback
875,r_7b6b5967a34139106c19,420,missing_source_id,info,Stable content-based record/location identifiers generated
876,r_7b6b5967a34139106c19,420,missing_station_name,info,Name remains null; address is the display fallback
877,r_ef6e305a531a88949222,421,missing_source_id,info,Stable content-based record/location identifiers generated
878,r_ef6e305a531a88949222,421,missing_station_name,info,Name remains null; address is the display fallback
879,r_54984b72f9c24952867a,422,missing_source_id,info,Stable content-based record/location identifiers generated
880,r_54984b72f9c24952867a,422,missing_station_name,info,Name remains null; address is the display fallback
881,r_17112a59aa9f73aa8a21,423,missing_source_id,info,Stable content-based record/location identifiers generated
882,r_17112a59aa9f73aa8a21,423,missing_station_name,info,Name remains null; address is the display fallback
883,r_cd90f63c485a95b5b7fb,424,missing_source_id,info,Stable content-based record/location identifiers generated
884,r_cd90f63c485a95b5b7fb,424,missing_station_name,info,Name remains null; address is the display fallback
885,r_f34175c603ccb5192437,425,missing_source_id,info,Stable content-based record/location identifiers generated
886,r_f34175c603ccb5192437,425,missing_station_name,info,Name remains null; address is the display fallback
887,r_7fd323911e1958d03a2a,426,missing_source_id,info,Stable content-based record/location identifiers generated
888,r_7fd323911e1958d03a2a,426,missing_station_name,info,Name remains null; address is the display fallback
889,r_4dd50cbcae0b90b57793,427,missing_source_id,info,Stable content-based record/location identifiers generated
890,r_4dd50cbcae0b90b57793,427,missing_station_name,info,Name remains null; address is the display fallback
891,r_a4d8c34a8e5d5a5bfa2f,428,missing_source_id,info,Stable content-based record/location identifiers generated
892,r_a4d8c34a8e5d5a5bfa2f,428,missing_station_name,info,Name remains null; address is the display fallback
893,r_9464bde349b40c53fb57,429,missing_source_id,info,Stable content-based record/location identifiers generated
894,r_9464bde349b40c53fb57,429,missing_station_name,info,Name remains null; address is the display fallback
895,r_eea56a2baeed963201c0,430,missing_source_id,info,Stable content-based record/location identifiers generated
896,r_eea56a2baeed963201c0,430,missing_station_name,info,Name remains null; address is the display fallback
897,r_39e24ac1d651b7a87fa6,431,missing_source_id,info,Stable content-based record/location identifiers generated
898,r_39e24ac1d651b7a87fa6,431,missing_station_name,info,Name remains null; address is the display fallback
899,r_f519af4609b00b7378bd,432,missing_source_id,info,Stable content-based record/location identifiers generated
900,r_f519af4609b00b7378bd,432,missing_station_name,info,Name remains null; address is the display fallback
901,r_92086d80055d2edbcc43,433,missing_source_id,info,Stable content-based record/location identifiers generated
902,r_92086d80055d2edbcc43,433,missing_station_name,info,Name remains null; address is the display fallback
903,r_fc84c17c85d1bef32e18,434,missing_source_id,info,Stable content-based record/location identifiers generated
904,r_fc84c17c85d1bef32e18,434,missing_station_name,info,Name remains null; address is the display fallback
905,r_60371e6523961bda7c97,435,missing_source_id,info,Stable content-based record/location identifiers generated
906,r_60371e6523961bda7c97,435,missing_station_name,info,Name remains null; address is the display fallback
907,r_cff68163dd04dda4ac98,436,missing_source_id,info,Stable content-based record/location identifiers generated
908,r_cff68163dd04dda4ac98,436,missing_station_name,info,Name remains null; address is the display fallback
909,r_a0d27ff3a2a916b2dad8,437,missing_source_id,info,Stable content-based record/location identifiers generated
910,r_a0d27ff3a2a916b2dad8,437,missing_station_name,info,Name remains null; address is the display fallback
911,r_9feb3f04fd98ce6228df,438,missing_source_id,info,Stable content-based record/location identifiers generated
912,r_9feb3f04fd98ce6228df,438,missing_station_name,info,Name remains null; address is the display fallback
913,r_dcd0146f4d4ef29a24ee,439,missing_source_id,info,Stable content-based record/location identifiers generated
914,r_dcd0146f4d4ef29a24ee,439,missing_station_name,info,Name remains null; address is the display fallback
915,r_6935459e3dbea9f8627a,440,missing_source_id,info,Stable content-based record/location identifiers generated
916,r_6935459e3dbea9f8627a,440,missing_station_name,info,Name remains null; address is the display fallback
917,r_2d5d477805a014689030,441,missing_source_id,info,Stable content-based record/location identifiers generated
918,r_2d5d477805a014689030,441,missing_station_name,info,Name remains null; address is the display fallback
919,r_44e562be269c3140b7f0,442,missing_source_id,info,Stable content-based record/location identifiers generated
920,r_44e562be269c3140b7f0,442,missing_station_name,info,Name remains null; address is the display fallback
921,r_b818417d0b94582ffa07,443,missing_source_id,info,Stable content-based record/location identifiers generated
922,r_b818417d0b94582ffa07,443,missing_station_name,info,Name remains null; address is the display fallback
923,r_fef8d29a5d7db3dc603a,444,missing_source_id,info,Stable content-based record/location identifiers generated
924,r_fef8d29a5d7db3dc603a,444,missing_station_name,info,Name remains null; address is the display fallback
925,r_ae69f0d201b2671f0fe8,445,missing_source_id,info,Stable content-based record/location identifiers generated
926,r_ae69f0d201b2671f0fe8,445,missing_station_name,info,Name remains null; address is the display fallback
927,r_ce1e3cf0691b2c9c1793,446,missing_source_id,info,Stable content-based record/location identifiers generated
928,r_ce1e3cf0691b2c9c1793,446,missing_station_name,info,Name remains null; address is the display fallback
929,r_36dd6dc65de331af5d5e,447,missing_source_id,info,Stable content-based record/location identifiers generated
930,r_36dd6dc65de331af5d5e,447,missing_station_name,info,Name remains null; address is the display fallback
931,r_714a8127c1f7aeaafd2f,448,missing_source_id,info,Stable content-based record/location identifiers generated
932,r_714a8127c1f7aeaafd2f,448,missing_station_name,info,Name remains null; address is the display fallback
933,r_be38f6290ce381355dcb,449,missing_source_id,info,Stable content-based record/location identifiers generated
934,r_be38f6290ce381355dcb,449,missing_station_name,info,Name remains null; address is the display fallback
935,r_9ab4e7a74543485907c4,450,missing_source_id,info,Stable content-based record/location identifiers generated
936,r_9ab4e7a74543485907c4,450,missing_station_name,info,Name remains null; address is the display fallback
937,r_473b9e55ff9de99cdeb5,451,missing_source_id,info,Stable content-based record/location identifiers generated
938,r_473b9e55ff9de99cdeb5,451,missing_station_name,info,Name remains null; address is the display fallback
939,r_85e6119c00db7a24c9f7,452,missing_source_id,info,Stable content-based record/location identifiers generated
940,r_85e6119c00db7a24c9f7,452,missing_station_name,info,Name remains null; address is the display fallback
941,r_61bedd6928ff9567235e,453,missing_source_id,info,Stable content-based record/location identifiers generated
942,r_61bedd6928ff9567235e,453,missing_station_name,info,Name remains null; address is the display fallback
943,r_566beb2fc0930aa000fc,454,missing_source_id,info,Stable content-based record/location identifiers generated
944,r_566beb2fc0930aa000fc,454,missing_station_name,info,Name remains null; address is the display fallback
945,r_6cae92711232f59a9834,455,missing_source_id,info,Stable content-based record/location identifiers generated
946,r_6cae92711232f59a9834,455,missing_station_name,info,Name remains null; address is the display fallback
947,r_a176ec73fbfab59cf173,456,missing_source_id,info,Stable content-based record/location identifiers generated
948,r_a176ec73fbfab59cf173,456,missing_station_name,info,Name remains null; address is the display fallback
949,r_81f69d1e44574c543b98,457,missing_source_id,info,Stable content-based record/location identifiers generated
950,r_81f69d1e44574c543b98,457,missing_station_name,info,Name remains null; address is the display fallback
951,r_eb3c45db2f3b7ff5a7a9,458,missing_source_id,info,Stable content-based record/location identifiers generated
952,r_eb3c45db2f3b7ff5a7a9,458,missing_station_name,info,Name remains null; address is the display fallback
953,r_5e69a2200de521e6a5f6,459,missing_source_id,info,Stable content-based record/location identifiers generated
954,r_5e69a2200de521e6a5f6,459,missing_station_name,info,Name remains null; address is the display fallback
955,r_151f7eb7f8e2f1f39e64,460,operator_normalized,info,BP -> BP Pulse (AU)
956,r_151f7eb7f8e2f1f39e64,460,missing_source_id,info,Stable content-based record/location identifiers generated
957,r_151f7eb7f8e2f1f39e64,460,missing_station_name,info,Name remains null; address is the display fallback
958,r_4a29ababa5ba6aaf73b2,461,missing_source_id,info,Stable content-based record/location identifiers generated
959,r_4a29ababa5ba6aaf73b2,461,missing_station_name,info,Name remains null; address is the display fallback
960,r_114967a23e64cfab07a0,462,operator_normalized,info,BP -> BP Pulse (AU)
961,r_114967a23e64cfab07a0,462,missing_source_id,info,Stable content-based record/location identifiers generated
962,r_114967a23e64cfab07a0,462,missing_station_name,info,Name remains null; address is the display fallback
963,r_6ac37afe7c14f7b7a5f2,463,missing_source_id,info,Stable content-based record/location identifiers generated
964,r_6ac37afe7c14f7b7a5f2,463,missing_station_name,info,Name remains null; address is the display fallback
965,r_f52bf19b2e6044a941f0,464,missing_source_id,info,Stable content-based record/location identifiers generated
966,r_f52bf19b2e6044a941f0,464,missing_station_name,info,Name remains null; address is the display fallback
967,r_9ecb4d08f663d5c33022,465,missing_source_id,info,Stable content-based record/location identifiers generated
968,r_9ecb4d08f663d5c33022,465,missing_station_name,info,Name remains null; address is the display fallback
969,r_df07bfbad3b3bbffdfd4,466,missing_source_id,info,Stable content-based record/location identifiers generated
970,r_df07bfbad3b3bbffdfd4,466,missing_station_name,info,Name remains null; address is the display fallback
971,r_c89a32ad66091ff03f62,467,missing_source_id,info,Stable content-based record/location identifiers generated
972,r_c89a32ad66091ff03f62,467,missing_station_name,info,Name remains null; address is the display fallback
973,r_e5230c1774a3e2d239f0,468,missing_source_id,info,Stable content-based record/location identifiers generated
974,r_e5230c1774a3e2d239f0,468,missing_station_name,info,Name remains null; address is the display fallback
975,r_f470009a66b22df57355,469,missing_source_id,info,Stable content-based record/location identifiers generated
976,r_f470009a66b22df57355,469,missing_station_name,info,Name remains null; address is the display fallback
977,r_73ac8825364debf84089,470,missing_source_id,info,Stable content-based record/location identifiers generated
978,r_73ac8825364debf84089,470,missing_station_name,info,Name remains null; address is the display fallback
979,r_6c5b3eee1c77a6b4c7ea,471,missing_source_id,info,Stable content-based record/location identifiers generated
980,r_6c5b3eee1c77a6b4c7ea,471,missing_station_name,info,Name remains null; address is the display fallback
981,r_685b790d6e6e7e2d5993,472,missing_source_id,info,Stable content-based record/location identifiers generated
982,r_685b790d6e6e7e2d5993,472,missing_station_name,info,Name remains null; address is the display fallback
983,r_0a044957576d394d4636,473,missing_source_id,info,Stable content-based record/location identifiers generated
984,r_0a044957576d394d4636,473,missing_station_name,info,Name remains null; address is the display fallback
985,r_47e6c86a5defca834c0a,474,missing_source_id,info,Stable content-based record/location identifiers generated
986,r_47e6c86a5defca834c0a,474,missing_station_name,info,Name remains null; address is the display fallback
987,r_d2f093e265be1500994d,475,missing_source_id,info,Stable content-based record/location identifiers generated
988,r_d2f093e265be1500994d,475,missing_station_name,info,Name remains null; address is the display fallback
989,r_85f067fccbf4a7a658ce,476,missing_source_id,info,Stable content-based record/location identifiers generated
990,r_85f067fccbf4a7a658ce,476,missing_station_name,info,Name remains null; address is the display fallback
991,r_4a85742bd3264a14391e,477,operator_normalized,info,Ampol -> Ampol AmpCharge
992,r_4a85742bd3264a14391e,477,missing_source_id,info,Stable content-based record/location identifiers generated
993,r_4a85742bd3264a14391e,477,missing_station_name,info,Name remains null; address is the display fallback
994,r_cea8d55a40d43243f024,478,missing_source_id,info,Stable content-based record/location identifiers generated
995,r_cea8d55a40d43243f024,478,missing_station_name,info,Name remains null; address is the display fallback
996,r_c11347dadff3bb42913b,479,missing_source_id,info,Stable content-based record/location identifiers generated
997,r_c11347dadff3bb42913b,479,missing_station_name,info,Name remains null; address is the display fallback
998,r_c11347dadff3bb42913b,479,postcode_normalized,info,NSW 2515 -> 2515
999,r_ab5925f1e1bcdceb5922,480,missing_source_id,info,Stable content-based record/location identifiers generated
1000,r_ab5925f1e1bcdceb5922,480,missing_station_name,info,Name remains null; address is the display fallback
1001,r_8170d291466124c4cef8,481,missing_source_id,info,Stable content-based record/location identifiers generated
1002,r_8170d291466124c4cef8,481,missing_station_name,info,Name remains null; address is the display fallback
1003,r_b0731f82cf6394f7e69a,482,missing_source_id,info,Stable content-based record/location identifiers generated
1004,r_b0731f82cf6394f7e69a,482,missing_station_name,info,Name remains null; address is the display fallback
1005,r_390030bcf0b1a43ee5af,483,missing_source_id,info,Stable content-based record/location identifiers generated
1006,r_390030bcf0b1a43ee5af,483,missing_station_name,info,Name remains null; address is the display fallback
1007,r_f96693fce85a346f7fe4,484,missing_source_id,info,Stable content-based record/location identifiers generated
1008,r_f96693fce85a346f7fe4,484,missing_station_name,info,Name remains null; address is the display fallback
1009,r_b4f54654c36cc46d0fdc,485,missing_source_id,info,Stable content-based record/location identifiers generated
1010,r_b4f54654c36cc46d0fdc,485,missing_station_name,info,Name remains null; address is the display fallback
1011,r_d7eddbf30f9256f7bbdf,486,missing_source_id,info,Stable content-based record/location identifiers generated
1012,r_d7eddbf30f9256f7bbdf,486,missing_station_name,info,Name remains null; address is the display fallback
1013,r_11409d46ba0c1dd631c2,487,missing_source_id,info,Stable content-based record/location identifiers generated
1014,r_11409d46ba0c1dd631c2,487,missing_station_name,info,Name remains null; address is the display fallback
1015,r_75a743f0752687cf7bf5,488,missing_source_id,info,Stable content-based record/location identifiers generated
1016,r_75a743f0752687cf7bf5,488,missing_station_name,info,Name remains null; address is the display fallback
1017,r_c834cdc6dc2b3885e3d7,489,missing_source_id,info,Stable content-based record/location identifiers generated
1018,r_c834cdc6dc2b3885e3d7,489,missing_station_name,info,Name remains null; address is the display fallback
1019,r_24a5574836a0d5ad7fb4,490,missing_source_id,info,Stable content-based record/location identifiers generated
1020,r_24a5574836a0d5ad7fb4,490,missing_station_name,info,Name remains null; address is the display fallback
1021,r_fce9dae01b50fcf67a3d,491,missing_source_id,info,Stable content-based record/location identifiers generated
1022,r_fce9dae01b50fcf67a3d,491,missing_station_name,info,Name remains null; address is the display fallback
1023,r_9e372d79dedad813358f,492,missing_source_id,info,Stable content-based record/location identifiers generated
1024,r_9e372d79dedad813358f,492,missing_station_name,info,Name remains null; address is the display fallback
1025,r_5516c904ef049ee78b91,493,missing_source_id,info,Stable content-based record/location identifiers generated
1026,r_5516c904ef049ee78b91,493,missing_station_name,info,Name remains null; address is the display fallback
1027,r_3126c402b0a34ae7555b,494,missing_source_id,info,Stable content-based record/location identifiers generated
1028,r_3126c402b0a34ae7555b,494,missing_station_name,info,Name remains null; address is the display fallback
1029,r_82120f79bb96926239ed,495,missing_source_id,info,Stable content-based record/location identifiers generated
1030,r_82120f79bb96926239ed,495,missing_station_name,info,Name remains null; address is the display fallback
1031,r_6c8d0fa4b2bc51615177,496,operator_normalized,info,BP -> BP Pulse (AU)
1032,r_6c8d0fa4b2bc51615177,496,missing_source_id,info,Stable content-based record/location identifiers generated
1033,r_6c8d0fa4b2bc51615177,496,missing_station_name,info,Name remains null; address is the display fallback
1034,r_0aacbb139e2b10ab4be9,497,missing_source_id,info,Stable content-based record/location identifiers generated
1035,r_0aacbb139e2b10ab4be9,497,missing_station_name,info,Name remains null; address is the display fallback
1036,r_9f3c1b87be262af6f896,498,missing_source_id,info,Stable content-based record/location identifiers generated
1037,r_9f3c1b87be262af6f896,498,missing_station_name,info,Name remains null; address is the display fallback
1038,r_cb0ce0090f3dd3eb17f4,499,missing_source_id,info,Stable content-based record/location identifiers generated
1039,r_cb0ce0090f3dd3eb17f4,499,missing_station_name,info,Name remains null; address is the display fallback
1040,r_9558bf02dd6d2b2244a7,500,missing_source_id,info,Stable content-based record/location identifiers generated
1041,r_9558bf02dd6d2b2244a7,500,missing_station_name,info,Name remains null; address is the display fallback
1042,r_2f06d991990d90a7f810,501,missing_source_id,info,Stable content-based record/location identifiers generated
1043,r_2f06d991990d90a7f810,501,missing_station_name,info,Name remains null; address is the display fallback
1044,r_413c943714e71321adf4,502,operator_normalized,info,Ampol -> Ampol AmpCharge
1045,r_413c943714e71321adf4,502,missing_source_id,info,Stable content-based record/location identifiers generated
1046,r_413c943714e71321adf4,502,missing_station_name,info,Name remains null; address is the display fallback
1047,r_f6d6140aabbeaf24640c,503,missing_source_id,info,Stable content-based record/location identifiers generated
1048,r_f6d6140aabbeaf24640c,503,missing_station_name,info,Name remains null; address is the display fallback
1049,r_48b1a360e1aed6ddbe47,504,missing_source_id,info,Stable content-based record/location identifiers generated
1050,r_48b1a360e1aed6ddbe47,504,missing_station_name,info,Name remains null; address is the display fallback
1051,r_af628adf069c864b15a1,505,missing_source_id,info,Stable content-based record/location identifiers generated
1052,r_af628adf069c864b15a1,505,missing_station_name,info,Name remains null; address is the display fallback
1053,r_f8e9a67efd12c469f192,506,missing_source_id,info,Stable content-based record/location identifiers generated
1054,r_f8e9a67efd12c469f192,506,missing_station_name,info,Name remains null; address is the display fallback
1055,r_9612bdc9620bf05c7a52,507,missing_source_id,info,Stable content-based record/location identifiers generated
1056,r_9612bdc9620bf05c7a52,507,missing_station_name,info,Name remains null; address is the display fallback
1057,r_43931a5f37168cbc6a0b,508,missing_source_id,info,Stable content-based record/location identifiers generated
1058,r_43931a5f37168cbc6a0b,508,missing_station_name,info,Name remains null; address is the display fallback
1059,r_b877fe6a846d208becfd,509,missing_source_id,info,Stable content-based record/location identifiers generated
1060,r_b877fe6a846d208becfd,509,missing_station_name,info,Name remains null; address is the display fallback
1061,r_2ed655d07168f8bd6a4f,510,missing_source_id,info,Stable content-based record/location identifiers generated
1062,r_2ed655d07168f8bd6a4f,510,missing_station_name,info,Name remains null; address is the display fallback
1063,r_e67baa9f61af1d2447e6,511,missing_source_id,info,Stable content-based record/location identifiers generated
1064,r_e67baa9f61af1d2447e6,511,missing_station_name,info,Name remains null; address is the display fallback
1065,r_87087bde4ca0ce4d15e0,512,missing_source_id,info,Stable content-based record/location identifiers generated
1066,r_87087bde4ca0ce4d15e0,512,missing_station_name,info,Name remains null; address is the display fallback
1067,r_f9b30aa1f6b7bd52f188,513,missing_source_id,info,Stable content-based record/location identifiers generated
1068,r_f9b30aa1f6b7bd52f188,513,missing_station_name,info,Name remains null; address is the display fallback
1069,r_0164f9fd6f62fbd049c7,514,operator_normalized,info,Ampol -> Ampol AmpCharge
1070,r_0164f9fd6f62fbd049c7,514,missing_source_id,info,Stable content-based record/location identifiers generated
1071,r_0164f9fd6f62fbd049c7,514,missing_station_name,info,Name remains null; address is the display fallback
1072,r_83beca379dad8b7e8a09,515,missing_source_id,info,Stable content-based record/location identifiers generated
1073,r_83beca379dad8b7e8a09,515,missing_station_name,info,Name remains null; address is the display fallback
1074,r_413fdfd5c0757b6d4acc,516,missing_source_id,info,Stable content-based record/location identifiers generated
1075,r_413fdfd5c0757b6d4acc,516,missing_station_name,info,Name remains null; address is the display fallback
1076,r_b90d929c26ecd4c5965c,517,missing_source_id,info,Stable content-based record/location identifiers generated
1077,r_b90d929c26ecd4c5965c,517,missing_station_name,info,Name remains null; address is the display fallback
1078,r_250ae12f2931e4521856,518,missing_source_id,info,Stable content-based record/location identifiers generated
1079,r_250ae12f2931e4521856,518,missing_station_name,info,Name remains null; address is the display fallback
1080,r_6c9c82c0aa7e80bffbf7,519,missing_source_id,info,Stable content-based record/location identifiers generated
1081,r_6c9c82c0aa7e80bffbf7,519,missing_station_name,info,Name remains null; address is the display fallback
1082,r_33399dfcec7eefea32cf,520,missing_source_id,info,Stable content-based record/location identifiers generated
1083,r_33399dfcec7eefea32cf,520,missing_station_name,info,Name remains null; address is the display fallback
1084,r_08e389ed4f874e018b43,521,missing_source_id,info,Stable content-based record/location identifiers generated
1085,r_08e389ed4f874e018b43,521,missing_station_name,info,Name remains null; address is the display fallback
1086,r_9f0e3c1b9f838c0427c1,522,missing_source_id,info,Stable content-based record/location identifiers generated
1087,r_9f0e3c1b9f838c0427c1,522,missing_station_name,info,Name remains null; address is the display fallback
1088,r_03f1c40247ee6335dd9f,523,missing_source_id,info,Stable content-based record/location identifiers generated
1089,r_03f1c40247ee6335dd9f,523,missing_station_name,info,Name remains null; address is the display fallback
1090,r_c0cf31e0cb67ccabfa4c,524,missing_source_id,info,Stable content-based record/location identifiers generated
1091,r_c0cf31e0cb67ccabfa4c,524,missing_station_name,info,Name remains null; address is the display fallback
1092,r_f75546ef7cb8f7f01524,525,missing_source_id,info,Stable content-based record/location identifiers generated
1093,r_f75546ef7cb8f7f01524,525,missing_station_name,info,Name remains null; address is the display fallback
1094,r_ccfb6e906d984ee07ccc,526,missing_source_id,info,Stable content-based record/location identifiers generated
1095,r_ccfb6e906d984ee07ccc,526,missing_station_name,info,Name remains null; address is the display fallback
1096,r_5d1a12714ed21e4db5ed,527,missing_source_id,info,Stable content-based record/location identifiers generated
1097,r_5d1a12714ed21e4db5ed,527,missing_station_name,info,Name remains null; address is the display fallback
1098,r_8c7115a68d65fff30d5a,528,missing_source_id,info,Stable content-based record/location identifiers generated
1099,r_8c7115a68d65fff30d5a,528,missing_station_name,info,Name remains null; address is the display fallback
1100,r_9bde6b9f3375a7fef024,529,missing_source_id,info,Stable content-based record/location identifiers generated
1101,r_9bde6b9f3375a7fef024,529,missing_station_name,info,Name remains null; address is the display fallback
1102,r_5541f54be60cf5fe8566,530,missing_source_id,info,Stable content-based record/location identifiers generated
1103,r_5541f54be60cf5fe8566,530,missing_station_name,info,Name remains null; address is the display fallback
1104,r_3410d1660ca4b133289a,531,missing_source_id,info,Stable content-based record/location identifiers generated
1105,r_3410d1660ca4b133289a,531,missing_station_name,info,Name remains null; address is the display fallback
1106,r_8cb64bf095db494e50d7,532,missing_source_id,info,Stable content-based record/location identifiers generated
1107,r_8cb64bf095db494e50d7,532,power_unavailable,warning,Preserved unparseable rating: AC
1108,r_531c1784d0efe7f67c34,533,operator_normalized,info,BP -> BP Pulse (AU)
1109,r_531c1784d0efe7f67c34,533,missing_source_id,info,Stable content-based record/location identifiers generated
1110,r_531c1784d0efe7f67c34,533,missing_station_name,info,Name remains null; address is the display fallback
1111,r_6e7c93853d0ac8dc1928,534,missing_source_id,info,Stable content-based record/location identifiers generated
1112,r_6e7c93853d0ac8dc1928,534,missing_station_name,info,Name remains null; address is the display fallback
1113,r_f318f40b8bca271d44b0,535,missing_source_id,info,Stable content-based record/location identifiers generated
1114,r_f318f40b8bca271d44b0,535,missing_station_name,info,Name remains null; address is the display fallback
1115,r_811dd7030cf38e7140d5,536,missing_source_id,info,Stable content-based record/location identifiers generated
1116,r_811dd7030cf38e7140d5,536,missing_station_name,info,Name remains null; address is the display fallback
1117,r_04918a56c7dd44875702,537,missing_source_id,info,Stable content-based record/location identifiers generated
1118,r_04918a56c7dd44875702,537,missing_station_name,info,Name remains null; address is the display fallback
1119,r_53b358d9e581ed49fee9,538,missing_source_id,info,Stable content-based record/location identifiers generated
1120,r_53b358d9e581ed49fee9,538,missing_station_name,info,Name remains null; address is the display fallback
1121,r_cd8dd233db3ea67d964e,539,missing_source_id,info,Stable content-based record/location identifiers generated
1122,r_cd8dd233db3ea67d964e,539,missing_station_name,info,Name remains null; address is the display fallback
1123,r_783115e38d4bbf9faaf7,540,missing_source_id,info,Stable content-based record/location identifiers generated
1124,r_783115e38d4bbf9faaf7,540,missing_station_name,info,Name remains null; address is the display fallback
1125,r_e26cffca8d7a1cdbb7aa,541,missing_source_id,info,Stable content-based record/location identifiers generated
1126,r_e26cffca8d7a1cdbb7aa,541,missing_station_name,info,Name remains null; address is the display fallback
1127,r_2aaa0960feac774f57ea,542,missing_source_id,info,Stable content-based record/location identifiers generated
1128,r_2aaa0960feac774f57ea,542,missing_station_name,info,Name remains null; address is the display fallback
1129,r_c8f1afaf5fc5db4552c7,543,missing_source_id,info,Stable content-based record/location identifiers generated
1130,r_c8f1afaf5fc5db4552c7,543,missing_station_name,info,Name remains null; address is the display fallback
1131,r_5ee74ce52aceed1f1532,544,missing_source_id,info,Stable content-based record/location identifiers generated
1132,r_5ee74ce52aceed1f1532,544,missing_station_name,info,Name remains null; address is the display fallback
1133,r_0e7d7fdb3bf0722fc830,545,missing_source_id,info,Stable content-based record/location identifiers generated
1134,r_0e7d7fdb3bf0722fc830,545,missing_station_name,info,Name remains null; address is the display fallback
1135,r_fa7b03a54f8e8e553af3,546,missing_source_id,info,Stable content-based record/location identifiers generated
1136,r_fa7b03a54f8e8e553af3,546,missing_station_name,info,Name remains null; address is the display fallback
1137,r_a67721fb7a4fb2f84f6a,547,missing_source_id,info,Stable content-based record/location identifiers generated
1138,r_a67721fb7a4fb2f84f6a,547,missing_station_name,info,Name remains null; address is the display fallback
1139,r_18c3ed5124e2253c7dde,548,missing_source_id,info,Stable content-based record/location identifiers generated
1140,r_18c3ed5124e2253c7dde,548,missing_station_name,info,Name remains null; address is the display fallback
1141,r_e3acc64957c7290b88f7,549,missing_source_id,info,Stable content-based record/location identifiers generated
1142,r_e3acc64957c7290b88f7,549,missing_station_name,info,Name remains null; address is the display fallback
1143,r_ecbcf4892717bd3dac37,550,missing_source_id,info,Stable content-based record/location identifiers generated
1144,r_ecbcf4892717bd3dac37,550,missing_station_name,info,Name remains null; address is the display fallback
1145,r_06676565acff265b6789,551,missing_source_id,info,Stable content-based record/location identifiers generated
1146,r_06676565acff265b6789,551,missing_station_name,info,Name remains null; address is the display fallback
1147,r_5dec6438153a2f7f8ee7,552,missing_source_id,info,Stable content-based record/location identifiers generated
1148,r_5dec6438153a2f7f8ee7,552,missing_station_name,info,Name remains null; address is the display fallback
1149,r_0c5fa03090f4b61ed234,553,missing_source_id,info,Stable content-based record/location identifiers generated
1150,r_0c5fa03090f4b61ed234,553,missing_station_name,info,Name remains null; address is the display fallback
1151,r_98b654b13910fca136f8,554,missing_source_id,info,Stable content-based record/location identifiers generated
1152,r_98b654b13910fca136f8,554,missing_station_name,info,Name remains null; address is the display fallback
1153,r_37ef1a436db5e0d39d26,555,missing_source_id,info,Stable content-based record/location identifiers generated
1154,r_37ef1a436db5e0d39d26,555,missing_station_name,info,Name remains null; address is the display fallback
1155,r_290191771c4f8dea4965,556,missing_source_id,info,Stable content-based record/location identifiers generated
1156,r_290191771c4f8dea4965,556,missing_station_name,info,Name remains null; address is the display fallback
1157,r_c956bd4dcbdf28cd85a3,557,missing_source_id,info,Stable content-based record/location identifiers generated
1158,r_c956bd4dcbdf28cd85a3,557,missing_station_name,info,Name remains null; address is the display fallback
1159,r_4eb3bd0b7af70ee0fd87,558,missing_source_id,info,Stable content-based record/location identifiers generated
1160,r_4eb3bd0b7af70ee0fd87,558,missing_station_name,info,Name remains null; address is the display fallback
1161,r_68f35280a7273adf3691,559,missing_source_id,info,Stable content-based record/location identifiers generated
1162,r_68f35280a7273adf3691,559,missing_station_name,info,Name remains null; address is the display fallback
1163,r_dc6326874114ecd90b7d,560,missing_source_id,info,Stable content-based record/location identifiers generated
1164,r_dc6326874114ecd90b7d,560,missing_station_name,info,Name remains null; address is the display fallback
1165,r_012e88ac01a039103a5c,561,missing_source_id,info,Stable content-based record/location identifiers generated
1166,r_012e88ac01a039103a5c,561,missing_station_name,info,Name remains null; address is the display fallback
1167,r_3c9b8b70e2614d89d9f3,562,missing_source_id,info,Stable content-based record/location identifiers generated
1168,r_3c9b8b70e2614d89d9f3,562,missing_station_name,info,Name remains null; address is the display fallback
1169,r_4a2db0bcee6e252cdc5b,563,missing_source_id,info,Stable content-based record/location identifiers generated
1170,r_4a2db0bcee6e252cdc5b,563,missing_station_name,info,Name remains null; address is the display fallback
1171,r_fd5f3c2134dda2f0da03,564,missing_source_id,info,Stable content-based record/location identifiers generated
1172,r_fd5f3c2134dda2f0da03,564,missing_station_name,info,Name remains null; address is the display fallback
1173,r_ef005dff1aaac4d7e49d,565,missing_source_id,info,Stable content-based record/location identifiers generated
1174,r_ef005dff1aaac4d7e49d,565,missing_station_name,info,Name remains null; address is the display fallback
1175,r_a06330f218ca5a1bf45d,566,missing_source_id,info,Stable content-based record/location identifiers generated
1176,r_a06330f218ca5a1bf45d,566,missing_station_name,info,Name remains null; address is the display fallback
1177,r_cf64b6b94f0ff67f2006,567,missing_source_id,info,Stable content-based record/location identifiers generated
1178,r_cf64b6b94f0ff67f2006,567,missing_station_name,info,Name remains null; address is the display fallback
1179,r_9d6f54f3e7eef32bdd93,568,missing_source_id,info,Stable content-based record/location identifiers generated
1180,r_9d6f54f3e7eef32bdd93,568,missing_station_name,info,Name remains null; address is the display fallback
1181,r_8335ea0b18ae7a3a045f,569,missing_source_id,info,Stable content-based record/location identifiers generated
1182,r_8335ea0b18ae7a3a045f,569,missing_station_name,info,Name remains null; address is the display fallback
1183,r_a8c6089b0b1496ae7336,570,missing_source_id,info,Stable content-based record/location identifiers generated
1184,r_a8c6089b0b1496ae7336,570,missing_station_name,info,Name remains null; address is the display fallback
1185,r_783de2f047c2f1bead20,571,missing_source_id,info,Stable content-based record/location identifiers generated
1186,r_783de2f047c2f1bead20,571,missing_station_name,info,Name remains null; address is the display fallback
1187,r_be0976a5073ae3ee9067,572,missing_source_id,info,Stable content-based record/location identifiers generated
1188,r_be0976a5073ae3ee9067,572,missing_station_name,info,Name remains null; address is the display fallback
1189,r_9f1f343e1c5042512bb7,573,missing_source_id,info,Stable content-based record/location identifiers generated
1190,r_9f1f343e1c5042512bb7,573,missing_station_name,info,Name remains null; address is the display fallback
1191,r_8a40856c0bcc219812ea,574,missing_source_id,info,Stable content-based record/location identifiers generated
1192,r_8a40856c0bcc219812ea,574,missing_station_name,info,Name remains null; address is the display fallback
1193,r_991e509f6cce0b281e36,575,missing_source_id,info,Stable content-based record/location identifiers generated
1194,r_991e509f6cce0b281e36,575,missing_station_name,info,Name remains null; address is the display fallback
1195,r_1305286492054f1d6a97,576,operator_normalized,info,Ampol -> Ampol AmpCharge
1196,r_1305286492054f1d6a97,576,missing_source_id,info,Stable content-based record/location identifiers generated
1197,r_1305286492054f1d6a97,576,missing_station_name,info,Name remains null; address is the display fallback
1198,r_f9642fbe78980a4f3a9d,577,operator_normalized,info,BP -> BP Pulse (AU)
1199,r_f9642fbe78980a4f3a9d,577,missing_source_id,info,Stable content-based record/location identifiers generated
1200,r_f9642fbe78980a4f3a9d,577,missing_station_name,info,Name remains null; address is the display fallback
1201,r_a32151f21c65c639fb14,578,missing_source_id,info,Stable content-based record/location identifiers generated
1202,r_a32151f21c65c639fb14,578,missing_station_name,info,Name remains null; address is the display fallback
1203,r_99f05379304fcc94637c,579,missing_source_id,info,Stable content-based record/location identifiers generated
1204,r_99f05379304fcc94637c,579,missing_station_name,info,Name remains null; address is the display fallback
1205,r_06844f80cd31475bee7f,580,missing_source_id,info,Stable content-based record/location identifiers generated
1206,r_06844f80cd31475bee7f,580,missing_station_name,info,Name remains null; address is the display fallback
1207,r_c2c4f8efdc630bd8827b,581,missing_source_id,info,Stable content-based record/location identifiers generated
1208,r_c2c4f8efdc630bd8827b,581,missing_station_name,info,Name remains null; address is the display fallback
1209,r_20a9802287f4056fe27b,582,missing_source_id,info,Stable content-based record/location identifiers generated
1210,r_20a9802287f4056fe27b,582,missing_station_name,info,Name remains null; address is the display fallback
1211,r_ce073a7050f310c0df34,583,missing_source_id,info,Stable content-based record/location identifiers generated
1212,r_ce073a7050f310c0df34,583,missing_station_name,info,Name remains null; address is the display fallback
1213,r_156515b91590acbdb20b,584,missing_source_id,info,Stable content-based record/location identifiers generated
1214,r_156515b91590acbdb20b,584,missing_station_name,info,Name remains null; address is the display fallback
1215,r_3f8d071d928eafe653c0,585,missing_source_id,info,Stable content-based record/location identifiers generated
1216,r_3f8d071d928eafe653c0,585,missing_station_name,info,Name remains null; address is the display fallback
1217,r_e2eebe66b05ec79cbe31,586,missing_source_id,info,Stable content-based record/location identifiers generated
1218,r_e2eebe66b05ec79cbe31,586,missing_station_name,info,Name remains null; address is the display fallback
1219,r_570caef43580031d775f,587,missing_source_id,info,Stable content-based record/location identifiers generated
1220,r_570caef43580031d775f,587,missing_station_name,info,Name remains null; address is the display fallback
1221,r_d639109bbdf53506b230,588,missing_source_id,info,Stable content-based record/location identifiers generated
1222,r_d639109bbdf53506b230,588,missing_station_name,info,Name remains null; address is the display fallback
1223,r_2e099de5b341f01a77b4,589,missing_source_id,info,Stable content-based record/location identifiers generated
1224,r_2e099de5b341f01a77b4,589,missing_station_name,info,Name remains null; address is the display fallback
1225,r_5dcce747ebaabebe8807,590,missing_source_id,info,Stable content-based record/location identifiers generated
1226,r_5dcce747ebaabebe8807,590,missing_station_name,info,Name remains null; address is the display fallback
1227,r_b2143febc74f638db4ce,591,missing_source_id,info,Stable content-based record/location identifiers generated
1228,r_b2143febc74f638db4ce,591,missing_station_name,info,Name remains null; address is the display fallback
1229,r_25e6a8a35491419e1fe9,592,missing_source_id,info,Stable content-based record/location identifiers generated
1230,r_25e6a8a35491419e1fe9,592,missing_station_name,info,Name remains null; address is the display fallback
1231,r_d051423772b3098f7752,593,missing_source_id,info,Stable content-based record/location identifiers generated
1232,r_d051423772b3098f7752,593,missing_station_name,info,Name remains null; address is the display fallback
1233,r_d051423772b3098f7752,593,postcode_address_conflict,warning,"Source PCODE=2390, address postcode=2839; no automatic coordinate correction"
1234,r_46e2fc18eebb658e2ba7,594,missing_source_id,info,Stable content-based record/location identifiers generated
1235,r_46e2fc18eebb658e2ba7,594,missing_station_name,info,Name remains null; address is the display fallback
1236,r_813726e37e28fdb415c5,595,missing_source_id,info,Stable content-based record/location identifiers generated
1237,r_813726e37e28fdb415c5,595,missing_station_name,info,Name remains null; address is the display fallback
1238,r_669eadd3e88015eb7c10,596,missing_source_id,info,Stable content-based record/location identifiers generated
1239,r_669eadd3e88015eb7c10,596,missing_station_name,info,Name remains null; address is the display fallback
1240,r_6e171d4f1ecdb4373b3a,597,missing_source_id,info,Stable content-based record/location identifiers generated
1241,r_6e171d4f1ecdb4373b3a,597,missing_station_name,info,Name remains null; address is the display fallback
1242,r_dcb6b68f0903101b1ce6,598,missing_source_id,info,Stable content-based record/location identifiers generated
1243,r_dcb6b68f0903101b1ce6,598,missing_station_name,info,Name remains null; address is the display fallback
1244,r_fa0c544eeb7128a29eba,599,missing_source_id,info,Stable content-based record/location identifiers generated
1245,r_fa0c544eeb7128a29eba,599,missing_station_name,info,Name remains null; address is the display fallback
1246,r_e9fe3239b4aba81165cc,600,missing_source_id,info,Stable content-based record/location identifiers generated
1247,r_e9fe3239b4aba81165cc,600,missing_station_name,info,Name remains null; address is the display fallback
1248,r_72be694a6f4624feb4ff,601,operator_normalized,info,Ampol -> Ampol AmpCharge
1249,r_72be694a6f4624feb4ff,601,missing_source_id,info,Stable content-based record/location identifiers generated
1250,r_72be694a6f4624feb4ff,601,missing_station_name,info,Name remains null; address is the display fallback
1251,r_00c40145518c29c56ede,602,missing_source_id,info,Stable content-based record/location identifiers generated
1252,r_00c40145518c29c56ede,602,missing_station_name,info,Name remains null; address is the display fallback
1253,r_4e27da64dca2e355cfc5,603,missing_source_id,info,Stable content-based record/location identifiers generated
1254,r_4e27da64dca2e355cfc5,603,missing_station_name,info,Name remains null; address is the display fallback
1255,r_2cdbe3f7b21dc13300eb,604,missing_source_id,info,Stable content-based record/location identifiers generated
1256,r_2cdbe3f7b21dc13300eb,604,missing_station_name,info,Name remains null; address is the display fallback
1257,r_55bf340bc40d0ee257e5,605,missing_source_id,info,Stable content-based record/location identifiers generated
1258,r_55bf340bc40d0ee257e5,605,missing_station_name,info,Name remains null; address is the display fallback
1259,r_43deb7e0c223842c0c8a,606,missing_source_id,info,Stable content-based record/location identifiers generated
1260,r_43deb7e0c223842c0c8a,606,power_unavailable,warning,Preserved unparseable rating: AC
1261,r_9aaf3f464b117e924c84,607,missing_source_id,info,Stable content-based record/location identifiers generated
1262,r_9aaf3f464b117e924c84,607,missing_station_name,info,Name remains null; address is the display fallback
1263,r_fc0504c603e3341a0ec2,608,missing_source_id,info,Stable content-based record/location identifiers generated
1264,r_fc0504c603e3341a0ec2,608,missing_station_name,info,Name remains null; address is the display fallback
1265,r_dbd34587a5cec56d6d2c,609,missing_source_id,info,Stable content-based record/location identifiers generated
1266,r_dbd34587a5cec56d6d2c,609,missing_station_name,info,Name remains null; address is the display fallback
1267,r_6987f0a445efcdc60918,610,missing_source_id,info,Stable content-based record/location identifiers generated
1268,r_6987f0a445efcdc60918,610,missing_station_name,info,Name remains null; address is the display fallback
1269,r_fc036401d55bf9e09e88,611,missing_source_id,info,Stable content-based record/location identifiers generated
1270,r_fc036401d55bf9e09e88,611,missing_station_name,info,Name remains null; address is the display fallback
1271,r_a95cd817cf509ee3117b,612,missing_source_id,info,Stable content-based record/location identifiers generated
1272,r_a95cd817cf509ee3117b,612,missing_station_name,info,Name remains null; address is the display fallback
1273,r_531a8cdb6b482f190a0d,613,missing_source_id,info,Stable content-based record/location identifiers generated
1274,r_531a8cdb6b482f190a0d,613,missing_station_name,info,Name remains null; address is the display fallback
1275,r_b6b3084fb3259ddd695a,614,missing_source_id,info,Stable content-based record/location identifiers generated
1276,r_b6b3084fb3259ddd695a,614,missing_station_name,info,Name remains null; address is the display fallback
1277,r_070084bb36885815a523,615,missing_source_id,info,Stable content-based record/location identifiers generated
1278,r_070084bb36885815a523,615,missing_station_name,info,Name remains null; address is the display fallback
1279,r_935d271f77a5ca296212,616,missing_source_id,info,Stable content-based record/location identifiers generated
1280,r_935d271f77a5ca296212,616,missing_station_name,info,Name remains null; address is the display fallback
1281,r_55a5d0ac0747a4b05f6c,617,missing_source_id,info,Stable content-based record/location identifiers generated
1282,r_55a5d0ac0747a4b05f6c,617,missing_station_name,info,Name remains null; address is the display fallback
1283,r_2f4a8d8949a0c5b1478d,618,missing_source_id,info,Stable content-based record/location identifiers generated
1284,r_2f4a8d8949a0c5b1478d,618,missing_station_name,info,Name remains null; address is the display fallback
1285,r_0c956070b28e0fe1a276,619,missing_source_id,info,Stable content-based record/location identifiers generated
1286,r_0c956070b28e0fe1a276,619,missing_station_name,info,Name remains null; address is the display fallback
1287,r_b95b415614bac08bfcca,620,missing_source_id,info,Stable content-based record/location identifiers generated
1288,r_b95b415614bac08bfcca,620,missing_station_name,info,Name remains null; address is the display fallback
1289,r_456ea33cfc504efc538b,621,missing_source_id,info,Stable content-based record/location identifiers generated
1290,r_456ea33cfc504efc538b,621,missing_station_name,info,Name remains null; address is the display fallback
1291,r_1728ab3d5a3fbc3e9847,622,missing_source_id,info,Stable content-based record/location identifiers generated
1292,r_1728ab3d5a3fbc3e9847,622,missing_station_name,info,Name remains null; address is the display fallback
1293,r_5034bbe4573129b3c053,623,missing_source_id,info,Stable content-based record/location identifiers generated
1294,r_5034bbe4573129b3c053,623,missing_station_name,info,Name remains null; address is the display fallback
1295,r_1de9b1c36c5a84cf1c23,624,missing_source_id,info,Stable content-based record/location identifiers generated
1296,r_1de9b1c36c5a84cf1c23,624,missing_station_name,info,Name remains null; address is the display fallback
1297,r_b1a5b689627e88008486,625,missing_source_id,info,Stable content-based record/location identifiers generated
1298,r_b1a5b689627e88008486,625,missing_station_name,info,Name remains null; address is the display fallback
1299,r_a0aa066ca9403781b634,626,missing_source_id,info,Stable content-based record/location identifiers generated
1300,r_a0aa066ca9403781b634,626,missing_station_name,info,Name remains null; address is the display fallback
1301,r_5ce84d32d74885426847,627,missing_source_id,info,Stable content-based record/location identifiers generated
1302,r_5ce84d32d74885426847,627,missing_station_name,info,Name remains null; address is the display fallback
1303,r_068adec8443c40827485,628,missing_source_id,info,Stable content-based record/location identifiers generated
1304,r_068adec8443c40827485,628,missing_station_name,info,Name remains null; address is the display fallback
1305,r_200b56c8f90046625617,629,missing_source_id,info,Stable content-based record/location identifiers generated
1306,r_200b56c8f90046625617,629,missing_station_name,info,Name remains null; address is the display fallback
1307,r_41c81972a338516dfb55,630,missing_source_id,info,Stable content-based record/location identifiers generated
1308,r_41c81972a338516dfb55,630,missing_station_name,info,Name remains null; address is the display fallback
1309,r_6dff0c07f94c491cb5d7,631,missing_source_id,info,Stable content-based record/location identifiers generated
1310,r_6dff0c07f94c491cb5d7,631,missing_station_name,info,Name remains null; address is the display fallback
1311,r_f4eba7216e7255903062,632,missing_source_id,info,Stable content-based record/location identifiers generated
1312,r_f4eba7216e7255903062,632,missing_station_name,info,Name remains null; address is the display fallback
1313,r_4dde005df2186325e43e,633,missing_source_id,info,Stable content-based record/location identifiers generated
1314,r_4dde005df2186325e43e,633,missing_station_name,info,Name remains null; address is the display fallback
1315,r_5cdfe39cfe3f8cb65760,634,missing_source_id,info,Stable content-based record/location identifiers generated
1316,r_5cdfe39cfe3f8cb65760,634,missing_station_name,info,Name remains null; address is the display fallback
1317,r_cf7c28fb04524891cdec,635,missing_source_id,info,Stable content-based record/location identifiers generated
1318,r_cf7c28fb04524891cdec,635,missing_station_name,info,Name remains null; address is the display fallback
1319,r_03467cf1562d3e4c5dd1,636,missing_source_id,info,Stable content-based record/location identifiers generated
1320,r_03467cf1562d3e4c5dd1,636,missing_station_name,info,Name remains null; address is the display fallback
1321,r_3b8947b4fd50f6155c0f,637,missing_source_id,info,Stable content-based record/location identifiers generated
1322,r_3b8947b4fd50f6155c0f,637,missing_station_name,info,Name remains null; address is the display fallback
1323,r_3bde40bcd100df859272,638,operator_normalized,info,BP -> BP Pulse (AU)
1324,r_3bde40bcd100df859272,638,missing_source_id,info,Stable content-based record/location identifiers generated
1325,r_3bde40bcd100df859272,638,missing_station_name,info,Name remains null; address is the display fallback
1326,r_ca4695297ed5ae3c96a8,639,missing_source_id,info,Stable content-based record/location identifiers generated
1327,r_ca4695297ed5ae3c96a8,639,missing_station_name,info,Name remains null; address is the display fallback
1328,r_c19684d08300c49295bf,640,missing_source_id,info,Stable content-based record/location identifiers generated
1329,r_c19684d08300c49295bf,640,missing_station_name,info,Name remains null; address is the display fallback
1330,r_35b78642cbada5a0a361,641,missing_source_id,info,Stable content-based record/location identifiers generated
1331,r_35b78642cbada5a0a361,641,missing_station_name,info,Name remains null; address is the display fallback
1332,r_b3ba3a1d433c2acaeead,642,missing_source_id,info,Stable content-based record/location identifiers generated
1333,r_b3ba3a1d433c2acaeead,642,missing_station_name,info,Name remains null; address is the display fallback
1334,r_a41a83f8ebf2405e47a9,643,missing_source_id,info,Stable content-based record/location identifiers generated
1335,r_a41a83f8ebf2405e47a9,643,missing_station_name,info,Name remains null; address is the display fallback
1336,r_70f9bcd174ad1afd1a37,644,operator_normalized,info,Ampol -> Ampol AmpCharge
1337,r_70f9bcd174ad1afd1a37,644,missing_source_id,info,Stable content-based record/location identifiers generated
1338,r_70f9bcd174ad1afd1a37,644,missing_station_name,info,Name remains null; address is the display fallback
1339,r_3c498d2e14ef1d82a707,645,missing_source_id,info,Stable content-based record/location identifiers generated
1340,r_3c498d2e14ef1d82a707,645,missing_station_name,info,Name remains null; address is the display fallback
1341,r_537db2445ada2d382e8b,646,missing_source_id,info,Stable content-based record/location identifiers generated
1342,r_537db2445ada2d382e8b,646,missing_station_name,info,Name remains null; address is the display fallback
1343,r_3bdcddd11c67d055a5e6,647,missing_source_id,info,Stable content-based record/location identifiers generated
1344,r_3bdcddd11c67d055a5e6,647,missing_station_name,info,Name remains null; address is the display fallback
1345,r_114f912cdc0c78336415,648,missing_source_id,info,Stable content-based record/location identifiers generated
1346,r_114f912cdc0c78336415,648,missing_station_name,info,Name remains null; address is the display fallback
1347,r_30125b60c69cbb106de2,649,missing_source_id,info,Stable content-based record/location identifiers generated
1348,r_30125b60c69cbb106de2,649,missing_station_name,info,Name remains null; address is the display fallback
1349,r_060007bd0d9465e46dde,650,missing_source_id,info,Stable content-based record/location identifiers generated
1350,r_060007bd0d9465e46dde,650,missing_station_name,info,Name remains null; address is the display fallback
1351,r_060007bd0d9465e46dde,650,postcode_address_conflict,warning,"Source PCODE=2832, address postcode=2827; no automatic coordinate correction"
1352,r_c2c7cce3a01026bf5e93,651,missing_source_id,info,Stable content-based record/location identifiers generated
1353,r_c2c7cce3a01026bf5e93,651,missing_station_name,info,Name remains null; address is the display fallback
1354,r_1bcf6a61980edd9fafb9,652,missing_source_id,info,Stable content-based record/location identifiers generated
1355,r_1bcf6a61980edd9fafb9,652,missing_station_name,info,Name remains null; address is the display fallback
1356,r_726db17e2064613e2af8,653,missing_source_id,info,Stable content-based record/location identifiers generated
1357,r_726db17e2064613e2af8,653,missing_station_name,info,Name remains null; address is the display fallback
1358,r_3bc61e281af1c0834dd4,654,missing_source_id,info,Stable content-based record/location identifiers generated
1359,r_3bc61e281af1c0834dd4,654,missing_station_name,info,Name remains null; address is the display fallback
1360,r_2aebb4c183db764030cf,655,missing_source_id,info,Stable content-based record/location identifiers generated
1361,r_2aebb4c183db764030cf,655,missing_station_name,info,Name remains null; address is the display fallback
1362,r_07f5229c089dc8036b4d,656,missing_source_id,info,Stable content-based record/location identifiers generated
1363,r_07f5229c089dc8036b4d,656,missing_station_name,info,Name remains null; address is the display fallback
1364,r_2b23a5b5533e44cf9abd,657,missing_source_id,info,Stable content-based record/location identifiers generated
1365,r_2b23a5b5533e44cf9abd,657,missing_station_name,info,Name remains null; address is the display fallback
1366,r_d2fd79245901f9e0a6fe,658,missing_source_id,info,Stable content-based record/location identifiers generated
1367,r_d2fd79245901f9e0a6fe,658,missing_station_name,info,Name remains null; address is the display fallback
1368,r_80601f4e3efe075b85c3,659,missing_source_id,info,Stable content-based record/location identifiers generated
1369,r_80601f4e3efe075b85c3,659,missing_station_name,info,Name remains null; address is the display fallback
1370,r_a34155e97c8b8f15da11,660,missing_source_id,info,Stable content-based record/location identifiers generated
1371,r_a34155e97c8b8f15da11,660,missing_station_name,info,Name remains null; address is the display fallback
1372,r_51f91829895a33cb936f,661,missing_source_id,info,Stable content-based record/location identifiers generated
1373,r_51f91829895a33cb936f,661,missing_station_name,info,Name remains null; address is the display fallback
1374,r_9f3ec3746f68f5d3f6b7,662,missing_source_id,info,Stable content-based record/location identifiers generated
1375,r_9f3ec3746f68f5d3f6b7,662,missing_station_name,info,Name remains null; address is the display fallback
1376,r_72b2d23cee41ca3142df,663,missing_source_id,info,Stable content-based record/location identifiers generated
1377,r_72b2d23cee41ca3142df,663,missing_station_name,info,Name remains null; address is the display fallback
1378,r_0af71a389fe247938444,664,missing_source_id,info,Stable content-based record/location identifiers generated
1379,r_0af71a389fe247938444,664,missing_station_name,info,Name remains null; address is the display fallback
1380,r_f61c133cdaf49f309c11,665,missing_source_id,info,Stable content-based record/location identifiers generated
1381,r_f61c133cdaf49f309c11,665,missing_station_name,info,Name remains null; address is the display fallback
1382,r_d53b9c1821c74d30ff6d,666,missing_source_id,info,Stable content-based record/location identifiers generated
1383,r_d53b9c1821c74d30ff6d,666,missing_station_name,info,Name remains null; address is the display fallback
1384,r_55467b4f520eb98ac88e,667,missing_source_id,info,Stable content-based record/location identifiers generated
1385,r_55467b4f520eb98ac88e,667,missing_station_name,info,Name remains null; address is the display fallback
1386,r_f12b5864b7eb804f2855,668,missing_source_id,info,Stable content-based record/location identifiers generated
1387,r_f12b5864b7eb804f2855,668,missing_station_name,info,Name remains null; address is the display fallback
1388,r_5b19d6a75a2549f88d6b,669,missing_source_id,info,Stable content-based record/location identifiers generated
1389,r_5b19d6a75a2549f88d6b,669,missing_station_name,info,Name remains null; address is the display fallback
1390,r_3c9fd80623f6102bda62,670,missing_source_id,info,Stable content-based record/location identifiers generated
1391,r_3c9fd80623f6102bda62,670,missing_station_name,info,Name remains null; address is the display fallback
1392,r_b398d164527ca49d66bc,671,missing_source_id,info,Stable content-based record/location identifiers generated
1393,r_b398d164527ca49d66bc,671,missing_station_name,info,Name remains null; address is the display fallback
1394,r_b398d164527ca49d66bc,671,postcode_normalized,info,NSW 2500 -> 2500
1395,r_3b900ac41a3256625996,672,missing_source_id,info,Stable content-based record/location identifiers generated
1396,r_3b900ac41a3256625996,672,missing_station_name,info,Name remains null; address is the display fallback
1397,r_53ffa81972160cf5c8b5,673,missing_source_id,info,Stable content-based record/location identifiers generated
1398,r_53ffa81972160cf5c8b5,673,missing_station_name,info,Name remains null; address is the display fallback
1399,r_9315eaa5d4809c05d784,674,missing_source_id,info,Stable content-based record/location identifiers generated
1400,r_9315eaa5d4809c05d784,674,missing_station_name,info,Name remains null; address is the display fallback
1401,r_80311663288e4bedacbe,675,missing_source_id,info,Stable content-based record/location identifiers generated
1402,r_80311663288e4bedacbe,675,missing_station_name,info,Name remains null; address is the display fallback
1403,r_e617e7d1d1d4e63a1bf7,676,missing_source_id,info,Stable content-based record/location identifiers generated
1404,r_e617e7d1d1d4e63a1bf7,676,missing_station_name,info,Name remains null; address is the display fallback
1405,r_e818116693718d992adc,677,missing_source_id,info,Stable content-based record/location identifiers generated
1406,r_e818116693718d992adc,677,missing_station_name,info,Name remains null; address is the display fallback
1407,r_e236e257501e03c24747,678,missing_source_id,info,Stable content-based record/location identifiers generated
1408,r_e236e257501e03c24747,678,missing_station_name,info,Name remains null; address is the display fallback
1409,r_4bb80e7cacff23aad23d,679,missing_source_id,info,Stable content-based record/location identifiers generated
1410,r_4bb80e7cacff23aad23d,679,missing_station_name,info,Name remains null; address is the display fallback
1411,r_c113882c253c543e19da,680,missing_source_id,info,Stable content-based record/location identifiers generated
1412,r_c113882c253c543e19da,680,missing_station_name,info,Name remains null; address is the display fallback
1413,r_43dc33a48ec2827abc63,681,operator_normalized,info,Ampol -> Ampol AmpCharge
1414,r_43dc33a48ec2827abc63,681,missing_source_id,info,Stable content-based record/location identifiers generated
1415,r_43dc33a48ec2827abc63,681,missing_station_name,info,Name remains null; address is the display fallback
1416,r_46c102d43e88afe240cc,682,missing_source_id,info,Stable content-based record/location identifiers generated
1417,r_46c102d43e88afe240cc,682,missing_station_name,info,Name remains null; address is the display fallback
1418,r_a67611aaaf99161c5068,683,missing_source_id,info,Stable content-based record/location identifiers generated
1419,r_a67611aaaf99161c5068,683,missing_station_name,info,Name remains null; address is the display fallback
1420,r_929385fc167309810b9f,684,missing_source_id,info,Stable content-based record/location identifiers generated
1421,r_929385fc167309810b9f,684,missing_station_name,info,Name remains null; address is the display fallback
1422,r_8e87d182e97923b95150,685,missing_source_id,info,Stable content-based record/location identifiers generated
1423,r_8e87d182e97923b95150,685,missing_station_name,info,Name remains null; address is the display fallback
1424,r_974beebfc2ad8e5d1693,686,missing_source_id,info,Stable content-based record/location identifiers generated
1425,r_974beebfc2ad8e5d1693,686,missing_station_name,info,Name remains null; address is the display fallback
1426,r_76f5956ac3097618385b,687,missing_source_id,info,Stable content-based record/location identifiers generated
1427,r_76f5956ac3097618385b,687,missing_station_name,info,Name remains null; address is the display fallback
1428,r_dfb25ee384e43115ca95,688,missing_source_id,info,Stable content-based record/location identifiers generated
1429,r_dfb25ee384e43115ca95,688,missing_station_name,info,Name remains null; address is the display fallback
1430,r_88f16b525157a0aa9ada,689,missing_source_id,info,Stable content-based record/location identifiers generated
1431,r_88f16b525157a0aa9ada,689,missing_station_name,info,Name remains null; address is the display fallback
1432,r_08132dea34baedd56235,690,missing_source_id,info,Stable content-based record/location identifiers generated
1433,r_08132dea34baedd56235,690,missing_station_name,info,Name remains null; address is the display fallback
1434,r_519d6b86c152ce529804,691,missing_source_id,info,Stable content-based record/location identifiers generated
1435,r_519d6b86c152ce529804,691,missing_station_name,info,Name remains null; address is the display fallback
1436,r_da25f8fb41b9329e6222,692,missing_source_id,info,Stable content-based record/location identifiers generated
1437,r_da25f8fb41b9329e6222,692,missing_station_name,info,Name remains null; address is the display fallback
1438,r_0d31c7c83c9cf30f64ef,693,missing_source_id,info,Stable content-based record/location identifiers generated
1439,r_0d31c7c83c9cf30f64ef,693,power_unavailable,warning,Preserved unparseable rating: AC
1440,r_c9a0292abf5d9b7fc787,694,missing_source_id,info,Stable content-based record/location identifiers generated
1441,r_c9a0292abf5d9b7fc787,694,missing_station_name,info,Name remains null; address is the display fallback
1442,r_97fc667a5ef5da394f47,695,missing_source_id,info,Stable content-based record/location identifiers generated
1443,r_97fc667a5ef5da394f47,695,missing_station_name,info,Name remains null; address is the display fallback
1444,r_6552d661f627a3fe5f1d,696,missing_source_id,info,Stable content-based record/location identifiers generated
1445,r_6552d661f627a3fe5f1d,696,missing_station_name,info,Name remains null; address is the display fallback
1446,r_11bd4803f1186d9ab96b,697,missing_source_id,info,Stable content-based record/location identifiers generated
1447,r_11bd4803f1186d9ab96b,697,missing_station_name,info,Name remains null; address is the display fallback
1448,r_0835b22b7547fab78780,698,missing_source_id,info,Stable content-based record/location identifiers generated
1449,r_0835b22b7547fab78780,698,missing_station_name,info,Name remains null; address is the display fallback
1450,r_522cf9b11764e2a7a883,699,missing_source_id,info,Stable content-based record/location identifiers generated
1451,r_522cf9b11764e2a7a883,699,missing_station_name,info,Name remains null; address is the display fallback
1452,r_49c3bf856b76ecb9cf34,700,missing_source_id,info,Stable content-based record/location identifiers generated
1453,r_49c3bf856b76ecb9cf34,700,missing_station_name,info,Name remains null; address is the display fallback
1454,r_b8867e4fc27f51029f94,701,missing_source_id,info,Stable content-based record/location identifiers generated
1455,r_b8867e4fc27f51029f94,701,missing_station_name,info,Name remains null; address is the display fallback
1456,r_c6e25ae693c915224edf,702,missing_source_id,info,Stable content-based record/location identifiers generated
1457,r_c6e25ae693c915224edf,702,power_unavailable,warning,Preserved unparseable rating: AC
1458,r_730bf52f9b00cb08f688,703,operator_normalized,info,Ampol -> Ampol AmpCharge
1459,r_730bf52f9b00cb08f688,703,missing_source_id,info,Stable content-based record/location identifiers generated
1460,r_730bf52f9b00cb08f688,703,missing_station_name,info,Name remains null; address is the display fallback
1461,r_cc4843cdca60dfeee8c9,704,missing_source_id,info,Stable content-based record/location identifiers generated
1462,r_cc4843cdca60dfeee8c9,704,missing_station_name,info,Name remains null; address is the display fallback
1463,r_865cfeafa2ccb58bc267,705,missing_source_id,info,Stable content-based record/location identifiers generated
1464,r_865cfeafa2ccb58bc267,705,missing_station_name,info,Name remains null; address is the display fallback
1465,r_b1a64e06b3507d483286,706,missing_source_id,info,Stable content-based record/location identifiers generated
1466,r_b1a64e06b3507d483286,706,missing_station_name,info,Name remains null; address is the display fallback
1467,r_247bb3a09a8b81d1a864,707,missing_source_id,info,Stable content-based record/location identifiers generated
1468,r_247bb3a09a8b81d1a864,707,missing_station_name,info,Name remains null; address is the display fallback
1469,r_a91c6986c2515fd96d7b,708,missing_source_id,info,Stable content-based record/location identifiers generated
1470,r_a91c6986c2515fd96d7b,708,missing_station_name,info,Name remains null; address is the display fallback
1471,r_05032d2862c49d60bde6,709,missing_source_id,info,Stable content-based record/location identifiers generated
1472,r_05032d2862c49d60bde6,709,missing_station_name,info,Name remains null; address is the display fallback
1473,r_d2325d0f65ad7936230f,710,missing_source_id,info,Stable content-based record/location identifiers generated
1474,r_d2325d0f65ad7936230f,710,missing_station_name,info,Name remains null; address is the display fallback
1475,r_5e9134f9d3bede195d3d,711,missing_source_id,info,Stable content-based record/location identifiers generated
1476,r_5e9134f9d3bede195d3d,711,missing_station_name,info,Name remains null; address is the display fallback
1477,r_8ba885f5989822aa5920,712,missing_source_id,info,Stable content-based record/location identifiers generated
1478,r_8ba885f5989822aa5920,712,missing_station_name,info,Name remains null; address is the display fallback
1479,r_eb5ceb18c57a025920ab,713,missing_source_id,info,Stable content-based record/location identifiers generated
1480,r_eb5ceb18c57a025920ab,713,missing_station_name,info,Name remains null; address is the display fallback
1481,r_c4151714c2a2a4fbd8d7,714,operator_normalized,info,Ampol -> Ampol AmpCharge
1482,r_c4151714c2a2a4fbd8d7,714,missing_source_id,info,Stable content-based record/location identifiers generated
1483,r_c4151714c2a2a4fbd8d7,714,missing_station_name,info,Name remains null; address is the display fallback
1484,r_397a7f50a6c8d0643c8c,715,missing_source_id,info,Stable content-based record/location identifiers generated
1485,r_397a7f50a6c8d0643c8c,715,missing_station_name,info,Name remains null; address is the display fallback
1486,r_55cef4f94f2c6fd79ed9,716,missing_source_id,info,Stable content-based record/location identifiers generated
1487,r_55cef4f94f2c6fd79ed9,716,missing_station_name,info,Name remains null; address is the display fallback
1488,r_b785d7106ac126e1f87b,717,missing_source_id,info,Stable content-based record/location identifiers generated
1489,r_b785d7106ac126e1f87b,717,missing_station_name,info,Name remains null; address is the display fallback
1490,r_ddac30ed86db06a0ce7a,718,missing_source_id,info,Stable content-based record/location identifiers generated
1491,r_ddac30ed86db06a0ce7a,718,missing_station_name,info,Name remains null; address is the display fallback
1492,r_408ad7b4734aec788b5c,719,missing_source_id,info,Stable content-based record/location identifiers generated
1493,r_408ad7b4734aec788b5c,719,missing_station_name,info,Name remains null; address is the display fallback
1494,r_852aa45f0f67c7c508e6,720,missing_source_id,info,Stable content-based record/location identifiers generated
1495,r_852aa45f0f67c7c508e6,720,missing_station_name,info,Name remains null; address is the display fallback
1496,r_720d064ea9609dcb769a,721,missing_source_id,info,Stable content-based record/location identifiers generated
1497,r_720d064ea9609dcb769a,721,missing_station_name,info,Name remains null; address is the display fallback
1498,r_6a53a623c3c0cfe38b96,722,operator_normalized,info,BP -> BP Pulse (AU)
1499,r_6a53a623c3c0cfe38b96,722,missing_source_id,info,Stable content-based record/location identifiers generated
1500,r_6a53a623c3c0cfe38b96,722,missing_station_name,info,Name remains null; address is the display fallback
1501,r_924f5c22c3063cb30537,723,missing_source_id,info,Stable content-based record/location identifiers generated
1502,r_924f5c22c3063cb30537,723,missing_station_name,info,Name remains null; address is the display fallback
1503,r_5b116684730bba5b7f74,724,missing_source_id,info,Stable content-based record/location identifiers generated
1504,r_5b116684730bba5b7f74,724,missing_station_name,info,Name remains null; address is the display fallback
1505,r_25a934eb1a7f6c20abdb,725,missing_source_id,info,Stable content-based record/location identifiers generated
1506,r_25a934eb1a7f6c20abdb,725,missing_station_name,info,Name remains null; address is the display fallback
1507,r_215859f09d889b9dee96,726,missing_source_id,info,Stable content-based record/location identifiers generated
1508,r_215859f09d889b9dee96,726,missing_station_name,info,Name remains null; address is the display fallback
1509,r_873bc05df3ccbde0e683,727,missing_source_id,info,Stable content-based record/location identifiers generated
1510,r_873bc05df3ccbde0e683,727,missing_station_name,info,Name remains null; address is the display fallback
1511,r_873bc05df3ccbde0e683,727,postcode_address_conflict,warning,"Source PCODE=2827, address postcode=2650; no automatic coordinate correction"
1512,r_28592daaa2c9e106d99a,728,missing_source_id,info,Stable content-based record/location identifiers generated
1513,r_28592daaa2c9e106d99a,728,missing_station_name,info,Name remains null; address is the display fallback
1514,r_4f66086a76ca67ee8209,729,missing_source_id,info,Stable content-based record/location identifiers generated
1515,r_4f66086a76ca67ee8209,729,missing_station_name,info,Name remains null; address is the display fallback
1516,r_ec4d5b86478c54a3f5d0,730,missing_source_id,info,Stable content-based record/location identifiers generated
1517,r_ec4d5b86478c54a3f5d0,730,missing_station_name,info,Name remains null; address is the display fallback
1518,r_ec4d5b86478c54a3f5d0,730,postcode_address_conflict,warning,"Source PCODE=2829, address postcode=2453; no automatic coordinate correction"
1519,r_e09ee18e04d7d81f2aa7,731,missing_source_id,info,Stable content-based record/location identifiers generated
1520,r_e09ee18e04d7d81f2aa7,731,missing_station_name,info,Name remains null; address is the display fallback
1521,r_e09ee18e04d7d81f2aa7,731,postcode_address_conflict,warning,"Source PCODE=2500, address postcode=2582; no automatic coordinate correction"
1522,r_20db8f0bd54d66272a36,732,missing_source_id,info,Stable content-based record/location identifiers generated
1523,r_20db8f0bd54d66272a36,732,missing_station_name,info,Name remains null; address is the display fallback
1524,r_f72ecfe5887a3acc0153,733,missing_source_id,info,Stable content-based record/location identifiers generated
1525,r_f72ecfe5887a3acc0153,733,missing_station_name,info,Name remains null; address is the display fallback
1526,r_7cace3253a40e1a8726c,734,missing_source_id,info,Stable content-based record/location identifiers generated
1527,r_7cace3253a40e1a8726c,734,missing_station_name,info,Name remains null; address is the display fallback
1528,r_f4430fe0a41cb50f672a,735,missing_source_id,info,Stable content-based record/location identifiers generated
1529,r_f4430fe0a41cb50f672a,735,missing_station_name,info,Name remains null; address is the display fallback
1530,r_3dee9f9190f28ef956e9,736,missing_source_id,info,Stable content-based record/location identifiers generated
1531,r_3dee9f9190f28ef956e9,736,missing_station_name,info,Name remains null; address is the display fallback
1532,r_3dee9f9190f28ef956e9,736,postcode_address_conflict,warning,"Source PCODE=2666, address postcode=2350; no automatic coordinate correction"
1533,r_ca960c87d185dca29bfa,737,missing_source_id,info,Stable content-based record/location identifiers generated
1534,r_ca960c87d185dca29bfa,737,missing_station_name,info,Name remains null; address is the display fallback
1535,r_dc63dd86513f28251b8a,738,missing_source_id,info,Stable content-based record/location identifiers generated
1536,r_dc63dd86513f28251b8a,738,missing_station_name,info,Name remains null; address is the display fallback
1537,r_6433a85811da8d0b06b5,739,missing_source_id,info,Stable content-based record/location identifiers generated
1538,r_6433a85811da8d0b06b5,739,missing_station_name,info,Name remains null; address is the display fallback
1539,r_7f4d3b39f20a9fbe6a09,740,missing_source_id,info,Stable content-based record/location identifiers generated
1540,r_7f4d3b39f20a9fbe6a09,740,missing_station_name,info,Name remains null; address is the display fallback
1541,r_574e9d9441895111501d,741,missing_source_id,info,Stable content-based record/location identifiers generated
1542,r_574e9d9441895111501d,741,missing_station_name,info,Name remains null; address is the display fallback
1543,r_5f6fb6407793fbbbad55,742,missing_source_id,info,Stable content-based record/location identifiers generated
1544,r_5f6fb6407793fbbbad55,742,missing_station_name,info,Name remains null; address is the display fallback
1545,r_c9c758e41e07acd16786,743,missing_source_id,info,Stable content-based record/location identifiers generated
1546,r_c9c758e41e07acd16786,743,missing_station_name,info,Name remains null; address is the display fallback
1547,r_1ab4d50aa7dc73d625cd,744,missing_source_id,info,Stable content-based record/location identifiers generated
1548,r_1ab4d50aa7dc73d625cd,744,missing_station_name,info,Name remains null; address is the display fallback
1549,r_1cd7af849a45efcf98a2,745,missing_source_id,info,Stable content-based record/location identifiers generated
1550,r_1cd7af849a45efcf98a2,745,missing_station_name,info,Name remains null; address is the display fallback
1551,r_87a3705caae3f9ed73df,746,missing_source_id,info,Stable content-based record/location identifiers generated
1552,r_87a3705caae3f9ed73df,746,missing_station_name,info,Name remains null; address is the display fallback
1553,r_e5151781f24a99f698bf,747,missing_source_id,info,Stable content-based record/location identifiers generated
1554,r_e5151781f24a99f698bf,747,missing_station_name,info,Name remains null; address is the display fallback
1555,r_e8e324acfa3c714c1a35,748,operator_normalized,info,Ampol -> Ampol AmpCharge
1556,r_e8e324acfa3c714c1a35,748,missing_source_id,info,Stable content-based record/location identifiers generated
1557,r_e8e324acfa3c714c1a35,748,missing_station_name,info,Name remains null; address is the display fallback
1558,r_b4beff61cdcf17dd219d,749,operator_normalized,info,Ampol -> Ampol AmpCharge
1559,r_b4beff61cdcf17dd219d,749,missing_source_id,info,Stable content-based record/location identifiers generated
1560,r_b4beff61cdcf17dd219d,749,missing_station_name,info,Name remains null; address is the display fallback
1561,r_68aafb5cf78043305082,750,missing_source_id,info,Stable content-based record/location identifiers generated
1562,r_68aafb5cf78043305082,750,missing_station_name,info,Name remains null; address is the display fallback
1563,r_0513745b6340322974e7,751,missing_source_id,info,Stable content-based record/location identifiers generated
1564,r_0513745b6340322974e7,751,missing_station_name,info,Name remains null; address is the display fallback
1565,r_2515f944f8eda599a23a,752,missing_source_id,info,Stable content-based record/location identifiers generated
1566,r_2515f944f8eda599a23a,752,missing_station_name,info,Name remains null; address is the display fallback
1567,r_53abedb6eb3a5f7e5599,753,missing_source_id,info,Stable content-based record/location identifiers generated
1568,r_53abedb6eb3a5f7e5599,753,missing_station_name,info,Name remains null; address is the display fallback
1569,r_a1caee1657e4d6b88b8a,754,missing_source_id,info,Stable content-based record/location identifiers generated
1570,r_a1caee1657e4d6b88b8a,754,missing_station_name,info,Name remains null; address is the display fallback
1571,r_af117c1cd7118dfbc81e,755,missing_source_id,info,Stable content-based record/location identifiers generated
1572,r_af117c1cd7118dfbc81e,755,missing_station_name,info,Name remains null; address is the display fallback
1573,r_0983acf0fda42653dc7c,756,missing_source_id,info,Stable content-based record/location identifiers generated
1574,r_0983acf0fda42653dc7c,756,missing_station_name,info,Name remains null; address is the display fallback
1575,r_0983acf0fda42653dc7c,756,postcode_address_conflict,warning,"Source PCODE=2372, address postcode=2390; no automatic coordinate correction"
1576,r_17cc790c1324fd1dc8de,757,missing_source_id,info,Stable content-based record/location identifiers generated
1577,r_17cc790c1324fd1dc8de,757,missing_station_name,info,Name remains null; address is the display fallback
1578,r_17ff312a7e9775e27191,758,operator_normalized,info,BP -> BP Pulse (AU)
1579,r_17ff312a7e9775e27191,758,missing_source_id,info,Stable content-based record/location identifiers generated
1580,r_17ff312a7e9775e27191,758,missing_station_name,info,Name remains null; address is the display fallback
1581,r_7881ea85245b6b206884,759,missing_source_id,info,Stable content-based record/location identifiers generated
1582,r_7881ea85245b6b206884,759,missing_station_name,info,Name remains null; address is the display fallback
1583,r_555cd0ea00836900a564,760,missing_source_id,info,Stable content-based record/location identifiers generated
1584,r_555cd0ea00836900a564,760,missing_station_name,info,Name remains null; address is the display fallback
1585,r_7aca6132a5b2a1a88091,761,missing_source_id,info,Stable content-based record/location identifiers generated
1586,r_7aca6132a5b2a1a88091,761,missing_station_name,info,Name remains null; address is the display fallback
1587,r_47995274f9d99f6bacb9,762,missing_source_id,info,Stable content-based record/location identifiers generated
1588,r_47995274f9d99f6bacb9,762,missing_station_name,info,Name remains null; address is the display fallback
1589,r_260f1323aef5a7691f9b,763,missing_source_id,info,Stable content-based record/location identifiers generated
1590,r_260f1323aef5a7691f9b,763,missing_station_name,info,Name remains null; address is the display fallback
1591,r_da2a9db37b4473ad9889,764,missing_source_id,info,Stable content-based record/location identifiers generated
1592,r_da2a9db37b4473ad9889,764,missing_station_name,info,Name remains null; address is the display fallback
1593,r_b9decc6b83a4cf2320d1,765,missing_source_id,info,Stable content-based record/location identifiers generated
1594,r_b9decc6b83a4cf2320d1,765,missing_station_name,info,Name remains null; address is the display fallback
1595,r_cc9517f7cd57e97821cd,766,operator_normalized,info,Ampol -> Ampol AmpCharge
1596,r_cc9517f7cd57e97821cd,766,missing_source_id,info,Stable content-based record/location identifiers generated
1597,r_cc9517f7cd57e97821cd,766,missing_station_name,info,Name remains null; address is the display fallback
1598,r_2d0b023d19636b169829,767,missing_source_id,info,Stable content-based record/location identifiers generated
1599,r_2d0b023d19636b169829,767,missing_station_name,info,Name remains null; address is the display fallback
1600,r_5878c9b1d452acdd2fac,768,missing_source_id,info,Stable content-based record/location identifiers generated
1601,r_5878c9b1d452acdd2fac,768,missing_station_name,info,Name remains null; address is the display fallback
1602,r_8edd43d81d71c7f95f58,769,missing_source_id,info,Stable content-based record/location identifiers generated
1603,r_8edd43d81d71c7f95f58,769,missing_station_name,info,Name remains null; address is the display fallback
1604,r_6bea099decb5159232b4,770,missing_source_id,info,Stable content-based record/location identifiers generated
1605,r_6bea099decb5159232b4,770,missing_station_name,info,Name remains null; address is the display fallback
1606,r_7ee9f3012fa348c2f272,771,missing_source_id,info,Stable content-based record/location identifiers generated
1607,r_7ee9f3012fa348c2f272,771,missing_station_name,info,Name remains null; address is the display fallback
1608,r_f230f6cde66dd43e311d,772,missing_source_id,info,Stable content-based record/location identifiers generated
1609,r_f230f6cde66dd43e311d,772,missing_station_name,info,Name remains null; address is the display fallback
1610,r_265bdc661201eb6328f3,773,missing_source_id,info,Stable content-based record/location identifiers generated
1611,r_265bdc661201eb6328f3,773,missing_station_name,info,Name remains null; address is the display fallback
1612,r_59cdd0ef6c2d995a6430,774,missing_source_id,info,Stable content-based record/location identifiers generated
1613,r_59cdd0ef6c2d995a6430,774,missing_station_name,info,Name remains null; address is the display fallback
1614,r_c96f0d24a89c69194373,775,operator_normalized,info,Ampol -> Ampol AmpCharge
1615,r_c96f0d24a89c69194373,775,missing_source_id,info,Stable content-based record/location identifiers generated
1616,r_c96f0d24a89c69194373,775,missing_station_name,info,Name remains null; address is the display fallback
1617,r_597001bb9ac99959a17a,776,operator_normalized,info,Evie Networks -> Evie
1618,r_597001bb9ac99959a17a,776,missing_source_id,info,Stable content-based record/location identifiers generated
1619,r_597001bb9ac99959a17a,776,missing_station_name,info,Name remains null; address is the display fallback
1620,r_c47c73e25e1921f9707a,777,missing_source_id,info,Stable content-based record/location identifiers generated
1621,r_c47c73e25e1921f9707a,777,power_unavailable,warning,Preserved unparseable rating: AC
1622,r_8322f4a1a48040dd7066,778,missing_source_id,info,Stable content-based record/location identifiers generated
1623,r_8322f4a1a48040dd7066,778,missing_station_name,info,Name remains null; address is the display fallback
1624,r_0ef0c92b71e43563b949,779,missing_source_id,info,Stable content-based record/location identifiers generated
1625,r_0ef0c92b71e43563b949,779,missing_station_name,info,Name remains null; address is the display fallback
1626,r_15c8bd2efcc7d8334076,780,missing_source_id,info,Stable content-based record/location identifiers generated
1627,r_15c8bd2efcc7d8334076,780,missing_station_name,info,Name remains null; address is the display fallback
1628,r_9aa21d46bfefcb17f9b5,781,missing_source_id,info,Stable content-based record/location identifiers generated
1629,r_9aa21d46bfefcb17f9b5,781,missing_station_name,info,Name remains null; address is the display fallback
1630,r_9aa21d46bfefcb17f9b5,781,postcode_normalized,info,NSW 2324 -> 2324
1631,r_c38c5249ba12fc3fa7ed,782,missing_source_id,info,Stable content-based record/location identifiers generated
1632,r_c38c5249ba12fc3fa7ed,782,missing_station_name,info,Name remains null; address is the display fallback
1633,r_dea16b4931992fac8df6,783,missing_source_id,info,Stable content-based record/location identifiers generated
1634,r_dea16b4931992fac8df6,783,missing_station_name,info,Name remains null; address is the display fallback
1635,r_a47a1e6cfc0945b99ab6,784,missing_source_id,info,Stable content-based record/location identifiers generated
1636,r_a47a1e6cfc0945b99ab6,784,missing_station_name,info,Name remains null; address is the display fallback
1637,r_e3e9f28f9d8595d4d7e5,785,missing_source_id,info,Stable content-based record/location identifiers generated
1638,r_e3e9f28f9d8595d4d7e5,785,missing_station_name,info,Name remains null; address is the display fallback
1639,r_980004627430fdd3e367,786,missing_source_id,info,Stable content-based record/location identifiers generated
1640,r_980004627430fdd3e367,786,missing_station_name,info,Name remains null; address is the display fallback
1641,r_def87a1b3d7cc4858e8f,787,missing_source_id,info,Stable content-based record/location identifiers generated
1642,r_def87a1b3d7cc4858e8f,787,missing_station_name,info,Name remains null; address is the display fallback
1643,r_2c3cd6518526a9e37905,788,missing_source_id,info,Stable content-based record/location identifiers generated
1644,r_2c3cd6518526a9e37905,788,missing_station_name,info,Name remains null; address is the display fallback
1645,r_ca47d9e7c7500581acc4,789,missing_source_id,info,Stable content-based record/location identifiers generated
1646,r_ca47d9e7c7500581acc4,789,missing_station_name,info,Name remains null; address is the display fallback
1647,r_b080357eedcd0e2aafd1,790,missing_source_id,info,Stable content-based record/location identifiers generated
1648,r_b080357eedcd0e2aafd1,790,missing_station_name,info,Name remains null; address is the display fallback
1649,r_5187ba5f51e69119ec7f,791,missing_source_id,info,Stable content-based record/location identifiers generated
1650,r_5187ba5f51e69119ec7f,791,missing_station_name,info,Name remains null; address is the display fallback
1651,r_f4fae9fae8f0302e002d,792,missing_source_id,info,Stable content-based record/location identifiers generated
1652,r_f4fae9fae8f0302e002d,792,missing_station_name,info,Name remains null; address is the display fallback
1653,r_3af1d79e2afa64b6996f,793,operator_normalized,info,Ampol -> Ampol AmpCharge
1654,r_3af1d79e2afa64b6996f,793,missing_source_id,info,Stable content-based record/location identifiers generated
1655,r_3af1d79e2afa64b6996f,793,missing_station_name,info,Name remains null; address is the display fallback
1656,r_6fa3c92884fb9cdf807e,794,missing_source_id,info,Stable content-based record/location identifiers generated
1657,r_6fa3c92884fb9cdf807e,794,missing_station_name,info,Name remains null; address is the display fallback
1658,r_ccdf015fedcf5fbbdf7e,795,missing_source_id,info,Stable content-based record/location identifiers generated
1659,r_ccdf015fedcf5fbbdf7e,795,missing_station_name,info,Name remains null; address is the display fallback
1660,r_a85fb98ece613364e390,796,missing_source_id,info,Stable content-based record/location identifiers generated
1661,r_a85fb98ece613364e390,796,missing_station_name,info,Name remains null; address is the display fallback
1662,r_b18dc400529b9953cd20,797,missing_source_id,info,Stable content-based record/location identifiers generated
1663,r_b18dc400529b9953cd20,797,missing_station_name,info,Name remains null; address is the display fallback
1664,r_be3ef17014bbcc353fa3,798,missing_source_id,info,Stable content-based record/location identifiers generated
1665,r_be3ef17014bbcc353fa3,798,missing_station_name,info,Name remains null; address is the display fallback
1666,r_cebf57a2a62d809b80c1,799,missing_source_id,info,Stable content-based record/location identifiers generated
1667,r_cebf57a2a62d809b80c1,799,missing_station_name,info,Name remains null; address is the display fallback
1668,r_bf52e70f40b1be86c9be,800,missing_source_id,info,Stable content-based record/location identifiers generated
1669,r_bf52e70f40b1be86c9be,800,missing_station_name,info,Name remains null; address is the display fallback
1670,r_c3f2753f2565eed54abd,801,missing_source_id,info,Stable content-based record/location identifiers generated
1671,r_c3f2753f2565eed54abd,801,missing_station_name,info,Name remains null; address is the display fallback
1672,r_7cf1e4f88084d5ee8d9e,802,missing_source_id,info,Stable content-based record/location identifiers generated
1673,r_7cf1e4f88084d5ee8d9e,802,missing_station_name,info,Name remains null; address is the display fallback
1674,r_d3e9116cd578256bca20,803,missing_source_id,info,Stable content-based record/location identifiers generated
1675,r_d3e9116cd578256bca20,803,missing_station_name,info,Name remains null; address is the display fallback
1676,r_3ffc425b5f875f53f277,804,missing_source_id,info,Stable content-based record/location identifiers generated
1677,r_3ffc425b5f875f53f277,804,missing_station_name,info,Name remains null; address is the display fallback
1678,r_12efc83e07d5f2d88ecb,805,operator_normalized,info,BP -> BP Pulse (AU)
1679,r_12efc83e07d5f2d88ecb,805,missing_source_id,info,Stable content-based record/location identifiers generated
1680,r_12efc83e07d5f2d88ecb,805,missing_station_name,info,Name remains null; address is the display fallback
1681,r_186fba83575f16aacecc,806,missing_source_id,info,Stable content-based record/location identifiers generated
1682,r_186fba83575f16aacecc,806,missing_station_name,info,Name remains null; address is the display fallback
1683,r_8a7a7e63201c14fd5603,807,missing_source_id,info,Stable content-based record/location identifiers generated
1684,r_8a7a7e63201c14fd5603,807,missing_station_name,info,Name remains null; address is the display fallback
1685,r_6fe74faf8cd120089f56,808,missing_source_id,info,Stable content-based record/location identifiers generated
1686,r_6fe74faf8cd120089f56,808,missing_station_name,info,Name remains null; address is the display fallback
1687,r_75a41e220cf88148dbaf,809,missing_source_id,info,Stable content-based record/location identifiers generated
1688,r_75a41e220cf88148dbaf,809,missing_station_name,info,Name remains null; address is the display fallback
1689,r_c0675196fc38aeb4a52c,810,missing_source_id,info,Stable content-based record/location identifiers generated
1690,r_c0675196fc38aeb4a52c,810,missing_station_name,info,Name remains null; address is the display fallback
1691,r_53e0905e7dbfe679298a,811,missing_source_id,info,Stable content-based record/location identifiers generated
1692,r_53e0905e7dbfe679298a,811,missing_station_name,info,Name remains null; address is the display fallback
1693,r_6783b52d23ee8e455105,812,missing_source_id,info,Stable content-based record/location identifiers generated
1694,r_6783b52d23ee8e455105,812,missing_station_name,info,Name remains null; address is the display fallback
1695,r_351fd204f5252421b0b4,813,missing_source_id,info,Stable content-based record/location identifiers generated
1696,r_351fd204f5252421b0b4,813,missing_station_name,info,Name remains null; address is the display fallback
1697,r_c3b138e3a11a63ca5555,814,missing_source_id,info,Stable content-based record/location identifiers generated
1698,r_c3b138e3a11a63ca5555,814,missing_station_name,info,Name remains null; address is the display fallback
1699,r_2fcdba0ac9413217114d,815,missing_source_id,info,Stable content-based record/location identifiers generated
1700,r_2fcdba0ac9413217114d,815,missing_station_name,info,Name remains null; address is the display fallback
1701,r_83e546ea63cb478bb9d1,816,missing_source_id,info,Stable content-based record/location identifiers generated
1702,r_83e546ea63cb478bb9d1,816,missing_station_name,info,Name remains null; address is the display fallback
1703,r_2c87bc341e2b7cad8ab2,817,missing_source_id,info,Stable content-based record/location identifiers generated
1704,r_2c87bc341e2b7cad8ab2,817,power_unavailable,warning,Preserved unparseable rating: AC
1705,r_2101b2fc427e09907b6f,818,missing_source_id,info,Stable content-based record/location identifiers generated
1706,r_2101b2fc427e09907b6f,818,missing_station_name,info,Name remains null; address is the display fallback
1707,r_d19d35ddf43f30814b69,819,missing_source_id,info,Stable content-based record/location identifiers generated
1708,r_d19d35ddf43f30814b69,819,missing_station_name,info,Name remains null; address is the display fallback
1709,r_84b606d329163a77e96c,820,missing_source_id,info,Stable content-based record/location identifiers generated
1710,r_84b606d329163a77e96c,820,missing_station_name,info,Name remains null; address is the display fallback
1711,r_84b606d329163a77e96c,820,postcode_address_conflict,warning,"Source PCODE=2022, address postcode=2567; no automatic coordinate correction"
1712,r_cad91a59112737bb7dad,821,missing_source_id,info,Stable content-based record/location identifiers generated
1713,r_cad91a59112737bb7dad,821,missing_station_name,info,Name remains null; address is the display fallback
1714,r_0354b431d2292d6d13fb,822,missing_source_id,info,Stable content-based record/location identifiers generated
1715,r_0354b431d2292d6d13fb,822,missing_station_name,info,Name remains null; address is the display fallback
1716,r_24333f7d2b86c04fbe70,823,missing_source_id,info,Stable content-based record/location identifiers generated
1717,r_24333f7d2b86c04fbe70,823,missing_station_name,info,Name remains null; address is the display fallback
1718,r_24333f7d2b86c04fbe70,823,postcode_address_conflict,warning,"Source PCODE=2650, address postcode=2360; no automatic coordinate correction"
1719,r_6113be01eb1ae30db904,824,missing_source_id,info,Stable content-based record/location identifiers generated
1720,r_6113be01eb1ae30db904,824,missing_station_name,info,Name remains null; address is the display fallback
1721,r_6113be01eb1ae30db904,824,postcode_address_conflict,warning,"Source PCODE=2354, address postcode=2666; no automatic coordinate correction"
1722,r_1a5657cc9afb3c7921dd,825,missing_source_id,info,Stable content-based record/location identifiers generated
1723,r_1a5657cc9afb3c7921dd,825,missing_station_name,info,Name remains null; address is the display fallback
1724,r_91eb8f1e1e113f6abf8b,826,operator_normalized,info,Ampol -> Ampol AmpCharge
1725,r_91eb8f1e1e113f6abf8b,826,missing_source_id,info,Stable content-based record/location identifiers generated
1726,r_91eb8f1e1e113f6abf8b,826,missing_station_name,info,Name remains null; address is the display fallback
1727,r_370277eb8ca7ce4bdaeb,827,operator_normalized,info,Ampol -> Ampol AmpCharge
1728,r_370277eb8ca7ce4bdaeb,827,missing_source_id,info,Stable content-based record/location identifiers generated
1729,r_370277eb8ca7ce4bdaeb,827,missing_station_name,info,Name remains null; address is the display fallback
1730,r_93b48d6829e759366514,828,missing_source_id,info,Stable content-based record/location identifiers generated
1731,r_93b48d6829e759366514,828,missing_station_name,info,Name remains null; address is the display fallback
1732,r_2222b9c447178ea898f9,829,missing_source_id,info,Stable content-based record/location identifiers generated
1733,r_2222b9c447178ea898f9,829,missing_station_name,info,Name remains null; address is the display fallback
1734,r_f5a69b7a3f61d4caad58,830,missing_source_id,info,Stable content-based record/location identifiers generated
1735,r_f5a69b7a3f61d4caad58,830,missing_station_name,info,Name remains null; address is the display fallback
1736,r_b74b6489f361bb19b9fb,831,missing_source_id,info,Stable content-based record/location identifiers generated
1737,r_b74b6489f361bb19b9fb,831,missing_station_name,info,Name remains null; address is the display fallback
1738,r_9dd36854c994ba02ea66,832,missing_source_id,info,Stable content-based record/location identifiers generated
1739,r_9dd36854c994ba02ea66,832,missing_station_name,info,Name remains null; address is the display fallback
1740,r_fb26f40a346a9f379693,833,operator_normalized,info,Ampol -> Ampol AmpCharge
1741,r_fb26f40a346a9f379693,833,missing_source_id,info,Stable content-based record/location identifiers generated
1742,r_fb26f40a346a9f379693,833,missing_station_name,info,Name remains null; address is the display fallback
1743,r_1187b4ba271be2c19557,834,missing_source_id,info,Stable content-based record/location identifiers generated
1744,r_1187b4ba271be2c19557,834,missing_station_name,info,Name remains null; address is the display fallback
1745,r_54058bfe525a4116c21f,835,missing_source_id,info,Stable content-based record/location identifiers generated
1746,r_54058bfe525a4116c21f,835,missing_station_name,info,Name remains null; address is the display fallback
1747,r_8ba87e93c308cee53f00,836,missing_source_id,info,Stable content-based record/location identifiers generated
1748,r_8ba87e93c308cee53f00,836,missing_station_name,info,Name remains null; address is the display fallback
1749,r_c735e108e92b47b4ad5b,837,missing_source_id,info,Stable content-based record/location identifiers generated
1750,r_c735e108e92b47b4ad5b,837,missing_station_name,info,Name remains null; address is the display fallback
1751,r_1b23d35b328c9347bfac,838,missing_source_id,info,Stable content-based record/location identifiers generated
1752,r_1b23d35b328c9347bfac,838,missing_station_name,info,Name remains null; address is the display fallback
1753,r_8f4c26897c23aaf57073,839,missing_source_id,info,Stable content-based record/location identifiers generated
1754,r_8f4c26897c23aaf57073,839,missing_station_name,info,Name remains null; address is the display fallback
1755,r_4534b85aa5fb35f0a62a,840,missing_source_id,info,Stable content-based record/location identifiers generated
1756,r_4534b85aa5fb35f0a62a,840,missing_station_name,info,Name remains null; address is the display fallback
1757,r_7a660c495d1ce9a8371e,841,missing_source_id,info,Stable content-based record/location identifiers generated
1758,r_7a660c495d1ce9a8371e,841,missing_station_name,info,Name remains null; address is the display fallback
1759,r_7a660c495d1ce9a8371e,841,postcode_normalized,info,NSW 2502 -> 2502
1760,r_411270c7e797c9029fd4,842,missing_source_id,info,Stable content-based record/location identifiers generated
1761,r_411270c7e797c9029fd4,842,missing_station_name,info,Name remains null; address is the display fallback
1762,r_da8c0b510966adc38860,843,missing_source_id,info,Stable content-based record/location identifiers generated
1763,r_da8c0b510966adc38860,843,missing_station_name,info,Name remains null; address is the display fallback
1764,r_42f83b15b4bbc7889e27,844,missing_source_id,info,Stable content-based record/location identifiers generated
1765,r_42f83b15b4bbc7889e27,844,missing_station_name,info,Name remains null; address is the display fallback
1766,r_7f0aa4d7ddbe722dc141,845,missing_source_id,info,Stable content-based record/location identifiers generated
1767,r_7f0aa4d7ddbe722dc141,845,missing_station_name,info,Name remains null; address is the display fallback
1768,r_e9968d7a776e52fd4f34,846,missing_source_id,info,Stable content-based record/location identifiers generated
1769,r_e9968d7a776e52fd4f34,846,missing_station_name,info,Name remains null; address is the display fallback
1770,r_9c0e0d87c0d9a1249951,847,missing_source_id,info,Stable content-based record/location identifiers generated
1771,r_9c0e0d87c0d9a1249951,847,missing_station_name,info,Name remains null; address is the display fallback
1772,r_60c232f00c28238b73a8,848,missing_source_id,info,Stable content-based record/location identifiers generated
1773,r_60c232f00c28238b73a8,848,missing_station_name,info,Name remains null; address is the display fallback
1774,r_d1dd9ad82506d3e8ab00,849,missing_source_id,info,Stable content-based record/location identifiers generated
1775,r_d1dd9ad82506d3e8ab00,849,missing_station_name,info,Name remains null; address is the display fallback
1776,r_66dddc12ee1e31925fb4,850,missing_source_id,info,Stable content-based record/location identifiers generated
1777,r_66dddc12ee1e31925fb4,850,missing_station_name,info,Name remains null; address is the display fallback
1778,r_9ca234dcd94fa2e2b3e2,851,missing_source_id,info,Stable content-based record/location identifiers generated
1779,r_9ca234dcd94fa2e2b3e2,851,missing_station_name,info,Name remains null; address is the display fallback
1780,r_ca5af1ff1c8b9ee7cea1,852,missing_source_id,info,Stable content-based record/location identifiers generated
1781,r_ca5af1ff1c8b9ee7cea1,852,missing_station_name,info,Name remains null; address is the display fallback
1782,r_9ebc321cdd6edad1359b,853,missing_source_id,info,Stable content-based record/location identifiers generated
1783,r_9ebc321cdd6edad1359b,853,missing_station_name,info,Name remains null; address is the display fallback
1784,r_71fe67e6ac1b1ba85e52,854,missing_source_id,info,Stable content-based record/location identifiers generated
1785,r_71fe67e6ac1b1ba85e52,854,missing_station_name,info,Name remains null; address is the display fallback
1786,r_62139d18d56e69c85dac,855,missing_source_id,info,Stable content-based record/location identifiers generated
1787,r_62139d18d56e69c85dac,855,missing_station_name,info,Name remains null; address is the display fallback
1788,r_bdf3ba5337e222837798,856,missing_source_id,info,Stable content-based record/location identifiers generated
1789,r_bdf3ba5337e222837798,856,missing_station_name,info,Name remains null; address is the display fallback
1790,r_5625beb2cdaf06ea409a,857,missing_source_id,info,Stable content-based record/location identifiers generated
1791,r_5625beb2cdaf06ea409a,857,missing_station_name,info,Name remains null; address is the display fallback
1792,r_221c0b9c8d98b7720b87,858,missing_source_id,info,Stable content-based record/location identifiers generated
1793,r_221c0b9c8d98b7720b87,858,missing_station_name,info,Name remains null; address is the display fallback
1794,r_73c94ffb754ca31cadbc,859,missing_source_id,info,Stable content-based record/location identifiers generated
1795,r_73c94ffb754ca31cadbc,859,missing_station_name,info,Name remains null; address is the display fallback
1796,r_9043a6ebca39124d2c79,860,missing_source_id,info,Stable content-based record/location identifiers generated
1797,r_9043a6ebca39124d2c79,860,missing_station_name,info,Name remains null; address is the display fallback
1798,r_99d83a07b33f6c39fa8b,861,missing_source_id,info,Stable content-based record/location identifiers generated
1799,r_99d83a07b33f6c39fa8b,861,missing_station_name,info,Name remains null; address is the display fallback
1800,r_239c057f9a597b32a4ca,862,missing_source_id,info,Stable content-based record/location identifiers generated
1801,r_239c057f9a597b32a4ca,862,missing_station_name,info,Name remains null; address is the display fallback
1802,r_805f0f8385a0736cf85c,863,missing_source_id,info,Stable content-based record/location identifiers generated
1803,r_805f0f8385a0736cf85c,863,missing_station_name,info,Name remains null; address is the display fallback
1804,r_79faf16adf68e12e43b7,864,missing_source_id,info,Stable content-based record/location identifiers generated
1805,r_79faf16adf68e12e43b7,864,missing_station_name,info,Name remains null; address is the display fallback
1806,r_3148e980da6d65234aac,865,missing_source_id,info,Stable content-based record/location identifiers generated
1807,r_3148e980da6d65234aac,865,missing_station_name,info,Name remains null; address is the display fallback
1808,r_5683726a9c176354f156,866,missing_source_id,info,Stable content-based record/location identifiers generated
1809,r_5683726a9c176354f156,866,missing_station_name,info,Name remains null; address is the display fallback
1810,r_0e04d5612b58aa32a2c3,867,missing_source_id,info,Stable content-based record/location identifiers generated
1811,r_0e04d5612b58aa32a2c3,867,missing_station_name,info,Name remains null; address is the display fallback
1812,r_e0ad58910c14e6e4fd53,868,missing_source_id,info,Stable content-based record/location identifiers generated
1813,r_e0ad58910c14e6e4fd53,868,missing_station_name,info,Name remains null; address is the display fallback
1814,r_eb08472bf2198b3918b4,869,operator_normalized,info,BP -> BP Pulse (AU)
1815,r_eb08472bf2198b3918b4,869,missing_source_id,info,Stable content-based record/location identifiers generated
1816,r_eb08472bf2198b3918b4,869,missing_station_name,info,Name remains null; address is the display fallback
1817,r_1b7c5aacdc7592750477,870,operator_normalized,info,BP -> BP Pulse (AU)
1818,r_1b7c5aacdc7592750477,870,missing_source_id,info,Stable content-based record/location identifiers generated
1819,r_1b7c5aacdc7592750477,870,missing_station_name,info,Name remains null; address is the display fallback
1820,r_b24e61ff82896c8f98c1,871,missing_source_id,info,Stable content-based record/location identifiers generated
1821,r_b24e61ff82896c8f98c1,871,missing_station_name,info,Name remains null; address is the display fallback
1822,r_1341df3e8f45d058251d,872,missing_source_id,info,Stable content-based record/location identifiers generated
1823,r_1341df3e8f45d058251d,872,missing_station_name,info,Name remains null; address is the display fallback
1824,r_e291903357f6282741c7,873,missing_source_id,info,Stable content-based record/location identifiers generated
1825,r_e291903357f6282741c7,873,missing_station_name,info,Name remains null; address is the display fallback
1826,r_1ad1e431430b9942572f,874,missing_source_id,info,Stable content-based record/location identifiers generated
1827,r_1ad1e431430b9942572f,874,missing_station_name,info,Name remains null; address is the display fallback
1828,r_0054a7c1f99f5f2e503a,875,missing_source_id,info,Stable content-based record/location identifiers generated
1829,r_0054a7c1f99f5f2e503a,875,missing_station_name,info,Name remains null; address is the display fallback
1830,r_9f10c2d749ce4bcab524,876,missing_source_id,info,Stable content-based record/location identifiers generated
1831,r_9f10c2d749ce4bcab524,876,missing_station_name,info,Name remains null; address is the display fallback
1832,r_6f9445cd9779368b7207,877,missing_source_id,info,Stable content-based record/location identifiers generated
1833,r_6f9445cd9779368b7207,877,missing_station_name,info,Name remains null; address is the display fallback
1834,r_53880f4ad079ad208a03,878,missing_source_id,info,Stable content-based record/location identifiers generated
1835,r_53880f4ad079ad208a03,878,missing_station_name,info,Name remains null; address is the display fallback
1836,r_3d86872e3332472ea8d1,879,missing_source_id,info,Stable content-based record/location identifiers generated
1837,r_3d86872e3332472ea8d1,879,missing_station_name,info,Name remains null; address is the display fallback
1838,r_20f7958a76b35360a164,880,missing_source_id,info,Stable content-based record/location identifiers generated
1839,r_20f7958a76b35360a164,880,missing_station_name,info,Name remains null; address is the display fallback
1840,r_04ea6b2186da730d659b,881,missing_source_id,info,Stable content-based record/location identifiers generated
1841,r_04ea6b2186da730d659b,881,missing_station_name,info,Name remains null; address is the display fallback
1842,r_79e275bd8c08572d1730,882,operator_normalized,info,BP -> BP Pulse (AU)
1843,r_79e275bd8c08572d1730,882,missing_source_id,info,Stable content-based record/location identifiers generated
1844,r_79e275bd8c08572d1730,882,missing_station_name,info,Name remains null; address is the display fallback
1845,r_17bbfda28901e365b7f8,883,missing_source_id,info,Stable content-based record/location identifiers generated
1846,r_17bbfda28901e365b7f8,883,missing_station_name,info,Name remains null; address is the display fallback
1847,r_9e1ba191c2f0ec5be722,884,operator_normalized,info,BP -> BP Pulse (AU)
1848,r_9e1ba191c2f0ec5be722,884,missing_source_id,info,Stable content-based record/location identifiers generated
1849,r_9e1ba191c2f0ec5be722,884,missing_station_name,info,Name remains null; address is the display fallback
1850,r_41edbbdb7287340f8cd8,885,missing_source_id,info,Stable content-based record/location identifiers generated
1851,r_41edbbdb7287340f8cd8,885,missing_station_name,info,Name remains null; address is the display fallback
1852,r_cb6f68582b1a34b70217,886,missing_source_id,info,Stable content-based record/location identifiers generated
1853,r_cb6f68582b1a34b70217,886,missing_station_name,info,Name remains null; address is the display fallback
1854,r_28f61dff4a02df8fbe1b,887,missing_source_id,info,Stable content-based record/location identifiers generated
1855,r_28f61dff4a02df8fbe1b,887,missing_station_name,info,Name remains null; address is the display fallback
1856,r_250187e8f01a85272764,888,missing_source_id,info,Stable content-based record/location identifiers generated
1857,r_250187e8f01a85272764,888,missing_station_name,info,Name remains null; address is the display fallback
1858,r_250187e8f01a85272764,888,postcode_address_conflict,warning,"Source PCODE=2836, address postcode=2880; no automatic coordinate correction"
1859,r_2e9b6dba24e8e1bce373,889,missing_source_id,info,Stable content-based record/location identifiers generated
1860,r_2e9b6dba24e8e1bce373,889,missing_station_name,info,Name remains null; address is the display fallback
1861,r_3ac59c5fdde875e1c288,890,missing_source_id,info,Stable content-based record/location identifiers generated
1862,r_3ac59c5fdde875e1c288,890,missing_station_name,info,Name remains null; address is the display fallback
1863,r_dd9626b298cead587039,891,missing_source_id,info,Stable content-based record/location identifiers generated
1864,r_dd9626b298cead587039,891,missing_station_name,info,Name remains null; address is the display fallback
1865,r_2c24f95a05c73f505cfc,892,missing_source_id,info,Stable content-based record/location identifiers generated
1866,r_2c24f95a05c73f505cfc,892,missing_station_name,info,Name remains null; address is the display fallback
1867,r_401c575ff09419a748f6,893,missing_source_id,info,Stable content-based record/location identifiers generated
1868,r_401c575ff09419a748f6,893,missing_station_name,info,Name remains null; address is the display fallback
1869,r_4bfc8da31edc9a0f70ac,894,missing_source_id,info,Stable content-based record/location identifiers generated
1870,r_4bfc8da31edc9a0f70ac,894,missing_station_name,info,Name remains null; address is the display fallback
1871,r_4568abf4d307c243bd2d,895,missing_source_id,info,Stable content-based record/location identifiers generated
1872,r_4568abf4d307c243bd2d,895,missing_station_name,info,Name remains null; address is the display fallback
1873,r_5a1b1cf87ba78578ac42,896,missing_source_id,info,Stable content-based record/location identifiers generated
1874,r_5a1b1cf87ba78578ac42,896,missing_station_name,info,Name remains null; address is the display fallback
1875,r_8398f4821c9e6ed5defa,897,missing_source_id,info,Stable content-based record/location identifiers generated
1876,r_8398f4821c9e6ed5defa,897,missing_station_name,info,Name remains null; address is the display fallback
1877,r_fdbda16d71b9993d2390,898,missing_source_id,info,Stable content-based record/location identifiers generated
1878,r_fdbda16d71b9993d2390,898,missing_station_name,info,Name remains null; address is the display fallback
1879,r_6add0fc5c9c4dc6051ef,899,missing_source_id,info,Stable content-based record/location identifiers generated
1880,r_6add0fc5c9c4dc6051ef,899,missing_station_name,info,Name remains null; address is the display fallback
1881,r_5faa993644cf2671fd4f,900,operator_normalized,info,Ampol -> Ampol AmpCharge
1882,r_5faa993644cf2671fd4f,900,missing_source_id,info,Stable content-based record/location identifiers generated
1883,r_5faa993644cf2671fd4f,900,missing_station_name,info,Name remains null; address is the display fallback
1884,r_87c0b143fec46b1b293a,901,missing_source_id,info,Stable content-based record/location identifiers generated
1885,r_87c0b143fec46b1b293a,901,missing_station_name,info,Name remains null; address is the display fallback
1886,r_cb3243ed40a7274a091c,902,missing_source_id,info,Stable content-based record/location identifiers generated
1887,r_cb3243ed40a7274a091c,902,missing_station_name,info,Name remains null; address is the display fallback
1888,r_00cdc7ad1e0d9e671590,903,missing_source_id,info,Stable content-based record/location identifiers generated
1889,r_00cdc7ad1e0d9e671590,903,missing_station_name,info,Name remains null; address is the display fallback
1890,r_bd2fb64b390571e29795,904,missing_source_id,info,Stable content-based record/location identifiers generated
1891,r_bd2fb64b390571e29795,904,missing_station_name,info,Name remains null; address is the display fallback
1892,r_6a298e5fc70bbf1ebcfa,905,missing_source_id,info,Stable content-based record/location identifiers generated
1893,r_6a298e5fc70bbf1ebcfa,905,missing_station_name,info,Name remains null; address is the display fallback
1894,r_ce78d20d79e651152408,906,missing_source_id,info,Stable content-based record/location identifiers generated
1895,r_ce78d20d79e651152408,906,missing_station_name,info,Name remains null; address is the display fallback
1896,r_d2f123cedba214e5e5e4,907,missing_source_id,info,Stable content-based record/location identifiers generated
1897,r_d2f123cedba214e5e5e4,907,missing_station_name,info,Name remains null; address is the display fallback
1898,r_2032abad98e53faae149,908,missing_source_id,info,Stable content-based record/location identifiers generated
1899,r_2032abad98e53faae149,908,missing_station_name,info,Name remains null; address is the display fallback
1900,r_b58df835d6ded594bf9f,909,missing_source_id,info,Stable content-based record/location identifiers generated
1901,r_b58df835d6ded594bf9f,909,missing_station_name,info,Name remains null; address is the display fallback
1902,r_f85a041c08381de5e8f3,910,missing_source_id,info,Stable content-based record/location identifiers generated
1903,r_f85a041c08381de5e8f3,910,missing_station_name,info,Name remains null; address is the display fallback
1904,r_a7d07e56b3ad8ce11cfb,911,missing_source_id,info,Stable content-based record/location identifiers generated
1905,r_a7d07e56b3ad8ce11cfb,911,missing_station_name,info,Name remains null; address is the display fallback
1906,r_062fbf912cf5f7d0e8a0,912,missing_source_id,info,Stable content-based record/location identifiers generated
1907,r_062fbf912cf5f7d0e8a0,912,missing_station_name,info,Name remains null; address is the display fallback
1908,r_a68320a14755a18888b8,913,missing_source_id,info,Stable content-based record/location identifiers generated
1909,r_a68320a14755a18888b8,913,missing_station_name,info,Name remains null; address is the display fallback
1910,r_102ec6da2c014badb517,914,missing_source_id,info,Stable content-based record/location identifiers generated
1911,r_102ec6da2c014badb517,914,missing_station_name,info,Name remains null; address is the display fallback
1912,r_1af7a6b417c3f570ad49,915,missing_source_id,info,Stable content-based record/location identifiers generated
1913,r_1af7a6b417c3f570ad49,915,missing_station_name,info,Name remains null; address is the display fallback
1914,r_99c0f84e2a27895ea102,916,missing_source_id,info,Stable content-based record/location identifiers generated
1915,r_99c0f84e2a27895ea102,916,missing_station_name,info,Name remains null; address is the display fallback
1916,r_a8d549592b4172f0fe21,917,missing_source_id,info,Stable content-based record/location identifiers generated
1917,r_a8d549592b4172f0fe21,917,missing_station_name,info,Name remains null; address is the display fallback
1918,r_1b8c5edb72ec07127969,918,operator_normalized,info,Ampol -> Ampol AmpCharge
1919,r_1b8c5edb72ec07127969,918,missing_source_id,info,Stable content-based record/location identifiers generated
1920,r_1b8c5edb72ec07127969,918,missing_station_name,info,Name remains null; address is the display fallback
1921,r_5d3259649df9314e9436,919,operator_normalized,info,Ampol -> Ampol AmpCharge
1922,r_5d3259649df9314e9436,919,missing_source_id,info,Stable content-based record/location identifiers generated
1923,r_5d3259649df9314e9436,919,missing_station_name,info,Name remains null; address is the display fallback
1924,r_bf812a7868e2f3469eed,920,missing_source_id,info,Stable content-based record/location identifiers generated
1925,r_bf812a7868e2f3469eed,920,missing_station_name,info,Name remains null; address is the display fallback
1926,r_8396d5fae0e689e64524,921,missing_source_id,info,Stable content-based record/location identifiers generated
1927,r_8396d5fae0e689e64524,921,missing_station_name,info,Name remains null; address is the display fallback
1928,r_285c8a72e6f02195db86,922,missing_source_id,info,Stable content-based record/location identifiers generated
1929,r_285c8a72e6f02195db86,922,missing_station_name,info,Name remains null; address is the display fallback
1930,r_6c8c7addf1a65f0fe929,923,missing_source_id,info,Stable content-based record/location identifiers generated
1931,r_6c8c7addf1a65f0fe929,923,missing_station_name,info,Name remains null; address is the display fallback
1932,r_5756e15afeede3f4635e,924,missing_source_id,info,Stable content-based record/location identifiers generated
1933,r_5756e15afeede3f4635e,924,missing_station_name,info,Name remains null; address is the display fallback
1934,r_260e3d7ae94ca11f6d9b,925,missing_source_id,info,Stable content-based record/location identifiers generated
1935,r_260e3d7ae94ca11f6d9b,925,missing_station_name,info,Name remains null; address is the display fallback
1936,r_affe0bc0c20f87710fa3,926,missing_source_id,info,Stable content-based record/location identifiers generated
1937,r_affe0bc0c20f87710fa3,926,missing_station_name,info,Name remains null; address is the display fallback
1938,r_d0df2431d571ae358fd7,927,operator_normalized,info,Ampol -> Ampol AmpCharge
1939,r_d0df2431d571ae358fd7,927,missing_source_id,info,Stable content-based record/location identifiers generated
1940,r_d0df2431d571ae358fd7,927,missing_station_name,info,Name remains null; address is the display fallback
1941,r_bb7e13fd94732fa074be,928,missing_source_id,info,Stable content-based record/location identifiers generated
1942,r_bb7e13fd94732fa074be,928,missing_station_name,info,Name remains null; address is the display fallback
1943,r_66796337993cb60e254f,929,missing_source_id,info,Stable content-based record/location identifiers generated
1944,r_66796337993cb60e254f,929,missing_station_name,info,Name remains null; address is the display fallback
1945,r_23979d9cbcaef19fa93e,930,missing_source_id,info,Stable content-based record/location identifiers generated
1946,r_23979d9cbcaef19fa93e,930,missing_station_name,info,Name remains null; address is the display fallback
1947,r_e925aa8af15f978ddae8,931,missing_source_id,info,Stable content-based record/location identifiers generated
1948,r_e925aa8af15f978ddae8,931,missing_station_name,info,Name remains null; address is the display fallback
1949,r_3dc5962e81a89f4bf9ff,932,missing_source_id,info,Stable content-based record/location identifiers generated
1950,r_3dc5962e81a89f4bf9ff,932,missing_station_name,info,Name remains null; address is the display fallback
1951,r_962034ea270d96ca45e8,933,missing_source_id,info,Stable content-based record/location identifiers generated
1952,r_962034ea270d96ca45e8,933,missing_station_name,info,Name remains null; address is the display fallback
1953,r_d974a7e3b46e52338466,934,missing_source_id,info,Stable content-based record/location identifiers generated
1954,r_d974a7e3b46e52338466,934,missing_station_name,info,Name remains null; address is the display fallback
1955,r_dcfe308e6da5fdf0ddcc,935,missing_source_id,info,Stable content-based record/location identifiers generated
1956,r_dcfe308e6da5fdf0ddcc,935,missing_station_name,info,Name remains null; address is the display fallback
1957,r_ea8b7c0c84cd2829b58f,936,missing_source_id,info,Stable content-based record/location identifiers generated
1958,r_ea8b7c0c84cd2829b58f,936,missing_station_name,info,Name remains null; address is the display fallback
1959,r_681ef6def250932a2eea,937,missing_source_id,info,Stable content-based record/location identifiers generated
1960,r_681ef6def250932a2eea,937,missing_station_name,info,Name remains null; address is the display fallback
1961,r_2a8576f4eb90e368fcd1,938,missing_source_id,info,Stable content-based record/location identifiers generated
1962,r_2a8576f4eb90e368fcd1,938,missing_station_name,info,Name remains null; address is the display fallback
1963,r_c649c160eb1424735e3a,939,missing_source_id,info,Stable content-based record/location identifiers generated
1964,r_c649c160eb1424735e3a,939,missing_station_name,info,Name remains null; address is the display fallback
1965,r_df0d6b12d6e6b5eab6d5,940,missing_source_id,info,Stable content-based record/location identifiers generated
1966,r_df0d6b12d6e6b5eab6d5,940,missing_station_name,info,Name remains null; address is the display fallback
1967,r_dcffd372edd59af83749,941,missing_source_id,info,Stable content-based record/location identifiers generated
1968,r_dcffd372edd59af83749,941,missing_station_name,info,Name remains null; address is the display fallback
1969,r_0668628b7135cbc29576,942,missing_source_id,info,Stable content-based record/location identifiers generated
1970,r_0668628b7135cbc29576,942,missing_station_name,info,Name remains null; address is the display fallback
1971,r_fe5e3b565ed340988314,943,missing_source_id,info,Stable content-based record/location identifiers generated
1972,r_fe5e3b565ed340988314,943,missing_station_name,info,Name remains null; address is the display fallback
1973,r_1596dc16f23d62770cd2,944,missing_source_id,info,Stable content-based record/location identifiers generated
1974,r_1596dc16f23d62770cd2,944,missing_station_name,info,Name remains null; address is the display fallback
1975,r_a2baf750cc44bcd3585b,945,missing_source_id,info,Stable content-based record/location identifiers generated
1976,r_a2baf750cc44bcd3585b,945,missing_station_name,info,Name remains null; address is the display fallback
1977,r_5efc8b1d37e17881e53b,946,missing_source_id,info,Stable content-based record/location identifiers generated
1978,r_5efc8b1d37e17881e53b,946,missing_station_name,info,Name remains null; address is the display fallback
1979,r_51d03eb0cbd345f15b42,947,missing_source_id,info,Stable content-based record/location identifiers generated
1980,r_51d03eb0cbd345f15b42,947,missing_station_name,info,Name remains null; address is the display fallback
1981,r_6945441f83be71e4b840,948,missing_source_id,info,Stable content-based record/location identifiers generated
1982,r_6945441f83be71e4b840,948,missing_station_name,info,Name remains null; address is the display fallback
1983,r_471c8f1929b47a963a88,949,missing_source_id,info,Stable content-based record/location identifiers generated
1984,r_471c8f1929b47a963a88,949,missing_station_name,info,Name remains null; address is the display fallback
1985,r_eccf8d890e5180d0efdc,950,missing_source_id,info,Stable content-based record/location identifiers generated
1986,r_eccf8d890e5180d0efdc,950,missing_station_name,info,Name remains null; address is the display fallback
1987,r_3695c5b8fda9469fc457,951,missing_source_id,info,Stable content-based record/location identifiers generated
1988,r_3695c5b8fda9469fc457,951,missing_station_name,info,Name remains null; address is the display fallback
1989,r_317c82bbc7dc68208032,952,missing_source_id,info,Stable content-based record/location identifiers generated
1990,r_317c82bbc7dc68208032,952,missing_station_name,info,Name remains null; address is the display fallback
1991,r_9a8e0228c4fec837ccdc,953,missing_source_id,info,Stable content-based record/location identifiers generated
1992,r_9a8e0228c4fec837ccdc,953,missing_station_name,info,Name remains null; address is the display fallback
1993,r_6417db785dd42aacd35d,954,missing_source_id,info,Stable content-based record/location identifiers generated
1994,r_6417db785dd42aacd35d,954,missing_station_name,info,Name remains null; address is the display fallback
1995,r_da5ad437a0af289f7a55,955,missing_source_id,info,Stable content-based record/location identifiers generated
1996,r_da5ad437a0af289f7a55,955,missing_station_name,info,Name remains null; address is the display fallback
1997,r_4a1ff1bb4413b75bd478,956,missing_source_id,info,Stable content-based record/location identifiers generated
1998,r_4a1ff1bb4413b75bd478,956,missing_station_name,info,Name remains null; address is the display fallback
1999,r_4a1ff1bb4413b75bd478,956,postcode_address_conflict,warning,"Source PCODE=2582, address postcode=2829; no automatic coordinate correction"
2000,r_eaf42e4a1317dca5b845,957,missing_source_id,info,Stable content-based record/location identifiers generated
2001,r_eaf42e4a1317dca5b845,957,missing_station_name,info,Name remains null; address is the display fallback
2002,r_eaf42e4a1317dca5b845,957,postcode_normalized,info,NSW 2303 -> 2303
2003,r_db275f0b3f26d39a42d5,958,missing_source_id,info,Stable content-based record/location identifiers generated
2004,r_db275f0b3f26d39a42d5,958,missing_station_name,info,Name remains null; address is the display fallback
2005,r_50accc056e7a68be9019,959,missing_source_id,info,Stable content-based record/location identifiers generated
2006,r_50accc056e7a68be9019,959,missing_station_name,info,Name remains null; address is the display fallback
2007,r_78412a51e49edd1a5557,960,missing_source_id,info,Stable content-based record/location identifiers generated
2008,r_78412a51e49edd1a5557,960,missing_station_name,info,Name remains null; address is the display fallback
2009,r_0655be1dc5cbdad09582,961,missing_source_id,info,Stable content-based record/location identifiers generated
2010,r_0655be1dc5cbdad09582,961,missing_station_name,info,Name remains null; address is the display fallback
2011,r_6cfcc3d045a48b0c17a2,962,missing_source_id,info,Stable content-based record/location identifiers generated
2012,r_6cfcc3d045a48b0c17a2,962,missing_station_name,info,Name remains null; address is the display fallback
2013,r_b669ac8be0a9caf0c81a,963,missing_source_id,info,Stable content-based record/location identifiers generated
2014,r_b669ac8be0a9caf0c81a,963,missing_station_name,info,Name remains null; address is the display fallback
2015,r_9c5ef5b74c94d2ac6991,964,missing_source_id,info,Stable content-based record/location identifiers generated
2016,r_9c5ef5b74c94d2ac6991,964,missing_station_name,info,Name remains null; address is the display fallback
2017,r_28652ff2b58274910169,965,missing_source_id,info,Stable content-based record/location identifiers generated
2018,r_28652ff2b58274910169,965,missing_station_name,info,Name remains null; address is the display fallback
2019,r_892445f143a5d97dec9c,966,missing_source_id,info,Stable content-based record/location identifiers generated
2020,r_892445f143a5d97dec9c,966,missing_station_name,info,Name remains null; address is the display fallback
2021,r_db895ea3dddab94b5b27,967,missing_source_id,info,Stable content-based record/location identifiers generated
2022,r_db895ea3dddab94b5b27,967,missing_station_name,info,Name remains null; address is the display fallback
2023,r_23c925027b441eed2c3d,968,missing_source_id,info,Stable content-based record/location identifiers generated
2024,r_23c925027b441eed2c3d,968,missing_station_name,info,Name remains null; address is the display fallback
2025,r_855b91b43f1581f6991d,969,missing_source_id,info,Stable content-based record/location identifiers generated
2026,r_855b91b43f1581f6991d,969,missing_station_name,info,Name remains null; address is the display fallback
2027,r_e21599589a776d6078a6,970,missing_source_id,info,Stable content-based record/location identifiers generated
2028,r_e21599589a776d6078a6,970,missing_station_name,info,Name remains null; address is the display fallback
2029,r_5855dbf4113f70572c2c,971,missing_source_id,info,Stable content-based record/location identifiers generated
2030,r_5855dbf4113f70572c2c,971,missing_station_name,info,Name remains null; address is the display fallback
2031,r_0b4152f2df403b6985b8,972,missing_source_id,info,Stable content-based record/location identifiers generated
2032,r_0b4152f2df403b6985b8,972,missing_station_name,info,Name remains null; address is the display fallback
2033,r_e8a1c9e0912b288c126a,973,missing_source_id,info,Stable content-based record/location identifiers generated
2034,r_e8a1c9e0912b288c126a,973,missing_station_name,info,Name remains null; address is the display fallback
2035,r_8558244bc4c63f715158,974,missing_source_id,info,Stable content-based record/location identifiers generated
2036,r_8558244bc4c63f715158,974,missing_station_name,info,Name remains null; address is the display fallback
2037,r_1c8b5351d81dd5b1e774,975,missing_source_id,info,Stable content-based record/location identifiers generated
2038,r_1c8b5351d81dd5b1e774,975,missing_station_name,info,Name remains null; address is the display fallback
2039,r_57a36681e27f828af826,976,operator_normalized,info,Ampol -> Ampol AmpCharge
2040,r_57a36681e27f828af826,976,missing_source_id,info,Stable content-based record/location identifiers generated
2041,r_57a36681e27f828af826,976,missing_station_name,info,Name remains null; address is the display fallback
2042,r_34ed4ccf904aa7d9c99f,977,missing_source_id,info,Stable content-based record/location identifiers generated
2043,r_34ed4ccf904aa7d9c99f,977,missing_station_name,info,Name remains null; address is the display fallback
2044,r_caf0b094e09bc3895e15,978,missing_source_id,info,Stable content-based record/location identifiers generated
2045,r_caf0b094e09bc3895e15,978,missing_station_name,info,Name remains null; address is the display fallback
2046,r_ae4d9c1783339379eb8d,979,missing_source_id,info,Stable content-based record/location identifiers generated
2047,r_ae4d9c1783339379eb8d,979,missing_station_name,info,Name remains null; address is the display fallback
2048,r_b376ceed38b4ab24d4a2,980,missing_source_id,info,Stable content-based record/location identifiers generated
2049,r_b376ceed38b4ab24d4a2,980,missing_station_name,info,Name remains null; address is the display fallback
2050,r_b376ceed38b4ab24d4a2,980,postcode_normalized,info,NSW 2481 -> 2481
2051,r_2e8c16f5869815773880,981,operator_normalized,info,BP -> BP Pulse (AU)
2052,r_2e8c16f5869815773880,981,missing_source_id,info,Stable content-based record/location identifiers generated
2053,r_2e8c16f5869815773880,981,missing_station_name,info,Name remains null; address is the display fallback
2054,r_f7797ab024a1bc42046d,982,missing_source_id,info,Stable content-based record/location identifiers generated
2055,r_f7797ab024a1bc42046d,982,power_unavailable,warning,Preserved unparseable rating: AC
2056,r_82c02a116efecd0d5b1e,983,missing_source_id,info,Stable content-based record/location identifiers generated
2057,r_82c02a116efecd0d5b1e,983,power_unavailable,warning,Preserved unparseable rating: AC
2058,r_69a5e6f1a1ae617bafe0,984,missing_source_id,info,Stable content-based record/location identifiers generated
2059,r_69a5e6f1a1ae617bafe0,984,power_unavailable,warning,Preserved unparseable rating: AC
2060,r_fc7ef4e50e161ed689f0,985,operator_normalized,info,BP Australia -> BP Pulse (AU)
2061,r_fc7ef4e50e161ed689f0,985,missing_station_name,info,Name remains null; address is the display fallback
2062,r_fc7ef4e50e161ed689f0,985,missing_or_invalid_postcode,warning,Source postcode retained as null; address candidate stored separately
2063,r_fc7ef4e50e161ed689f0,985,missing_lga,warning,No LGA inference from SA4 (different geographical level)
2064,r_fc7ef4e50e161ed689f0,985,missing_source_category,warning,Charger operational status cannot be confirmed from source category
2065,r_ac2a5f384ddbb4b18b4a,986,operator_normalized,info,NRMA Electric -> NRMA
2066,r_ac2a5f384ddbb4b18b4a,986,missing_station_name,info,Name remains null; address is the display fallback
2067,r_ac2a5f384ddbb4b18b4a,986,missing_or_invalid_postcode,warning,Source postcode retained as null; address candidate stored separately
2068,r_ac2a5f384ddbb4b18b4a,986,missing_lga,warning,No LGA inference from SA4 (different geographical level)
2069,r_ac2a5f384ddbb4b18b4a,986,missing_source_category,warning,Charger operational status cannot be confirmed from source category
2070,r_d93e3dd4ffe3e969341c,987,operator_normalized,info,Viva Energy A -> Viva Energy Australia
2071,r_d93e3dd4ffe3e969341c,987,missing_station_name,info,Name remains null; address is the display fallback
2072,r_d93e3dd4ffe3e969341c,987,missing_or_invalid_postcode,warning,Source postcode retained as null; address candidate stored separately
2073,r_d93e3dd4ffe3e969341c,987,missing_lga,warning,No LGA inference from SA4 (different geographical level)
2074,r_d93e3dd4ffe3e969341c,987,missing_source_category,warning,Charger operational status cannot be confirmed from source category
2075,r_b8563b76e3ca91956e4d,988,operator_label_review_required,warning,Source operator label 'Fast Cities A' is incomplete or ambiguous; retained without guessing a company/network expansion. Review the individual site before interpreting this label as a distinct operator.
2076,r_b8563b76e3ca91956e4d,988,missing_station_name,info,Name remains null; address is the display fallback
2077,r_b8563b76e3ca91956e4d,988,missing_or_invalid_postcode,warning,Source postcode retained as null; address candidate stored separately
2078,r_b8563b76e3ca91956e4d,988,missing_lga,warning,No LGA inference from SA4 (different geographical level)
2079,r_b8563b76e3ca91956e4d,988,missing_source_category,warning,Charger operational status cannot be confirmed from source category
2080,r_99b4dba924b080d7b41b,989,operator_normalized,info,Tesla Motors -> Tesla
2081,r_99b4dba924b080d7b41b,989,missing_station_name,info,Name remains null; address is the display fallback
2082,r_99b4dba924b080d7b41b,989,configuration_count_disagreement,warning,"Rating configuration count=8, Number_of_plugs=10; units may differ, both values retained"
2083,r_99b4dba924b080d7b41b,989,missing_or_invalid_postcode,warning,Source postcode retained as null; address candidate stored separately
2084,r_99b4dba924b080d7b41b,989,missing_lga,warning,No LGA inference from SA4 (different geographical level)
2085,r_99b4dba924b080d7b41b,989,missing_source_category,warning,Charger operational status cannot be confirmed from source category
2086,r_8fb83a8159369e9113c4,990,operator_normalized,info,Tesla Motors -> Tesla
2087,r_8fb83a8159369e9113c4,990,missing_station_name,info,Name remains null; address is the display fallback
2088,r_8fb83a8159369e9113c4,990,configuration_count_disagreement,warning,"Rating configuration count=4, Number_of_plugs=6; units may differ, both values retained"
2089,r_8fb83a8159369e9113c4,990,missing_or_invalid_postcode,warning,Source postcode retained as null; address candidate stored separately
2090,r_8fb83a8159369e9113c4,990,missing_lga,warning,No LGA inference from SA4 (different geographical level)
2091,r_8fb83a8159369e9113c4,990,missing_source_category,warning,Charger operational status cannot be confirmed from source category
2092,r_078ca90d7274dbbf788b,991,operator_normalized,info,NRMA Electric -> NRMA
2093,r_078ca90d7274dbbf788b,991,missing_station_name,info,Name remains null; address is the display fallback
2094,r_078ca90d7274dbbf788b,991,missing_or_invalid_postcode,warning,Source postcode retained as null; address candidate stored separately
2095,r_078ca90d7274dbbf788b,991,missing_lga,warning,No LGA inference from SA4 (different geographical level)
2096,r_078ca90d7274dbbf788b,991,missing_source_category,warning,Charger operational status cannot be confirmed from source category
2097,r_325cd8f23f5a114345ff,992,operator_normalized,info,BP Australia -> BP Pulse (AU)
2098,r_325cd8f23f5a114345ff,992,missing_station_name,info,Name remains null; address is the display fallback
2099,r_325cd8f23f5a114345ff,992,missing_or_invalid_postcode,warning,Source postcode retained as null; address candidate stored separately
2100,r_325cd8f23f5a114345ff,992,missing_lga,warning,No LGA inference from SA4 (different geographical level)
2101,r_325cd8f23f5a114345ff,992,missing_source_category,warning,Charger operational status cannot be confirmed from source category
2102,r_51a1153afce26a5ac6f4,993,operator_label_review_required,warning,Source operator label 'Fast Cities A' is incomplete or ambiguous; retained without guessing a company/network expansion. Review the individual site before interpreting this label as a distinct operator.
2103,r_51a1153afce26a5ac6f4,993,missing_station_name,info,Name remains null; address is the display fallback
2104,r_51a1153afce26a5ac6f4,993,missing_or_invalid_postcode,warning,Source postcode retained as null; address candidate stored separately
2105,r_51a1153afce26a5ac6f4,993,missing_lga,warning,No LGA inference from SA4 (different geographical level)
2106,r_51a1153afce26a5ac6f4,993,missing_source_category,warning,Charger operational status cannot be confirmed from source category
2107,r_56245c314ccf086fbbe2,994,operator_label_review_required,warning,Source operator label 'Fast Cities A' is incomplete or ambiguous; retained without guessing a company/network expansion. Review the individual site before interpreting this label as a distinct operator.
2108,r_56245c314ccf086fbbe2,994,missing_station_name,info,Name remains null; address is the display fallback
2109,r_56245c314ccf086fbbe2,994,missing_or_invalid_postcode,warning,Source postcode retained as null; address candidate stored separately
2110,r_56245c314ccf086fbbe2,994,missing_lga,warning,No LGA inference from SA4 (different geographical level)
2111,r_56245c314ccf086fbbe2,994,missing_source_category,warning,Charger operational status cannot be confirmed from source category
2112,r_915b54a74cbf82bdbf6f,995,operator_normalized,info,Tesla Motors -> Tesla
2113,r_915b54a74cbf82bdbf6f,995,missing_station_name,info,Name remains null; address is the display fallback
2114,r_915b54a74cbf82bdbf6f,995,configuration_count_disagreement,warning,"Rating configuration count=4, Number_of_plugs=10; units may differ, both values retained"
2115,r_915b54a74cbf82bdbf6f,995,missing_or_invalid_postcode,warning,Source postcode retained as null; address candidate stored separately
2116,r_915b54a74cbf82bdbf6f,995,missing_lga,warning,No LGA inference from SA4 (different geographical level)
2117,r_915b54a74cbf82bdbf6f,995,missing_source_category,warning,Charger operational status cannot be confirmed from source category
2118,r_6309812a6e0fc6ba4d18,996,operator_normalized,info,NRMA Electric -> NRMA
2119,r_6309812a6e0fc6ba4d18,996,missing_station_name,info,Name remains null; address is the display fallback
2120,r_6309812a6e0fc6ba4d18,996,missing_or_invalid_postcode,warning,Source postcode retained as null; address candidate stored separately
2121,r_6309812a6e0fc6ba4d18,996,missing_lga,warning,No LGA inference from SA4 (different geographical level)
2122,r_6309812a6e0fc6ba4d18,996,missing_source_category,warning,Charger operational status cannot be confirmed from source category
2123,r_5a0476e7f521e2ca0329,997,operator_normalized,info,BP Australia -> BP Pulse (AU)
2124,r_5a0476e7f521e2ca0329,997,missing_station_name,info,Name remains null; address is the display fallback
2125,r_5a0476e7f521e2ca0329,997,configuration_count_disagreement,warning,"Rating configuration count=4, Number_of_plugs=6; units may differ, both values retained"
2126,r_5a0476e7f521e2ca0329,997,missing_or_invalid_postcode,warning,Source postcode retained as null; address candidate stored separately
2127,r_5a0476e7f521e2ca0329,997,missing_lga,warning,No LGA inference from SA4 (different geographical level)
2128,r_5a0476e7f521e2ca0329,997,missing_source_category,warning,Charger operational status cannot be confirmed from source category
2129,r_87dbf5e477f5273c5010,998,operator_normalized,info,NRMA Electric -> NRMA
2130,r_87dbf5e477f5273c5010,998,missing_station_name,info,Name remains null; address is the display fallback
2131,r_87dbf5e477f5273c5010,998,missing_or_invalid_postcode,warning,Source postcode retained as null; address candidate stored separately
2132,r_87dbf5e477f5273c5010,998,missing_lga,warning,No LGA inference from SA4 (different geographical level)
2133,r_87dbf5e477f5273c5010,998,missing_source_category,warning,Charger operational status cannot be confirmed from source category
2134,r_a98bdc75d29c698c61d3,999,operator_normalized,info,BP Australia -> BP Pulse (AU)
2135,r_a98bdc75d29c698c61d3,999,missing_station_name,info,Name remains null; address is the display fallback
2136,r_a98bdc75d29c698c61d3,999,configuration_count_disagreement,warning,"Rating configuration count=4, Number_of_plugs=8; units may differ, both values retained"
2137,r_a98bdc75d29c698c61d3,999,missing_or_invalid_postcode,warning,Source postcode retained as null; address candidate stored separately
2138,r_a98bdc75d29c698c61d3,999,missing_lga,warning,No LGA inference from SA4 (different geographical level)
2139,r_a98bdc75d29c698c61d3,999,missing_source_category,warning,Charger operational status cannot be confirmed from source category
2140,r_3a97e82907762706f94f,1000,operator_normalized,info,NRMA Electric -> NRMA
2141,r_3a97e82907762706f94f,1000,missing_station_name,info,Name remains null; address is the display fallback
2142,r_3a97e82907762706f94f,1000,missing_or_invalid_postcode,warning,Source postcode retained as null; address candidate stored separately
2143,r_3a97e82907762706f94f,1000,missing_lga,warning,No LGA inference from SA4 (different geographical level)
2144,r_3a97e82907762706f94f,1000,missing_source_category,warning,Charger operational status cannot be confirmed from source category
2145,r_e7d46739f863a9bb7d21,1001,missing_or_invalid_postcode,warning,Source postcode retained as null; address candidate stored separately
2146,r_e7d46739f863a9bb7d21,1001,missing_lga,warning,No LGA inference from SA4 (different geographical level)
2147,r_e7d46739f863a9bb7d21,1001,missing_source_category,warning,Charger operational status cannot be confirmed from source category
2148,r_0bd01ace96bb23066ef8,1002,operator_normalized,info,Tesla Motors -> Tesla
2149,r_0bd01ace96bb23066ef8,1002,missing_station_name,info,Name remains null; address is the display fallback
2150,r_0bd01ace96bb23066ef8,1002,configuration_count_disagreement,warning,"Rating configuration count=4, Number_of_plugs=6; units may differ, both values retained"
2151,r_0bd01ace96bb23066ef8,1002,missing_or_invalid_postcode,warning,Source postcode retained as null; address candidate stored separately
2152,r_0bd01ace96bb23066ef8,1002,missing_lga,warning,No LGA inference from SA4 (different geographical level)
2153,r_0bd01ace96bb23066ef8,1002,missing_source_category,warning,Charger operational status cannot be confirmed from source category
2154,r_726e4fce2f87678ff760,1003,missing_station_name,info,Name remains null; address is the display fallback
2155,r_726e4fce2f87678ff760,1003,missing_or_invalid_postcode,warning,Source postcode retained as null; address candidate stored separately
2156,r_726e4fce2f87678ff760,1003,missing_lga,warning,No LGA inference from SA4 (different geographical level)
2157,r_726e4fce2f87678ff760,1003,missing_source_category,warning,Charger operational status cannot be confirmed from source category
2158,r_acefa8487f17a3768608,1004,operator_normalized,info,NRMA Electric -> NRMA
2159,r_acefa8487f17a3768608,1004,missing_station_name,info,Name remains null; address is the display fallback
2160,r_acefa8487f17a3768608,1004,missing_or_invalid_postcode,warning,Source postcode retained as null; address candidate stored separately
2161,r_acefa8487f17a3768608,1004,missing_lga,warning,No LGA inference from SA4 (different geographical level)
2162,r_acefa8487f17a3768608,1004,missing_source_category,warning,Charger operational status cannot be confirmed from source category
2163,r_271ed2feb50854d97bd0,1005,operator_normalized,info,BP Australia -> BP Pulse (AU)
2164,r_271ed2feb50854d97bd0,1005,missing_station_name,info,Name remains null; address is the display fallback
2165,r_271ed2feb50854d97bd0,1005,configuration_count_disagreement,warning,"Rating configuration count=4, Number_of_plugs=6; units may differ, both values retained"
2166,r_271ed2feb50854d97bd0,1005,missing_or_invalid_postcode,warning,Source postcode retained as null; address candidate stored separately
2167,r_271ed2feb50854d97bd0,1005,missing_lga,warning,No LGA inference from SA4 (different geographical level)
2168,r_271ed2feb50854d97bd0,1005,missing_source_category,warning,Charger operational status cannot be confirmed from source category
2169,r_9dab31b2d2b2a71c9a8c,1006,operator_normalized,info,BP Australia -> BP Pulse (AU)
2170,r_9dab31b2d2b2a71c9a8c,1006,missing_station_name,info,Name remains null; address is the display fallback
2171,r_9dab31b2d2b2a71c9a8c,1006,configuration_count_disagreement,warning,"Rating configuration count=4, Number_of_plugs=12; units may differ, both values retained"
2172,r_9dab31b2d2b2a71c9a8c,1006,missing_or_invalid_postcode,warning,Source postcode retained as null; address candidate stored separately
2173,r_9dab31b2d2b2a71c9a8c,1006,missing_lga,warning,No LGA inference from SA4 (different geographical level)
2174,r_9dab31b2d2b2a71c9a8c,1006,missing_source_category,warning,Charger operational status cannot be confirmed from source category
2175,r_674ed5fedb105f8ac332,1007,operator_normalized,info,Tesla Motors -> Tesla
2176,r_674ed5fedb105f8ac332,1007,missing_station_name,info,Name remains null; address is the display fallback
2177,r_674ed5fedb105f8ac332,1007,missing_or_invalid_postcode,warning,Source postcode retained as null; address candidate stored separately
2178,r_674ed5fedb105f8ac332,1007,missing_lga,warning,No LGA inference from SA4 (different geographical level)
2179,r_674ed5fedb105f8ac332,1007,missing_source_category,warning,Charger operational status cannot be confirmed from source category
2180,r_ba1614ded9d4a03f98f6,1008,operator_normalized,info,BP Australia -> BP Pulse (AU)
2181,r_ba1614ded9d4a03f98f6,1008,missing_station_name,info,Name remains null; address is the display fallback
2182,r_ba1614ded9d4a03f98f6,1008,configuration_count_disagreement,warning,"Rating configuration count=4, Number_of_plugs=6; units may differ, both values retained"
2183,r_ba1614ded9d4a03f98f6,1008,missing_or_invalid_postcode,warning,Source postcode retained as null; address candidate stored separately
2184,r_ba1614ded9d4a03f98f6,1008,missing_lga,warning,No LGA inference from SA4 (different geographical level)
2185,r_ba1614ded9d4a03f98f6,1008,missing_source_category,warning,Charger operational status cannot be confirmed from source category
2186,r_1472dd550367227ecb67,1009,operator_label_review_required,warning,Source operator label 'Fast Cities A' is incomplete or ambiguous; retained without guessing a company/network expansion. Review the individual site before interpreting this label as a distinct operator.
2187,r_1472dd550367227ecb67,1009,missing_station_name,info,Name remains null; address is the display fallback
2188,r_1472dd550367227ecb67,1009,missing_or_invalid_postcode,warning,Source postcode retained as null; address candidate stored separately
2189,r_1472dd550367227ecb67,1009,missing_lga,warning,No LGA inference from SA4 (different geographical level)
2190,r_1472dd550367227ecb67,1009,missing_source_category,warning,Charger operational status cannot be confirmed from source category
2191,r_247bcf15be048d827549,1010,operator_normalized,info,BP Australia -> BP Pulse (AU)
2192,r_247bcf15be048d827549,1010,missing_station_name,info,Name remains null; address is the display fallback
2193,r_247bcf15be048d827549,1010,missing_or_invalid_postcode,warning,Source postcode retained as null; address candidate stored separately
2194,r_247bcf15be048d827549,1010,missing_lga,warning,No LGA inference from SA4 (different geographical level)
2195,r_247bcf15be048d827549,1010,missing_source_category,warning,Charger operational status cannot be confirmed from source category
2196,r_d140a4035910fc791965,1011,operator_normalized,info,NRMA Electric -> NRMA
2197,r_d140a4035910fc791965,1011,missing_station_name,info,Name remains null; address is the display fallback
2198,r_d140a4035910fc791965,1011,missing_or_invalid_postcode,warning,Source postcode retained as null; address candidate stored separately
2199,r_d140a4035910fc791965,1011,missing_lga,warning,No LGA inference from SA4 (different geographical level)
2200,r_d140a4035910fc791965,1011,missing_source_category,warning,Charger operational status cannot be confirmed from source category
2201,r_0496ddcfff0b44cf2383,1012,missing_or_invalid_postcode,warning,Source postcode retained as null; address candidate stored separately
2202,r_0496ddcfff0b44cf2383,1012,missing_lga,warning,No LGA inference from SA4 (different geographical level)
2203,r_0496ddcfff0b44cf2383,1012,missing_source_category,warning,Charger operational status cannot be confirmed from source category
2204,r_8443ee9fb83b7f3f43c5,1013,operator_label_review_required,warning,Source operator label 'Fast Cities A' is incomplete or ambiguous; retained without guessing a company/network expansion. Review the individual site before interpreting this label as a distinct operator.
2205,r_8443ee9fb83b7f3f43c5,1013,missing_station_name,info,Name remains null; address is the display fallback
2206,r_8443ee9fb83b7f3f43c5,1013,missing_or_invalid_postcode,warning,Source postcode retained as null; address candidate stored separately
2207,r_8443ee9fb83b7f3f43c5,1013,missing_lga,warning,No LGA inference from SA4 (different geographical level)
2208,r_8443ee9fb83b7f3f43c5,1013,missing_source_category,warning,Charger operational status cannot be confirmed from source category
2209,r_9ab2c5783058e466d051,1014,operator_label_review_required,warning,Source operator label 'Energy Austra' is incomplete or ambiguous; retained without guessing a company/network expansion. Review the individual site before interpreting this label as a distinct operator.
2210,r_9ab2c5783058e466d051,1014,missing_station_name,info,Name remains null; address is the display fallback
2211,r_9ab2c5783058e466d051,1014,missing_or_invalid_postcode,warning,Source postcode retained as null; address candidate stored separately
2212,r_9ab2c5783058e466d051,1014,missing_lga,warning,No LGA inference from SA4 (different geographical level)
2213,r_9ab2c5783058e466d051,1014,missing_source_category,warning,Charger operational status cannot be confirmed from source category
2214,r_13421f67e734edffc150,1015,operator_label_review_required,warning,Source operator label 'Fast Cities A' is incomplete or ambiguous; retained without guessing a company/network expansion. Review the individual site before interpreting this label as a distinct operator.
2215,r_13421f67e734edffc150,1015,missing_station_name,info,Name remains null; address is the display fallback
2216,r_13421f67e734edffc150,1015,missing_or_invalid_postcode,warning,Source postcode retained as null; address candidate stored separately
2217,r_13421f67e734edffc150,1015,missing_lga,warning,No LGA inference from SA4 (different geographical level)
2218,r_13421f67e734edffc150,1015,missing_source_category,warning,Charger operational status cannot be confirmed from source category
2219,r_1e85702d362f8a77d801,1016,operator_normalized,info,PLUS ES Manag -> PLUS ES
2220,r_1e85702d362f8a77d801,1016,missing_station_name,info,Name remains null; address is the display fallback
2221,r_1e85702d362f8a77d801,1016,configuration_count_disagreement,warning,"Rating configuration count=4, Number_of_plugs=5; units may differ, both values retained"
2222,r_1e85702d362f8a77d801,1016,missing_or_invalid_postcode,warning,Source postcode retained as null; address candidate stored separately
2223,r_1e85702d362f8a77d801,1016,missing_lga,warning,No LGA inference from SA4 (different geographical level)
2224,r_1e85702d362f8a77d801,1016,missing_source_category,warning,Charger operational status cannot be confirmed from source category
2225,r_9cc08a49095abfad7252,1017,operator_normalized,info,Viva Energy A -> Viva Energy Australia
2226,r_9cc08a49095abfad7252,1017,missing_station_name,info,Name remains null; address is the display fallback
2227,r_9cc08a49095abfad7252,1017,missing_or_invalid_postcode,warning,Source postcode retained as null; address candidate stored separately
2228,r_9cc08a49095abfad7252,1017,missing_lga,warning,No LGA inference from SA4 (different geographical level)
2229,r_9cc08a49095abfad7252,1017,missing_source_category,warning,Charger operational status cannot be confirmed from source category
2230,r_4352a43b1819fbc10167,1018,operator_label_review_required,warning,Source operator label 'Fast Cities A' is incomplete or ambiguous; retained without guessing a company/network expansion. Review the individual site before interpreting this label as a distinct operator.
2231,r_4352a43b1819fbc10167,1018,missing_station_name,info,Name remains null; address is the display fallback
2232,r_4352a43b1819fbc10167,1018,missing_or_invalid_postcode,warning,Source postcode retained as null; address candidate stored separately
2233,r_4352a43b1819fbc10167,1018,missing_lga,warning,No LGA inference from SA4 (different geographical level)
2234,r_4352a43b1819fbc10167,1018,missing_source_category,warning,Charger operational status cannot be confirmed from source category
2235,r_90f628c4317fb0f0b784,1019,operator_label_review_required,warning,Source operator label 'Fast Cities A' is incomplete or ambiguous; retained without guessing a company/network expansion. Review the individual site before interpreting this label as a distinct operator.
2236,r_90f628c4317fb0f0b784,1019,missing_station_name,info,Name remains null; address is the display fallback
2237,r_90f628c4317fb0f0b784,1019,missing_or_invalid_postcode,warning,Source postcode retained as null; address candidate stored separately
2238,r_90f628c4317fb0f0b784,1019,missing_lga,warning,No LGA inference from SA4 (different geographical level)
2239,r_90f628c4317fb0f0b784,1019,missing_source_category,warning,Charger operational status cannot be confirmed from source category
2240,r_d92d354693b2853a49ea,1020,missing_or_invalid_postcode,warning,Source postcode retained as null; address candidate stored separately
2241,r_d92d354693b2853a49ea,1020,missing_lga,warning,No LGA inference from SA4 (different geographical level)
2242,r_d92d354693b2853a49ea,1020,missing_source_category,warning,Charger operational status cannot be confirmed from source category
2243,r_eaa5817c40c14c1bc6c7,1021,operator_normalized,info,Tesla Motors -> Tesla
2244,r_eaa5817c40c14c1bc6c7,1021,missing_station_name,info,Name remains null; address is the display fallback
2245,r_eaa5817c40c14c1bc6c7,1021,missing_or_invalid_postcode,warning,Source postcode retained as null; address candidate stored separately
2246,r_eaa5817c40c14c1bc6c7,1021,missing_lga,warning,No LGA inference from SA4 (different geographical level)
2247,r_eaa5817c40c14c1bc6c7,1021,missing_source_category,warning,Charger operational status cannot be confirmed from source category
2248,r_b0f411ea142b768c8e4a,1022,operator_normalized,info,Tesla Motors -> Tesla
2249,r_b0f411ea142b768c8e4a,1022,missing_station_name,info,Name remains null; address is the display fallback
2250,r_b0f411ea142b768c8e4a,1022,configuration_count_disagreement,warning,"Rating configuration count=4, Number_of_plugs=10; units may differ, both values retained"
2251,r_b0f411ea142b768c8e4a,1022,missing_or_invalid_postcode,warning,Source postcode retained as null; address candidate stored separately
2252,r_b0f411ea142b768c8e4a,1022,missing_lga,warning,No LGA inference from SA4 (different geographical level)
2253,r_b0f411ea142b768c8e4a,1022,missing_source_category,warning,Charger operational status cannot be confirmed from source category
2254,r_7e5ff26461b0a371633d,1023,operator_normalized,info,BP Australia -> BP Pulse (AU)
2255,r_7e5ff26461b0a371633d,1023,missing_station_name,info,Name remains null; address is the display fallback
2256,r_7e5ff26461b0a371633d,1023,configuration_count_disagreement,warning,"Rating configuration count=4, Number_of_plugs=8; units may differ, both values retained"
2257,r_7e5ff26461b0a371633d,1023,missing_or_invalid_postcode,warning,Source postcode retained as null; address candidate stored separately
2258,r_7e5ff26461b0a371633d,1023,missing_lga,warning,No LGA inference from SA4 (different geographical level)
2259,r_7e5ff26461b0a371633d,1023,missing_source_category,warning,Charger operational status cannot be confirmed from source category
2260,r_ae2ab00114101867702e,1024,operator_normalized,info,BP Australia -> BP Pulse (AU)
2261,r_ae2ab00114101867702e,1024,missing_station_name,info,Name remains null; address is the display fallback
2262,r_ae2ab00114101867702e,1024,configuration_count_disagreement,warning,"Rating configuration count=4, Number_of_plugs=6; units may differ, both values retained"
2263,r_ae2ab00114101867702e,1024,missing_or_invalid_postcode,warning,Source postcode retained as null; address candidate stored separately
2264,r_ae2ab00114101867702e,1024,missing_lga,warning,No LGA inference from SA4 (different geographical level)
2265,r_ae2ab00114101867702e,1024,missing_source_category,warning,Charger operational status cannot be confirmed from source category
2266,r_d4a217b299b6736c08de,1025,operator_normalized,info,Tesla Motors -> Tesla
2267,r_d4a217b299b6736c08de,1025,missing_station_name,info,Name remains null; address is the display fallback
2268,r_d4a217b299b6736c08de,1025,configuration_count_disagreement,warning,"Rating configuration count=4, Number_of_plugs=6; units may differ, both values retained"
2269,r_d4a217b299b6736c08de,1025,missing_or_invalid_postcode,warning,Source postcode retained as null; address candidate stored separately
2270,r_d4a217b299b6736c08de,1025,missing_lga,warning,No LGA inference from SA4 (different geographical level)
2271,r_d4a217b299b6736c08de,1025,missing_source_category,warning,Charger operational status cannot be confirmed from source category
2272,r_2cccc4f5f3ae89ec21d6,1026,operator_normalized,info,Non-Networked -> Non-networked
2273,r_2cccc4f5f3ae89ec21d6,1026,missing_or_invalid_postcode,warning,Source postcode retained as null; address candidate stored separately
2274,r_2cccc4f5f3ae89ec21d6,1026,missing_lga,warning,No LGA inference from SA4 (different geographical level)
2275,r_2cccc4f5f3ae89ec21d6,1026,missing_source_category,warning,Charger operational status cannot be confirmed from source category
2276,r_6a2ae8bf501769cec970,1027,operator_normalized,info,Viva Energy A -> Viva Energy Australia
2277,r_6a2ae8bf501769cec970,1027,missing_station_name,info,Name remains null; address is the display fallback
2278,r_6a2ae8bf501769cec970,1027,missing_or_invalid_postcode,warning,Source postcode retained as null; address candidate stored separately
2279,r_6a2ae8bf501769cec970,1027,missing_lga,warning,No LGA inference from SA4 (different geographical level)
2280,r_6a2ae8bf501769cec970,1027,missing_source_category,warning,Charger operational status cannot be confirmed from source category
2281,r_d6b7264d49f6fac62c0f,1028,operator_label_review_required,warning,Source operator label 'Fast Cities A' is incomplete or ambiguous; retained without guessing a company/network expansion. Review the individual site before interpreting this label as a distinct operator.
2282,r_d6b7264d49f6fac62c0f,1028,missing_station_name,info,Name remains null; address is the display fallback
2283,r_d6b7264d49f6fac62c0f,1028,missing_or_invalid_postcode,warning,Source postcode retained as null; address candidate stored separately
2284,r_d6b7264d49f6fac62c0f,1028,missing_lga,warning,No LGA inference from SA4 (different geographical level)
2285,r_d6b7264d49f6fac62c0f,1028,missing_source_category,warning,Charger operational status cannot be confirmed from source category
2286,r_7ba4af49de14547f514e,1029,operator_normalized,info,NRMA Electric -> NRMA
2287,r_7ba4af49de14547f514e,1029,missing_station_name,info,Name remains null; address is the display fallback
2288,r_7ba4af49de14547f514e,1029,missing_or_invalid_postcode,warning,Source postcode retained as null; address candidate stored separately
2289,r_7ba4af49de14547f514e,1029,missing_lga,warning,No LGA inference from SA4 (different geographical level)
2290,r_7ba4af49de14547f514e,1029,missing_source_category,warning,Charger operational status cannot be confirmed from source category
2291,r_589d201212f382fff474,1030,operator_normalized,info,Tesla Motors -> Tesla
2292,r_589d201212f382fff474,1030,missing_station_name,info,Name remains null; address is the display fallback
2293,r_589d201212f382fff474,1030,configuration_count_disagreement,warning,"Rating configuration count=4, Number_of_plugs=6; units may differ, both values retained"
2294,r_589d201212f382fff474,1030,missing_or_invalid_postcode,warning,Source postcode retained as null; address candidate stored separately
2295,r_589d201212f382fff474,1030,missing_lga,warning,No LGA inference from SA4 (different geographical level)
2296,r_589d201212f382fff474,1030,missing_source_category,warning,Charger operational status cannot be confirmed from source category
2297,r_284bc792af8d64d87e53,1031,operator_normalized,info,Viva Energy A -> Viva Energy Australia
2298,r_284bc792af8d64d87e53,1031,missing_station_name,info,Name remains null; address is the display fallback
2299,r_284bc792af8d64d87e53,1031,missing_or_invalid_postcode,warning,Source postcode retained as null; address candidate stored separately
2300,r_284bc792af8d64d87e53,1031,missing_lga,warning,No LGA inference from SA4 (different geographical level)
2301,r_284bc792af8d64d87e53,1031,missing_source_category,warning,Charger operational status cannot be confirmed from source category
2302,r_e969898a32d625600cc6,1032,operator_normalized,info,NRMA Electric -> NRMA
2303,r_e969898a32d625600cc6,1032,missing_station_name,info,Name remains null; address is the display fallback
2304,r_e969898a32d625600cc6,1032,missing_or_invalid_postcode,warning,Source postcode retained as null; address candidate stored separately
2305,r_e969898a32d625600cc6,1032,missing_lga,warning,No LGA inference from SA4 (different geographical level)
2306,r_e969898a32d625600cc6,1032,missing_source_category,warning,Charger operational status cannot be confirmed from source category
2307,r_58a5566544ef1a70edae,1033,operator_normalized,info,BP Australia -> BP Pulse (AU)
2308,r_58a5566544ef1a70edae,1033,missing_station_name,info,Name remains null; address is the display fallback
2309,r_58a5566544ef1a70edae,1033,missing_or_invalid_postcode,warning,Source postcode retained as null; address candidate stored separately
2310,r_58a5566544ef1a70edae,1033,missing_lga,warning,No LGA inference from SA4 (different geographical level)
2311,r_58a5566544ef1a70edae,1033,missing_source_category,warning,Charger operational status cannot be confirmed from source category
2312,r_0d3cedf556def41c7cc1,1034,operator_label_review_required,warning,Source operator label 'Fast Cities A' is incomplete or ambiguous; retained without guessing a company/network expansion. Review the individual site before interpreting this label as a distinct operator.
2313,r_0d3cedf556def41c7cc1,1034,missing_station_name,info,Name remains null; address is the display fallback
2314,r_0d3cedf556def41c7cc1,1034,missing_or_invalid_postcode,warning,Source postcode retained as null; address candidate stored separately
2315,r_0d3cedf556def41c7cc1,1034,missing_lga,warning,No LGA inference from SA4 (different geographical level)
2316,r_0d3cedf556def41c7cc1,1034,missing_source_category,warning,Charger operational status cannot be confirmed from source category
2317,r_2dce8e44dd9e2f61edde,1035,missing_or_invalid_postcode,warning,Source postcode retained as null; address candidate stored separately
2318,r_2dce8e44dd9e2f61edde,1035,missing_lga,warning,No LGA inference from SA4 (different geographical level)
2319,r_2dce8e44dd9e2f61edde,1035,missing_source_category,warning,Charger operational status cannot be confirmed from source category
2320,r_7a22bc958c524c4cb495,1036,operator_normalized,info,Viva Energy A -> Viva Energy Australia
2321,r_7a22bc958c524c4cb495,1036,missing_station_name,info,Name remains null; address is the display fallback
2322,r_7a22bc958c524c4cb495,1036,missing_or_invalid_postcode,warning,Source postcode retained as null; address candidate stored separately
2323,r_7a22bc958c524c4cb495,1036,missing_lga,warning,No LGA inference from SA4 (different geographical level)
2324,r_7a22bc958c524c4cb495,1036,missing_source_category,warning,Charger operational status cannot be confirmed from source category
2325,r_587a321c9b68f80526da,1037,operator_normalized,info,Evie Networks -> Evie
2326,r_587a321c9b68f80526da,1037,missing_or_invalid_postcode,warning,Source postcode retained as null; address candidate stored separately
2327,r_587a321c9b68f80526da,1037,missing_lga,warning,No LGA inference from SA4 (different geographical level)
2328,r_587a321c9b68f80526da,1037,missing_source_category,warning,Charger operational status cannot be confirmed from source category
2329,r_9d2b07f3e641ea26d425,1038,operator_normalized,info,Tesla Motors -> Tesla
2330,r_9d2b07f3e641ea26d425,1038,missing_station_name,info,Name remains null; address is the display fallback
2331,r_9d2b07f3e641ea26d425,1038,missing_or_invalid_postcode,warning,Source postcode retained as null; address candidate stored separately
2332,r_9d2b07f3e641ea26d425,1038,missing_lga,warning,No LGA inference from SA4 (different geographical level)
2333,r_9d2b07f3e641ea26d425,1038,missing_source_category,warning,Charger operational status cannot be confirmed from source category
2334,r_b5d5b66a3b81773c08d8,1039,operator_normalized,info,Tesla Motors -> Tesla
2335,r_b5d5b66a3b81773c08d8,1039,missing_station_name,info,Name remains null; address is the display fallback
2336,r_b5d5b66a3b81773c08d8,1039,configuration_count_disagreement,warning,"Rating configuration count=4, Number_of_plugs=6; units may differ, both values retained"
2337,r_b5d5b66a3b81773c08d8,1039,missing_or_invalid_postcode,warning,Source postcode retained as null; address candidate stored separately
2338,r_b5d5b66a3b81773c08d8,1039,missing_lga,warning,No LGA inference from SA4 (different geographical level)
2339,r_b5d5b66a3b81773c08d8,1039,missing_source_category,warning,Charger operational status cannot be confirmed from source category
2340,r_f0d6bbbdb817cc06debc,1040,operator_normalized,info,NRMA Electric -> NRMA
2341,r_f0d6bbbdb817cc06debc,1040,missing_station_name,info,Name remains null; address is the display fallback
2342,r_f0d6bbbdb817cc06debc,1040,missing_or_invalid_postcode,warning,Source postcode retained as null; address candidate stored separately
2343,r_f0d6bbbdb817cc06debc,1040,missing_lga,warning,No LGA inference from SA4 (different geographical level)
2344,r_f0d6bbbdb817cc06debc,1040,missing_source_category,warning,Charger operational status cannot be confirmed from source category
2345,r_f83d1eb261d99540fbf0,1041,operator_normalized,info,Tesla Motors -> Tesla
2346,r_f83d1eb261d99540fbf0,1041,missing_station_name,info,Name remains null; address is the display fallback
2347,r_f83d1eb261d99540fbf0,1041,configuration_count_disagreement,warning,"Rating configuration count=4, Number_of_plugs=6; units may differ, both values retained"
2348,r_f83d1eb261d99540fbf0,1041,missing_or_invalid_postcode,warning,Source postcode retained as null; address candidate stored separately
2349,r_f83d1eb261d99540fbf0,1041,missing_lga,warning,No LGA inference from SA4 (different geographical level)
2350,r_f83d1eb261d99540fbf0,1041,missing_source_category,warning,Charger operational status cannot be confirmed from source category
2351,r_b9f923057db298d15820,1042,operator_normalized,info,BP Australia -> BP Pulse (AU)
2352,r_b9f923057db298d15820,1042,missing_station_name,info,Name remains null; address is the display fallback
2353,r_b9f923057db298d15820,1042,configuration_count_disagreement,warning,"Rating configuration count=4, Number_of_plugs=8; units may differ, both values retained"
2354,r_b9f923057db298d15820,1042,missing_or_invalid_postcode,warning,Source postcode retained as null; address candidate stored separately
2355,r_b9f923057db298d15820,1042,missing_lga,warning,No LGA inference from SA4 (different geographical level)
2356,r_b9f923057db298d15820,1042,missing_source_category,warning,Charger operational status cannot be confirmed from source category
2357,r_018a43997e843361636d,1043,operator_normalized,info,Tesla Motors -> Tesla
2358,r_018a43997e843361636d,1043,missing_station_name,info,Name remains null; address is the display fallback
2359,r_018a43997e843361636d,1043,configuration_count_disagreement,warning,"Rating configuration count=4, Number_of_plugs=6; units may differ, both values retained"
2360,r_018a43997e843361636d,1043,missing_or_invalid_postcode,warning,Source postcode retained as null; address candidate stored separately
2361,r_018a43997e843361636d,1043,missing_lga,warning,No LGA inference from SA4 (different geographical level)
2362,r_018a43997e843361636d,1043,missing_source_category,warning,Charger operational status cannot be confirmed from source category
2363,r_6a04610151f21be2f2c4,1044,operator_normalized,info,Non-Networked -> Non-networked
2364,r_6a04610151f21be2f2c4,1044,missing_or_invalid_postcode,warning,Source postcode retained as null; address candidate stored separately
2365,r_6a04610151f21be2f2c4,1044,missing_lga,warning,No LGA inference from SA4 (different geographical level)
2366,r_6a04610151f21be2f2c4,1044,missing_source_category,warning,Charger operational status cannot be confirmed from source category
2367,r_2eefd27f22cc11746498,1045,operator_label_review_required,warning,Source operator label 'Fast Cities A' is incomplete or ambiguous; retained without guessing a company/network expansion. Review the individual site before interpreting this label as a distinct operator.
2368,r_2eefd27f22cc11746498,1045,missing_station_name,info,Name remains null; address is the display fallback
2369,r_2eefd27f22cc11746498,1045,missing_or_invalid_postcode,warning,Source postcode retained as null; address candidate stored separately
2370,r_2eefd27f22cc11746498,1045,missing_lga,warning,No LGA inference from SA4 (different geographical level)
2371,r_2eefd27f22cc11746498,1045,missing_source_category,warning,Charger operational status cannot be confirmed from source category
2372,r_6962923ff761199f19bc,1046,operator_normalized,info,BP Australia -> BP Pulse (AU)
2373,r_6962923ff761199f19bc,1046,missing_station_name,info,Name remains null; address is the display fallback
2374,r_6962923ff761199f19bc,1046,missing_or_invalid_postcode,warning,Source postcode retained as null; address candidate stored separately
2375,r_6962923ff761199f19bc,1046,missing_lga,warning,No LGA inference from SA4 (different geographical level)
2376,r_6962923ff761199f19bc,1046,missing_source_category,warning,Charger operational status cannot be confirmed from source category
2377,r_6182a89f6de5884b084b,1047,operator_normalized,info,BP Australia -> BP Pulse (AU)
2378,r_6182a89f6de5884b084b,1047,missing_station_name,info,Name remains null; address is the display fallback
2379,r_6182a89f6de5884b084b,1047,missing_or_invalid_postcode,warning,Source postcode retained as null; address candidate stored separately
2380,r_6182a89f6de5884b084b,1047,missing_lga,warning,No LGA inference from SA4 (different geographical level)
2381,r_6182a89f6de5884b084b,1047,missing_source_category,warning,Charger operational status cannot be confirmed from source category
2382,r_66aa4dac6501587dfc57,1048,operator_label_review_required,warning,Source operator label 'Fast Cities A' is incomplete or ambiguous; retained without guessing a company/network expansion. Review the individual site before interpreting this label as a distinct operator.
2383,r_66aa4dac6501587dfc57,1048,missing_station_name,info,Name remains null; address is the display fallback
2384,r_66aa4dac6501587dfc57,1048,missing_or_invalid_postcode,warning,Source postcode retained as null; address candidate stored separately
2385,r_66aa4dac6501587dfc57,1048,missing_lga,warning,No LGA inference from SA4 (different geographical level)
2386,r_66aa4dac6501587dfc57,1048,missing_source_category,warning,Charger operational status cannot be confirmed from source category
2387,r_3bda40493d0fc9b78b34,1049,operator_label_review_required,warning,Source operator label 'Fast Cities A' is incomplete or ambiguous; retained without guessing a company/network expansion. Review the individual site before interpreting this label as a distinct operator.
2388,r_3bda40493d0fc9b78b34,1049,missing_station_name,info,Name remains null; address is the display fallback
2389,r_3bda40493d0fc9b78b34,1049,missing_or_invalid_postcode,warning,Source postcode retained as null; address candidate stored separately
2390,r_3bda40493d0fc9b78b34,1049,missing_lga,warning,No LGA inference from SA4 (different geographical level)
2391,r_3bda40493d0fc9b78b34,1049,missing_source_category,warning,Charger operational status cannot be confirmed from source category
2392,r_c6c4e97a676db6a4c6a8,1050,operator_normalized,info,Non-Networked -> Non-networked
2393,r_c6c4e97a676db6a4c6a8,1050,missing_or_invalid_postcode,warning,Source postcode retained as null; address candidate stored separately
2394,r_c6c4e97a676db6a4c6a8,1050,missing_lga,warning,No LGA inference from SA4 (different geographical level)
2395,r_c6c4e97a676db6a4c6a8,1050,missing_source_category,warning,Charger operational status cannot be confirmed from source category
2396,r_52ea3fb6a2eadf29e023,1051,operator_normalized,info,Tesla Motors -> Tesla
2397,r_52ea3fb6a2eadf29e023,1051,missing_station_name,info,Name remains null; address is the display fallback
2398,r_52ea3fb6a2eadf29e023,1051,configuration_count_disagreement,warning,"Rating configuration count=4, Number_of_plugs=6; units may differ, both values retained"
2399,r_52ea3fb6a2eadf29e023,1051,missing_or_invalid_postcode,warning,Source postcode retained as null; address candidate stored separately
2400,r_52ea3fb6a2eadf29e023,1051,missing_lga,warning,No LGA inference from SA4 (different geographical level)
2401,r_52ea3fb6a2eadf29e023,1051,missing_source_category,warning,Charger operational status cannot be confirmed from source category
2402,r_ac60e64d6909cf215b34,1052,missing_or_invalid_postcode,warning,Source postcode retained as null; address candidate stored separately
2403,r_ac60e64d6909cf215b34,1052,missing_lga,warning,No LGA inference from SA4 (different geographical level)
2404,r_ac60e64d6909cf215b34,1052,missing_source_category,warning,Charger operational status cannot be confirmed from source category
2405,r_30a5175d617af43741b5,1053,operator_normalized,info,Tesla Motors -> Tesla
2406,r_30a5175d617af43741b5,1053,missing_station_name,info,Name remains null; address is the display fallback
2407,r_30a5175d617af43741b5,1053,configuration_count_disagreement,warning,"Rating configuration count=8, Number_of_plugs=10; units may differ, both values retained"
2408,r_30a5175d617af43741b5,1053,missing_or_invalid_postcode,warning,Source postcode retained as null; address candidate stored separately
2409,r_30a5175d617af43741b5,1053,missing_lga,warning,No LGA inference from SA4 (different geographical level)
2410,r_30a5175d617af43741b5,1053,missing_source_category,warning,Charger operational status cannot be confirmed from source category
2411,r_84469cbaa43ccdeb5f24,1054,operator_normalized,info,BP Australia -> BP Pulse (AU)
2412,r_84469cbaa43ccdeb5f24,1054,missing_station_name,info,Name remains null; address is the display fallback
2413,r_84469cbaa43ccdeb5f24,1054,missing_or_invalid_postcode,warning,Source postcode retained as null; address candidate stored separately
2414,r_84469cbaa43ccdeb5f24,1054,missing_lga,warning,No LGA inference from SA4 (different geographical level)
2415,r_84469cbaa43ccdeb5f24,1054,missing_source_category,warning,Charger operational status cannot be confirmed from source category
2416,r_9b05bbe38e9e24e37565,1055,operator_normalized,info,BP Australia -> BP Pulse (AU)
2417,r_9b05bbe38e9e24e37565,1055,missing_station_name,info,Name remains null; address is the display fallback
2418,r_9b05bbe38e9e24e37565,1055,missing_or_invalid_postcode,warning,Source postcode retained as null; address candidate stored separately
2419,r_9b05bbe38e9e24e37565,1055,missing_lga,warning,No LGA inference from SA4 (different geographical level)
2420,r_9b05bbe38e9e24e37565,1055,missing_source_category,warning,Charger operational status cannot be confirmed from source category
2421,r_e1904416d7d1887f2964,1056,operator_normalized,info,Tesla Motors -> Tesla
2422,r_e1904416d7d1887f2964,1056,missing_station_name,info,Name remains null; address is the display fallback
2423,r_e1904416d7d1887f2964,1056,configuration_count_disagreement,warning,"Rating configuration count=4, Number_of_plugs=6; units may differ, both values retained"
2424,r_e1904416d7d1887f2964,1056,missing_or_invalid_postcode,warning,Source postcode retained as null; address candidate stored separately
2425,r_e1904416d7d1887f2964,1056,missing_lga,warning,No LGA inference from SA4 (different geographical level)
2426,r_e1904416d7d1887f2964,1056,missing_source_category,warning,Charger operational status cannot be confirmed from source category
2427,r_55ef670c8ea350fcede3,1057,missing_or_invalid_postcode,warning,Source postcode retained as null; address candidate stored separately
2428,r_55ef670c8ea350fcede3,1057,missing_lga,warning,No LGA inference from SA4 (different geographical level)
2429,r_55ef670c8ea350fcede3,1057,missing_source_category,warning,Charger operational status cannot be confirmed from source category
2430,r_e7994cb87a408ed7fedb,1058,operator_normalized,info,Tesla Motors -> Tesla
2431,r_e7994cb87a408ed7fedb,1058,missing_station_name,info,Name remains null; address is the display fallback
2432,r_e7994cb87a408ed7fedb,1058,configuration_count_disagreement,warning,"Rating configuration count=4, Number_of_plugs=6; units may differ, both values retained"
2433,r_e7994cb87a408ed7fedb,1058,missing_or_invalid_postcode,warning,Source postcode retained as null; address candidate stored separately
2434,r_e7994cb87a408ed7fedb,1058,missing_lga,warning,No LGA inference from SA4 (different geographical level)
2435,r_e7994cb87a408ed7fedb,1058,missing_source_category,warning,Charger operational status cannot be confirmed from source category
2436,r_333f4e1f8033075c8182,1059,operator_normalized,info,NRMA Electric -> NRMA
2437,r_333f4e1f8033075c8182,1059,missing_station_name,info,Name remains null; address is the display fallback
2438,r_333f4e1f8033075c8182,1059,missing_or_invalid_postcode,warning,Source postcode retained as null; address candidate stored separately
2439,r_333f4e1f8033075c8182,1059,missing_lga,warning,No LGA inference from SA4 (different geographical level)
2440,r_333f4e1f8033075c8182,1059,missing_source_category,warning,Charger operational status cannot be confirmed from source category
2441,r_2f4983818a648dcbc7b1,1060,operator_normalized,info,BP Australia -> BP Pulse (AU)
2442,r_2f4983818a648dcbc7b1,1060,missing_station_name,info,Name remains null; address is the display fallback
2443,r_2f4983818a648dcbc7b1,1060,missing_or_invalid_postcode,warning,Source postcode retained as null; address candidate stored separately
2444,r_2f4983818a648dcbc7b1,1060,missing_lga,warning,No LGA inference from SA4 (different geographical level)
2445,r_2f4983818a648dcbc7b1,1060,missing_source_category,warning,Charger operational status cannot be confirmed from source category
2446,r_eb1f9bcd6c8a23ecd93c,1061,missing_or_invalid_postcode,warning,Source postcode retained as null; address candidate stored separately
2447,r_eb1f9bcd6c8a23ecd93c,1061,missing_lga,warning,No LGA inference from SA4 (different geographical level)
2448,r_eb1f9bcd6c8a23ecd93c,1061,missing_source_category,warning,Charger operational status cannot be confirmed from source category
2449,r_f18e2b9e6c0c88978b32,1062,operator_normalized,info,BP Australia -> BP Pulse (AU)
2450,r_f18e2b9e6c0c88978b32,1062,missing_station_name,info,Name remains null; address is the display fallback
2451,r_f18e2b9e6c0c88978b32,1062,configuration_count_disagreement,warning,"Rating configuration count=4, Number_of_plugs=8; units may differ, both values retained"
2452,r_f18e2b9e6c0c88978b32,1062,missing_or_invalid_postcode,warning,Source postcode retained as null; address candidate stored separately
2453,r_f18e2b9e6c0c88978b32,1062,missing_lga,warning,No LGA inference from SA4 (different geographical level)
2454,r_f18e2b9e6c0c88978b32,1062,missing_source_category,warning,Charger operational status cannot be confirmed from source category
2455,r_266b98b985adbb7038c0,1063,operator_label_review_required,warning,Source operator label 'University of' is incomplete or ambiguous; retained without guessing a company/network expansion. Review the individual site before interpreting this label as a distinct operator.
2456,r_266b98b985adbb7038c0,1063,missing_station_name,info,Name remains null; address is the display fallback
2457,r_266b98b985adbb7038c0,1063,configuration_count_disagreement,warning,"Rating configuration count=4, Number_of_plugs=6; units may differ, both values retained"
2458,r_266b98b985adbb7038c0,1063,missing_or_invalid_postcode,warning,Source postcode retained as null; address candidate stored separately
2459,r_266b98b985adbb7038c0,1063,missing_lga,warning,No LGA inference from SA4 (different geographical level)
2460,r_266b98b985adbb7038c0,1063,missing_source_category,warning,Charger operational status cannot be confirmed from source category
2461,r_514f9f81cfa98d69982c,1064,operator_normalized,info,NRMA Electric -> NRMA
2462,r_514f9f81cfa98d69982c,1064,missing_station_name,info,Name remains null; address is the display fallback
2463,r_514f9f81cfa98d69982c,1064,missing_or_invalid_postcode,warning,Source postcode retained as null; address candidate stored separately
2464,r_514f9f81cfa98d69982c,1064,missing_lga,warning,No LGA inference from SA4 (different geographical level)
2465,r_514f9f81cfa98d69982c,1064,missing_source_category,warning,Charger operational status cannot be confirmed from source category
2466,r_753e0a01eb84d0eec78d,1065,operator_label_review_required,warning,Source operator label 'Fast Cities A' is incomplete or ambiguous; retained without guessing a company/network expansion. Review the individual site before interpreting this label as a distinct operator.
2467,r_753e0a01eb84d0eec78d,1065,missing_station_name,info,Name remains null; address is the display fallback
2468,r_753e0a01eb84d0eec78d,1065,missing_or_invalid_postcode,warning,Source postcode retained as null; address candidate stored separately
2469,r_753e0a01eb84d0eec78d,1065,missing_lga,warning,No LGA inference from SA4 (different geographical level)
2470,r_753e0a01eb84d0eec78d,1065,missing_source_category,warning,Charger operational status cannot be confirmed from source category
2471,r_ea0016e0314c77ad0e98,1066,operator_normalized,info,Non-Networked -> Non-networked
2472,r_ea0016e0314c77ad0e98,1066,missing_or_invalid_postcode,warning,Source postcode retained as null; address candidate stored separately
2473,r_ea0016e0314c77ad0e98,1066,missing_lga,warning,No LGA inference from SA4 (different geographical level)
2474,r_ea0016e0314c77ad0e98,1066,missing_source_category,warning,Charger operational status cannot be confirmed from source category
2475,r_4774634567d0439a876b,1067,operator_normalized,info,NRMA Electric -> NRMA
2476,r_4774634567d0439a876b,1067,missing_station_name,info,Name remains null; address is the display fallback
2477,r_4774634567d0439a876b,1067,missing_or_invalid_postcode,warning,Source postcode retained as null; address candidate stored separately
2478,r_4774634567d0439a876b,1067,missing_lga,warning,No LGA inference from SA4 (different geographical level)
2479,r_4774634567d0439a876b,1067,missing_source_category,warning,Charger operational status cannot be confirmed from source category
2480,r_8e7c1af4f0b525e4f811,1068,operator_normalized,info,Non-Networked -> Non-networked
2481,r_8e7c1af4f0b525e4f811,1068,missing_or_invalid_postcode,warning,Source postcode retained as null; address candidate stored separately
2482,r_8e7c1af4f0b525e4f811,1068,missing_lga,warning,No LGA inference from SA4 (different geographical level)
2483,r_8e7c1af4f0b525e4f811,1068,missing_source_category,warning,Charger operational status cannot be confirmed from source category
2484,r_4c5e09cc0249d2441efe,1069,operator_normalized,info,BP Australia -> BP Pulse (AU)
2485,r_4c5e09cc0249d2441efe,1069,missing_station_name,info,Name remains null; address is the display fallback
2486,r_4c5e09cc0249d2441efe,1069,configuration_count_disagreement,warning,"Rating configuration count=4, Number_of_plugs=6; units may differ, both values retained"
2487,r_4c5e09cc0249d2441efe,1069,missing_or_invalid_postcode,warning,Source postcode retained as null; address candidate stored separately
2488,r_4c5e09cc0249d2441efe,1069,missing_lga,warning,No LGA inference from SA4 (different geographical level)
2489,r_4c5e09cc0249d2441efe,1069,missing_source_category,warning,Charger operational status cannot be confirmed from source category
2490,r_627bca3c39560aaf1e7e,1070,operator_normalized,info,BP Australia -> BP Pulse (AU)
2491,r_627bca3c39560aaf1e7e,1070,missing_station_name,info,Name remains null; address is the display fallback
2492,r_627bca3c39560aaf1e7e,1070,missing_or_invalid_postcode,warning,Source postcode retained as null; address candidate stored separately
2493,r_627bca3c39560aaf1e7e,1070,missing_lga,warning,No LGA inference from SA4 (different geographical level)
2494,r_627bca3c39560aaf1e7e,1070,missing_source_category,warning,Charger operational status cannot be confirmed from source category
2495,r_337076ba364ac79e97e8,1071,operator_normalized,info,Non-Networked -> Non-networked
2496,r_337076ba364ac79e97e8,1071,missing_or_invalid_postcode,warning,Source postcode retained as null; address candidate stored separately
2497,r_337076ba364ac79e97e8,1071,missing_lga,warning,No LGA inference from SA4 (different geographical level)
2498,r_337076ba364ac79e97e8,1071,missing_source_category,warning,Charger operational status cannot be confirmed from source category
2499,r_d9411f46b3dbedb44f31,1072,operator_normalized,info,Tesla Motors -> Tesla
2500,r_d9411f46b3dbedb44f31,1072,missing_station_name,info,Name remains null; address is the display fallback
2501,r_d9411f46b3dbedb44f31,1072,configuration_count_disagreement,warning,"Rating configuration count=4, Number_of_plugs=6; units may differ, both values retained"
2502,r_d9411f46b3dbedb44f31,1072,missing_or_invalid_postcode,warning,Source postcode retained as null; address candidate stored separately
2503,r_d9411f46b3dbedb44f31,1072,missing_lga,warning,No LGA inference from SA4 (different geographical level)
2504,r_d9411f46b3dbedb44f31,1072,missing_source_category,warning,Charger operational status cannot be confirmed from source category
2505,r_812857eedbbcfc37e72e,1073,operator_normalized,info,Tesla Motors -> Tesla
2506,r_812857eedbbcfc37e72e,1073,missing_station_name,info,Name remains null; address is the display fallback
2507,r_812857eedbbcfc37e72e,1073,configuration_count_disagreement,warning,"Rating configuration count=4, Number_of_plugs=6; units may differ, both values retained"
2508,r_812857eedbbcfc37e72e,1073,missing_or_invalid_postcode,warning,Source postcode retained as null; address candidate stored separately
2509,r_812857eedbbcfc37e72e,1073,missing_lga,warning,No LGA inference from SA4 (different geographical level)
2510,r_812857eedbbcfc37e72e,1073,missing_source_category,warning,Charger operational status cannot be confirmed from source category
2511,r_9a26e0c8f0f20f0fbe24,1074,operator_normalized,info,Tesla Motors -> Tesla
2512,r_9a26e0c8f0f20f0fbe24,1074,missing_station_name,info,Name remains null; address is the display fallback
2513,r_9a26e0c8f0f20f0fbe24,1074,configuration_count_disagreement,warning,"Rating configuration count=4, Number_of_plugs=15; units may differ, both values retained"
2514,r_9a26e0c8f0f20f0fbe24,1074,missing_or_invalid_postcode,warning,Source postcode retained as null; address candidate stored separately
2515,r_9a26e0c8f0f20f0fbe24,1074,missing_lga,warning,No LGA inference from SA4 (different geographical level)
2516,r_9a26e0c8f0f20f0fbe24,1074,missing_source_category,warning,Charger operational status cannot be confirmed from source category
2517,r_d4d0204724e911710f31,1075,missing_or_invalid_postcode,warning,Source postcode retained as null; address candidate stored separately
2518,r_d4d0204724e911710f31,1075,missing_lga,warning,No LGA inference from SA4 (different geographical level)
2519,r_d4d0204724e911710f31,1075,missing_source_category,warning,Charger operational status cannot be confirmed from source category
2520,r_ef2fa4859c7499527ba1,1076,missing_or_invalid_postcode,warning,Source postcode retained as null; address candidate stored separately
2521,r_ef2fa4859c7499527ba1,1076,missing_lga,warning,No LGA inference from SA4 (different geographical level)
2522,r_ef2fa4859c7499527ba1,1076,missing_source_category,warning,Charger operational status cannot be confirmed from source category
2523,r_f92ce15b72c57a57f94b,1077,operator_normalized,info,Tesla Motors -> Tesla
2524,r_f92ce15b72c57a57f94b,1077,missing_station_name,info,Name remains null; address is the display fallback
2525,r_f92ce15b72c57a57f94b,1077,configuration_count_disagreement,warning,"Rating configuration count=4, Number_of_plugs=12; units may differ, both values retained"
2526,r_f92ce15b72c57a57f94b,1077,missing_or_invalid_postcode,warning,Source postcode retained as null; address candidate stored separately
2527,r_f92ce15b72c57a57f94b,1077,missing_lga,warning,No LGA inference from SA4 (different geographical level)
2528,r_f92ce15b72c57a57f94b,1077,missing_source_category,warning,Charger operational status cannot be confirmed from source category
2529,r_e21ed7146187996264a0,1078,missing_or_invalid_postcode,warning,Source postcode retained as null; address candidate stored separately
2530,r_e21ed7146187996264a0,1078,missing_lga,warning,No LGA inference from SA4 (different geographical level)
2531,r_e21ed7146187996264a0,1078,missing_source_category,warning,Charger operational status cannot be confirmed from source category
2532,r_9e80821bb293ea53712e,1079,operator_normalized,info,BP Australia -> BP Pulse (AU)
2533,r_9e80821bb293ea53712e,1079,missing_station_name,info,Name remains null; address is the display fallback
2534,r_9e80821bb293ea53712e,1079,configuration_count_disagreement,warning,"Rating configuration count=4, Number_of_plugs=6; units may differ, both values retained"
2535,r_9e80821bb293ea53712e,1079,missing_or_invalid_postcode,warning,Source postcode retained as null; address candidate stored separately
2536,r_9e80821bb293ea53712e,1079,missing_lga,warning,No LGA inference from SA4 (different geographical level)
2537,r_9e80821bb293ea53712e,1079,missing_source_category,warning,Charger operational status cannot be confirmed from source category
2538,r_e1c3d44f9d3e807d120f,1080,operator_normalized,info,Tesla Motors -> Tesla
2539,r_e1c3d44f9d3e807d120f,1080,missing_station_name,info,Name remains null; address is the display fallback
2540,r_e1c3d44f9d3e807d120f,1080,missing_or_invalid_postcode,warning,Source postcode retained as null; address candidate stored separately
2541,r_e1c3d44f9d3e807d120f,1080,missing_lga,warning,No LGA inference from SA4 (different geographical level)
2542,r_e1c3d44f9d3e807d120f,1080,missing_source_category,warning,Charger operational status cannot be confirmed from source category
2543,r_bf70f33af48d4ff70df9,1081,operator_normalized,info,BP Australia -> BP Pulse (AU)
2544,r_bf70f33af48d4ff70df9,1081,missing_station_name,info,Name remains null; address is the display fallback
2545,r_bf70f33af48d4ff70df9,1081,missing_or_invalid_postcode,warning,Source postcode retained as null; address candidate stored separately
2546,r_bf70f33af48d4ff70df9,1081,missing_lga,warning,No LGA inference from SA4 (different geographical level)
2547,r_bf70f33af48d4ff70df9,1081,missing_source_category,warning,Charger operational status cannot be confirmed from source category
2548,r_2794875ce0cd2b98e038,1082,operator_normalized,info,BP Australia -> BP Pulse (AU)
2549,r_2794875ce0cd2b98e038,1082,missing_station_name,info,Name remains null; address is the display fallback
2550,r_2794875ce0cd2b98e038,1082,configuration_count_disagreement,warning,"Rating configuration count=4, Number_of_plugs=8; units may differ, both values retained"
2551,r_2794875ce0cd2b98e038,1082,missing_or_invalid_postcode,warning,Source postcode retained as null; address candidate stored separately
2552,r_2794875ce0cd2b98e038,1082,missing_lga,warning,No LGA inference from SA4 (different geographical level)
2553,r_2794875ce0cd2b98e038,1082,missing_source_category,warning,Charger operational status cannot be confirmed from source category
2554,r_1127b01baba9b9fd0a4c,1083,operator_normalized,info,Non-Networked -> Non-networked
2555,r_1127b01baba9b9fd0a4c,1083,missing_or_invalid_postcode,warning,Source postcode retained as null; address candidate stored separately
2556,r_1127b01baba9b9fd0a4c,1083,missing_lga,warning,No LGA inference from SA4 (different geographical level)
2557,r_1127b01baba9b9fd0a4c,1083,missing_source_category,warning,Charger operational status cannot be confirmed from source category
2558,r_a3c86e455c5f729d2fc2,1084,operator_normalized,info,BP Australia -> BP Pulse (AU)
2559,r_a3c86e455c5f729d2fc2,1084,missing_station_name,info,Name remains null; address is the display fallback
2560,r_a3c86e455c5f729d2fc2,1084,missing_or_invalid_postcode,warning,Source postcode retained as null; address candidate stored separately
2561,r_a3c86e455c5f729d2fc2,1084,missing_lga,warning,No LGA inference from SA4 (different geographical level)
2562,r_a3c86e455c5f729d2fc2,1084,missing_source_category,warning,Charger operational status cannot be confirmed from source category
2563,r_d163f0cf5fc2315db2ca,1085,operator_normalized,info,BP Australia -> BP Pulse (AU)
2564,r_d163f0cf5fc2315db2ca,1085,missing_station_name,info,Name remains null; address is the display fallback
2565,r_d163f0cf5fc2315db2ca,1085,missing_or_invalid_postcode,warning,Source postcode retained as null; address candidate stored separately
2566,r_d163f0cf5fc2315db2ca,1085,missing_lga,warning,No LGA inference from SA4 (different geographical level)
2567,r_d163f0cf5fc2315db2ca,1085,missing_source_category,warning,Charger operational status cannot be confirmed from source category
2568,r_227080829ca894ae65f3,1086,operator_normalized,info,BP Australia -> BP Pulse (AU)
2569,r_227080829ca894ae65f3,1086,missing_station_name,info,Name remains null; address is the display fallback
2570,r_227080829ca894ae65f3,1086,missing_or_invalid_postcode,warning,Source postcode retained as null; address candidate stored separately
2571,r_227080829ca894ae65f3,1086,missing_lga,warning,No LGA inference from SA4 (different geographical level)
2572,r_227080829ca894ae65f3,1086,missing_source_category,warning,Charger operational status cannot be confirmed from source category
2573,r_e66d4074b67769feddae,1087,operator_normalized,info,NRMA Electric -> NRMA
2574,r_e66d4074b67769feddae,1087,missing_station_name,info,Name remains null; address is the display fallback
2575,r_e66d4074b67769feddae,1087,missing_or_invalid_postcode,warning,Source postcode retained as null; address candidate stored separately
2576,r_e66d4074b67769feddae,1087,missing_lga,warning,No LGA inference from SA4 (different geographical level)
2577,r_e66d4074b67769feddae,1087,missing_source_category,warning,Charger operational status cannot be confirmed from source category
2578,r_ae49145695dbcec7c6e2,1088,operator_normalized,info,Viva Energy A -> Viva Energy Australia
2579,r_ae49145695dbcec7c6e2,1088,missing_station_name,info,Name remains null; address is the display fallback
2580,r_ae49145695dbcec7c6e2,1088,missing_or_invalid_postcode,warning,Source postcode retained as null; address candidate stored separately
2581,r_ae49145695dbcec7c6e2,1088,missing_lga,warning,No LGA inference from SA4 (different geographical level)
2582,r_ae49145695dbcec7c6e2,1088,missing_source_category,warning,Charger operational status cannot be confirmed from source category
2583,r_c7a6da7fe2fbf26df92b,1089,missing_or_invalid_postcode,warning,Source postcode retained as null; address candidate stored separately
2584,r_c7a6da7fe2fbf26df92b,1089,missing_lga,warning,No LGA inference from SA4 (different geographical level)
2585,r_c7a6da7fe2fbf26df92b,1089,missing_source_category,warning,Charger operational status cannot be confirmed from source category
2586,r_798e3fc8bcfc8188967e,1090,operator_normalized,info,Tesla Motors -> Tesla
2587,r_798e3fc8bcfc8188967e,1090,missing_station_name,info,Name remains null; address is the display fallback
2588,r_798e3fc8bcfc8188967e,1090,configuration_count_disagreement,warning,"Rating configuration count=4, Number_of_plugs=6; units may differ, both values retained"
2589,r_798e3fc8bcfc8188967e,1090,missing_or_invalid_postcode,warning,Source postcode retained as null; address candidate stored separately
2590,r_798e3fc8bcfc8188967e,1090,missing_lga,warning,No LGA inference from SA4 (different geographical level)
2591,r_798e3fc8bcfc8188967e,1090,missing_source_category,warning,Charger operational status cannot be confirmed from source category
2592,r_257381ae7e8f37727df6,1091,operator_normalized,info,PLUS ES Manag -> PLUS ES
2593,r_257381ae7e8f37727df6,1091,missing_station_name,info,Name remains null; address is the display fallback
2594,r_257381ae7e8f37727df6,1091,configuration_count_disagreement,warning,"Rating configuration count=4, Number_of_plugs=5; units may differ, both values retained"
2595,r_257381ae7e8f37727df6,1091,missing_or_invalid_postcode,warning,Source postcode retained as null; address candidate stored separately
2596,r_257381ae7e8f37727df6,1091,missing_lga,warning,No LGA inference from SA4 (different geographical level)
2597,r_257381ae7e8f37727df6,1091,missing_source_category,warning,Charger operational status cannot be confirmed from source category
2598,r_efdd3de1fce0aa41ccb8,1092,operator_label_review_required,warning,Source operator label 'Fast Cities A' is incomplete or ambiguous; retained without guessing a company/network expansion. Review the individual site before interpreting this label as a distinct operator.
2599,r_efdd3de1fce0aa41ccb8,1092,missing_station_name,info,Name remains null; address is the display fallback
2600,r_efdd3de1fce0aa41ccb8,1092,missing_or_invalid_postcode,warning,Source postcode retained as null; address candidate stored separately
2601,r_efdd3de1fce0aa41ccb8,1092,missing_lga,warning,No LGA inference from SA4 (different geographical level)
2602,r_efdd3de1fce0aa41ccb8,1092,missing_source_category,warning,Charger operational status cannot be confirmed from source category
2603,r_59effdea14f552831223,1093,operator_normalized,info,BP Australia -> BP Pulse (AU)
2604,r_59effdea14f552831223,1093,missing_station_name,info,Name remains null; address is the display fallback
2605,r_59effdea14f552831223,1093,missing_or_invalid_postcode,warning,Source postcode retained as null; address candidate stored separately
2606,r_59effdea14f552831223,1093,missing_lga,warning,No LGA inference from SA4 (different geographical level)
2607,r_59effdea14f552831223,1093,missing_source_category,warning,Charger operational status cannot be confirmed from source category
2608,r_eb1484823f9e98be4ad8,1094,operator_label_review_required,warning,Source operator label 'Fast Cities A' is incomplete or ambiguous; retained without guessing a company/network expansion. Review the individual site before interpreting this label as a distinct operator.
2609,r_eb1484823f9e98be4ad8,1094,missing_station_name,info,Name remains null; address is the display fallback
2610,r_eb1484823f9e98be4ad8,1094,missing_or_invalid_postcode,warning,Source postcode retained as null; address candidate stored separately
2611,r_eb1484823f9e98be4ad8,1094,missing_lga,warning,No LGA inference from SA4 (different geographical level)
2612,r_eb1484823f9e98be4ad8,1094,missing_source_category,warning,Charger operational status cannot be confirmed from source category
2613,r_d4526808d2d8f183ceb6,1095,operator_normalized,info,Tesla Motors -> Tesla
2614,r_d4526808d2d8f183ceb6,1095,missing_station_name,info,Name remains null; address is the display fallback
2615,r_d4526808d2d8f183ceb6,1095,missing_or_invalid_postcode,warning,Source postcode retained as null; address candidate stored separately
2616,r_d4526808d2d8f183ceb6,1095,missing_lga,warning,No LGA inference from SA4 (different geographical level)
2617,r_d4526808d2d8f183ceb6,1095,missing_source_category,warning,Charger operational status cannot be confirmed from source category
2618,r_270cc0a8346de5a71300,1096,missing_or_invalid_postcode,warning,Source postcode retained as null; address candidate stored separately
2619,r_270cc0a8346de5a71300,1096,missing_lga,warning,No LGA inference from SA4 (different geographical level)
2620,r_270cc0a8346de5a71300,1096,missing_source_category,warning,Charger operational status cannot be confirmed from source category
2621,r_8581fa614c8019c2abcb,1097,operator_label_review_required,warning,Source operator label 'Fast Cities A' is incomplete or ambiguous; retained without guessing a company/network expansion. Review the individual site before interpreting this label as a distinct operator.
2622,r_8581fa614c8019c2abcb,1097,missing_station_name,info,Name remains null; address is the display fallback
2623,r_8581fa614c8019c2abcb,1097,missing_or_invalid_postcode,warning,Source postcode retained as null; address candidate stored separately
2624,r_8581fa614c8019c2abcb,1097,missing_lga,warning,No LGA inference from SA4 (different geographical level)
2625,r_8581fa614c8019c2abcb,1097,missing_source_category,warning,Charger operational status cannot be confirmed from source category
2626,r_b136253dff0bb64b3af3,1098,operator_normalized,info,Viva Energy A -> Viva Energy Australia
2627,r_b136253dff0bb64b3af3,1098,missing_station_name,info,Name remains null; address is the display fallback
2628,r_b136253dff0bb64b3af3,1098,missing_or_invalid_postcode,warning,Source postcode retained as null; address candidate stored separately
2629,r_b136253dff0bb64b3af3,1098,missing_lga,warning,No LGA inference from SA4 (different geographical level)
2630,r_b136253dff0bb64b3af3,1098,missing_source_category,warning,Charger operational status cannot be confirmed from source category
2631,r_9e475264f5b80a633591,1099,operator_normalized,info,Tesla Motors -> Tesla
2632,r_9e475264f5b80a633591,1099,missing_station_name,info,Name remains null; address is the display fallback
2633,r_9e475264f5b80a633591,1099,configuration_count_disagreement,warning,"Rating configuration count=8, Number_of_plugs=12; units may differ, both values retained"
2634,r_9e475264f5b80a633591,1099,missing_or_invalid_postcode,warning,Source postcode retained as null; address candidate stored separately
2635,r_9e475264f5b80a633591,1099,missing_lga,warning,No LGA inference from SA4 (different geographical level)
2636,r_9e475264f5b80a633591,1099,missing_source_category,warning,Charger operational status cannot be confirmed from source category
2637,r_986d36b1b342ee113c59,1100,operator_normalized,info,NRMA Electric -> NRMA
2638,r_986d36b1b342ee113c59,1100,missing_station_name,info,Name remains null; address is the display fallback
2639,r_986d36b1b342ee113c59,1100,missing_or_invalid_postcode,warning,Source postcode retained as null; address candidate stored separately
2640,r_986d36b1b342ee113c59,1100,missing_lga,warning,No LGA inference from SA4 (different geographical level)
2641,r_986d36b1b342ee113c59,1100,missing_source_category,warning,Charger operational status cannot be confirmed from source category
2642,r_06080846773d95893141,1101,missing_or_invalid_postcode,warning,Source postcode retained as null; address candidate stored separately
2643,r_06080846773d95893141,1101,missing_lga,warning,No LGA inference from SA4 (different geographical level)
2644,r_06080846773d95893141,1101,missing_source_category,warning,Charger operational status cannot be confirmed from source category
2645,r_3aabddec18806609f2a3,1102,operator_normalized,info,BP Australia -> BP Pulse (AU)
2646,r_3aabddec18806609f2a3,1102,missing_station_name,info,Name remains null; address is the display fallback
2647,r_3aabddec18806609f2a3,1102,missing_or_invalid_postcode,warning,Source postcode retained as null; address candidate stored separately
2648,r_3aabddec18806609f2a3,1102,missing_lga,warning,No LGA inference from SA4 (different geographical level)
2649,r_3aabddec18806609f2a3,1102,missing_source_category,warning,Charger operational status cannot be confirmed from source category
2650,r_bd2c24ce723f312e6b9d,1103,missing_or_invalid_postcode,warning,Source postcode retained as null; address candidate stored separately
2651,r_bd2c24ce723f312e6b9d,1103,missing_lga,warning,No LGA inference from SA4 (different geographical level)
2652,r_bd2c24ce723f312e6b9d,1103,missing_source_category,warning,Charger operational status cannot be confirmed from source category
2653,r_d816856db52dae1a80ba,1104,operator_normalized,info,Tesla Motors -> Tesla
2654,r_d816856db52dae1a80ba,1104,missing_station_name,info,Name remains null; address is the display fallback
2655,r_d816856db52dae1a80ba,1104,missing_or_invalid_postcode,warning,Source postcode retained as null; address candidate stored separately
2656,r_d816856db52dae1a80ba,1104,missing_lga,warning,No LGA inference from SA4 (different geographical level)
2657,r_d816856db52dae1a80ba,1104,missing_source_category,warning,Charger operational status cannot be confirmed from source category
2658,r_1128ff8c8b33cc58e26b,1105,operator_normalized,info,Tesla Motors -> Tesla
2659,r_1128ff8c8b33cc58e26b,1105,missing_station_name,info,Name remains null; address is the display fallback
2660,r_1128ff8c8b33cc58e26b,1105,configuration_count_disagreement,warning,"Rating configuration count=4, Number_of_plugs=6; units may differ, both values retained"
2661,r_1128ff8c8b33cc58e26b,1105,missing_or_invalid_postcode,warning,Source postcode retained as null; address candidate stored separately
2662,r_1128ff8c8b33cc58e26b,1105,missing_lga,warning,No LGA inference from SA4 (different geographical level)
2663,r_1128ff8c8b33cc58e26b,1105,missing_source_category,warning,Charger operational status cannot be confirmed from source category
2664,r_540c47188d49e9c4b121,1106,missing_source_id,info,Stable content-based record/location identifiers generated
2665,r_540c47188d49e9c4b121,1106,power_unavailable,warning,Preserved unparseable rating: AC
2666,r_547be380554f936cc0a8,1107,missing_source_id,info,Stable content-based record/location identifiers generated
2667,r_547be380554f936cc0a8,1107,power_unavailable,warning,Preserved unparseable rating: AC
2668,r_d15c0a300a5608ba0c67,1108,missing_source_id,info,Stable content-based record/location identifiers generated
2669,r_d15c0a300a5608ba0c67,1108,power_unavailable,warning,Preserved unparseable rating: AC
2670,r_7372007656f76c128b00,1109,missing_source_id,info,Stable content-based record/location identifiers generated
2671,r_7372007656f76c128b00,1109,power_unavailable,warning,Preserved unparseable rating: AC
2672,r_7c3436b8d8726bd6ed1c,1110,missing_source_id,info,Stable content-based record/location identifiers generated
2673,r_7c3436b8d8726bd6ed1c,1110,power_unavailable,warning,Preserved unparseable rating: AC
2674,r_3ec20bfae691844936ff,1111,missing_source_id,info,Stable content-based record/location identifiers generated
2675,r_3ec20bfae691844936ff,1111,power_unavailable,warning,Preserved unparseable rating: AC
2676,r_048c36d1672a5c7d2527,1112,missing_source_id,info,Stable content-based record/location identifiers generated
2677,r_048c36d1672a5c7d2527,1112,power_unavailable,warning,Preserved unparseable rating: AC
2678,r_4abe968a53f3a98f9d7f,1113,missing_source_id,info,Stable content-based record/location identifiers generated
2679,r_4abe968a53f3a98f9d7f,1113,power_unavailable,warning,Preserved unparseable rating: AC
2680,r_2f0d8ea11371aace408b,1114,missing_source_id,info,Stable content-based record/location identifiers generated
2681,r_2f0d8ea11371aace408b,1114,power_unavailable,warning,Preserved unparseable rating: AC
2682,r_391eae9a0d1fe722d86f,1115,missing_source_id,info,Stable content-based record/location identifiers generated
2683,r_391eae9a0d1fe722d86f,1115,power_unavailable,warning,Preserved unparseable rating: AC
2684,r_565c73282eebd589299d,1116,missing_source_id,info,Stable content-based record/location identifiers generated
2685,r_565c73282eebd589299d,1116,power_unavailable,warning,Preserved unparseable rating: AC
2686,r_050222036fa54829ef26,1117,missing_source_id,info,Stable content-based record/location identifiers generated
2687,r_050222036fa54829ef26,1117,power_unavailable,warning,Preserved unparseable rating: AC
2688,r_7b8624ab053de27fca0f,1118,missing_source_id,info,Stable content-based record/location identifiers generated
2689,r_7b8624ab053de27fca0f,1118,power_unavailable,warning,Preserved unparseable rating: AC
2690,r_42c78cb82052af1478ec,1119,missing_source_id,info,Stable content-based record/location identifiers generated
2691,r_42c78cb82052af1478ec,1119,power_unavailable,warning,Preserved unparseable rating: AC
2692,r_a4c2aa567f05b584bea1,1120,missing_source_id,info,Stable content-based record/location identifiers generated
2693,r_a4c2aa567f05b584bea1,1120,power_unavailable,warning,Preserved unparseable rating: AC
2694,r_5e03089b955ea7c66450,1121,missing_source_id,info,Stable content-based record/location identifiers generated
2695,r_5e03089b955ea7c66450,1121,power_unavailable,warning,Preserved unparseable rating: AC
2696,r_1283f8e89ab80463ce26,1122,missing_source_id,info,Stable content-based record/location identifiers generated
2697,r_1283f8e89ab80463ce26,1122,power_unavailable,warning,Preserved unparseable rating: AC
2698,r_551d2c022621e79e1f45,1123,missing_source_id,info,Stable content-based record/location identifiers generated
2699,r_551d2c022621e79e1f45,1123,power_unavailable,warning,Preserved unparseable rating: AC
2700,r_01d7f4dd90097df52ab3,1124,missing_source_id,info,Stable content-based record/location identifiers generated
2701,r_01d7f4dd90097df52ab3,1124,power_unavailable,warning,Preserved unparseable rating: AC
2702,r_2c6d26759ed8637f8602,1125,missing_source_id,info,Stable content-based record/location identifiers generated
2703,r_2c6d26759ed8637f8602,1125,power_unavailable,warning,Preserved unparseable rating: AC
2704,r_7c052946b7bc14cb4ed8,1126,missing_source_id,info,Stable content-based record/location identifiers generated
2705,r_7c052946b7bc14cb4ed8,1126,power_unavailable,warning,Preserved unparseable rating: AC
2706,r_4f4dd95c3442a825e10e,1127,missing_source_id,info,Stable content-based record/location identifiers generated
2707,r_4f4dd95c3442a825e10e,1127,power_unavailable,warning,Preserved unparseable rating: AC
2708,r_a7b4021260b82e765d5e,1128,missing_source_id,info,Stable content-based record/location identifiers generated
2709,r_a7b4021260b82e765d5e,1128,power_unavailable,warning,Preserved unparseable rating: AC
2710,r_61368cdd2cdb4c61c2f6,1129,missing_source_id,info,Stable content-based record/location identifiers generated
2711,r_61368cdd2cdb4c61c2f6,1129,power_unavailable,warning,Preserved unparseable rating: AC
2712,r_000b9c4867f8321b8976,1130,missing_source_id,info,Stable content-based record/location identifiers generated
2713,r_000b9c4867f8321b8976,1130,power_unavailable,warning,Preserved unparseable rating: AC
2714,r_e2abdc5abfe3a9c5d46e,1131,missing_source_id,info,Stable content-based record/location identifiers generated
2715,r_e2abdc5abfe3a9c5d46e,1131,power_unavailable,warning,Preserved unparseable rating: AC
2716,r_89623bed52adbfe6f654,1132,missing_source_id,info,Stable content-based record/location identifiers generated
2717,r_89623bed52adbfe6f654,1132,power_unavailable,warning,Preserved unparseable rating: AC
2718,r_095197f59e2ef664a75b,1133,missing_source_id,info,Stable content-based record/location identifiers generated
2719,r_095197f59e2ef664a75b,1133,power_unavailable,warning,Preserved unparseable rating: AC
2720,r_0bbea5b66ec963956db4,1134,missing_source_id,info,Stable content-based record/location identifiers generated
2721,r_0bbea5b66ec963956db4,1134,power_unavailable,warning,Preserved unparseable rating: AC
2722,r_cc311c04a6047870087c,1135,missing_source_id,info,Stable content-based record/location identifiers generated
2723,r_cc311c04a6047870087c,1135,power_unavailable,warning,Preserved unparseable rating: AC
2724,r_be235d0ab4cdbdbe2787,1136,missing_source_id,info,Stable content-based record/location identifiers generated
2725,r_be235d0ab4cdbdbe2787,1136,power_unavailable,warning,Preserved unparseable rating: AC
2726,r_4f45bac78573896d3f5c,1137,missing_source_id,info,Stable content-based record/location identifiers generated
2727,r_4f45bac78573896d3f5c,1137,power_unavailable,warning,Preserved unparseable rating: AC
2728,r_edeb27aaae90a06d41cb,1138,missing_source_id,info,Stable content-based record/location identifiers generated
2729,r_edeb27aaae90a06d41cb,1138,power_unavailable,warning,Preserved unparseable rating: AC
2730,r_036a7ad938a9dddfbf92,1139,missing_source_id,info,Stable content-based record/location identifiers generated
2731,r_036a7ad938a9dddfbf92,1139,missing_station_name,info,Name remains null; address is the display fallback
2732,r_036a7ad938a9dddfbf92,1139,power_unavailable,warning,Preserved unparseable rating: AC
2733,r_9e4ae13bfa0415b0fdaf,1140,missing_source_id,info,Stable content-based record/location identifiers generated
2734,r_9e4ae13bfa0415b0fdaf,1140,power_unavailable,warning,Preserved unparseable rating: AC
2735,r_61879b5b16eb051b2caa,1141,missing_source_id,info,Stable content-based record/location identifiers generated
2736,r_61879b5b16eb051b2caa,1141,power_unavailable,warning,Preserved unparseable rating: AC
2737,r_c8c42c4bf83a2717d102,1142,missing_source_id,info,Stable content-based record/location identifiers generated
2738,r_c8c42c4bf83a2717d102,1142,power_unavailable,warning,Preserved unparseable rating: AC
2739,r_d6abced36be5ea86a01c,1143,missing_source_id,info,Stable content-based record/location identifiers generated
2740,r_d6abced36be5ea86a01c,1143,power_unavailable,warning,Preserved unparseable rating: AC
2741,r_dcb94efe07eaee85d9fc,1144,missing_source_id,info,Stable content-based record/location identifiers generated
2742,r_dcb94efe07eaee85d9fc,1144,power_unavailable,warning,Preserved unparseable rating: AC
2743,r_7a73e418eeffa049754e,1145,missing_source_id,info,Stable content-based record/location identifiers generated
2744,r_7a73e418eeffa049754e,1145,power_unavailable,warning,Preserved unparseable rating: AC
2745,r_fe4db380e50075aabb9c,1146,missing_source_id,info,Stable content-based record/location identifiers generated
2746,r_fe4db380e50075aabb9c,1146,power_unavailable,warning,Preserved unparseable rating: AC
2747,r_f211be1a581824adcb1e,1147,missing_source_id,info,Stable content-based record/location identifiers generated
2748,r_f211be1a581824adcb1e,1147,power_unavailable,warning,Preserved unparseable rating: AC
2749,r_3fcb46210ce5a211d980,1148,missing_source_id,info,Stable content-based record/location identifiers generated
2750,r_3fcb46210ce5a211d980,1148,power_unavailable,warning,Preserved unparseable rating: AC
2751,r_28f89eb93f56649520dc,1149,missing_source_id,info,Stable content-based record/location identifiers generated
2752,r_28f89eb93f56649520dc,1149,power_unavailable,warning,Preserved unparseable rating: AC
2753,r_0ab661d589cdad4ab0ed,1150,missing_source_id,info,Stable content-based record/location identifiers generated
2754,r_0ab661d589cdad4ab0ed,1150,power_unavailable,warning,Preserved unparseable rating: AC
2755,r_2aeffdf8e20dedaa3137,1151,missing_source_id,info,Stable content-based record/location identifiers generated
2756,r_2aeffdf8e20dedaa3137,1151,power_unavailable,warning,Preserved unparseable rating: AC
2757,r_b0272e11eb366060acc5,1152,missing_source_id,info,Stable content-based record/location identifiers generated
2758,r_b0272e11eb366060acc5,1152,power_unavailable,warning,Preserved unparseable rating: AC
2759,r_8e23a4d749e6a5bf382e,1153,missing_source_id,info,Stable content-based record/location identifiers generated
2760,r_8e23a4d749e6a5bf382e,1153,power_unavailable,warning,Preserved unparseable rating: AC
2761,r_8f3bb64bbb9302ab7bbb,1154,missing_source_id,info,Stable content-based record/location identifiers generated
2762,r_8f3bb64bbb9302ab7bbb,1154,power_unavailable,warning,Preserved unparseable rating: AC
2763,r_05d809d58482797ca837,1155,missing_source_id,info,Stable content-based record/location identifiers generated
2764,r_05d809d58482797ca837,1155,power_unavailable,warning,Preserved unparseable rating: AC
2765,r_0761fd7d9a10cc230d4a,1156,missing_source_id,info,Stable content-based record/location identifiers generated
2766,r_0761fd7d9a10cc230d4a,1156,power_unavailable,warning,Preserved unparseable rating: AC
2767,r_1e49b7369f5d36f399c6,1157,missing_source_id,info,Stable content-based record/location identifiers generated
2768,r_1e49b7369f5d36f399c6,1157,missing_station_name,info,Name remains null; address is the display fallback
2769,r_1e49b7369f5d36f399c6,1157,power_unavailable,warning,Preserved unparseable rating: AC
2770,r_5b0d97ed71e6e9b6bb43,1158,missing_source_id,info,Stable content-based record/location identifiers generated
2771,r_5b0d97ed71e6e9b6bb43,1158,power_unavailable,warning,Preserved unparseable rating: AC
2772,r_f4d01db841bd38cf2837,1159,missing_source_id,info,Stable content-based record/location identifiers generated
2773,r_f4d01db841bd38cf2837,1159,power_unavailable,warning,Preserved unparseable rating: AC
2774,r_d7087e3c948034b4f68c,1160,missing_source_id,info,Stable content-based record/location identifiers generated
2775,r_d7087e3c948034b4f68c,1160,power_unavailable,warning,Preserved unparseable rating: AC
2776,r_01b81d0abafb31bb3131,1161,missing_source_id,info,Stable content-based record/location identifiers generated
2777,r_01b81d0abafb31bb3131,1161,power_unavailable,warning,Preserved unparseable rating: AC
2778,r_1b3db75871bf999a8495,1162,missing_source_id,info,Stable content-based record/location identifiers generated
2779,r_1b3db75871bf999a8495,1162,power_unavailable,warning,Preserved unparseable rating: AC
2780,r_481500ebd13214b4243c,1163,missing_source_id,info,Stable content-based record/location identifiers generated
2781,r_481500ebd13214b4243c,1163,power_unavailable,warning,Preserved unparseable rating: AC
2782,r_4f97fdbf58ea7a8c4997,1164,missing_source_id,info,Stable content-based record/location identifiers generated
2783,r_4f97fdbf58ea7a8c4997,1164,power_unavailable,warning,Preserved unparseable rating: AC
2784,r_fc6722fb022e27931d48,1165,missing_source_id,info,Stable content-based record/location identifiers generated
2785,r_fc6722fb022e27931d48,1165,power_unavailable,warning,Preserved unparseable rating: AC
2786,r_9495f774769b5b4294e2,1166,missing_source_id,info,Stable content-based record/location identifiers generated
2787,r_9495f774769b5b4294e2,1166,power_unavailable,warning,Preserved unparseable rating: AC
2788,r_7673596574262a6777cc,1167,missing_source_id,info,Stable content-based record/location identifiers generated
2789,r_7673596574262a6777cc,1167,power_unavailable,warning,Preserved unparseable rating: AC
2790,r_2d885dcecb5ea7935ba8,1168,missing_source_id,info,Stable content-based record/location identifiers generated
2791,r_2d885dcecb5ea7935ba8,1168,power_unavailable,warning,Preserved unparseable rating: AC
2792,r_ce34a1902cb2d2185058,1169,missing_source_id,info,Stable content-based record/location identifiers generated
2793,r_ce34a1902cb2d2185058,1169,power_unavailable,warning,Preserved unparseable rating: AC
2794,r_1fcfe1827cb49eb64953,1170,missing_source_id,info,Stable content-based record/location identifiers generated
2795,r_1fcfe1827cb49eb64953,1170,power_unavailable,warning,Preserved unparseable rating: AC
2796,r_d765f28db396500916a9,1171,missing_source_id,info,Stable content-based record/location identifiers generated
2797,r_d765f28db396500916a9,1171,power_unavailable,warning,Preserved unparseable rating: AC
2798,r_78c3b15b966747ce61c1,1172,missing_source_id,info,Stable content-based record/location identifiers generated
2799,r_78c3b15b966747ce61c1,1172,power_unavailable,warning,Preserved unparseable rating: AC
2800,r_786dda18472b0b0223ac,1173,missing_source_id,info,Stable content-based record/location identifiers generated
2801,r_786dda18472b0b0223ac,1173,power_unavailable,warning,Preserved unparseable rating: AC
2802,r_b9ded8a16585f6359ef5,1174,missing_source_id,info,Stable content-based record/location identifiers generated
2803,r_b9ded8a16585f6359ef5,1174,power_unavailable,warning,Preserved unparseable rating: AC
2804,r_2fd197602bb28f53add8,1175,missing_source_id,info,Stable content-based record/location identifiers generated
2805,r_2fd197602bb28f53add8,1175,power_unavailable,warning,Preserved unparseable rating: AC
2806,r_b3e7a0e1758f8a9759df,1176,missing_source_id,info,Stable content-based record/location identifiers generated
2807,r_b3e7a0e1758f8a9759df,1176,power_unavailable,warning,Preserved unparseable rating: AC
2808,r_cd3612698925fdfa335b,1177,missing_source_id,info,Stable content-based record/location identifiers generated
2809,r_cd3612698925fdfa335b,1177,power_unavailable,warning,Preserved unparseable rating: AC
2810,r_9d5e6194614ec79b437b,1178,missing_source_id,info,Stable content-based record/location identifiers generated
2811,r_9d5e6194614ec79b437b,1178,power_unavailable,warning,Preserved unparseable rating: AC
2812,r_77351b498268774d11a0,1179,missing_source_id,info,Stable content-based record/location identifiers generated
2813,r_77351b498268774d11a0,1179,power_unavailable,warning,Preserved unparseable rating: AC
2814,r_6a3b728924c618339f72,1180,missing_source_id,info,Stable content-based record/location identifiers generated
2815,r_6a3b728924c618339f72,1180,power_unavailable,warning,Preserved unparseable rating: AC
2816,r_ddb197a4cb6e287faa6d,1181,missing_source_id,info,Stable content-based record/location identifiers generated
2817,r_ddb197a4cb6e287faa6d,1181,power_unavailable,warning,Preserved unparseable rating: AC
2818,r_0c2620df6600ba3c1c78,1182,missing_source_id,info,Stable content-based record/location identifiers generated
2819,r_0c2620df6600ba3c1c78,1182,power_unavailable,warning,Preserved unparseable rating: AC
2820,r_523e766cfd0756013fe8,1183,missing_source_id,info,Stable content-based record/location identifiers generated
2821,r_523e766cfd0756013fe8,1183,power_unavailable,warning,Preserved unparseable rating: AC
2822,r_a483f2b6e6e5eb41691d,1184,missing_source_id,info,Stable content-based record/location identifiers generated
2823,r_a483f2b6e6e5eb41691d,1184,power_unavailable,warning,Preserved unparseable rating: AC
2824,r_7007e96c233a5afb175d,1185,missing_source_id,info,Stable content-based record/location identifiers generated
2825,r_7007e96c233a5afb175d,1185,power_unavailable,warning,Preserved unparseable rating: AC
2826,r_7476b049cbc6cb03c1da,1186,missing_source_id,info,Stable content-based record/location identifiers generated
2827,r_7476b049cbc6cb03c1da,1186,power_unavailable,warning,Preserved unparseable rating: AC
2828,r_735b023be8549e970baa,1187,missing_source_id,info,Stable content-based record/location identifiers generated
2829,r_735b023be8549e970baa,1187,missing_station_name,info,Name remains null; address is the display fallback
2830,r_735b023be8549e970baa,1187,power_unavailable,warning,Preserved unparseable rating: AC
2831,r_a64906d2e5d02e2a8ee5,1188,missing_source_id,info,Stable content-based record/location identifiers generated
2832,r_a64906d2e5d02e2a8ee5,1188,power_unavailable,warning,Preserved unparseable rating: AC
2833,r_ff46fa09c54462b12e99,1189,missing_source_id,info,Stable content-based record/location identifiers generated
2834,r_ff46fa09c54462b12e99,1189,power_unavailable,warning,Preserved unparseable rating: AC
2835,r_c1b58cf46b3a9c6a13b1,1190,missing_source_id,info,Stable content-based record/location identifiers generated
2836,r_c1b58cf46b3a9c6a13b1,1190,power_unavailable,warning,Preserved unparseable rating: AC
2837,r_d4b95e4bc77a7631de21,1191,missing_source_id,info,Stable content-based record/location identifiers generated
2838,r_d4b95e4bc77a7631de21,1191,power_unavailable,warning,Preserved unparseable rating: AC
2839,r_d2bff59b7fdd1403a0e1,1192,missing_source_id,info,Stable content-based record/location identifiers generated
2840,r_d2bff59b7fdd1403a0e1,1192,power_unavailable,warning,Preserved unparseable rating: AC
2841,r_aa71e49bfac14d4ba453,1193,missing_source_id,info,Stable content-based record/location identifiers generated
2842,r_aa71e49bfac14d4ba453,1193,power_unavailable,warning,Preserved unparseable rating: AC
2843,r_dcca6b14d41877058e1a,1194,missing_source_id,info,Stable content-based record/location identifiers generated
2844,r_dcca6b14d41877058e1a,1194,power_unavailable,warning,Preserved unparseable rating: AC
2845,r_d1a9fb8b15550970bced,1195,missing_source_id,info,Stable content-based record/location identifiers generated
2846,r_d1a9fb8b15550970bced,1195,power_unavailable,warning,Preserved unparseable rating: AC
2847,r_71cdd29d405b935eddad,1196,missing_source_id,info,Stable content-based record/location identifiers generated
2848,r_71cdd29d405b935eddad,1196,power_unavailable,warning,Preserved unparseable rating: AC
2849,r_b1dddf33570367792fd9,1197,missing_source_id,info,Stable content-based record/location identifiers generated
2850,r_b1dddf33570367792fd9,1197,power_unavailable,warning,Preserved unparseable rating: AC
2851,r_2e5af4949268649ec791,1198,missing_source_id,info,Stable content-based record/location identifiers generated
2852,r_2e5af4949268649ec791,1198,power_unavailable,warning,Preserved unparseable rating: AC
2853,r_dd1d9a2a457212c5ba67,1199,missing_source_id,info,Stable content-based record/location identifiers generated
2854,r_dd1d9a2a457212c5ba67,1199,power_unavailable,warning,Preserved unparseable rating: AC
2855,r_d89d88bfe3bee731285a,1200,missing_source_id,info,Stable content-based record/location identifiers generated
2856,r_d89d88bfe3bee731285a,1200,power_unavailable,warning,Preserved unparseable rating: AC
2857,r_dbc4fa27e903d87dfa16,1201,missing_source_id,info,Stable content-based record/location identifiers generated
2858,r_dbc4fa27e903d87dfa16,1201,power_unavailable,warning,Preserved unparseable rating: AC
2859,r_0d85b7180c1da533fdee,1202,missing_source_id,info,Stable content-based record/location identifiers generated
2860,r_0d85b7180c1da533fdee,1202,power_unavailable,warning,Preserved unparseable rating: AC
2861,r_7015e707d62731d598de,1203,missing_source_id,info,Stable content-based record/location identifiers generated
2862,r_7015e707d62731d598de,1203,power_unavailable,warning,Preserved unparseable rating: AC
2863,r_808d6b537097369f785a,1204,missing_source_id,info,Stable content-based record/location identifiers generated
2864,r_808d6b537097369f785a,1204,power_unavailable,warning,Preserved unparseable rating: AC
2865,r_7f677eea4dd48bd2d57a,1205,missing_source_id,info,Stable content-based record/location identifiers generated
2866,r_7f677eea4dd48bd2d57a,1205,missing_station_name,info,Name remains null; address is the display fallback
2867,r_7f677eea4dd48bd2d57a,1205,power_unavailable,warning,Preserved unparseable rating: AC
2868,r_52c2e3ff37b73d2ccd32,1206,missing_source_id,info,Stable content-based record/location identifiers generated
2869,r_52c2e3ff37b73d2ccd32,1206,power_unavailable,warning,Preserved unparseable rating: AC
2870,r_3633df0c63929817cf2a,1207,missing_source_id,info,Stable content-based record/location identifiers generated
2871,r_3633df0c63929817cf2a,1207,power_unavailable,warning,Preserved unparseable rating: AC
2872,r_fc1f65f22c866e9fd8e2,1208,missing_source_id,info,Stable content-based record/location identifiers generated
2873,r_fc1f65f22c866e9fd8e2,1208,power_unavailable,warning,Preserved unparseable rating: AC
2874,r_b3098c54d518e3040c90,1209,missing_source_id,info,Stable content-based record/location identifiers generated
2875,r_b3098c54d518e3040c90,1209,power_unavailable,warning,Preserved unparseable rating: AC
2876,r_d2868f43dc5f1f68fabc,1210,missing_source_id,info,Stable content-based record/location identifiers generated
2877,r_d2868f43dc5f1f68fabc,1210,power_unavailable,warning,Preserved unparseable rating: AC
2878,r_19002414954f9d2554fc,1211,missing_source_id,info,Stable content-based record/location identifiers generated
2879,r_19002414954f9d2554fc,1211,power_unavailable,warning,Preserved unparseable rating: AC
2880,r_4e70fbaaddbfe6ab8b44,1212,missing_source_id,info,Stable content-based record/location identifiers generated
2881,r_4e70fbaaddbfe6ab8b44,1212,power_unavailable,warning,Preserved unparseable rating: AC
2882,r_0f56f4a79dc5370b066e,1213,missing_source_id,info,Stable content-based record/location identifiers generated
2883,r_0f56f4a79dc5370b066e,1213,power_unavailable,warning,Preserved unparseable rating: AC
2884,r_1ba12b8bd9eea26302f2,1214,missing_source_id,info,Stable content-based record/location identifiers generated
2885,r_1ba12b8bd9eea26302f2,1214,power_unavailable,warning,Preserved unparseable rating: AC
2886,r_97c16268a7947f2e0287,1215,missing_source_id,info,Stable content-based record/location identifiers generated
2887,r_97c16268a7947f2e0287,1215,power_unavailable,warning,Preserved unparseable rating: AC
2888,r_d939933aa2157691d268,1216,missing_source_id,info,Stable content-based record/location identifiers generated
2889,r_d939933aa2157691d268,1216,power_unavailable,warning,Preserved unparseable rating: AC
2890,r_bded1984dd0cd93e97ac,1217,missing_source_id,info,Stable content-based record/location identifiers generated
2891,r_bded1984dd0cd93e97ac,1217,power_unavailable,warning,Preserved unparseable rating: AC
2892,r_836fcb0d5ee024837ee3,1218,missing_source_id,info,Stable content-based record/location identifiers generated
2893,r_836fcb0d5ee024837ee3,1218,power_unavailable,warning,Preserved unparseable rating: AC
2894,r_a4c9b68cee7486886889,1219,missing_source_id,info,Stable content-based record/location identifiers generated
2895,r_a4c9b68cee7486886889,1219,power_unavailable,warning,Preserved unparseable rating: AC
2896,r_414977c41b7d7806e258,1220,missing_source_id,info,Stable content-based record/location identifiers generated
2897,r_414977c41b7d7806e258,1220,missing_station_name,info,Name remains null; address is the display fallback
2898,r_414977c41b7d7806e258,1220,power_unavailable,warning,Preserved unparseable rating: AC
2899,r_2ab921d439f0a3f03a3f,1221,missing_source_id,info,Stable content-based record/location identifiers generated
2900,r_2ab921d439f0a3f03a3f,1221,power_unavailable,warning,Preserved unparseable rating: AC
2901,r_36f1d4504a6a09d75bfb,1222,missing_source_id,info,Stable content-based record/location identifiers generated
2902,r_36f1d4504a6a09d75bfb,1222,power_unavailable,warning,Preserved unparseable rating: AC
2903,r_4ce69e63e418f8e8f4f2,1223,missing_source_id,info,Stable content-based record/location identifiers generated
2904,r_4ce69e63e418f8e8f4f2,1223,power_unavailable,warning,Preserved unparseable rating: AC
2905,r_77008384dc190f2e87f4,1224,missing_source_id,info,Stable content-based record/location identifiers generated
2906,r_77008384dc190f2e87f4,1224,power_unavailable,warning,Preserved unparseable rating: AC
2907,r_44b184127981543d34c7,1225,missing_source_id,info,Stable content-based record/location identifiers generated
2908,r_44b184127981543d34c7,1225,power_unavailable,warning,Preserved unparseable rating: AC
2909,r_aeb846df12cf85da5747,1226,missing_source_id,info,Stable content-based record/location identifiers generated
2910,r_aeb846df12cf85da5747,1226,power_unavailable,warning,Preserved unparseable rating: AC
2911,r_2cfb849eaac95ca81ff5,1227,missing_source_id,info,Stable content-based record/location identifiers generated
2912,r_2cfb849eaac95ca81ff5,1227,power_unavailable,warning,Preserved unparseable rating: AC
2913,r_7bec7f27979605150929,1228,missing_source_id,info,Stable content-based record/location identifiers generated
2914,r_7bec7f27979605150929,1228,power_unavailable,warning,Preserved unparseable rating: AC
2915,r_5542df2c69434587cb36,1229,missing_source_id,info,Stable content-based record/location identifiers generated
2916,r_5542df2c69434587cb36,1229,power_unavailable,warning,Preserved unparseable rating: AC
2917,r_e9435875a962d2d0b9c8,1230,missing_source_id,info,Stable content-based record/location identifiers generated
2918,r_e9435875a962d2d0b9c8,1230,power_unavailable,warning,Preserved unparseable rating: AC
2919,r_1ebb6aa376b68b9eabf3,1231,missing_source_id,info,Stable content-based record/location identifiers generated
2920,r_1ebb6aa376b68b9eabf3,1231,power_unavailable,warning,Preserved unparseable rating: AC
2921,r_82a758c05cf5382748c8,1232,missing_source_id,info,Stable content-based record/location identifiers generated
2922,r_82a758c05cf5382748c8,1232,power_unavailable,warning,Preserved unparseable rating: AC
2923,r_2f8daccae9c776dc7761,1233,missing_source_id,info,Stable content-based record/location identifiers generated
2924,r_2f8daccae9c776dc7761,1233,power_unavailable,warning,Preserved unparseable rating: AC
2925,r_255d6ee1611454701ae6,1234,missing_source_id,info,Stable content-based record/location identifiers generated
2926,r_255d6ee1611454701ae6,1234,power_unavailable,warning,Preserved unparseable rating: AC
2927,r_785aa47ddc0303a2a364,1235,missing_source_id,info,Stable content-based record/location identifiers generated
2928,r_785aa47ddc0303a2a364,1235,power_unavailable,warning,Preserved unparseable rating: AC
2929,r_d74decde55c7fed01ac8,1236,missing_source_id,info,Stable content-based record/location identifiers generated
2930,r_d74decde55c7fed01ac8,1236,power_unavailable,warning,Preserved unparseable rating: AC
2931,r_854d561a7acbeea85dcc,1237,missing_source_id,info,Stable content-based record/location identifiers generated
2932,r_854d561a7acbeea85dcc,1237,power_unavailable,warning,Preserved unparseable rating: AC
2933,r_096f55eaa6281cd5ad0b,1238,missing_source_id,info,Stable content-based record/location identifiers generated
2934,r_096f55eaa6281cd5ad0b,1238,power_unavailable,warning,Preserved unparseable rating: AC
2935,r_258fa7fe31e307150d62,1239,missing_source_id,info,Stable content-based record/location identifiers generated
2936,r_258fa7fe31e307150d62,1239,power_unavailable,warning,Preserved unparseable rating: AC
2937,r_dd3c81246815723f10e7,1240,missing_source_id,info,Stable content-based record/location identifiers generated
2938,r_dd3c81246815723f10e7,1240,power_unavailable,warning,Preserved unparseable rating: AC
2939,r_0b40ffe4b19398b77b87,1241,missing_source_id,info,Stable content-based record/location identifiers generated
2940,r_0b40ffe4b19398b77b87,1241,power_unavailable,warning,Preserved unparseable rating: AC
2941,r_a11acb8410452f895057,1242,missing_source_id,info,Stable content-based record/location identifiers generated
2942,r_a11acb8410452f895057,1242,missing_station_name,info,Name remains null; address is the display fallback
2943,r_a11acb8410452f895057,1242,power_unavailable,warning,Preserved unparseable rating: AC
2944,r_6c3a55a676db2865a88b,1243,missing_source_id,info,Stable content-based record/location identifiers generated
2945,r_6c3a55a676db2865a88b,1243,power_unavailable,warning,Preserved unparseable rating: AC
2946,r_fca4f8d4762dcc738a38,1244,missing_source_id,info,Stable content-based record/location identifiers generated
2947,r_fca4f8d4762dcc738a38,1244,power_unavailable,warning,Preserved unparseable rating: AC
2948,r_1d1da6355d126d706525,1245,missing_source_id,info,Stable content-based record/location identifiers generated
2949,r_1d1da6355d126d706525,1245,power_unavailable,warning,Preserved unparseable rating: AC
2950,r_11478894920a5c049401,1246,missing_source_id,info,Stable content-based record/location identifiers generated
2951,r_11478894920a5c049401,1246,power_unavailable,warning,Preserved unparseable rating: AC
2952,r_cf6ca4dc389fc9ad11bd,1247,missing_source_id,info,Stable content-based record/location identifiers generated
2953,r_cf6ca4dc389fc9ad11bd,1247,missing_station_name,info,Name remains null; address is the display fallback
2954,r_cf6ca4dc389fc9ad11bd,1247,power_unavailable,warning,Preserved unparseable rating: AC
2955,r_278bd7b18739b9fd293e,1248,missing_source_id,info,Stable content-based record/location identifiers generated
2956,r_278bd7b18739b9fd293e,1248,power_unavailable,warning,Preserved unparseable rating: AC
2957,r_aeab36015a9dd2d921a0,1249,missing_source_id,info,Stable content-based record/location identifiers generated
2958,r_aeab36015a9dd2d921a0,1249,power_unavailable,warning,Preserved unparseable rating: AC
2959,r_80a0bb65775422f4e241,1250,missing_source_id,info,Stable content-based record/location identifiers generated
2960,r_80a0bb65775422f4e241,1250,power_unavailable,warning,Preserved unparseable rating: AC
2961,r_f16dd24bc9994ba99e3a,1251,missing_source_id,info,Stable content-based record/location identifiers generated
2962,r_f16dd24bc9994ba99e3a,1251,power_unavailable,warning,Preserved unparseable rating: AC
2963,r_de082569cc603a03fa16,1252,missing_source_id,info,Stable content-based record/location identifiers generated
2964,r_de082569cc603a03fa16,1252,missing_station_name,info,Name remains null; address is the display fallback
2965,r_de082569cc603a03fa16,1252,power_unavailable,warning,Preserved unparseable rating: AC
2966,r_33d364e72ff341ec36e1,1253,missing_source_id,info,Stable content-based record/location identifiers generated
2967,r_33d364e72ff341ec36e1,1253,missing_station_name,info,Name remains null; address is the display fallback
2968,r_33d364e72ff341ec36e1,1253,power_unavailable,warning,Preserved unparseable rating: AC
2969,r_0f40f79fb6b0fb434551,1254,missing_source_id,info,Stable content-based record/location identifiers generated
2970,r_0f40f79fb6b0fb434551,1254,power_unavailable,warning,Preserved unparseable rating: AC
2971,r_e0773d1921ae75061d55,1255,missing_source_id,info,Stable content-based record/location identifiers generated
2972,r_e0773d1921ae75061d55,1255,power_unavailable,warning,Preserved unparseable rating: AC
2973,r_ee4b4cd85d4624a500b0,1256,missing_source_id,info,Stable content-based record/location identifiers generated
2974,r_ee4b4cd85d4624a500b0,1256,power_unavailable,warning,Preserved unparseable rating: AC
2975,r_f4bb2d6afe30b0a67737,1257,missing_source_id,info,Stable content-based record/location identifiers generated
2976,r_f4bb2d6afe30b0a67737,1257,power_unavailable,warning,Preserved unparseable rating: AC
2977,r_2a7cffe5b2d13cc60c37,1258,missing_source_id,info,Stable content-based record/location identifiers generated
2978,r_2a7cffe5b2d13cc60c37,1258,power_unavailable,warning,Preserved unparseable rating: AC
2979,r_e0ec267eba6a0dfdb611,1259,missing_source_id,info,Stable content-based record/location identifiers generated
2980,r_e0ec267eba6a0dfdb611,1259,power_unavailable,warning,Preserved unparseable rating: AC
2981,r_1c68b66661b9b9b369d6,1260,missing_source_id,info,Stable content-based record/location identifiers generated
2982,r_1c68b66661b9b9b369d6,1260,power_unavailable,warning,Preserved unparseable rating: AC
2983,r_d4cf04edc598fd1dfd87,1261,missing_source_id,info,Stable content-based record/location identifiers generated
2984,r_d4cf04edc598fd1dfd87,1261,power_unavailable,warning,Preserved unparseable rating: AC
2985,r_59a603ce278229eb5f9f,1262,missing_source_id,info,Stable content-based record/location identifiers generated
2986,r_59a603ce278229eb5f9f,1262,power_unavailable,warning,Preserved unparseable rating: AC
2987,r_77cb4f7fc075f2e4d2f7,1263,missing_source_id,info,Stable content-based record/location identifiers generated
2988,r_77cb4f7fc075f2e4d2f7,1263,power_unavailable,warning,Preserved unparseable rating: AC
2989,r_ad66faeb7050231b0540,1264,missing_source_id,info,Stable content-based record/location identifiers generated
2990,r_ad66faeb7050231b0540,1264,power_unavailable,warning,Preserved unparseable rating: AC
2991,r_b005d5797f8c07aec00b,1265,missing_source_id,info,Stable content-based record/location identifiers generated
2992,r_b005d5797f8c07aec00b,1265,power_unavailable,warning,Preserved unparseable rating: AC
2993,r_a2e85c83ca1f3a71742f,1266,missing_source_id,info,Stable content-based record/location identifiers generated
2994,r_a2e85c83ca1f3a71742f,1266,power_unavailable,warning,Preserved unparseable rating: AC
2995,r_0ac966b7720d6806365b,1267,missing_source_id,info,Stable content-based record/location identifiers generated
2996,r_0ac966b7720d6806365b,1267,power_unavailable,warning,Preserved unparseable rating: AC
2997,r_63ac1f3612920369a9e1,1268,missing_source_id,info,Stable content-based record/location identifiers generated
2998,r_63ac1f3612920369a9e1,1268,power_unavailable,warning,Preserved unparseable rating: AC
2999,r_83d75cffedd01a138d81,1269,missing_source_id,info,Stable content-based record/location identifiers generated
3000,r_83d75cffedd01a138d81,1269,power_unavailable,warning,Preserved unparseable rating: AC
3001,r_2e3b62370b1ad8df6e02,1270,missing_source_id,info,Stable content-based record/location identifiers generated
3002,r_2e3b62370b1ad8df6e02,1270,power_unavailable,warning,Preserved unparseable rating: AC
3003,r_a5904d3f65c255c71d23,1271,missing_source_id,info,Stable content-based record/location identifiers generated
3004,r_a5904d3f65c255c71d23,1271,power_unavailable,warning,Preserved unparseable rating: AC
3005,r_873d566c97c02dd211e0,1272,missing_source_id,info,Stable content-based record/location identifiers generated
3006,r_873d566c97c02dd211e0,1272,power_unavailable,warning,Preserved unparseable rating: AC
3007,r_40bc4eada1ee8eb05f95,1273,missing_source_id,info,Stable content-based record/location identifiers generated
3008,r_40bc4eada1ee8eb05f95,1273,power_unavailable,warning,Preserved unparseable rating: AC
3009,r_e36fe3db369685e94fa3,1274,missing_source_id,info,Stable content-based record/location identifiers generated
3010,r_e36fe3db369685e94fa3,1274,power_unavailable,warning,Preserved unparseable rating: AC
3011,r_ba8e928d4657e221f867,1275,missing_source_id,info,Stable content-based record/location identifiers generated
3012,r_ba8e928d4657e221f867,1275,power_unavailable,warning,Preserved unparseable rating: AC
3013,r_75203e0d3f7a9e004a4e,1276,missing_source_id,info,Stable content-based record/location identifiers generated
3014,r_75203e0d3f7a9e004a4e,1276,power_unavailable,warning,Preserved unparseable rating: AC
3015,r_e816fb9ca03c057f2e1c,1277,missing_source_id,info,Stable content-based record/location identifiers generated
3016,r_e816fb9ca03c057f2e1c,1277,power_unavailable,warning,Preserved unparseable rating: AC
3017,r_a9d0d51c71607b891b98,1278,missing_source_id,info,Stable content-based record/location identifiers generated
3018,r_a9d0d51c71607b891b98,1278,power_unavailable,warning,Preserved unparseable rating: AC
3019,r_97b8e34e9fa1c9f491a9,1279,missing_source_id,info,Stable content-based record/location identifiers generated
3020,r_97b8e34e9fa1c9f491a9,1279,power_unavailable,warning,Preserved unparseable rating: AC
3021,r_d6781141808ad2c910f3,1280,missing_source_id,info,Stable content-based record/location identifiers generated
3022,r_d6781141808ad2c910f3,1280,power_unavailable,warning,Preserved unparseable rating: AC
3023,r_8b8f9c258fd4d56eea24,1281,missing_source_id,info,Stable content-based record/location identifiers generated
3024,r_8b8f9c258fd4d56eea24,1281,power_unavailable,warning,Preserved unparseable rating: AC
3025,r_e7cb983e7a9d7e2419b8,1282,missing_source_id,info,Stable content-based record/location identifiers generated
3026,r_e7cb983e7a9d7e2419b8,1282,power_unavailable,warning,Preserved unparseable rating: AC
3027,r_675a176409cf19bc6521,1283,missing_source_id,info,Stable content-based record/location identifiers generated
3028,r_675a176409cf19bc6521,1283,power_unavailable,warning,Preserved unparseable rating: AC
3029,r_ae5df19d7df0cbd25613,1284,missing_source_id,info,Stable content-based record/location identifiers generated
3030,r_ae5df19d7df0cbd25613,1284,power_unavailable,warning,Preserved unparseable rating: AC
3031,r_b2e44d277b422496a644,1285,missing_source_id,info,Stable content-based record/location identifiers generated
3032,r_b2e44d277b422496a644,1285,power_unavailable,warning,Preserved unparseable rating: AC
3033,r_f20c48656109b099e107,1286,missing_source_id,info,Stable content-based record/location identifiers generated
3034,r_f20c48656109b099e107,1286,power_unavailable,warning,Preserved unparseable rating: AC
3035,r_fb5312bc20a402f363bc,1287,missing_source_id,info,Stable content-based record/location identifiers generated
3036,r_fb5312bc20a402f363bc,1287,missing_station_name,info,Name remains null; address is the display fallback
3037,r_fb5312bc20a402f363bc,1287,power_unavailable,warning,Preserved unparseable rating: AC
3038,r_47f1abb9dc4abad8c5a5,1288,missing_source_id,info,Stable content-based record/location identifiers generated
3039,r_47f1abb9dc4abad8c5a5,1288,missing_station_name,info,Name remains null; address is the display fallback
3040,r_47f1abb9dc4abad8c5a5,1288,power_unavailable,warning,Preserved unparseable rating: AC
3041,r_41dd26cf1758ad92aee9,1289,missing_source_id,info,Stable content-based record/location identifiers generated
3042,r_41dd26cf1758ad92aee9,1289,missing_station_name,info,Name remains null; address is the display fallback
3043,r_41dd26cf1758ad92aee9,1289,power_unavailable,warning,Preserved unparseable rating: AC
3044,r_820c41d6d9319846845b,1290,missing_source_id,info,Stable content-based record/location identifiers generated
3045,r_820c41d6d9319846845b,1290,missing_station_name,info,Name remains null; address is the display fallback
3046,r_820c41d6d9319846845b,1290,power_unavailable,warning,Preserved unparseable rating: AC
3047,r_1bf6d2599db4f0342459,1291,missing_source_id,info,Stable content-based record/location identifiers generated
3048,r_1bf6d2599db4f0342459,1291,missing_station_name,info,Name remains null; address is the display fallback
3049,r_1bf6d2599db4f0342459,1291,power_unavailable,warning,Preserved unparseable rating: AC
3050,r_735575946f651bd800f5,1292,missing_source_id,info,Stable content-based record/location identifiers generated
3051,r_735575946f651bd800f5,1292,power_unavailable,warning,Preserved unparseable rating: AC
3052,r_1a64b5c84bae4ef1091e,1293,missing_source_id,info,Stable content-based record/location identifiers generated
3053,r_1a64b5c84bae4ef1091e,1293,missing_station_name,info,Name remains null; address is the display fallback
3054,r_681c1badf92283189425,1294,missing_source_id,info,Stable content-based record/location identifiers generated
3055,r_681c1badf92283189425,1294,power_unavailable,warning,Preserved unparseable rating: AC
3056,r_377b8c885e99ac4ff24d,1295,missing_source_id,info,Stable content-based record/location identifiers generated
3057,r_377b8c885e99ac4ff24d,1295,missing_station_name,info,Name remains null; address is the display fallback
3058,r_41b7149ca79962d12a74,1296,missing_source_id,info,Stable content-based record/location identifiers generated
3059,r_41b7149ca79962d12a74,1296,missing_station_name,info,Name remains null; address is the display fallback
3060,r_ecae52d9e3129dbb6391,1297,missing_source_id,info,Stable content-based record/location identifiers generated
3061,r_ecae52d9e3129dbb6391,1297,missing_station_name,info,Name remains null; address is the display fallback
3062,r_cc11dab299d72db34c01,1298,missing_source_id,info,Stable content-based record/location identifiers generated
3063,r_cc11dab299d72db34c01,1298,power_unavailable,warning,Preserved unparseable rating: AC
3064,r_2509fb72e390caf4a0a0,1299,missing_source_id,info,Stable content-based record/location identifiers generated
3065,r_2509fb72e390caf4a0a0,1299,missing_station_name,info,Name remains null; address is the display fallback
3066,r_b47aa5c451d9d053f2cf,1300,missing_source_id,info,Stable content-based record/location identifiers generated
3067,r_b47aa5c451d9d053f2cf,1300,missing_station_name,info,Name remains null; address is the display fallback
3068,r_14c97e713447356456f7,1301,missing_source_id,info,Stable content-based record/location identifiers generated
3069,r_14c97e713447356456f7,1301,power_unavailable,warning,Preserved unparseable rating: AC
3070,r_8eb096c6d795293d14dd,1302,missing_source_id,info,Stable content-based record/location identifiers generated
3071,r_8eb096c6d795293d14dd,1302,power_unavailable,warning,Preserved unparseable rating: AC
3072,r_2afe886ce1143be0152d,1303,missing_source_id,info,Stable content-based record/location identifiers generated
3073,r_2afe886ce1143be0152d,1303,missing_station_name,info,Name remains null; address is the display fallback
3074,r_0e40033f2e3e49b87f97,1304,missing_source_id,info,Stable content-based record/location identifiers generated
3075,r_0e40033f2e3e49b87f97,1304,missing_station_name,info,Name remains null; address is the display fallback
3076,r_3bd95ee0e993f0706ee2,1305,missing_source_id,info,Stable content-based record/location identifiers generated
3077,r_3bd95ee0e993f0706ee2,1305,missing_station_name,info,Name remains null; address is the display fallback
3078,r_c69dc6e057058198a1d8,1306,missing_source_id,info,Stable content-based record/location identifiers generated
3079,r_c69dc6e057058198a1d8,1306,power_unavailable,warning,Preserved unparseable rating: AC
3080,r_202110e89c3afad875a5,1307,missing_source_id,info,Stable content-based record/location identifiers generated
3081,r_202110e89c3afad875a5,1307,missing_station_name,info,Name remains null; address is the display fallback
3082,r_e89046817e62949de6bc,1308,missing_source_id,info,Stable content-based record/location identifiers generated
3083,r_e89046817e62949de6bc,1308,power_unavailable,warning,Preserved unparseable rating: AC
3084,r_86b0088690bec6020cef,1309,missing_source_id,info,Stable content-based record/location identifiers generated
3085,r_86b0088690bec6020cef,1309,missing_station_name,info,Name remains null; address is the display fallback
3086,r_8a9d27cdc0df1e5845d3,1310,missing_source_id,info,Stable content-based record/location identifiers generated
3087,r_8a9d27cdc0df1e5845d3,1310,missing_station_name,info,Name remains null; address is the display fallback
3088,r_d11a5ecd11524933cc1c,1311,missing_source_id,info,Stable content-based record/location identifiers generated
3089,r_d11a5ecd11524933cc1c,1311,missing_station_name,info,Name remains null; address is the display fallback
3090,r_f2563366676eb11d7de3,1312,missing_source_id,info,Stable content-based record/location identifiers generated
3091,r_f2563366676eb11d7de3,1312,power_unavailable,warning,Preserved unparseable rating: AC
3092,r_05d2daffe6e8c444fe45,1313,missing_source_id,info,Stable content-based record/location identifiers generated
3093,r_05d2daffe6e8c444fe45,1313,power_unavailable,warning,Preserved unparseable rating: AC
3094,r_bcd1b59e7a53f3bcf179,1314,missing_source_id,info,Stable content-based record/location identifiers generated
3095,r_bcd1b59e7a53f3bcf179,1314,missing_station_name,info,Name remains null; address is the display fallback
3096,r_33a440a29533f17ab8f5,1315,missing_source_id,info,Stable content-based record/location identifiers generated
3097,r_33a440a29533f17ab8f5,1315,power_unavailable,warning,Preserved unparseable rating: AC
3098,r_fb90b21f8259c188f60b,1316,missing_source_id,info,Stable content-based record/location identifiers generated
3099,r_fb90b21f8259c188f60b,1316,missing_station_name,info,Name remains null; address is the display fallback
3100,r_3f543181ca9d22f76790,1317,missing_source_id,info,Stable content-based record/location identifiers generated
3101,r_3f543181ca9d22f76790,1317,missing_station_name,info,Name remains null; address is the display fallback
3102,r_e6c8d0309f7c06877d0f,1318,missing_source_id,info,Stable content-based record/location identifiers generated
3103,r_e6c8d0309f7c06877d0f,1318,power_unavailable,warning,Preserved unparseable rating: AC
3104,r_288342f8f34ce0125bc8,1319,missing_source_id,info,Stable content-based record/location identifiers generated
3105,r_288342f8f34ce0125bc8,1319,power_unavailable,warning,Preserved unparseable rating: AC
3106,r_8506e0f3c5926d0b083a,1320,missing_source_id,info,Stable content-based record/location identifiers generated
3107,r_8506e0f3c5926d0b083a,1320,missing_station_name,info,Name remains null; address is the display fallback
3108,r_fbc6d7f92bd3dd21bcfb,1321,missing_source_id,info,Stable content-based record/location identifiers generated
3109,r_fbc6d7f92bd3dd21bcfb,1321,power_unavailable,warning,Preserved unparseable rating: AC
3110,r_3d1689eff9a5a8595d42,1322,missing_source_id,info,Stable content-based record/location identifiers generated
3111,r_3d1689eff9a5a8595d42,1322,power_unavailable,warning,Preserved unparseable rating: AC
3112,r_fcda13cf39fbadacd21c,1323,missing_source_id,info,Stable content-based record/location identifiers generated
3113,r_fcda13cf39fbadacd21c,1323,power_unavailable,warning,Preserved unparseable rating: AC
3114,r_a2fb1fa0fa37e7cebf93,1324,missing_source_id,info,Stable content-based record/location identifiers generated
3115,r_a2fb1fa0fa37e7cebf93,1324,missing_station_name,info,Name remains null; address is the display fallback
3116,r_73ff027a7883784f0cda,1325,operator_normalized,info,Charge Hub -> ChargeHub
3117,r_73ff027a7883784f0cda,1325,missing_source_id,info,Stable content-based record/location identifiers generated
3118,r_73ff027a7883784f0cda,1325,power_unavailable,warning,Preserved unparseable rating: AC
3119,r_92d4fd0faa8a0abd485c,1326,missing_source_id,info,Stable content-based record/location identifiers generated
3120,r_92d4fd0faa8a0abd485c,1326,missing_station_name,info,Name remains null; address is the display fallback
3121,r_468b05218c0c2bf17602,1327,missing_source_id,info,Stable content-based record/location identifiers generated
3122,r_468b05218c0c2bf17602,1327,missing_station_name,info,Name remains null; address is the display fallback
3123,r_e121b8ce6751732cbc18,1328,missing_source_id,info,Stable content-based record/location identifiers generated
3124,r_e121b8ce6751732cbc18,1328,power_unavailable,warning,Preserved unparseable rating: AC
3125,r_21c8149488aed259e4d1,1329,missing_source_id,info,Stable content-based record/location identifiers generated
3126,r_21c8149488aed259e4d1,1329,missing_station_name,info,Name remains null; address is the display fallback
3127,r_a8346951317433f91470,1330,missing_source_id,info,Stable content-based record/location identifiers generated
3128,r_a8346951317433f91470,1330,missing_station_name,info,Name remains null; address is the display fallback
3129,r_c2b04d4598b30a635343,1331,missing_source_id,info,Stable content-based record/location identifiers generated
3130,r_c2b04d4598b30a635343,1331,missing_station_name,info,Name remains null; address is the display fallback
3131,r_c526105fad7a9a67aff1,1332,missing_source_id,info,Stable content-based record/location identifiers generated
3132,r_c526105fad7a9a67aff1,1332,power_unavailable,warning,Preserved unparseable rating: AC
3133,r_c3b8ff5a39e0a43e50d5,1333,missing_source_id,info,Stable content-based record/location identifiers generated
3134,r_c3b8ff5a39e0a43e50d5,1333,power_unavailable,warning,Preserved unparseable rating: AC
3135,r_d79753130451ee9228ee,1334,missing_source_id,info,Stable content-based record/location identifiers generated
3136,r_d79753130451ee9228ee,1334,power_unavailable,warning,Preserved unparseable rating: AC
3137,r_af8ed837489848cb3ea0,1335,missing_source_id,info,Stable content-based record/location identifiers generated
3138,r_af8ed837489848cb3ea0,1335,power_unavailable,warning,Preserved unparseable rating: AC
3139,r_d1a85cc537573536f174,1336,missing_source_id,info,Stable content-based record/location identifiers generated
3140,r_d1a85cc537573536f174,1336,power_unavailable,warning,Preserved unparseable rating: AC
3141,r_001f05cf0edd9c95f029,1337,missing_source_id,info,Stable content-based record/location identifiers generated
3142,r_001f05cf0edd9c95f029,1337,missing_station_name,info,Name remains null; address is the display fallback
3143,r_4da48e1d58f64077a6a2,1338,missing_source_id,info,Stable content-based record/location identifiers generated
3144,r_4da48e1d58f64077a6a2,1338,missing_station_name,info,Name remains null; address is the display fallback
3145,r_62bb0aadc322c2a9db89,1339,missing_source_id,info,Stable content-based record/location identifiers generated
3146,r_62bb0aadc322c2a9db89,1339,missing_station_name,info,Name remains null; address is the display fallback
3147,r_0ff4bfe0ca83d9737b33,1340,missing_source_id,info,Stable content-based record/location identifiers generated
3148,r_0ff4bfe0ca83d9737b33,1340,missing_station_name,info,Name remains null; address is the display fallback
3149,r_ef91d030f52d7c66e22d,1341,missing_source_id,info,Stable content-based record/location identifiers generated
3150,r_ef91d030f52d7c66e22d,1341,power_unavailable,warning,Preserved unparseable rating: AC
3151,r_f84c647d01addcbc9c01,1342,missing_source_id,info,Stable content-based record/location identifiers generated
3152,r_f84c647d01addcbc9c01,1342,power_unavailable,warning,Preserved unparseable rating: AC
3153,r_e8962e210998dc80b454,1343,missing_source_id,info,Stable content-based record/location identifiers generated
3154,r_e8962e210998dc80b454,1343,power_unavailable,warning,Preserved unparseable rating: AC
3155,r_db4e6805b2e37f7c4e40,1344,missing_source_id,info,Stable content-based record/location identifiers generated
3156,r_db4e6805b2e37f7c4e40,1344,power_unavailable,warning,Preserved unparseable rating: AC
3157,r_209819289f5d0dff94c3,1345,missing_source_id,info,Stable content-based record/location identifiers generated
3158,r_209819289f5d0dff94c3,1345,missing_station_name,info,Name remains null; address is the display fallback
3159,r_a876583dd43c61851c57,1346,missing_source_id,info,Stable content-based record/location identifiers generated
3160,r_a876583dd43c61851c57,1346,missing_station_name,info,Name remains null; address is the display fallback
3161,r_19c909bc90f2a6606b07,1347,missing_source_id,info,Stable content-based record/location identifiers generated
3162,r_19c909bc90f2a6606b07,1347,power_unavailable,warning,Preserved unparseable rating: AC
3163,r_5a5b5553cf688385df93,1348,operator_normalized,info,Evie Networks -> Evie
3164,r_5a5b5553cf688385df93,1348,missing_source_id,info,Stable content-based record/location identifiers generated
3165,r_5a5b5553cf688385df93,1348,missing_station_name,info,Name remains null; address is the display fallback
3166,r_1f059b04ac8ccbd4848d,1349,missing_source_id,info,Stable content-based record/location identifiers generated
3167,r_1f059b04ac8ccbd4848d,1349,power_unavailable,warning,Preserved unparseable rating: AC
3168,r_4e2fc10ab78c2cf03a26,1350,missing_source_id,info,Stable content-based record/location identifiers generated
3169,r_4e2fc10ab78c2cf03a26,1350,missing_station_name,info,Name remains null; address is the display fallback
3170,r_a30190ee4f6ece6e8b14,1351,missing_source_id,info,Stable content-based record/location identifiers generated
3171,r_a30190ee4f6ece6e8b14,1351,missing_station_name,info,Name remains null; address is the display fallback
3172,r_42df990b0ac44d03be2e,1352,missing_source_id,info,Stable content-based record/location identifiers generated
3173,r_42df990b0ac44d03be2e,1352,missing_station_name,info,Name remains null; address is the display fallback
3174,r_d9f7496bfc45872d2a6d,1353,missing_source_id,info,Stable content-based record/location identifiers generated
3175,r_d9f7496bfc45872d2a6d,1353,missing_station_name,info,Name remains null; address is the display fallback
3176,r_ba616c573855a0cad255,1354,missing_source_id,info,Stable content-based record/location identifiers generated
3177,r_ba616c573855a0cad255,1354,missing_station_name,info,Name remains null; address is the display fallback
3178,r_a752ea57040239baa3f8,1355,missing_source_id,info,Stable content-based record/location identifiers generated
3179,r_a752ea57040239baa3f8,1355,missing_station_name,info,Name remains null; address is the display fallback
3180,r_659d6c3df39b567b3554,1356,missing_source_id,info,Stable content-based record/location identifiers generated
3181,r_659d6c3df39b567b3554,1356,missing_station_name,info,Name remains null; address is the display fallback
3182,r_cd4891035b42d9d2bac2,1357,missing_source_id,info,Stable content-based record/location identifiers generated
3183,r_cd4891035b42d9d2bac2,1357,missing_station_name,info,Name remains null; address is the display fallback
3184,r_3bde67581b5a717f5b8d,1358,missing_source_id,info,Stable content-based record/location identifiers generated
3185,r_3bde67581b5a717f5b8d,1358,missing_station_name,info,Name remains null; address is the display fallback
3186,r_3511e3273637f219ff0c,1359,missing_source_id,info,Stable content-based record/location identifiers generated
3187,r_3511e3273637f219ff0c,1359,power_unavailable,warning,Preserved unparseable rating: AC
3188,r_f26e53dda169309ca2b1,1360,missing_source_id,info,Stable content-based record/location identifiers generated
3189,r_f26e53dda169309ca2b1,1360,missing_station_name,info,Name remains null; address is the display fallback
3190,r_b7ffbe42bdc3a374672e,1361,missing_source_id,info,Stable content-based record/location identifiers generated
3191,r_b7ffbe42bdc3a374672e,1361,missing_station_name,info,Name remains null; address is the display fallback
3192,r_5af4601bfc37dfcfb32b,1362,missing_source_id,info,Stable content-based record/location identifiers generated
3193,r_5af4601bfc37dfcfb32b,1362,missing_station_name,info,Name remains null; address is the display fallback
3194,r_3c2408af233005da97c8,1363,missing_source_id,info,Stable content-based record/location identifiers generated
3195,r_3c2408af233005da97c8,1363,power_unavailable,warning,Preserved unparseable rating: AC
3196,r_cc5a239a2ae8b196f461,1364,missing_source_id,info,Stable content-based record/location identifiers generated
3197,r_cc5a239a2ae8b196f461,1364,missing_station_name,info,Name remains null; address is the display fallback
3198,r_051cda19d3ec8fd124da,1365,missing_source_id,info,Stable content-based record/location identifiers generated
3199,r_051cda19d3ec8fd124da,1365,power_unavailable,warning,Preserved unparseable rating: AC
3200,r_feebe9328bbe37e98e3b,1366,missing_source_id,info,Stable content-based record/location identifiers generated
3201,r_feebe9328bbe37e98e3b,1366,power_unavailable,warning,Preserved unparseable rating: AC
3202,r_abeef16bc56f3d63add5,1367,missing_source_id,info,Stable content-based record/location identifiers generated
3203,r_abeef16bc56f3d63add5,1367,missing_station_name,info,Name remains null; address is the display fallback
3204,r_d9dda9652f2e11f70ef5,1368,missing_source_id,info,Stable content-based record/location identifiers generated
3205,r_d9dda9652f2e11f70ef5,1368,power_unavailable,warning,Preserved unparseable rating: AC
3206,r_1ddc12cf449074380aa2,1369,missing_source_id,info,Stable content-based record/location identifiers generated
3207,r_1ddc12cf449074380aa2,1369,power_unavailable,warning,Preserved unparseable rating: AC
3208,r_ca28fd00f9a5dd68155f,1370,missing_source_id,info,Stable content-based record/location identifiers generated
3209,r_ca28fd00f9a5dd68155f,1370,power_unavailable,warning,Preserved unparseable rating: AC
3210,r_42fed8f1498648b1d897,1371,missing_source_id,info,Stable content-based record/location identifiers generated
3211,r_42fed8f1498648b1d897,1371,missing_station_name,info,Name remains null; address is the display fallback
3212,r_b4c99fd86b2cd0afcfaf,1372,missing_source_id,info,Stable content-based record/location identifiers generated
3213,r_b4c99fd86b2cd0afcfaf,1372,power_unavailable,warning,Preserved unparseable rating: AC
3214,r_c9a0fe926f45d8c53ce7,1373,missing_source_id,info,Stable content-based record/location identifiers generated
3215,r_c9a0fe926f45d8c53ce7,1373,missing_station_name,info,Name remains null; address is the display fallback
3216,r_244809ec2891f5e17e27,1374,missing_source_id,info,Stable content-based record/location identifiers generated
3217,r_244809ec2891f5e17e27,1374,missing_station_name,info,Name remains null; address is the display fallback
3218,r_67f1b5d1dc496dc9cf61,1375,missing_source_id,info,Stable content-based record/location identifiers generated
3219,r_67f1b5d1dc496dc9cf61,1375,missing_station_name,info,Name remains null; address is the display fallback
3220,r_bfdf1236f30931e30a17,1376,missing_source_id,info,Stable content-based record/location identifiers generated
3221,r_bfdf1236f30931e30a17,1376,power_unavailable,warning,Preserved unparseable rating: AC
3222,r_c11f09ab654b45818af0,1377,missing_source_id,info,Stable content-based record/location identifiers generated
3223,r_c11f09ab654b45818af0,1377,power_unavailable,warning,Preserved unparseable rating: AC
3224,r_baf0d6cf64150c6a0e1b,1378,missing_source_id,info,Stable content-based record/location identifiers generated
3225,r_baf0d6cf64150c6a0e1b,1378,power_unavailable,warning,Preserved unparseable rating: AC
3226,r_df644fc80e5fe47751e3,1379,missing_source_id,info,Stable content-based record/location identifiers generated
3227,r_df644fc80e5fe47751e3,1379,power_unavailable,warning,Preserved unparseable rating: AC
3228,r_df0f395b7a83f5676b52,1380,missing_source_id,info,Stable content-based record/location identifiers generated
3229,r_df0f395b7a83f5676b52,1380,power_unavailable,warning,Preserved unparseable rating: AC
3230,r_67fa0bab2386afe5ebf6,1381,missing_source_id,info,Stable content-based record/location identifiers generated
3231,r_67fa0bab2386afe5ebf6,1381,missing_station_name,info,Name remains null; address is the display fallback
3232,r_3dac98fd0a9c8259c308,1382,missing_source_id,info,Stable content-based record/location identifiers generated
3233,r_3dac98fd0a9c8259c308,1382,power_unavailable,warning,Preserved unparseable rating: AC
3234,r_a018de8b9f90f6475bf4,1383,missing_source_id,info,Stable content-based record/location identifiers generated
3235,r_a018de8b9f90f6475bf4,1383,power_unavailable,warning,Preserved unparseable rating: AC
3236,r_0e99a6cc5ecb0d6dbe48,1384,missing_source_id,info,Stable content-based record/location identifiers generated
3237,r_0e99a6cc5ecb0d6dbe48,1384,power_unavailable,warning,Preserved unparseable rating: AC
3238,r_15d188eec11590577a2b,1385,missing_source_id,info,Stable content-based record/location identifiers generated
3239,r_15d188eec11590577a2b,1385,power_unavailable,warning,Preserved unparseable rating: AC
3240,r_0396ec8bf298c46f6b7a,1386,missing_source_id,info,Stable content-based record/location identifiers generated
3241,r_0396ec8bf298c46f6b7a,1386,missing_station_name,info,Name remains null; address is the display fallback
3242,r_345021bf570fbd944c5c,1387,missing_source_id,info,Stable content-based record/location identifiers generated
3243,r_345021bf570fbd944c5c,1387,missing_station_name,info,Name remains null; address is the display fallback
3244,r_b87aa4b46eede1190300,1388,missing_source_id,info,Stable content-based record/location identifiers generated
3245,r_b87aa4b46eede1190300,1388,power_unavailable,warning,Preserved unparseable rating: AC
3246,r_66c1b3953b6e0e466f03,1389,missing_source_id,info,Stable content-based record/location identifiers generated
3247,r_66c1b3953b6e0e466f03,1389,power_unavailable,warning,Preserved unparseable rating: AC
3248,r_6d5d21e6f0f826963e77,1390,missing_source_id,info,Stable content-based record/location identifiers generated
3249,r_6d5d21e6f0f826963e77,1390,missing_station_name,info,Name remains null; address is the display fallback
3250,r_22a50f23345b937b679c,1391,missing_source_id,info,Stable content-based record/location identifiers generated
3251,r_22a50f23345b937b679c,1391,missing_station_name,info,Name remains null; address is the display fallback
3252,r_07a87fa180a9b49938d6,1392,missing_source_id,info,Stable content-based record/location identifiers generated
3253,r_07a87fa180a9b49938d6,1392,power_unavailable,warning,Preserved unparseable rating: AC
3254,r_891a2e295668d6882bdd,1393,missing_source_id,info,Stable content-based record/location identifiers generated
3255,r_891a2e295668d6882bdd,1393,missing_station_name,info,Name remains null; address is the display fallback
3256,r_c2aa33c43b4c0c34191c,1394,missing_source_id,info,Stable content-based record/location identifiers generated
3257,r_c2aa33c43b4c0c34191c,1394,missing_station_name,info,Name remains null; address is the display fallback
3258,r_98bb927d784b74eb2342,1395,missing_source_id,info,Stable content-based record/location identifiers generated
3259,r_98bb927d784b74eb2342,1395,power_unavailable,warning,Preserved unparseable rating: AC
3260,r_8a86c9e1c178c5b38659,1396,missing_source_id,info,Stable content-based record/location identifiers generated
3261,r_8a86c9e1c178c5b38659,1396,missing_station_name,info,Name remains null; address is the display fallback
3262,r_da3dc3817988f6026a81,1397,missing_source_id,info,Stable content-based record/location identifiers generated
3263,r_da3dc3817988f6026a81,1397,missing_station_name,info,Name remains null; address is the display fallback
3264,r_4e03f7a7fd864d0d5658,1398,missing_source_id,info,Stable content-based record/location identifiers generated
3265,r_4e03f7a7fd864d0d5658,1398,power_unavailable,warning,Preserved unparseable rating: AC
3266,r_d539c14189610f8b378d,1399,missing_source_id,info,Stable content-based record/location identifiers generated
3267,r_d539c14189610f8b378d,1399,power_unavailable,warning,Preserved unparseable rating: AC
3268,r_a5d9299ceb814dbf6eaf,1400,missing_source_id,info,Stable content-based record/location identifiers generated
3269,r_a5d9299ceb814dbf6eaf,1400,missing_station_name,info,Name remains null; address is the display fallback
3270,r_9d2857bbee605f131fc1,1401,missing_source_id,info,Stable content-based record/location identifiers generated
3271,r_9d2857bbee605f131fc1,1401,missing_station_name,info,Name remains null; address is the display fallback
3272,r_c116dec2d4922f659f76,1402,missing_source_id,info,Stable content-based record/location identifiers generated
3273,r_c116dec2d4922f659f76,1402,missing_station_name,info,Name remains null; address is the display fallback
3274,r_3c1125526dbff02d6b2b,1403,missing_source_id,info,Stable content-based record/location identifiers generated
3275,r_3c1125526dbff02d6b2b,1403,missing_station_name,info,Name remains null; address is the display fallback
3276,r_3978bc3bc50d48ca6f3f,1404,missing_source_id,info,Stable content-based record/location identifiers generated
3277,r_3978bc3bc50d48ca6f3f,1404,missing_station_name,info,Name remains null; address is the display fallback
3278,r_cf119ad0db872c0f0c93,1405,missing_source_id,info,Stable content-based record/location identifiers generated
3279,r_cf119ad0db872c0f0c93,1405,missing_station_name,info,Name remains null; address is the display fallback
3280,r_cf119ad0db872c0f0c93,1405,power_unavailable,warning,Preserved unparseable rating: AC
3281,r_a74b7315f9048b8265bb,1406,operator_normalized,info,Evie Networks -> Evie
3282,r_a74b7315f9048b8265bb,1406,missing_source_id,info,Stable content-based record/location identifiers generated
3283,r_a74b7315f9048b8265bb,1406,missing_station_name,info,Name remains null; address is the display fallback
3284,r_7be8b5801df48798879a,1407,missing_source_id,info,Stable content-based record/location identifiers generated
3285,r_7be8b5801df48798879a,1407,missing_station_name,info,Name remains null; address is the display fallback
3286,r_16ac3a3a84edac9ee2d9,1408,missing_source_id,info,Stable content-based record/location identifiers generated
3287,r_16ac3a3a84edac9ee2d9,1408,power_unavailable,warning,Preserved unparseable rating: AC
3288,r_f3855c809008f0731a31,1409,missing_source_id,info,Stable content-based record/location identifiers generated
3289,r_f3855c809008f0731a31,1409,power_unavailable,warning,Preserved unparseable rating: AC
3290,r_a49104b3f5a10c4cfc5f,1410,missing_source_id,info,Stable content-based record/location identifiers generated
3291,r_a49104b3f5a10c4cfc5f,1410,missing_station_name,info,Name remains null; address is the display fallback
3292,r_534e9d567a5834547db6,1411,missing_source_id,info,Stable content-based record/location identifiers generated
3293,r_534e9d567a5834547db6,1411,power_unavailable,warning,Preserved unparseable rating: AC
3294,r_5af856c08bd9078e0d0e,1412,missing_source_id,info,Stable content-based record/location identifiers generated
3295,r_5af856c08bd9078e0d0e,1412,power_unavailable,warning,Preserved unparseable rating: AC
3296,r_a8ed076ff43ba6d9e98c,1413,missing_source_id,info,Stable content-based record/location identifiers generated
3297,r_a8ed076ff43ba6d9e98c,1413,power_unavailable,warning,Preserved unparseable rating: AC
3298,r_a7dbf1c2b158bd1f2f8c,1414,missing_source_id,info,Stable content-based record/location identifiers generated
3299,r_a7dbf1c2b158bd1f2f8c,1414,power_unavailable,warning,Preserved unparseable rating: AC
3300,r_4aa6fddb1fe5ca0bfb74,1415,missing_source_id,info,Stable content-based record/location identifiers generated
3301,r_4aa6fddb1fe5ca0bfb74,1415,power_unavailable,warning,Preserved unparseable rating: AC
3302,r_16fc7fd2faa503e93335,1416,missing_source_id,info,Stable content-based record/location identifiers generated
3303,r_16fc7fd2faa503e93335,1416,power_unavailable,warning,Preserved unparseable rating: AC
3304,r_c72f20bb928a82c9a64d,1417,missing_source_id,info,Stable content-based record/location identifiers generated
3305,r_c72f20bb928a82c9a64d,1417,power_unavailable,warning,Preserved unparseable rating: AC
3306,r_afa536e11043440e067c,1418,missing_source_id,info,Stable content-based record/location identifiers generated
3307,r_afa536e11043440e067c,1418,power_unavailable,warning,Preserved unparseable rating: AC
3308,r_32d48dfe961635e98826,1419,missing_source_id,info,Stable content-based record/location identifiers generated
3309,r_32d48dfe961635e98826,1419,missing_station_name,info,Name remains null; address is the display fallback
3310,r_8e7962ff9a53387f66c6,1420,missing_source_id,info,Stable content-based record/location identifiers generated
3311,r_8e7962ff9a53387f66c6,1420,power_unavailable,warning,Preserved unparseable rating: AC
3312,r_a08d9a6bdff96134e725,1421,missing_source_id,info,Stable content-based record/location identifiers generated
3313,r_a08d9a6bdff96134e725,1421,missing_station_name,info,Name remains null; address is the display fallback
3314,r_4e09a7224dc187de94d3,1422,missing_source_id,info,Stable content-based record/location identifiers generated
3315,r_4e09a7224dc187de94d3,1422,power_unavailable,warning,Preserved unparseable rating: AC
3316,r_d73914c2f1be59c0dcb7,1423,missing_source_id,info,Stable content-based record/location identifiers generated
3317,r_d73914c2f1be59c0dcb7,1423,power_unavailable,warning,Preserved unparseable rating: AC
3318,r_6add8d97e278860b65aa,1424,missing_source_id,info,Stable content-based record/location identifiers generated
3319,r_6add8d97e278860b65aa,1424,power_unavailable,warning,Preserved unparseable rating: AC
3320,r_a052c64ce5c9ba2c36ea,1425,missing_source_id,info,Stable content-based record/location identifiers generated
3321,r_a052c64ce5c9ba2c36ea,1425,missing_station_name,info,Name remains null; address is the display fallback
3322,r_a052c64ce5c9ba2c36ea,1425,power_unavailable,warning,Preserved unparseable rating: AC
3323,r_21e1599611696279b53c,1426,missing_source_id,info,Stable content-based record/location identifiers generated
3324,r_21e1599611696279b53c,1426,power_unavailable,warning,Preserved unparseable rating: AC
3325,r_aa660be904d6cf4fa249,1427,operator_normalized,info,Charge Hub -> ChargeHub
3326,r_aa660be904d6cf4fa249,1427,missing_source_id,info,Stable content-based record/location identifiers generated
3327,r_aa660be904d6cf4fa249,1427,power_unavailable,warning,Preserved unparseable rating: AC
3328,r_816734996ebeda90bca4,1428,missing_source_id,info,Stable content-based record/location identifiers generated
3329,r_816734996ebeda90bca4,1428,power_unavailable,warning,Preserved unparseable rating: AC
3330,r_77e58e5cc65f4d30f84c,1429,missing_source_id,info,Stable content-based record/location identifiers generated
3331,r_77e58e5cc65f4d30f84c,1429,power_unavailable,warning,Preserved unparseable rating: AC
3332,r_4ffd6ae9fa53c025b9ae,1430,missing_source_id,info,Stable content-based record/location identifiers generated
3333,r_4ffd6ae9fa53c025b9ae,1430,missing_station_name,info,Name remains null; address is the display fallback
3334,r_fdf399d91ceb922891aa,1431,missing_source_id,info,Stable content-based record/location identifiers generated
3335,r_fdf399d91ceb922891aa,1431,missing_station_name,info,Name remains null; address is the display fallback
3336,r_c09e096ad5016ef84fbe,1432,missing_source_id,info,Stable content-based record/location identifiers generated
3337,r_c09e096ad5016ef84fbe,1432,missing_station_name,info,Name remains null; address is the display fallback
3338,r_a99b24ffbeeea0f468ee,1433,missing_source_id,info,Stable content-based record/location identifiers generated
3339,r_a99b24ffbeeea0f468ee,1433,missing_station_name,info,Name remains null; address is the display fallback
3340,r_d90068f953188c0a9d03,1434,missing_source_id,info,Stable content-based record/location identifiers generated
3341,r_d90068f953188c0a9d03,1434,missing_station_name,info,Name remains null; address is the display fallback
3342,r_1351889cfb5dcc34137a,1435,missing_source_id,info,Stable content-based record/location identifiers generated
3343,r_1351889cfb5dcc34137a,1435,power_unavailable,warning,Preserved unparseable rating: AC
3344,r_15d142ca5d669ed6cd14,1436,missing_source_id,info,Stable content-based record/location identifiers generated
3345,r_15d142ca5d669ed6cd14,1436,power_unavailable,warning,Preserved unparseable rating: AC
3346,r_ffdcd45bafb06261cb33,1437,missing_source_id,info,Stable content-based record/location identifiers generated
3347,r_ffdcd45bafb06261cb33,1437,missing_station_name,info,Name remains null; address is the display fallback
3348,r_40f5bea19237a1f7debb,1438,missing_source_id,info,Stable content-based record/location identifiers generated
3349,r_40f5bea19237a1f7debb,1438,missing_station_name,info,Name remains null; address is the display fallback
3350,r_fdbe4bd0d8de12923779,1439,missing_source_id,info,Stable content-based record/location identifiers generated
3351,r_fdbe4bd0d8de12923779,1439,missing_station_name,info,Name remains null; address is the display fallback
3352,r_30b54aaad01c59bd3fbe,1440,missing_source_id,info,Stable content-based record/location identifiers generated
3353,r_30b54aaad01c59bd3fbe,1440,missing_station_name,info,Name remains null; address is the display fallback
3354,r_b8106eb70eb82fbf09be,1441,missing_source_id,info,Stable content-based record/location identifiers generated
3355,r_b8106eb70eb82fbf09be,1441,missing_station_name,info,Name remains null; address is the display fallback
3356,r_98a0a9df30d053977139,1442,missing_source_id,info,Stable content-based record/location identifiers generated
3357,r_98a0a9df30d053977139,1442,missing_station_name,info,Name remains null; address is the display fallback
3358,r_9f2dd21dbc74f67ca466,1443,missing_source_id,info,Stable content-based record/location identifiers generated
3359,r_9f2dd21dbc74f67ca466,1443,missing_station_name,info,Name remains null; address is the display fallback
3360,r_93106b6a5129ad3d41df,1444,missing_source_id,info,Stable content-based record/location identifiers generated
3361,r_93106b6a5129ad3d41df,1444,power_unavailable,warning,Preserved unparseable rating: AC
3362,r_9a8cf6eda88e4fabc97f,1445,missing_source_id,info,Stable content-based record/location identifiers generated
3363,r_9a8cf6eda88e4fabc97f,1445,power_unavailable,warning,Preserved unparseable rating: AC
3364,r_93fb72ffcd54670d9c88,1446,missing_source_id,info,Stable content-based record/location identifiers generated
3365,r_93fb72ffcd54670d9c88,1446,missing_station_name,info,Name remains null; address is the display fallback
3366,r_8ddbb48265a4aef95a08,1447,operator_normalized,info,Evie Networks -> Evie
3367,r_8ddbb48265a4aef95a08,1447,missing_source_id,info,Stable content-based record/location identifiers generated
3368,r_8ddbb48265a4aef95a08,1447,missing_station_name,info,Name remains null; address is the display fallback
3369,r_0422a03e0b6603191949,1448,missing_source_id,info,Stable content-based record/location identifiers generated
3370,r_0422a03e0b6603191949,1448,missing_station_name,info,Name remains null; address is the display fallback
3371,r_db63fd571f07c284956a,1449,missing_source_id,info,Stable content-based record/location identifiers generated
3372,r_db63fd571f07c284956a,1449,missing_station_name,info,Name remains null; address is the display fallback
3373,r_dfee0961914c1d08bc98,1450,missing_source_id,info,Stable content-based record/location identifiers generated
3374,r_dfee0961914c1d08bc98,1450,power_unavailable,warning,Preserved unparseable rating: AC
3375,r_6a06162297b902917b83,1451,missing_source_id,info,Stable content-based record/location identifiers generated
3376,r_6a06162297b902917b83,1451,power_unavailable,warning,Preserved unparseable rating: AC
3377,r_b1908a5a58453c202bb3,1452,missing_source_id,info,Stable content-based record/location identifiers generated
3378,r_b1908a5a58453c202bb3,1452,missing_station_name,info,Name remains null; address is the display fallback
3379,r_5e9b63a2a76f9739361a,1453,missing_source_id,info,Stable content-based record/location identifiers generated
3380,r_5e9b63a2a76f9739361a,1453,missing_station_name,info,Name remains null; address is the display fallback
3381,r_61f0e282bca1a4ef7dac,1454,missing_source_id,info,Stable content-based record/location identifiers generated
3382,r_61f0e282bca1a4ef7dac,1454,missing_station_name,info,Name remains null; address is the display fallback
3383,r_b44be3de63050ff618e3,1455,missing_source_id,info,Stable content-based record/location identifiers generated
3384,r_b44be3de63050ff618e3,1455,power_unavailable,warning,Preserved unparseable rating: AC
3385,r_5e92f12bbe5f54c121ba,1456,missing_source_id,info,Stable content-based record/location identifiers generated
3386,r_5e92f12bbe5f54c121ba,1456,power_unavailable,warning,Preserved unparseable rating: AC
3387,r_541cf65a20c9bb094e32,1457,operator_normalized,info,Charge Hub -> ChargeHub
3388,r_541cf65a20c9bb094e32,1457,missing_source_id,info,Stable content-based record/location identifiers generated
3389,r_541cf65a20c9bb094e32,1457,power_unavailable,warning,Preserved unparseable rating: AC
3390,r_9ad6a07415773daad431,1458,missing_source_id,info,Stable content-based record/location identifiers generated
3391,r_9ad6a07415773daad431,1458,power_unavailable,warning,Preserved unparseable rating: AC
3392,r_cb4631d2af5f06c3ab38,1459,missing_source_id,info,Stable content-based record/location identifiers generated
3393,r_cb4631d2af5f06c3ab38,1459,missing_station_name,info,Name remains null; address is the display fallback
3394,r_5d115e7dc3e45ba18a34,1460,missing_source_id,info,Stable content-based record/location identifiers generated
3395,r_5d115e7dc3e45ba18a34,1460,missing_station_name,info,Name remains null; address is the display fallback
3396,r_60dd65367e0f4ac8e4ce,1461,missing_source_id,info,Stable content-based record/location identifiers generated
3397,r_60dd65367e0f4ac8e4ce,1461,missing_station_name,info,Name remains null; address is the display fallback
3398,r_129def8b3949b4b7a718,1462,missing_source_id,info,Stable content-based record/location identifiers generated
3399,r_129def8b3949b4b7a718,1462,power_unavailable,warning,Preserved unparseable rating: AC
3400,r_6851471281354b339299,1463,missing_source_id,info,Stable content-based record/location identifiers generated
3401,r_6851471281354b339299,1463,power_unavailable,warning,Preserved unparseable rating: AC
3402,r_2d3d382b3bf07954b8ba,1464,missing_source_id,info,Stable content-based record/location identifiers generated
3403,r_2d3d382b3bf07954b8ba,1464,power_unavailable,warning,Preserved unparseable rating: AC
3404,r_d59df10cc2e68b322ac5,1465,missing_source_id,info,Stable content-based record/location identifiers generated
3405,r_d59df10cc2e68b322ac5,1465,missing_station_name,info,Name remains null; address is the display fallback
3406,r_08e3bff217a455e61745,1466,missing_source_id,info,Stable content-based record/location identifiers generated
3407,r_08e3bff217a455e61745,1466,missing_station_name,info,Name remains null; address is the display fallback
3408,r_09380eb3e08682b67ee8,1467,missing_source_id,info,Stable content-based record/location identifiers generated
3409,r_09380eb3e08682b67ee8,1467,missing_station_name,info,Name remains null; address is the display fallback
3410,r_f7402efecd916052dfc0,1468,missing_source_id,info,Stable content-based record/location identifiers generated
3411,r_f7402efecd916052dfc0,1468,missing_station_name,info,Name remains null; address is the display fallback
3412,r_a78b3c78d53147352278,1469,missing_source_id,info,Stable content-based record/location identifiers generated
3413,r_a78b3c78d53147352278,1469,missing_station_name,info,Name remains null; address is the display fallback
3414,r_4594232582a21ad0d2cd,1470,missing_source_id,info,Stable content-based record/location identifiers generated
3415,r_4594232582a21ad0d2cd,1470,missing_station_name,info,Name remains null; address is the display fallback
3416,r_cf4b314596458c11dd34,1471,missing_source_id,info,Stable content-based record/location identifiers generated
3417,r_cf4b314596458c11dd34,1471,power_unavailable,warning,Preserved unparseable rating: AC
3418,r_78c8bb9869b4dd16f403,1472,missing_source_id,info,Stable content-based record/location identifiers generated
3419,r_78c8bb9869b4dd16f403,1472,power_unavailable,warning,Preserved unparseable rating: AC
3420,r_654ab6c033cf737cbe3f,1473,missing_source_id,info,Stable content-based record/location identifiers generated
3421,r_654ab6c033cf737cbe3f,1473,power_unavailable,warning,Preserved unparseable rating: AC
3422,r_8f4dfe36ae0e331ab926,1474,missing_source_id,info,Stable content-based record/location identifiers generated
3423,r_8f4dfe36ae0e331ab926,1474,missing_station_name,info,Name remains null; address is the display fallback
3424,r_24fd472a47bc20f82b39,1475,missing_source_id,info,Stable content-based record/location identifiers generated
3425,r_24fd472a47bc20f82b39,1475,missing_station_name,info,Name remains null; address is the display fallback
3426,r_d3d806519b9e264f2c19,1476,missing_source_id,info,Stable content-based record/location identifiers generated
3427,r_d3d806519b9e264f2c19,1476,missing_station_name,info,Name remains null; address is the display fallback
3428,r_2c2815d41579a60fb17f,1477,missing_source_id,info,Stable content-based record/location identifiers generated
3429,r_2c2815d41579a60fb17f,1477,missing_station_name,info,Name remains null; address is the display fallback
3430,r_f878094192f31e96b59e,1478,missing_source_id,info,Stable content-based record/location identifiers generated
3431,r_f878094192f31e96b59e,1478,power_unavailable,warning,Preserved unparseable rating: AC
3432,r_af82aa7f191e679a3e76,1479,missing_source_id,info,Stable content-based record/location identifiers generated
3433,r_af82aa7f191e679a3e76,1479,power_unavailable,warning,Preserved unparseable rating: AC
3434,r_b3319dfe3bd6bb29ccc7,1480,missing_source_id,info,Stable content-based record/location identifiers generated
3435,r_b3319dfe3bd6bb29ccc7,1480,power_unavailable,warning,Preserved unparseable rating: AC
3436,r_9755953d117547cb846f,1481,missing_source_id,info,Stable content-based record/location identifiers generated
3437,r_9755953d117547cb846f,1481,missing_station_name,info,Name remains null; address is the display fallback
3438,r_b2c69bafa12bca241fed,1482,missing_source_id,info,Stable content-based record/location identifiers generated
3439,r_b2c69bafa12bca241fed,1482,missing_station_name,info,Name remains null; address is the display fallback
3440,r_b2c69bafa12bca241fed,1482,power_unavailable,warning,Preserved unparseable rating: AC
3441,r_8463c024c09209e31904,1483,missing_source_id,info,Stable content-based record/location identifiers generated
3442,r_8463c024c09209e31904,1483,power_unavailable,warning,Preserved unparseable rating: AC
3443,r_b576779c76f18e7784b1,1484,missing_source_id,info,Stable content-based record/location identifiers generated
3444,r_b576779c76f18e7784b1,1484,missing_station_name,info,Name remains null; address is the display fallback
3445,r_f24df5f32279ab232df2,1485,missing_source_id,info,Stable content-based record/location identifiers generated
3446,r_f24df5f32279ab232df2,1485,missing_station_name,info,Name remains null; address is the display fallback
3447,r_56f4634756c03a20e74a,1486,missing_source_id,info,Stable content-based record/location identifiers generated
3448,r_56f4634756c03a20e74a,1486,missing_station_name,info,Name remains null; address is the display fallback
3449,r_957c2e9784c4cdfaaae6,1487,missing_source_id,info,Stable content-based record/location identifiers generated
3450,r_957c2e9784c4cdfaaae6,1487,missing_station_name,info,Name remains null; address is the display fallback
3451,r_8aea850391ce42b4b3c1,1488,missing_source_id,info,Stable content-based record/location identifiers generated
3452,r_8aea850391ce42b4b3c1,1488,power_unavailable,warning,Preserved unparseable rating: AC
3453,r_1f804abbd1570a1e7cad,1489,missing_source_id,info,Stable content-based record/location identifiers generated
3454,r_1f804abbd1570a1e7cad,1489,power_unavailable,warning,Preserved unparseable rating: AC
3455,r_52ec9dacdf1ca52a5897,1490,missing_source_id,info,Stable content-based record/location identifiers generated
3456,r_52ec9dacdf1ca52a5897,1490,missing_station_name,info,Name remains null; address is the display fallback
3457,r_e2fdf3a62e2e40dab094,1491,missing_source_id,info,Stable content-based record/location identifiers generated
3458,r_e2fdf3a62e2e40dab094,1491,missing_station_name,info,Name remains null; address is the display fallback
3459,r_5cdff0532af2d4ca5444,1492,missing_source_id,info,Stable content-based record/location identifiers generated
3460,r_5cdff0532af2d4ca5444,1492,missing_station_name,info,Name remains null; address is the display fallback
3461,r_315ba627ed1b04c79d5f,1493,missing_source_id,info,Stable content-based record/location identifiers generated
3462,r_315ba627ed1b04c79d5f,1493,missing_station_name,info,Name remains null; address is the display fallback
3463,r_4e392ff735ff4d7a99a8,1494,missing_source_id,info,Stable content-based record/location identifiers generated
3464,r_4e392ff735ff4d7a99a8,1494,missing_station_name,info,Name remains null; address is the display fallback
3465,r_ddb64d6c5dd58376e5fe,1495,missing_source_id,info,Stable content-based record/location identifiers generated
3466,r_ddb64d6c5dd58376e5fe,1495,power_unavailable,warning,Preserved unparseable rating: AC
3467,r_c98f5f73283e09a6a563,1496,missing_source_id,info,Stable content-based record/location identifiers generated
3468,r_c98f5f73283e09a6a563,1496,power_unavailable,warning,Preserved unparseable rating: AC
3469,r_a0399b475e86afcb7ff3,1497,missing_source_id,info,Stable content-based record/location identifiers generated
3470,r_a0399b475e86afcb7ff3,1497,power_unavailable,warning,Preserved unparseable rating: AC
3471,r_227fc0ccdb1d4188d3bb,1498,missing_source_id,info,Stable content-based record/location identifiers generated
3472,r_227fc0ccdb1d4188d3bb,1498,power_unavailable,warning,Preserved unparseable rating: AC
3473,r_7c015c6976c2bde3a6c1,1499,missing_source_id,info,Stable content-based record/location identifiers generated
3474,r_7c015c6976c2bde3a6c1,1499,missing_station_name,info,Name remains null; address is the display fallback
3475,r_e02580ca0269a016476f,1500,missing_source_id,info,Stable content-based record/location identifiers generated
3476,r_e02580ca0269a016476f,1500,missing_station_name,info,Name remains null; address is the display fallback
3477,r_cd8df4cbb20a61ea0b39,1501,missing_source_id,info,Stable content-based record/location identifiers generated
3478,r_cd8df4cbb20a61ea0b39,1501,missing_station_name,info,Name remains null; address is the display fallback
3479,r_cee37083bfdfc47f3c06,1502,missing_source_id,info,Stable content-based record/location identifiers generated
3480,r_cee37083bfdfc47f3c06,1502,missing_station_name,info,Name remains null; address is the display fallback
3481,r_dafadf00cca4ba8063f0,1503,missing_source_id,info,Stable content-based record/location identifiers generated
3482,r_dafadf00cca4ba8063f0,1503,missing_station_name,info,Name remains null; address is the display fallback
3483,r_adad3a9b72d01b7e6920,1504,missing_source_id,info,Stable content-based record/location identifiers generated
3484,r_adad3a9b72d01b7e6920,1504,missing_station_name,info,Name remains null; address is the display fallback
3485,r_83007afa563b16c436b4,1505,missing_source_id,info,Stable content-based record/location identifiers generated
3486,r_83007afa563b16c436b4,1505,missing_station_name,info,Name remains null; address is the display fallback
3487,r_eb2d5963e749d8b1fadd,1506,missing_source_id,info,Stable content-based record/location identifiers generated
3488,r_eb2d5963e749d8b1fadd,1506,missing_station_name,info,Name remains null; address is the display fallback
3489,r_9cdb8e5ae8dda7f4e1d3,1507,missing_source_id,info,Stable content-based record/location identifiers generated
3490,r_9cdb8e5ae8dda7f4e1d3,1507,power_unavailable,warning,Preserved unparseable rating: AC
3491,r_242a283c13e78ad6753c,1508,missing_source_id,info,Stable content-based record/location identifiers generated
3492,r_242a283c13e78ad6753c,1508,missing_station_name,info,Name remains null; address is the display fallback
3493,r_8ef75564e8210f6a196d,1509,missing_source_id,info,Stable content-based record/location identifiers generated
3494,r_8ef75564e8210f6a196d,1509,power_unavailable,warning,Preserved unparseable rating: AC
3495,r_a1cfe0d14b6af6696fcc,1510,missing_source_id,info,Stable content-based record/location identifiers generated
3496,r_a1cfe0d14b6af6696fcc,1510,missing_station_name,info,Name remains null; address is the display fallback
3497,r_50f3d4f3834b2b1dbfe7,1511,missing_source_id,info,Stable content-based record/location identifiers generated
3498,r_50f3d4f3834b2b1dbfe7,1511,power_unavailable,warning,Preserved unparseable rating: AC
3499,r_64d401af69f75f28450c,1512,missing_source_id,info,Stable content-based record/location identifiers generated
3500,r_64d401af69f75f28450c,1512,power_unavailable,warning,Preserved unparseable rating: AC
3501,r_ddcbf2de71237f4140c1,1513,missing_source_id,info,Stable content-based record/location identifiers generated
3502,r_ddcbf2de71237f4140c1,1513,missing_station_name,info,Name remains null; address is the display fallback
3503,r_f8761c0b7e639baf6de1,1514,missing_source_id,info,Stable content-based record/location identifiers generated
3504,r_f8761c0b7e639baf6de1,1514,missing_station_name,info,Name remains null; address is the display fallback
3505,r_400efa7f4805eed449d0,1515,missing_source_id,info,Stable content-based record/location identifiers generated
3506,r_400efa7f4805eed449d0,1515,power_unavailable,warning,Preserved unparseable rating: AC
3507,r_0bdc531740a9226f3294,1516,missing_source_id,info,Stable content-based record/location identifiers generated
3508,r_0bdc531740a9226f3294,1516,power_unavailable,warning,Preserved unparseable rating: AC
3509,r_7a865562fd2a65354349,1517,missing_source_id,info,Stable content-based record/location identifiers generated
3510,r_7a865562fd2a65354349,1517,missing_station_name,info,Name remains null; address is the display fallback
3511,r_0ecb0c0dfc3db308af2b,1518,missing_source_id,info,Stable content-based record/location identifiers generated
3512,r_0ecb0c0dfc3db308af2b,1518,missing_station_name,info,Name remains null; address is the display fallback
3513,r_6f85cd064a3fa1fdf45b,1519,missing_source_id,info,Stable content-based record/location identifiers generated
3514,r_6f85cd064a3fa1fdf45b,1519,power_unavailable,warning,Preserved unparseable rating: AC
3515,r_cdef7234beb418b7df35,1520,operator_normalized,info,Evie Networks -> Evie
3516,r_cdef7234beb418b7df35,1520,missing_source_id,info,Stable content-based record/location identifiers generated
3517,r_cdef7234beb418b7df35,1520,missing_station_name,info,Name remains null; address is the display fallback
3518,r_6944279299149c0d70f7,1521,missing_source_id,info,Stable content-based record/location identifiers generated
3519,r_6944279299149c0d70f7,1521,power_unavailable,warning,Preserved unparseable rating: AC
3520,r_df540c38e8db309760a8,1522,missing_source_id,info,Stable content-based record/location identifiers generated
3521,r_df540c38e8db309760a8,1522,missing_station_name,info,Name remains null; address is the display fallback
3522,r_57432368a2a011eef9f8,1523,missing_source_id,info,Stable content-based record/location identifiers generated
3523,r_57432368a2a011eef9f8,1523,missing_station_name,info,Name remains null; address is the display fallback
3524,r_a269b09e54d83c425156,1524,missing_source_id,info,Stable content-based record/location identifiers generated
3525,r_a269b09e54d83c425156,1524,missing_station_name,info,Name remains null; address is the display fallback
3526,r_5d9b4e722beda60a3846,1525,missing_source_id,info,Stable content-based record/location identifiers generated
3527,r_5d9b4e722beda60a3846,1525,missing_station_name,info,Name remains null; address is the display fallback
3528,r_250504535681ca80f8b2,1526,missing_source_id,info,Stable content-based record/location identifiers generated
3529,r_250504535681ca80f8b2,1526,missing_station_name,info,Name remains null; address is the display fallback
3530,r_6ceaf7c1e6bf9174bc5a,1527,missing_source_id,info,Stable content-based record/location identifiers generated
3531,r_6ceaf7c1e6bf9174bc5a,1527,power_unavailable,warning,Preserved unparseable rating: AC
3532,r_414226d0528ed81a9d83,1528,operator_normalized,info,Evie Networks -> Evie
3533,r_414226d0528ed81a9d83,1528,missing_source_id,info,Stable content-based record/location identifiers generated
3534,r_414226d0528ed81a9d83,1528,missing_station_name,info,Name remains null; address is the display fallback
3535,r_5dfacdee2cd3a7b1d4fe,1529,missing_source_id,info,Stable content-based record/location identifiers generated
3536,r_5dfacdee2cd3a7b1d4fe,1529,missing_station_name,info,Name remains null; address is the display fallback
3537,r_3607f06a7ea5b7b35f28,1530,missing_source_id,info,Stable content-based record/location identifiers generated
3538,r_3607f06a7ea5b7b35f28,1530,power_unavailable,warning,Preserved unparseable rating: AC
3539,r_1c630137db40ecbbe5d0,1531,missing_source_id,info,Stable content-based record/location identifiers generated
3540,r_1c630137db40ecbbe5d0,1531,missing_station_name,info,Name remains null; address is the display fallback
3541,r_61f47eac43f52dbad051,1532,missing_source_id,info,Stable content-based record/location identifiers generated
3542,r_61f47eac43f52dbad051,1532,missing_station_name,info,Name remains null; address is the display fallback
3543,r_e6eaac85edafd64f17c1,1533,missing_source_id,info,Stable content-based record/location identifiers generated
3544,r_e6eaac85edafd64f17c1,1533,power_unavailable,warning,Preserved unparseable rating: AC
3545,r_6a73a10ef26532fcdf78,1534,missing_source_id,info,Stable content-based record/location identifiers generated
3546,r_6a73a10ef26532fcdf78,1534,missing_station_name,info,Name remains null; address is the display fallback
3547,r_5d8aefcfd179e7c01f5f,1535,missing_source_id,info,Stable content-based record/location identifiers generated
3548,r_5d8aefcfd179e7c01f5f,1535,missing_station_name,info,Name remains null; address is the display fallback
3549,r_d217fd1632f49a9f7a08,1536,missing_source_id,info,Stable content-based record/location identifiers generated
3550,r_d217fd1632f49a9f7a08,1536,missing_station_name,info,Name remains null; address is the display fallback
3551,r_c2b671f64ecc46fc6315,1537,missing_source_id,info,Stable content-based record/location identifiers generated
3552,r_c2b671f64ecc46fc6315,1537,missing_station_name,info,Name remains null; address is the display fallback
3553,r_8761a90b9c61c12559a9,1538,missing_source_id,info,Stable content-based record/location identifiers generated
3554,r_8761a90b9c61c12559a9,1538,power_unavailable,warning,Preserved unparseable rating: AC
3555,r_7ff2dc097aa5cb88ba19,1539,missing_source_id,info,Stable content-based record/location identifiers generated
3556,r_7ff2dc097aa5cb88ba19,1539,power_unavailable,warning,Preserved unparseable rating: AC
3557,r_9309aa6aff98583ac21a,1540,missing_source_id,info,Stable content-based record/location identifiers generated
3558,r_9309aa6aff98583ac21a,1540,missing_station_name,info,Name remains null; address is the display fallback
3559,r_9274665bdc4b90f43195,1541,missing_source_id,info,Stable content-based record/location identifiers generated
3560,r_9274665bdc4b90f43195,1541,power_unavailable,warning,Preserved unparseable rating: AC
3561,r_015983042cb07a3242c7,1542,missing_source_id,info,Stable content-based record/location identifiers generated
3562,r_015983042cb07a3242c7,1542,missing_station_name,info,Name remains null; address is the display fallback
3563,r_015983042cb07a3242c7,1542,power_unavailable,warning,Preserved unparseable rating: AC
3564,r_8e43c7ea645d3a2cfbf1,1543,missing_source_id,info,Stable content-based record/location identifiers generated
3565,r_8e43c7ea645d3a2cfbf1,1543,missing_station_name,info,Name remains null; address is the display fallback
3566,r_f22825367bb999d64a21,1544,missing_source_id,info,Stable content-based record/location identifiers generated
3567,r_f22825367bb999d64a21,1544,power_unavailable,warning,Preserved unparseable rating: AC
3568,r_5e0063edfa121022616e,1545,missing_source_id,info,Stable content-based record/location identifiers generated
3569,r_5e0063edfa121022616e,1545,missing_station_name,info,Name remains null; address is the display fallback
3570,r_5fc63849e6911ad05e26,1546,missing_source_id,info,Stable content-based record/location identifiers generated
3571,r_5fc63849e6911ad05e26,1546,power_unavailable,warning,Preserved unparseable rating: AC
3572,r_bb86dd1887eb768dd773,1547,missing_source_id,info,Stable content-based record/location identifiers generated
3573,r_bb86dd1887eb768dd773,1547,power_unavailable,warning,Preserved unparseable rating: AC
3574,r_875b56319127b394e615,1548,missing_source_id,info,Stable content-based record/location identifiers generated
3575,r_875b56319127b394e615,1548,missing_station_name,info,Name remains null; address is the display fallback
3576,r_aa9630ad67d2a4e01de1,1549,missing_source_id,info,Stable content-based record/location identifiers generated
3577,r_aa9630ad67d2a4e01de1,1549,missing_station_name,info,Name remains null; address is the display fallback
3578,r_c768f4365722a1875f86,1550,missing_source_id,info,Stable content-based record/location identifiers generated
3579,r_c768f4365722a1875f86,1550,power_unavailable,warning,Preserved unparseable rating: AC
3580,r_cc8448111f6bf4ae46b5,1551,missing_source_id,info,Stable content-based record/location identifiers generated
3581,r_cc8448111f6bf4ae46b5,1551,power_unavailable,warning,Preserved unparseable rating: AC
3582,r_2e7f1c7e96a901fb4b08,1552,missing_source_id,info,Stable content-based record/location identifiers generated
3583,r_2e7f1c7e96a901fb4b08,1552,missing_station_name,info,Name remains null; address is the display fallback
3584,r_217245875c4b12eef7cf,1553,missing_source_id,info,Stable content-based record/location identifiers generated
3585,r_217245875c4b12eef7cf,1553,power_unavailable,warning,Preserved unparseable rating: AC
3586,r_952d4449f5fd6f8ff45f,1554,missing_source_id,info,Stable content-based record/location identifiers generated
3587,r_952d4449f5fd6f8ff45f,1554,power_unavailable,warning,Preserved unparseable rating: AC
3588,r_749cca2cc037d702fec4,1555,missing_source_id,info,Stable content-based record/location identifiers generated
3589,r_749cca2cc037d702fec4,1555,missing_station_name,info,Name remains null; address is the display fallback
3590,r_c950929894896d5df662,1556,missing_source_id,info,Stable content-based record/location identifiers generated
3591,r_c950929894896d5df662,1556,power_unavailable,warning,Preserved unparseable rating: AC
3592,r_f0bd17af225e0d0cd491,1557,missing_source_id,info,Stable content-based record/location identifiers generated
3593,r_f0bd17af225e0d0cd491,1557,power_unavailable,warning,Preserved unparseable rating: AC
3594,r_97ba8219985b22318905,1558,missing_source_id,info,Stable content-based record/location identifiers generated
3595,r_97ba8219985b22318905,1558,missing_station_name,info,Name remains null; address is the display fallback
3596,r_adbb9a51e41a698e86ba,1559,missing_source_id,info,Stable content-based record/location identifiers generated
3597,r_adbb9a51e41a698e86ba,1559,power_unavailable,warning,Preserved unparseable rating: AC
3598,r_0b79fb0f4446eb6a2157,1560,missing_source_id,info,Stable content-based record/location identifiers generated
3599,r_0b79fb0f4446eb6a2157,1560,power_unavailable,warning,Preserved unparseable rating: AC
3600,r_77f7312b3a07065e0d6e,1561,missing_source_id,info,Stable content-based record/location identifiers generated
3601,r_77f7312b3a07065e0d6e,1561,power_unavailable,warning,Preserved unparseable rating: AC
3602,r_d4f98efb45d1531cf77c,1562,missing_source_id,info,Stable content-based record/location identifiers generated
3603,r_d4f98efb45d1531cf77c,1562,power_unavailable,warning,Preserved unparseable rating: AC
3604,r_4be59958d3b0794536b1,1563,missing_source_id,info,Stable content-based record/location identifiers generated
3605,r_4be59958d3b0794536b1,1563,missing_station_name,info,Name remains null; address is the display fallback
3606,r_9b6537afd3eec8de81bf,1564,missing_source_id,info,Stable content-based record/location identifiers generated
3607,r_9b6537afd3eec8de81bf,1564,missing_station_name,info,Name remains null; address is the display fallback
3608,r_50392b73ec77634aa2ab,1565,missing_source_id,info,Stable content-based record/location identifiers generated
3609,r_50392b73ec77634aa2ab,1565,missing_station_name,info,Name remains null; address is the display fallback
3610,r_0eda849f14301ed0eb0a,1566,missing_source_id,info,Stable content-based record/location identifiers generated
3611,r_0eda849f14301ed0eb0a,1566,missing_station_name,info,Name remains null; address is the display fallback
3612,r_26e74f4dcad19f6e50e8,1567,missing_source_id,info,Stable content-based record/location identifiers generated
3613,r_26e74f4dcad19f6e50e8,1567,power_unavailable,warning,Preserved unparseable rating: AC
3614,r_d1994854fbe7e9344e1b,1568,missing_source_id,info,Stable content-based record/location identifiers generated
3615,r_d1994854fbe7e9344e1b,1568,power_unavailable,warning,Preserved unparseable rating: AC
3616,r_e6f246bc673a5b728c23,1569,operator_normalized,info,BP -> BP Pulse (AU)
3617,r_e6f246bc673a5b728c23,1569,missing_source_id,info,Stable content-based record/location identifiers generated
3618,r_e6f246bc673a5b728c23,1569,missing_station_name,info,Name remains null; address is the display fallback
3619,r_bd38d7ae0ae5ebcb3683,1570,missing_source_id,info,Stable content-based record/location identifiers generated
3620,r_bd38d7ae0ae5ebcb3683,1570,power_unavailable,warning,Preserved unparseable rating: AC
3621,r_824c127e230c67663e77,1571,missing_source_id,info,Stable content-based record/location identifiers generated
3622,r_824c127e230c67663e77,1571,power_unavailable,warning,Preserved unparseable rating: AC
3623,r_146ba09d2a8407ef485a,1572,missing_source_id,info,Stable content-based record/location identifiers generated
3624,r_146ba09d2a8407ef485a,1572,missing_station_name,info,Name remains null; address is the display fallback
3625,r_1e25bb2f2fd4d7ce5f62,1573,missing_source_id,info,Stable content-based record/location identifiers generated
3626,r_1e25bb2f2fd4d7ce5f62,1573,missing_station_name,info,Name remains null; address is the display fallback
3627,r_03cc1bc9fccf9f843806,1574,missing_source_id,info,Stable content-based record/location identifiers generated
3628,r_03cc1bc9fccf9f843806,1574,power_unavailable,warning,Preserved unparseable rating: AC
3629,r_efd40ca6217b6a3142c6,1575,missing_source_id,info,Stable content-based record/location identifiers generated
3630,r_efd40ca6217b6a3142c6,1575,missing_station_name,info,Name remains null; address is the display fallback
3631,r_9fd472058f116a4ad332,1576,missing_source_id,info,Stable content-based record/location identifiers generated
3632,r_9fd472058f116a4ad332,1576,power_unavailable,warning,Preserved unparseable rating: AC
3633,r_9806bd1475371db4a8ec,1577,missing_source_id,info,Stable content-based record/location identifiers generated
3634,r_9806bd1475371db4a8ec,1577,power_unavailable,warning,Preserved unparseable rating: AC
3635,r_ff094be3c67487b5d012,1578,missing_source_id,info,Stable content-based record/location identifiers generated
3636,r_ff094be3c67487b5d012,1578,missing_station_name,info,Name remains null; address is the display fallback
3637,r_a9b49945da00afcc1edf,1579,missing_source_id,info,Stable content-based record/location identifiers generated
3638,r_a9b49945da00afcc1edf,1579,power_unavailable,warning,Preserved unparseable rating: AC
3639,r_ac83440525269695de22,1580,missing_source_id,info,Stable content-based record/location identifiers generated
3640,r_ac83440525269695de22,1580,missing_station_name,info,Name remains null; address is the display fallback
3641,r_7e2e6592958863a77d19,1581,missing_source_id,info,Stable content-based record/location identifiers generated
3642,r_7e2e6592958863a77d19,1581,missing_station_name,info,Name remains null; address is the display fallback
3643,r_5ec8583d4a6fa05f1f9e,1582,missing_source_id,info,Stable content-based record/location identifiers generated
3644,r_5ec8583d4a6fa05f1f9e,1582,missing_station_name,info,Name remains null; address is the display fallback
3645,r_99d8e75ddc4eb20eab60,1583,missing_source_id,info,Stable content-based record/location identifiers generated
3646,r_99d8e75ddc4eb20eab60,1583,missing_station_name,info,Name remains null; address is the display fallback
3647,r_f7acd864927e5cd2d573,1584,missing_source_id,info,Stable content-based record/location identifiers generated
3648,r_f7acd864927e5cd2d573,1584,missing_station_name,info,Name remains null; address is the display fallback
3649,r_a106857eeb883acd1859,1585,missing_source_id,info,Stable content-based record/location identifiers generated
3650,r_a106857eeb883acd1859,1585,missing_station_name,info,Name remains null; address is the display fallback
3651,r_9299b263afad75db18b4,1586,missing_source_id,info,Stable content-based record/location identifiers generated
3652,r_9299b263afad75db18b4,1586,power_unavailable,warning,Preserved unparseable rating: AC
3653,r_55118398db4056d11011,1587,missing_source_id,info,Stable content-based record/location identifiers generated
3654,r_55118398db4056d11011,1587,missing_station_name,info,Name remains null; address is the display fallback
3655,r_4000a705d7316e54d7d6,1588,missing_source_id,info,Stable content-based record/location identifiers generated
3656,r_4000a705d7316e54d7d6,1588,missing_station_name,info,Name remains null; address is the display fallback
3657,r_03ef651556f18c87f8a8,1589,missing_source_id,info,Stable content-based record/location identifiers generated
3658,r_03ef651556f18c87f8a8,1589,missing_station_name,info,Name remains null; address is the display fallback
3659,r_ccc301cc1d615ec5f1b4,1590,missing_source_id,info,Stable content-based record/location identifiers generated
3660,r_ccc301cc1d615ec5f1b4,1590,power_unavailable,warning,Preserved unparseable rating: AC
3661,r_6595a4041f39c28f4136,1591,missing_source_id,info,Stable content-based record/location identifiers generated
3662,r_6595a4041f39c28f4136,1591,power_unavailable,warning,Preserved unparseable rating: AC
3663,r_318e9de983e26878c365,1592,missing_source_id,info,Stable content-based record/location identifiers generated
3664,r_318e9de983e26878c365,1592,power_unavailable,warning,Preserved unparseable rating: AC
3665,r_980568d66eefe2651e81,1593,missing_source_id,info,Stable content-based record/location identifiers generated
3666,r_980568d66eefe2651e81,1593,power_unavailable,warning,Preserved unparseable rating: AC
3667,r_97013e0811d0464fc640,1594,missing_source_id,info,Stable content-based record/location identifiers generated
3668,r_97013e0811d0464fc640,1594,power_unavailable,warning,Preserved unparseable rating: AC
3669,r_81b5f55ec4a59e05c8f2,1595,missing_source_id,info,Stable content-based record/location identifiers generated
3670,r_81b5f55ec4a59e05c8f2,1595,missing_station_name,info,Name remains null; address is the display fallback
3671,r_33c9a5d5def631d2a166,1596,missing_source_id,info,Stable content-based record/location identifiers generated
3672,r_33c9a5d5def631d2a166,1596,power_unavailable,warning,Preserved unparseable rating: AC
3673,r_9f523d2530a6d21808f1,1597,missing_source_id,info,Stable content-based record/location identifiers generated
3674,r_9f523d2530a6d21808f1,1597,missing_station_name,info,Name remains null; address is the display fallback
3675,r_54a3c49cf80ede3340de,1598,missing_source_id,info,Stable content-based record/location identifiers generated
3676,r_54a3c49cf80ede3340de,1598,power_unavailable,warning,Preserved unparseable rating: AC
3677,r_febd94943c18f4ad6fa0,1599,missing_source_id,info,Stable content-based record/location identifiers generated
3678,r_febd94943c18f4ad6fa0,1599,power_unavailable,warning,Preserved unparseable rating: AC
3679,r_3c48e5056ba657392316,1600,missing_source_id,info,Stable content-based record/location identifiers generated
3680,r_3c48e5056ba657392316,1600,power_unavailable,warning,Preserved unparseable rating: AC
3681,r_e77d56ba162b8156240b,1601,missing_source_id,info,Stable content-based record/location identifiers generated
3682,r_e77d56ba162b8156240b,1601,missing_station_name,info,Name remains null; address is the display fallback
3683,r_8d6b39b3b73a48fde1de,1602,missing_source_id,info,Stable content-based record/location identifiers generated
3684,r_8d6b39b3b73a48fde1de,1602,missing_station_name,info,Name remains null; address is the display fallback
3685,r_8fee3783cfc0847ff370,1603,missing_source_id,info,Stable content-based record/location identifiers generated
3686,r_8fee3783cfc0847ff370,1603,power_unavailable,warning,Preserved unparseable rating: AC
3687,r_4268be4f56c857bf2db3,1604,missing_source_id,info,Stable content-based record/location identifiers generated
3688,r_4268be4f56c857bf2db3,1604,power_unavailable,warning,Preserved unparseable rating: AC
3689,r_65d68d887bdbf65380ab,1605,missing_source_id,info,Stable content-based record/location identifiers generated
3690,r_65d68d887bdbf65380ab,1605,power_unavailable,warning,Preserved unparseable rating: AC
3691,r_9c07db114db67931f00d,1606,missing_source_id,info,Stable content-based record/location identifiers generated
3692,r_9c07db114db67931f00d,1606,power_unavailable,warning,Preserved unparseable rating: AC
3693,r_84c2711dc445f04834af,1607,missing_source_id,info,Stable content-based record/location identifiers generated
3694,r_84c2711dc445f04834af,1607,power_unavailable,warning,Preserved unparseable rating: AC
3695,r_00583f1b54fd3eeb1b94,1608,missing_source_id,info,Stable content-based record/location identifiers generated
3696,r_00583f1b54fd3eeb1b94,1608,missing_station_name,info,Name remains null; address is the display fallback
3697,r_a41f633bea496c50d63d,1609,missing_source_id,info,Stable content-based record/location identifiers generated
3698,r_a41f633bea496c50d63d,1609,missing_station_name,info,Name remains null; address is the display fallback
3699,r_23da9ccd32a4588bc752,1610,missing_source_id,info,Stable content-based record/location identifiers generated
3700,r_23da9ccd32a4588bc752,1610,missing_station_name,info,Name remains null; address is the display fallback
3701,r_3d4dadbc316462f7415e,1611,missing_source_id,info,Stable content-based record/location identifiers generated
3702,r_3d4dadbc316462f7415e,1611,missing_station_name,info,Name remains null; address is the display fallback
3703,r_4c4ecb6bfdd56f588ffc,1612,missing_source_id,info,Stable content-based record/location identifiers generated
3704,r_4c4ecb6bfdd56f588ffc,1612,power_unavailable,warning,Preserved unparseable rating: AC
3705,r_6f0dce892b51b004b931,1613,missing_source_id,info,Stable content-based record/location identifiers generated
3706,r_6f0dce892b51b004b931,1613,power_unavailable,warning,Preserved unparseable rating: AC
3707,r_62b21fb4a10d2280a830,1614,missing_source_id,info,Stable content-based record/location identifiers generated
3708,r_62b21fb4a10d2280a830,1614,missing_station_name,info,Name remains null; address is the display fallback
3709,r_74c8c7b3c53c4e0e2bf5,1615,missing_source_id,info,Stable content-based record/location identifiers generated
3710,r_74c8c7b3c53c4e0e2bf5,1615,power_unavailable,warning,Preserved unparseable rating: AC
3711,r_be32b9f05eba82bad267,1616,missing_source_id,info,Stable content-based record/location identifiers generated
3712,r_be32b9f05eba82bad267,1616,missing_station_name,info,Name remains null; address is the display fallback
3713,r_8af16f5ac8101a69ee69,1617,missing_source_id,info,Stable content-based record/location identifiers generated
3714,r_8af16f5ac8101a69ee69,1617,missing_station_name,info,Name remains null; address is the display fallback
3715,r_f6a90d0a154816351d07,1618,missing_source_id,info,Stable content-based record/location identifiers generated
3716,r_f6a90d0a154816351d07,1618,power_unavailable,warning,Preserved unparseable rating: AC
3717,r_257b4084989046469227,1619,missing_source_id,info,Stable content-based record/location identifiers generated
3718,r_257b4084989046469227,1619,missing_station_name,info,Name remains null; address is the display fallback
3719,r_2de8112d918bc8ace5e3,1620,missing_source_id,info,Stable content-based record/location identifiers generated
3720,r_2de8112d918bc8ace5e3,1620,missing_station_name,info,Name remains null; address is the display fallback
3721,r_c377872663dced219747,1621,missing_source_id,info,Stable content-based record/location identifiers generated
3722,r_c377872663dced219747,1621,missing_station_name,info,Name remains null; address is the display fallback
3723,r_77604fbebf4960229124,1622,missing_source_id,info,Stable content-based record/location identifiers generated
3724,r_77604fbebf4960229124,1622,missing_station_name,info,Name remains null; address is the display fallback
3725,r_02aa688be8e2aaa6fb22,1623,operator_normalized,info,Evie Networks -> Evie
3726,r_02aa688be8e2aaa6fb22,1623,missing_source_id,info,Stable content-based record/location identifiers generated
3727,r_02aa688be8e2aaa6fb22,1623,missing_station_name,info,Name remains null; address is the display fallback
3728,r_3aa757723d1c5f4089d3,1624,missing_source_id,info,Stable content-based record/location identifiers generated
3729,r_3aa757723d1c5f4089d3,1624,missing_station_name,info,Name remains null; address is the display fallback
3730,r_d1a2086053b020a29eb3,1625,missing_source_id,info,Stable content-based record/location identifiers generated
3731,r_d1a2086053b020a29eb3,1625,power_unavailable,warning,Preserved unparseable rating: AC
3732,r_0d297982361470f0cb41,1626,missing_source_id,info,Stable content-based record/location identifiers generated
3733,r_0d297982361470f0cb41,1626,power_unavailable,warning,Preserved unparseable rating: AC
3734,r_2e6b31ae7e933e47202f,1627,missing_source_id,info,Stable content-based record/location identifiers generated
3735,r_2e6b31ae7e933e47202f,1627,power_unavailable,warning,Preserved unparseable rating: AC
3736,r_4a089261adfad5f11c35,1628,operator_normalized,info,Charge Hub -> ChargeHub
3737,r_4a089261adfad5f11c35,1628,missing_source_id,info,Stable content-based record/location identifiers generated
3738,r_4a089261adfad5f11c35,1628,power_unavailable,warning,Preserved unparseable rating: AC
3739,r_ac3748873cb7a8baa2c5,1629,operator_normalized,info,Evie Networks -> Evie
3740,r_ac3748873cb7a8baa2c5,1629,missing_source_id,info,Stable content-based record/location identifiers generated
3741,r_ac3748873cb7a8baa2c5,1629,missing_station_name,info,Name remains null; address is the display fallback
3742,r_5e2d5af5a88618777099,1630,missing_source_id,info,Stable content-based record/location identifiers generated
3743,r_5e2d5af5a88618777099,1630,missing_station_name,info,Name remains null; address is the display fallback
3744,r_e668888f23eca6d6fd80,1631,missing_source_id,info,Stable content-based record/location identifiers generated
3745,r_e668888f23eca6d6fd80,1631,power_unavailable,warning,Preserved unparseable rating: AC
3746,r_6abbfd6c0aed65fbb42d,1632,missing_source_id,info,Stable content-based record/location identifiers generated
3747,r_6abbfd6c0aed65fbb42d,1632,missing_station_name,info,Name remains null; address is the display fallback
3748,r_065a03a6fe88a1467963,1633,missing_source_id,info,Stable content-based record/location identifiers generated
3749,r_065a03a6fe88a1467963,1633,power_unavailable,warning,Preserved unparseable rating: AC
3750,r_5a254b70d27f2a201ad4,1634,missing_source_id,info,Stable content-based record/location identifiers generated
3751,r_5a254b70d27f2a201ad4,1634,power_unavailable,warning,Preserved unparseable rating: AC
3752,r_e8ea5f0fcfd077929751,1635,missing_source_id,info,Stable content-based record/location identifiers generated
3753,r_e8ea5f0fcfd077929751,1635,missing_station_name,info,Name remains null; address is the display fallback
3754,r_d95d0cd884c5b90ff3a8,1636,missing_source_id,info,Stable content-based record/location identifiers generated
3755,r_d95d0cd884c5b90ff3a8,1636,power_unavailable,warning,Preserved unparseable rating: AC
3756,r_f4071173a631dde9a77a,1637,missing_source_id,info,Stable content-based record/location identifiers generated
3757,r_f4071173a631dde9a77a,1637,power_unavailable,warning,Preserved unparseable rating: AC
3758,r_439af92803f38c8a7782,1638,missing_source_id,info,Stable content-based record/location identifiers generated
3759,r_439af92803f38c8a7782,1638,missing_station_name,info,Name remains null; address is the display fallback
3760,r_93252f798033e69cbfdf,1639,operator_normalized,info,Charge Hub -> ChargeHub
3761,r_93252f798033e69cbfdf,1639,missing_source_id,info,Stable content-based record/location identifiers generated
3762,r_93252f798033e69cbfdf,1639,power_unavailable,warning,Preserved unparseable rating: AC
3763,r_c62c94b94fcf6859174d,1640,missing_source_id,info,Stable content-based record/location identifiers generated
3764,r_c62c94b94fcf6859174d,1640,missing_station_name,info,Name remains null; address is the display fallback
3765,r_e6e9672f868b83d76b43,1641,missing_source_id,info,Stable content-based record/location identifiers generated
3766,r_e6e9672f868b83d76b43,1641,missing_station_name,info,Name remains null; address is the display fallback
3767,r_de64aee876660fa0971e,1642,missing_source_id,info,Stable content-based record/location identifiers generated
3768,r_de64aee876660fa0971e,1642,power_unavailable,warning,Preserved unparseable rating: AC
3769,r_7a5823ae1eddc357d74d,1643,missing_source_id,info,Stable content-based record/location identifiers generated
3770,r_7a5823ae1eddc357d74d,1643,missing_station_name,info,Name remains null; address is the display fallback
3771,r_41ced0b674c0ac371ce1,1644,missing_source_id,info,Stable content-based record/location identifiers generated
3772,r_41ced0b674c0ac371ce1,1644,missing_station_name,info,Name remains null; address is the display fallback
3773,r_05eec57ac1ed9576976c,1645,missing_source_id,info,Stable content-based record/location identifiers generated
3774,r_05eec57ac1ed9576976c,1645,missing_station_name,info,Name remains null; address is the display fallback
3775,r_4dd02fbffc918dcb47eb,1646,missing_source_id,info,Stable content-based record/location identifiers generated
3776,r_4dd02fbffc918dcb47eb,1646,missing_station_name,info,Name remains null; address is the display fallback
3777,r_a3951e796506d8b06ad7,1647,missing_source_id,info,Stable content-based record/location identifiers generated
3778,r_a3951e796506d8b06ad7,1647,missing_station_name,info,Name remains null; address is the display fallback
3779,r_64634beccda9e767eb6c,1648,operator_normalized,info,Evie Networks -> Evie
3780,r_64634beccda9e767eb6c,1648,missing_source_id,info,Stable content-based record/location identifiers generated
3781,r_64634beccda9e767eb6c,1648,missing_station_name,info,Name remains null; address is the display fallback
3782,r_4eb8e3293ade4b226437,1649,missing_source_id,info,Stable content-based record/location identifiers generated
3783,r_4eb8e3293ade4b226437,1649,missing_station_name,info,Name remains null; address is the display fallback
3784,r_5e4b681ded9385ddd5ea,1650,missing_source_id,info,Stable content-based record/location identifiers generated
3785,r_5e4b681ded9385ddd5ea,1650,power_unavailable,warning,Preserved unparseable rating: AC
3786,r_2f1990b6d07812bfd135,1651,missing_source_id,info,Stable content-based record/location identifiers generated
3787,r_2f1990b6d07812bfd135,1651,missing_station_name,info,Name remains null; address is the display fallback
3788,r_fa4e1a40e729be9b2d66,1652,missing_source_id,info,Stable content-based record/location identifiers generated
3789,r_fa4e1a40e729be9b2d66,1652,missing_station_name,info,Name remains null; address is the display fallback
3790,r_93e5b3bcb966393e9406,1653,missing_source_id,info,Stable content-based record/location identifiers generated
3791,r_93e5b3bcb966393e9406,1653,missing_station_name,info,Name remains null; address is the display fallback
3792,r_037a8e833674b10415f4,1654,missing_source_id,info,Stable content-based record/location identifiers generated
3793,r_037a8e833674b10415f4,1654,missing_station_name,info,Name remains null; address is the display fallback
3794,r_086887d5dcb9bd37770a,1655,missing_source_id,info,Stable content-based record/location identifiers generated
3795,r_086887d5dcb9bd37770a,1655,power_unavailable,warning,Preserved unparseable rating: AC
3796,r_6225bd3205e8c8b87483,1656,missing_source_id,info,Stable content-based record/location identifiers generated
3797,r_6225bd3205e8c8b87483,1656,power_unavailable,warning,Preserved unparseable rating: AC
3798,r_31fa7055d0022edc1828,1657,missing_source_id,info,Stable content-based record/location identifiers generated
3799,r_31fa7055d0022edc1828,1657,power_unavailable,warning,Preserved unparseable rating: AC
3800,r_a50c411e38c7c1ea6420,1658,missing_source_id,info,Stable content-based record/location identifiers generated
3801,r_a50c411e38c7c1ea6420,1658,missing_station_name,info,Name remains null; address is the display fallback
3802,r_aa7e9511180a006fdfdc,1659,missing_source_id,info,Stable content-based record/location identifiers generated
3803,r_aa7e9511180a006fdfdc,1659,power_unavailable,warning,Preserved unparseable rating: AC
3804,r_b2a7a219ca1ee17f9825,1660,missing_source_id,info,Stable content-based record/location identifiers generated
3805,r_b2a7a219ca1ee17f9825,1660,missing_station_name,info,Name remains null; address is the display fallback
3806,r_59e6857e6d3b173997db,1661,missing_source_id,info,Stable content-based record/location identifiers generated
3807,r_59e6857e6d3b173997db,1661,power_unavailable,warning,Preserved unparseable rating: AC
3808,r_b90af6d7e2184137dd15,1662,missing_source_id,info,Stable content-based record/location identifiers generated
3809,r_b90af6d7e2184137dd15,1662,missing_station_name,info,Name remains null; address is the display fallback
3810,r_29f670cb4ef97bcaa300,1663,missing_source_id,info,Stable content-based record/location identifiers generated
3811,r_29f670cb4ef97bcaa300,1663,power_unavailable,warning,Preserved unparseable rating: AC
3812,r_7e83f6635373db763dd5,1664,missing_source_id,info,Stable content-based record/location identifiers generated
3813,r_7e83f6635373db763dd5,1664,power_unavailable,warning,Preserved unparseable rating: AC
3814,r_d4d1f707c42e54e68ba0,1665,missing_source_id,info,Stable content-based record/location identifiers generated
3815,r_d4d1f707c42e54e68ba0,1665,missing_station_name,info,Name remains null; address is the display fallback
3816,r_10b954d68513027bbc7a,1666,missing_source_id,info,Stable content-based record/location identifiers generated
3817,r_10b954d68513027bbc7a,1666,missing_station_name,info,Name remains null; address is the display fallback
3818,r_4f6a52ce43727dae7137,1667,missing_source_id,info,Stable content-based record/location identifiers generated
3819,r_4f6a52ce43727dae7137,1667,missing_station_name,info,Name remains null; address is the display fallback
3820,r_1eb88ba54c394250dec9,1668,missing_source_id,info,Stable content-based record/location identifiers generated
3821,r_1eb88ba54c394250dec9,1668,power_unavailable,warning,Preserved unparseable rating: AC
3822,r_5ea4ef37133e334493ed,1669,missing_source_id,info,Stable content-based record/location identifiers generated
3823,r_5ea4ef37133e334493ed,1669,power_unavailable,warning,Preserved unparseable rating: AC
3824,r_dc16d6867a7372bb651f,1670,operator_normalized,info,BP -> BP Pulse (AU)
3825,r_dc16d6867a7372bb651f,1670,missing_source_id,info,Stable content-based record/location identifiers generated
3826,r_dc16d6867a7372bb651f,1670,missing_station_name,info,Name remains null; address is the display fallback
3827,r_916d1164e1d5f659897c,1671,missing_source_id,info,Stable content-based record/location identifiers generated
3828,r_916d1164e1d5f659897c,1671,missing_station_name,info,Name remains null; address is the display fallback
3829,r_916d1164e1d5f659897c,1671,power_unavailable,warning,Preserved unparseable rating: AC
3830,r_1c88ccf3087444dc67a2,1672,missing_source_id,info,Stable content-based record/location identifiers generated
3831,r_1c88ccf3087444dc67a2,1672,power_unavailable,warning,Preserved unparseable rating: AC
3832,r_7739ae3f7fdd4ad69ec4,1673,missing_source_id,info,Stable content-based record/location identifiers generated
3833,r_7739ae3f7fdd4ad69ec4,1673,missing_station_name,info,Name remains null; address is the display fallback
3834,r_d8e9e26d30c6164f335b,1674,missing_source_id,info,Stable content-based record/location identifiers generated
3835,r_d8e9e26d30c6164f335b,1674,power_unavailable,warning,Preserved unparseable rating: AC
3836,r_b9822022b7a8b2535240,1675,missing_source_id,info,Stable content-based record/location identifiers generated
3837,r_b9822022b7a8b2535240,1675,power_unavailable,warning,Preserved unparseable rating: AC
3838,r_7544ce4c0c0b40d422e2,1676,missing_source_id,info,Stable content-based record/location identifiers generated
3839,r_7544ce4c0c0b40d422e2,1676,missing_station_name,info,Name remains null; address is the display fallback
3840,r_7544ce4c0c0b40d422e2,1676,power_unavailable,warning,Preserved unparseable rating: AC
3841,r_850a385d92751821eb73,1677,missing_source_id,info,Stable content-based record/location identifiers generated
3842,r_850a385d92751821eb73,1677,power_unavailable,warning,Preserved unparseable rating: AC
3843,r_375a0100a0f4be64895a,1678,missing_source_id,info,Stable content-based record/location identifiers generated
3844,r_375a0100a0f4be64895a,1678,power_unavailable,warning,Preserved unparseable rating: AC
3845,r_dd6c810d7f9c3c0a1ff7,1679,missing_source_id,info,Stable content-based record/location identifiers generated
3846,r_dd6c810d7f9c3c0a1ff7,1679,missing_station_name,info,Name remains null; address is the display fallback
3847,r_a19bf62a34b55d2d6ad9,1680,missing_source_id,info,Stable content-based record/location identifiers generated
3848,r_a19bf62a34b55d2d6ad9,1680,missing_station_name,info,Name remains null; address is the display fallback
3849,r_69e3208ab97264c308db,1681,missing_source_id,info,Stable content-based record/location identifiers generated
3850,r_69e3208ab97264c308db,1681,missing_station_name,info,Name remains null; address is the display fallback
3851,r_fadc2c8a62b9cc9fada9,1682,missing_source_id,info,Stable content-based record/location identifiers generated
3852,r_fadc2c8a62b9cc9fada9,1682,power_unavailable,warning,Preserved unparseable rating: AC
3853,r_d823021efda9ed593b88,1683,missing_source_id,info,Stable content-based record/location identifiers generated
3854,r_d823021efda9ed593b88,1683,power_unavailable,warning,Preserved unparseable rating: AC
3855,r_ee4ccd8f3a0be40b25c8,1684,missing_source_id,info,Stable content-based record/location identifiers generated
3856,r_ee4ccd8f3a0be40b25c8,1684,missing_station_name,info,Name remains null; address is the display fallback
3857,r_02f4ce928503b4f8398a,1685,missing_source_id,info,Stable content-based record/location identifiers generated
3858,r_02f4ce928503b4f8398a,1685,missing_station_name,info,Name remains null; address is the display fallback
3859,r_2764c34143e3bea40b63,1686,missing_source_id,info,Stable content-based record/location identifiers generated
3860,r_2764c34143e3bea40b63,1686,power_unavailable,warning,Preserved unparseable rating: AC
3861,r_af54fd84e416d2604170,1687,missing_source_id,info,Stable content-based record/location identifiers generated
3862,r_af54fd84e416d2604170,1687,power_unavailable,warning,Preserved unparseable rating: AC
3863,r_63706632e620ba4201d6,1688,missing_source_id,info,Stable content-based record/location identifiers generated
3864,r_63706632e620ba4201d6,1688,power_unavailable,warning,Preserved unparseable rating: AC
3865,r_44192793681992026f34,1689,operator_normalized,info,BP -> BP Pulse (AU)
3866,r_44192793681992026f34,1689,missing_source_id,info,Stable content-based record/location identifiers generated
3867,r_44192793681992026f34,1689,missing_station_name,info,Name remains null; address is the display fallback
3868,r_df06ac961f966df2facd,1690,missing_source_id,info,Stable content-based record/location identifiers generated
3869,r_df06ac961f966df2facd,1690,power_unavailable,warning,Preserved unparseable rating: AC
3870,r_4cc84f7dfda41c20a912,1691,missing_source_id,info,Stable content-based record/location identifiers generated
3871,r_4cc84f7dfda41c20a912,1691,power_unavailable,warning,Preserved unparseable rating: AC
3872,r_a943068745022df1ca61,1692,missing_source_id,info,Stable content-based record/location identifiers generated
3873,r_a943068745022df1ca61,1692,power_unavailable,warning,Preserved unparseable rating: AC
3874,r_92cc7db1ab8f3fcdb412,1693,missing_source_id,info,Stable content-based record/location identifiers generated
3875,r_92cc7db1ab8f3fcdb412,1693,power_unavailable,warning,Preserved unparseable rating: AC
3876,r_9374c9b8bd2743e44c1a,1694,missing_source_id,info,Stable content-based record/location identifiers generated
3877,r_9374c9b8bd2743e44c1a,1694,missing_station_name,info,Name remains null; address is the display fallback
3878,r_eddc8185bdc8c8b14bbb,1695,missing_source_id,info,Stable content-based record/location identifiers generated
3879,r_eddc8185bdc8c8b14bbb,1695,missing_station_name,info,Name remains null; address is the display fallback
3880,r_d2860a906c37ec92a27f,1696,missing_source_id,info,Stable content-based record/location identifiers generated
3881,r_d2860a906c37ec92a27f,1696,missing_station_name,info,Name remains null; address is the display fallback
3882,r_f55d1de6718d580f78fa,1697,missing_source_id,info,Stable content-based record/location identifiers generated
3883,r_f55d1de6718d580f78fa,1697,missing_station_name,info,Name remains null; address is the display fallback
3884,r_ff60441c9dab4fb80eea,1698,missing_source_id,info,Stable content-based record/location identifiers generated
3885,r_ff60441c9dab4fb80eea,1698,missing_station_name,info,Name remains null; address is the display fallback
3886,r_b4b11f0188ad5bfe018a,1699,missing_source_id,info,Stable content-based record/location identifiers generated
3887,r_b4b11f0188ad5bfe018a,1699,power_unavailable,warning,Preserved unparseable rating: AC
3888,r_78e57811ea14570881ad,1700,missing_source_id,info,Stable content-based record/location identifiers generated
3889,r_78e57811ea14570881ad,1700,missing_station_name,info,Name remains null; address is the display fallback
3890,r_b7150820cb1124a07585,1701,missing_source_id,info,Stable content-based record/location identifiers generated
3891,r_b7150820cb1124a07585,1701,missing_station_name,info,Name remains null; address is the display fallback
3892,r_fb4f4ad7d31c80b7d1bc,1702,missing_source_id,info,Stable content-based record/location identifiers generated
3893,r_fb4f4ad7d31c80b7d1bc,1702,power_unavailable,warning,Preserved unparseable rating: AC
3894,r_71a9cc79014436edaeda,1703,missing_source_id,info,Stable content-based record/location identifiers generated
3895,r_71a9cc79014436edaeda,1703,missing_station_name,info,Name remains null; address is the display fallback
3896,r_1d6324cd90d6728b614a,1704,missing_source_id,info,Stable content-based record/location identifiers generated
3897,r_1d6324cd90d6728b614a,1704,power_unavailable,warning,Preserved unparseable rating: AC
3898,r_069fa4828c05a6125fb4,1705,missing_source_id,info,Stable content-based record/location identifiers generated
3899,r_069fa4828c05a6125fb4,1705,missing_station_name,info,Name remains null; address is the display fallback
3900,r_75cd51307e945b476873,1706,missing_source_id,info,Stable content-based record/location identifiers generated
3901,r_75cd51307e945b476873,1706,power_unavailable,warning,Preserved unparseable rating: AC
3902,r_9714cc22c84861299726,1707,missing_source_id,info,Stable content-based record/location identifiers generated
3903,r_9714cc22c84861299726,1707,missing_station_name,info,Name remains null; address is the display fallback
3904,r_9714cc22c84861299726,1707,power_unavailable,warning,Preserved unparseable rating: AC
3905,r_5fb0df66908e68deff58,1708,missing_source_id,info,Stable content-based record/location identifiers generated
3906,r_5fb0df66908e68deff58,1708,power_unavailable,warning,Preserved unparseable rating: AC
3907,r_c91de78924ffe2db9391,1709,missing_source_id,info,Stable content-based record/location identifiers generated
3908,r_c91de78924ffe2db9391,1709,missing_station_name,info,Name remains null; address is the display fallback
3909,r_090803b131271b061754,1710,missing_source_id,info,Stable content-based record/location identifiers generated
3910,r_090803b131271b061754,1710,power_unavailable,warning,Preserved unparseable rating: AC
3911,r_b8849ef769b7c91abce5,1711,missing_source_id,info,Stable content-based record/location identifiers generated
3912,r_b8849ef769b7c91abce5,1711,missing_station_name,info,Name remains null; address is the display fallback
3913,r_c2624fc2fccac3ba8a9f,1712,missing_source_id,info,Stable content-based record/location identifiers generated
3914,r_c2624fc2fccac3ba8a9f,1712,power_unavailable,warning,Preserved unparseable rating: AC
3915,r_259cb7944b44a6bbe4e8,1713,missing_source_id,info,Stable content-based record/location identifiers generated
3916,r_259cb7944b44a6bbe4e8,1713,power_unavailable,warning,Preserved unparseable rating: AC
3917,r_6b5771fb9fb5be7125e4,1714,missing_source_id,info,Stable content-based record/location identifiers generated
3918,r_6b5771fb9fb5be7125e4,1714,power_unavailable,warning,Preserved unparseable rating: AC
3919,r_e4849030142785534dae,1715,missing_source_id,info,Stable content-based record/location identifiers generated
3920,r_e4849030142785534dae,1715,missing_station_name,info,Name remains null; address is the display fallback
3921,r_483b208f4e22e8388d3c,1716,missing_source_id,info,Stable content-based record/location identifiers generated
3922,r_483b208f4e22e8388d3c,1716,power_unavailable,warning,Preserved unparseable rating: AC
3923,r_9f4ee68a790887597eda,1717,missing_source_id,info,Stable content-based record/location identifiers generated
3924,r_9f4ee68a790887597eda,1717,missing_station_name,info,Name remains null; address is the display fallback
3925,r_584f0716616e24ceb1eb,1718,missing_source_id,info,Stable content-based record/location identifiers generated
3926,r_584f0716616e24ceb1eb,1718,missing_station_name,info,Name remains null; address is the display fallback
3927,r_111e709f84ddf96d0ec3,1719,operator_normalized,info,Evie Networks -> Evie
3928,r_111e709f84ddf96d0ec3,1719,missing_source_id,info,Stable content-based record/location identifiers generated
3929,r_111e709f84ddf96d0ec3,1719,missing_station_name,info,Name remains null; address is the display fallback
3930,r_83adde345908446014d1,1720,operator_normalized,info,Evie Networks -> Evie
3931,r_83adde345908446014d1,1720,missing_source_id,info,Stable content-based record/location identifiers generated
3932,r_83adde345908446014d1,1720,missing_station_name,info,Name remains null; address is the display fallback
3933,r_1f8d037f8abb821edaeb,1721,missing_source_id,info,Stable content-based record/location identifiers generated
3934,r_1f8d037f8abb821edaeb,1721,power_unavailable,warning,Preserved unparseable rating: AC
3935,r_8653f5ab78b474dca49d,1722,missing_source_id,info,Stable content-based record/location identifiers generated
3936,r_8653f5ab78b474dca49d,1722,missing_station_name,info,Name remains null; address is the display fallback
3937,r_54e0cc795952cf324645,1723,missing_source_id,info,Stable content-based record/location identifiers generated
3938,r_54e0cc795952cf324645,1723,power_unavailable,warning,Preserved unparseable rating: AC
3939,r_774baec299bcc17cfe80,1724,operator_normalized,info,Evie Networks -> Evie
3940,r_774baec299bcc17cfe80,1724,missing_source_id,info,Stable content-based record/location identifiers generated
3941,r_774baec299bcc17cfe80,1724,missing_station_name,info,Name remains null; address is the display fallback
3942,r_18d1cc81bb29a9c5aee4,1725,missing_source_id,info,Stable content-based record/location identifiers generated
3943,r_18d1cc81bb29a9c5aee4,1725,missing_station_name,info,Name remains null; address is the display fallback
3944,r_2744df26ff6013f8aed1,1726,missing_source_id,info,Stable content-based record/location identifiers generated
3945,r_2744df26ff6013f8aed1,1726,missing_station_name,info,Name remains null; address is the display fallback
3946,r_235867f3bb23d1a7899a,1727,missing_source_id,info,Stable content-based record/location identifiers generated
3947,r_235867f3bb23d1a7899a,1727,missing_station_name,info,Name remains null; address is the display fallback
3948,r_0d42b99f125694550a25,1728,missing_source_id,info,Stable content-based record/location identifiers generated
3949,r_0d42b99f125694550a25,1728,missing_station_name,info,Name remains null; address is the display fallback
3950,r_9c5ea9c7d7abd2294563,1729,missing_source_id,info,Stable content-based record/location identifiers generated
3951,r_9c5ea9c7d7abd2294563,1729,missing_station_name,info,Name remains null; address is the display fallback
3952,r_d3700442479854c9cff3,1730,missing_source_id,info,Stable content-based record/location identifiers generated
3953,r_d3700442479854c9cff3,1730,missing_station_name,info,Name remains null; address is the display fallback
3954,r_3df5f84a65dbcaeeff6e,1731,missing_source_id,info,Stable content-based record/location identifiers generated
3955,r_3df5f84a65dbcaeeff6e,1731,power_unavailable,warning,Preserved unparseable rating: AC
3956,r_e2da55bb03dd5002cc46,1732,missing_source_id,info,Stable content-based record/location identifiers generated
3957,r_e2da55bb03dd5002cc46,1732,power_unavailable,warning,Preserved unparseable rating: AC
3958,r_7291d0c417b149145a0e,1733,missing_source_id,info,Stable content-based record/location identifiers generated
3959,r_7291d0c417b149145a0e,1733,missing_station_name,info,Name remains null; address is the display fallback
3960,r_4e93dd82e3adc8a2715b,1734,missing_source_id,info,Stable content-based record/location identifiers generated
3961,r_4e93dd82e3adc8a2715b,1734,power_unavailable,warning,Preserved unparseable rating: AC
3962,r_8574ab101369b04e3e52,1735,operator_normalized,info,Evie Networks -> Evie
3963,r_8574ab101369b04e3e52,1735,missing_source_id,info,Stable content-based record/location identifiers generated
3964,r_8574ab101369b04e3e52,1735,missing_station_name,info,Name remains null; address is the display fallback
3965,r_2c709e28968b584da8b1,1736,missing_source_id,info,Stable content-based record/location identifiers generated
3966,r_2c709e28968b584da8b1,1736,missing_station_name,info,Name remains null; address is the display fallback
3967,r_3421cc6682293b69a71a,1737,missing_source_id,info,Stable content-based record/location identifiers generated
3968,r_3421cc6682293b69a71a,1737,power_unavailable,warning,Preserved unparseable rating: AC
3969,r_71123910b4629d6c8953,1738,missing_source_id,info,Stable content-based record/location identifiers generated
3970,r_71123910b4629d6c8953,1738,missing_station_name,info,Name remains null; address is the display fallback
3971,r_43867aa852e079b41e69,1739,missing_source_id,info,Stable content-based record/location identifiers generated
3972,r_43867aa852e079b41e69,1739,missing_station_name,info,Name remains null; address is the display fallback
3973,r_72f39b6a010adfe4e967,1740,missing_source_id,info,Stable content-based record/location identifiers generated
3974,r_72f39b6a010adfe4e967,1740,power_unavailable,warning,Preserved unparseable rating: AC
3975,r_5f86b0a1e59724868717,1741,missing_source_id,info,Stable content-based record/location identifiers generated
3976,r_5f86b0a1e59724868717,1741,missing_station_name,info,Name remains null; address is the display fallback
3977,r_9e59feb5c2b387e92904,1742,missing_source_id,info,Stable content-based record/location identifiers generated
3978,r_9e59feb5c2b387e92904,1742,missing_station_name,info,Name remains null; address is the display fallback
3979,r_04732a2a3345e80fabce,1743,operator_normalized,info,Evie Networks -> Evie
3980,r_04732a2a3345e80fabce,1743,missing_source_id,info,Stable content-based record/location identifiers generated
3981,r_04732a2a3345e80fabce,1743,missing_station_name,info,Name remains null; address is the display fallback
3982,r_47e7dbec0a02057f07d1,1744,missing_source_id,info,Stable content-based record/location identifiers generated
3983,r_47e7dbec0a02057f07d1,1744,power_unavailable,warning,Preserved unparseable rating: AC
3984,r_44cde3928faf5e5a3b07,1745,missing_source_id,info,Stable content-based record/location identifiers generated
3985,r_44cde3928faf5e5a3b07,1745,missing_station_name,info,Name remains null; address is the display fallback
3986,r_6e1ccc78f8d88fd0ed09,1746,missing_source_id,info,Stable content-based record/location identifiers generated
3987,r_6e1ccc78f8d88fd0ed09,1746,power_unavailable,warning,Preserved unparseable rating: AC
3988,r_eb0fd6b81133601c25b7,1747,missing_source_id,info,Stable content-based record/location identifiers generated
3989,r_eb0fd6b81133601c25b7,1747,power_unavailable,warning,Preserved unparseable rating: AC
3990,r_601732e22475e296a482,1748,missing_source_id,info,Stable content-based record/location identifiers generated
3991,r_601732e22475e296a482,1748,missing_station_name,info,Name remains null; address is the display fallback
3992,r_6b0132f0be60570d0171,1749,missing_source_id,info,Stable content-based record/location identifiers generated
3993,r_6b0132f0be60570d0171,1749,missing_station_name,info,Name remains null; address is the display fallback
3994,r_6c2a6e73af78cb9a637b,1750,missing_source_id,info,Stable content-based record/location identifiers generated
3995,r_6c2a6e73af78cb9a637b,1750,power_unavailable,warning,Preserved unparseable rating: AC
3996,r_677d6887b4db4d88d069,1751,missing_source_id,info,Stable content-based record/location identifiers generated
3997,r_677d6887b4db4d88d069,1751,power_unavailable,warning,Preserved unparseable rating: AC
3998,r_7b792b8e710c0980d226,1752,missing_source_id,info,Stable content-based record/location identifiers generated
3999,r_7b792b8e710c0980d226,1752,power_unavailable,warning,Preserved unparseable rating: AC
4000,r_580f3057b3a598af5766,1753,missing_source_id,info,Stable content-based record/location identifiers generated
4001,r_580f3057b3a598af5766,1753,missing_station_name,info,Name remains null; address is the display fallback
4002,r_4bb3591a432647ddf486,1754,missing_source_id,info,Stable content-based record/location identifiers generated
4003,r_4bb3591a432647ddf486,1754,power_unavailable,warning,Preserved unparseable rating: AC
4004,r_82396c4bc89936b012c2,1755,missing_source_id,info,Stable content-based record/location identifiers generated
4005,r_82396c4bc89936b012c2,1755,power_unavailable,warning,Preserved unparseable rating: AC
4006,r_7e3d36cd8d44857ed291,1756,missing_source_id,info,Stable content-based record/location identifiers generated
4007,r_7e3d36cd8d44857ed291,1756,power_unavailable,warning,Preserved unparseable rating: AC
4008,r_9d02f0ee6cbbd7f8fbb4,1757,missing_source_id,info,Stable content-based record/location identifiers generated
4009,r_9d02f0ee6cbbd7f8fbb4,1757,power_unavailable,warning,Preserved unparseable rating: AC
4010,r_1ade6da56c79da70e435,1758,missing_source_id,info,Stable content-based record/location identifiers generated
4011,r_1ade6da56c79da70e435,1758,missing_station_name,info,Name remains null; address is the display fallback
4012,r_0d68419a6871def82ce3,1759,missing_source_id,info,Stable content-based record/location identifiers generated
4013,r_0d68419a6871def82ce3,1759,power_unavailable,warning,Preserved unparseable rating: AC
4014,r_58a4ed0a25fb1e20d522,1760,operator_normalized,info,Evie Networks -> Evie
4015,r_58a4ed0a25fb1e20d522,1760,missing_source_id,info,Stable content-based record/location identifiers generated
4016,r_58a4ed0a25fb1e20d522,1760,missing_station_name,info,Name remains null; address is the display fallback
4017,r_885d37298d9515fe8184,1761,missing_source_id,info,Stable content-based record/location identifiers generated
4018,r_885d37298d9515fe8184,1761,power_unavailable,warning,Preserved unparseable rating: AC
4019,r_36c7f3f7d763733f2be4,1762,missing_source_id,info,Stable content-based record/location identifiers generated
4020,r_36c7f3f7d763733f2be4,1762,power_unavailable,warning,Preserved unparseable rating: AC
4021,r_af6adef781a694176fad,1763,missing_source_id,info,Stable content-based record/location identifiers generated
4022,r_af6adef781a694176fad,1763,power_unavailable,warning,Preserved unparseable rating: AC
4023,r_9347b215f1794ef17ee2,1764,missing_source_id,info,Stable content-based record/location identifiers generated
4024,r_9347b215f1794ef17ee2,1764,power_unavailable,warning,Preserved unparseable rating: AC
4025,r_15f2a3e0c4f797759186,1765,missing_source_id,info,Stable content-based record/location identifiers generated
4026,r_15f2a3e0c4f797759186,1765,missing_station_name,info,Name remains null; address is the display fallback
4027,r_207bac9bc7b6aa7a9357,1766,missing_source_id,info,Stable content-based record/location identifiers generated
4028,r_207bac9bc7b6aa7a9357,1766,power_unavailable,warning,Preserved unparseable rating: AC
4029,r_a303777dbdb383a4e9bf,1767,missing_source_id,info,Stable content-based record/location identifiers generated
4030,r_a303777dbdb383a4e9bf,1767,power_unavailable,warning,Preserved unparseable rating: AC
4031,r_4cda405fff10c7bdfe0c,1768,operator_normalized,info,BP -> BP Pulse (AU)
4032,r_4cda405fff10c7bdfe0c,1768,missing_source_id,info,Stable content-based record/location identifiers generated
4033,r_4cda405fff10c7bdfe0c,1768,missing_station_name,info,Name remains null; address is the display fallback
4034,r_2dd8e8219d0c595b61ed,1769,missing_source_id,info,Stable content-based record/location identifiers generated
4035,r_2dd8e8219d0c595b61ed,1769,power_unavailable,warning,Preserved unparseable rating: AC
4036,r_92ea673305979c93feed,1770,missing_source_id,info,Stable content-based record/location identifiers generated
4037,r_92ea673305979c93feed,1770,missing_station_name,info,Name remains null; address is the display fallback
4038,r_da5d50a5aa67ca41070c,1771,missing_source_id,info,Stable content-based record/location identifiers generated
4039,r_da5d50a5aa67ca41070c,1771,missing_station_name,info,Name remains null; address is the display fallback
4040,r_de5b562bef0e34753ea7,1772,missing_source_id,info,Stable content-based record/location identifiers generated
4041,r_de5b562bef0e34753ea7,1772,missing_station_name,info,Name remains null; address is the display fallback
4042,r_f94287014610383c0db2,1773,missing_source_id,info,Stable content-based record/location identifiers generated
4043,r_f94287014610383c0db2,1773,power_unavailable,warning,Preserved unparseable rating: AC
4044,r_7ef9907efc9bec4a7785,1774,missing_source_id,info,Stable content-based record/location identifiers generated
4045,r_7ef9907efc9bec4a7785,1774,power_unavailable,warning,Preserved unparseable rating: AC
4046,r_7d922ba146c35a2d1983,1775,missing_source_id,info,Stable content-based record/location identifiers generated
4047,r_7d922ba146c35a2d1983,1775,power_unavailable,warning,Preserved unparseable rating: AC
4048,r_2eb564e9ec7fe2bf2fbe,1776,missing_source_id,info,Stable content-based record/location identifiers generated
4049,r_2eb564e9ec7fe2bf2fbe,1776,power_unavailable,warning,Preserved unparseable rating: AC
4050,r_b6b78f12cc2138f72c38,1777,missing_source_id,info,Stable content-based record/location identifiers generated
4051,r_b6b78f12cc2138f72c38,1777,power_unavailable,warning,Preserved unparseable rating: AC
4052,r_32019f0f4db499f4fe21,1778,missing_source_id,info,Stable content-based record/location identifiers generated
4053,r_32019f0f4db499f4fe21,1778,missing_station_name,info,Name remains null; address is the display fallback
4054,r_cc171e6a128e78f965e3,1779,missing_source_id,info,Stable content-based record/location identifiers generated
4055,r_cc171e6a128e78f965e3,1779,power_unavailable,warning,Preserved unparseable rating: AC
4056,r_7eb6095ca62c817b9326,1780,missing_source_id,info,Stable content-based record/location identifiers generated
4057,r_7eb6095ca62c817b9326,1780,missing_station_name,info,Name remains null; address is the display fallback
4058,r_098e6c3f1a24f50b7725,1781,missing_source_id,info,Stable content-based record/location identifiers generated
4059,r_098e6c3f1a24f50b7725,1781,power_unavailable,warning,Preserved unparseable rating: AC
4060,r_688f69106a93651fc8a5,1782,missing_source_id,info,Stable content-based record/location identifiers generated
4061,r_688f69106a93651fc8a5,1782,power_unavailable,warning,Preserved unparseable rating: AC
4062,r_8429afe4d58c30a38ea9,1783,missing_source_id,info,Stable content-based record/location identifiers generated
4063,r_8429afe4d58c30a38ea9,1783,power_unavailable,warning,Preserved unparseable rating: AC
4064,r_480237e9d8bc2f931377,1784,operator_normalized,info,Evie Networks -> Evie
4065,r_480237e9d8bc2f931377,1784,missing_source_id,info,Stable content-based record/location identifiers generated
4066,r_480237e9d8bc2f931377,1784,missing_station_name,info,Name remains null; address is the display fallback
4067,r_fa9709acf3a2fe3c12f1,1785,missing_source_id,info,Stable content-based record/location identifiers generated
4068,r_fa9709acf3a2fe3c12f1,1785,power_unavailable,warning,Preserved unparseable rating: AC
4069,r_25c0316728a64e00180e,1786,missing_source_id,info,Stable content-based record/location identifiers generated
4070,r_25c0316728a64e00180e,1786,power_unavailable,warning,Preserved unparseable rating: AC
4071,r_48d05f42ae227a4a4ec5,1787,missing_source_id,info,Stable content-based record/location identifiers generated
4072,r_48d05f42ae227a4a4ec5,1787,power_unavailable,warning,Preserved unparseable rating: AC
4073,r_80b2567bafadf23059e7,1788,missing_source_id,info,Stable content-based record/location identifiers generated
4074,r_80b2567bafadf23059e7,1788,power_unavailable,warning,Preserved unparseable rating: AC
4075,r_f78b30a8a563ecea51ae,1789,missing_source_id,info,Stable content-based record/location identifiers generated
4076,r_f78b30a8a563ecea51ae,1789,missing_station_name,info,Name remains null; address is the display fallback
4077,r_5c0d18066774faa9b4da,1790,missing_source_id,info,Stable content-based record/location identifiers generated
4078,r_5c0d18066774faa9b4da,1790,missing_station_name,info,Name remains null; address is the display fallback
4079,r_26e72e0bd2f521d43b56,1791,missing_source_id,info,Stable content-based record/location identifiers generated
4080,r_26e72e0bd2f521d43b56,1791,power_unavailable,warning,Preserved unparseable rating: AC
4081,r_b1def28b4e3e99cbcd7c,1792,missing_source_id,info,Stable content-based record/location identifiers generated
4082,r_b1def28b4e3e99cbcd7c,1792,power_unavailable,warning,Preserved unparseable rating: AC
4083,r_b626a303113ed181ab21,1793,missing_source_id,info,Stable content-based record/location identifiers generated
4084,r_b626a303113ed181ab21,1793,power_unavailable,warning,Preserved unparseable rating: AC
4085,r_d24ba81a6c7beb29d103,1794,missing_source_id,info,Stable content-based record/location identifiers generated
4086,r_d24ba81a6c7beb29d103,1794,power_unavailable,warning,Preserved unparseable rating: AC
4087,r_b0ce14c82b2f4a69d3f6,1795,missing_source_id,info,Stable content-based record/location identifiers generated
4088,r_b0ce14c82b2f4a69d3f6,1795,power_unavailable,warning,Preserved unparseable rating: AC
4089,r_bf829f96569dcaa28121,1796,missing_source_id,info,Stable content-based record/location identifiers generated
4090,r_bf829f96569dcaa28121,1796,power_unavailable,warning,Preserved unparseable rating: AC
4091,r_2faea5a1ea6af143187b,1797,operator_normalized,info,Evie Networks -> Evie
4092,r_2faea5a1ea6af143187b,1797,missing_source_id,info,Stable content-based record/location identifiers generated
4093,r_2faea5a1ea6af143187b,1797,missing_station_name,info,Name remains null; address is the display fallback
4094,r_14adcffd53c48f32ffc6,1798,missing_source_id,info,Stable content-based record/location identifiers generated
4095,r_14adcffd53c48f32ffc6,1798,power_unavailable,warning,Preserved unparseable rating: AC
4096,r_7a2d8eff553ccc37d28c,1799,missing_source_id,info,Stable content-based record/location identifiers generated
4097,r_7a2d8eff553ccc37d28c,1799,power_unavailable,warning,Preserved unparseable rating: AC
4098,r_13ab581459e60ad59bfc,1800,missing_source_id,info,Stable content-based record/location identifiers generated
4099,r_13ab581459e60ad59bfc,1800,power_unavailable,warning,Preserved unparseable rating: AC
4100,r_3e59fbbf199819502819,1801,missing_source_id,info,Stable content-based record/location identifiers generated
4101,r_3e59fbbf199819502819,1801,power_unavailable,warning,Preserved unparseable rating: AC
4102,r_9f462f3e3bfe856dfa3e,1802,missing_source_id,info,Stable content-based record/location identifiers generated
4103,r_9f462f3e3bfe856dfa3e,1802,power_unavailable,warning,Preserved unparseable rating: AC
4104,r_4b130936fdb45e4860d7,1803,missing_source_id,info,Stable content-based record/location identifiers generated
4105,r_4b130936fdb45e4860d7,1803,power_unavailable,warning,Preserved unparseable rating: AC
4106,r_9a6a56668fb7452566cb,1804,missing_source_id,info,Stable content-based record/location identifiers generated
4107,r_9a6a56668fb7452566cb,1804,power_unavailable,warning,Preserved unparseable rating: AC
4108,r_5e85bfcc9f2e46a1bf66,1805,missing_source_id,info,Stable content-based record/location identifiers generated
4109,r_5e85bfcc9f2e46a1bf66,1805,power_unavailable,warning,Preserved unparseable rating: AC
4110,r_2338ab5f67511b282dc7,1806,missing_source_id,info,Stable content-based record/location identifiers generated
4111,r_2338ab5f67511b282dc7,1806,power_unavailable,warning,Preserved unparseable rating: AC
4112,r_a87833fdc81af4bded84,1807,missing_source_id,info,Stable content-based record/location identifiers generated
4113,r_a87833fdc81af4bded84,1807,missing_station_name,info,Name remains null; address is the display fallback
4114,r_bc69a8fbfd2e94dc0ed5,1808,missing_source_id,info,Stable content-based record/location identifiers generated
4115,r_bc69a8fbfd2e94dc0ed5,1808,power_unavailable,warning,Preserved unparseable rating: AC
4116,r_2d9b953239ddaa13a49a,1809,missing_source_id,info,Stable content-based record/location identifiers generated
4117,r_2d9b953239ddaa13a49a,1809,power_unavailable,warning,Preserved unparseable rating: AC
4118,r_f9ba839d88b92efc1325,1810,missing_source_id,info,Stable content-based record/location identifiers generated
4119,r_f9ba839d88b92efc1325,1810,power_unavailable,warning,Preserved unparseable rating: AC
4120,r_6fc6c35117ed38ba3f09,1811,missing_source_id,info,Stable content-based record/location identifiers generated
4121,r_6fc6c35117ed38ba3f09,1811,power_unavailable,warning,Preserved unparseable rating: AC
4122,r_684e36b8427478962a78,1812,missing_source_id,info,Stable content-based record/location identifiers generated
4123,r_684e36b8427478962a78,1812,power_unavailable,warning,Preserved unparseable rating: AC
4124,r_2830df22a51526126bc8,1813,missing_source_id,info,Stable content-based record/location identifiers generated
4125,r_2830df22a51526126bc8,1813,power_unavailable,warning,Preserved unparseable rating: AC
4126,r_12643d94b90a100b3149,1814,missing_source_id,info,Stable content-based record/location identifiers generated
4127,r_12643d94b90a100b3149,1814,power_unavailable,warning,Preserved unparseable rating: AC
4128,r_afc0ee5d3f4455fddd61,1815,missing_source_id,info,Stable content-based record/location identifiers generated
4129,r_afc0ee5d3f4455fddd61,1815,missing_station_name,info,Name remains null; address is the display fallback
4130,r_f427d2f974633c19ff8c,1816,missing_source_id,info,Stable content-based record/location identifiers generated
4131,r_f427d2f974633c19ff8c,1816,missing_station_name,info,Name remains null; address is the display fallback
4132,r_77e1f7392b83c6f8964f,1817,missing_source_id,info,Stable content-based record/location identifiers generated
4133,r_77e1f7392b83c6f8964f,1817,power_unavailable,warning,Preserved unparseable rating: AC
4134,r_9776d71795be14d53e82,1818,missing_source_id,info,Stable content-based record/location identifiers generated
4135,r_9776d71795be14d53e82,1818,missing_station_name,info,Name remains null; address is the display fallback
4136,r_ef51beac7bea83a9ccc1,1819,missing_source_id,info,Stable content-based record/location identifiers generated
4137,r_ef51beac7bea83a9ccc1,1819,power_unavailable,warning,Preserved unparseable rating: AC
4138,r_bac7204c8a91fc8eb70b,1820,missing_source_id,info,Stable content-based record/location identifiers generated
4139,r_bac7204c8a91fc8eb70b,1820,power_unavailable,warning,Preserved unparseable rating: AC
4140,r_37ede098ce3188636762,1821,missing_source_id,info,Stable content-based record/location identifiers generated
4141,r_37ede098ce3188636762,1821,power_unavailable,warning,Preserved unparseable rating: AC
4142,r_69bd5b2fa76452013584,1822,missing_source_id,info,Stable content-based record/location identifiers generated
4143,r_69bd5b2fa76452013584,1822,missing_station_name,info,Name remains null; address is the display fallback
4144,r_cc991745509cc3951f5c,1823,missing_source_id,info,Stable content-based record/location identifiers generated
4145,r_cc991745509cc3951f5c,1823,power_unavailable,warning,Preserved unparseable rating: AC
4146,r_15881f25018e4d1af36f,1824,missing_source_id,info,Stable content-based record/location identifiers generated
4147,r_15881f25018e4d1af36f,1824,missing_station_name,info,Name remains null; address is the display fallback
4148,r_ce54ad13d1d6bd83311b,1825,missing_source_id,info,Stable content-based record/location identifiers generated
4149,r_ce54ad13d1d6bd83311b,1825,missing_station_name,info,Name remains null; address is the display fallback
4150,r_cc135480265ec2111bd8,1826,missing_source_id,info,Stable content-based record/location identifiers generated
4151,r_cc135480265ec2111bd8,1826,missing_station_name,info,Name remains null; address is the display fallback
4152,r_148340bcfc64a1f1b4bd,1827,missing_source_id,info,Stable content-based record/location identifiers generated
4153,r_148340bcfc64a1f1b4bd,1827,power_unavailable,warning,Preserved unparseable rating: AC
4154,r_f50f8f583407547758c0,1828,missing_source_id,info,Stable content-based record/location identifiers generated
4155,r_f50f8f583407547758c0,1828,power_unavailable,warning,Preserved unparseable rating: AC
4156,r_7994d821ee64a1ef058c,1829,missing_source_id,info,Stable content-based record/location identifiers generated
4157,r_7994d821ee64a1ef058c,1829,power_unavailable,warning,Preserved unparseable rating: AC
4158,r_1838d8a09ede135864a6,1830,missing_source_id,info,Stable content-based record/location identifiers generated
4159,r_1838d8a09ede135864a6,1830,power_unavailable,warning,Preserved unparseable rating: AC
4160,r_c33958334d8f51466a47,1831,missing_source_id,info,Stable content-based record/location identifiers generated
4161,r_c33958334d8f51466a47,1831,missing_station_name,info,Name remains null; address is the display fallback
4162,r_88d9d7ce982bfc83ab23,1832,missing_source_id,info,Stable content-based record/location identifiers generated
4163,r_88d9d7ce982bfc83ab23,1832,missing_station_name,info,Name remains null; address is the display fallback
4164,r_88d9d7ce982bfc83ab23,1832,power_unavailable,warning,Preserved unparseable rating: AC
4165,r_4495fdbaf4f99ea74ecc,1833,operator_normalized,info,Charge Hub -> ChargeHub
4166,r_4495fdbaf4f99ea74ecc,1833,missing_source_id,info,Stable content-based record/location identifiers generated
4167,r_4495fdbaf4f99ea74ecc,1833,power_unavailable,warning,Preserved unparseable rating: AC
4168,r_2a1a79dff1d1444312da,1834,missing_source_id,info,Stable content-based record/location identifiers generated
4169,r_2a1a79dff1d1444312da,1834,missing_station_name,info,Name remains null; address is the display fallback
4170,r_edb3e5a80156a3131eb8,1835,missing_source_id,info,Stable content-based record/location identifiers generated
4171,r_edb3e5a80156a3131eb8,1835,missing_station_name,info,Name remains null; address is the display fallback
4172,r_ae2affb683d94150a3c6,1836,missing_source_id,info,Stable content-based record/location identifiers generated
4173,r_ae2affb683d94150a3c6,1836,power_unavailable,warning,Preserved unparseable rating: AC
4174,r_d6412e51fa7bac9c1b06,1837,missing_source_id,info,Stable content-based record/location identifiers generated
4175,r_d6412e51fa7bac9c1b06,1837,missing_station_name,info,Name remains null; address is the display fallback
4176,r_34baee8418f3446fe965,1838,missing_source_id,info,Stable content-based record/location identifiers generated
4177,r_34baee8418f3446fe965,1838,power_unavailable,warning,Preserved unparseable rating: AC
4178,r_a5b56b72446eeb98d723,1839,missing_source_id,info,Stable content-based record/location identifiers generated
4179,r_a5b56b72446eeb98d723,1839,power_unavailable,warning,Preserved unparseable rating: AC
4180,r_16df539c3c8ea020c0aa,1840,operator_normalized,info,BP -> BP Pulse (AU)
4181,r_16df539c3c8ea020c0aa,1840,missing_source_id,info,Stable content-based record/location identifiers generated
4182,r_16df539c3c8ea020c0aa,1840,missing_station_name,info,Name remains null; address is the display fallback
4183,r_747b6b5a7ec3486d28ee,1841,missing_source_id,info,Stable content-based record/location identifiers generated
4184,r_747b6b5a7ec3486d28ee,1841,power_unavailable,warning,Preserved unparseable rating: AC
4185,r_64620431d850da113d08,1842,missing_source_id,info,Stable content-based record/location identifiers generated
4186,r_64620431d850da113d08,1842,power_unavailable,warning,Preserved unparseable rating: AC
4187,r_de2abe28247bf2e8cd01,1843,missing_source_id,info,Stable content-based record/location identifiers generated
4188,r_de2abe28247bf2e8cd01,1843,missing_station_name,info,Name remains null; address is the display fallback
4189,r_4643c72794dde94aec47,1844,missing_source_id,info,Stable content-based record/location identifiers generated
4190,r_4643c72794dde94aec47,1844,missing_station_name,info,Name remains null; address is the display fallback
4191,r_9e0e7cfc7c84aed949ef,1845,missing_source_id,info,Stable content-based record/location identifiers generated
4192,r_9e0e7cfc7c84aed949ef,1845,missing_station_name,info,Name remains null; address is the display fallback
4193,r_98e852f7b64ef3c7b04f,1846,missing_source_id,info,Stable content-based record/location identifiers generated
4194,r_98e852f7b64ef3c7b04f,1846,missing_station_name,info,Name remains null; address is the display fallback
4195,r_6db77b09babb6d205059,1847,missing_source_id,info,Stable content-based record/location identifiers generated
4196,r_6db77b09babb6d205059,1847,power_unavailable,warning,Preserved unparseable rating: AC
4197,r_76af19de2a9f826d742f,1848,missing_source_id,info,Stable content-based record/location identifiers generated
4198,r_76af19de2a9f826d742f,1848,power_unavailable,warning,Preserved unparseable rating: AC
4199,r_fd4929c3a90870da512e,1849,missing_source_id,info,Stable content-based record/location identifiers generated
4200,r_fd4929c3a90870da512e,1849,missing_station_name,info,Name remains null; address is the display fallback
4201,r_bc5b0edf1b0318485819,1850,missing_source_id,info,Stable content-based record/location identifiers generated
4202,r_bc5b0edf1b0318485819,1850,power_unavailable,warning,Preserved unparseable rating: AC
4203,r_e0e17f9b5f65d02c878d,1851,missing_source_id,info,Stable content-based record/location identifiers generated
4204,r_e0e17f9b5f65d02c878d,1851,power_unavailable,warning,Preserved unparseable rating: AC
4205,r_13e596ae2b05222e57b1,1852,missing_source_id,info,Stable content-based record/location identifiers generated
4206,r_13e596ae2b05222e57b1,1852,missing_station_name,info,Name remains null; address is the display fallback
4207,r_f3d1987c04e2d43cf0c4,1853,missing_source_id,info,Stable content-based record/location identifiers generated
4208,r_f3d1987c04e2d43cf0c4,1853,missing_station_name,info,Name remains null; address is the display fallback
4209,r_d524cf88c939964f2d17,1854,missing_source_id,info,Stable content-based record/location identifiers generated
4210,r_d524cf88c939964f2d17,1854,power_unavailable,warning,Preserved unparseable rating: AC
4211,r_7795786b51a69f4f770d,1855,missing_source_id,info,Stable content-based record/location identifiers generated
4212,r_7795786b51a69f4f770d,1855,power_unavailable,warning,Preserved unparseable rating: AC
4213,r_8af2d28cd6902cb9540b,1856,missing_source_id,info,Stable content-based record/location identifiers generated
4214,r_8af2d28cd6902cb9540b,1856,missing_station_name,info,Name remains null; address is the display fallback
4215,r_cf172525c4b132a64ad0,1857,missing_source_id,info,Stable content-based record/location identifiers generated
4216,r_cf172525c4b132a64ad0,1857,missing_station_name,info,Name remains null; address is the display fallback
4217,r_2def962253c2465e6b04,1858,missing_source_id,info,Stable content-based record/location identifiers generated
4218,r_2def962253c2465e6b04,1858,missing_station_name,info,Name remains null; address is the display fallback
4219,r_6982883cac9b1c9c5452,1859,missing_source_id,info,Stable content-based record/location identifiers generated
4220,r_6982883cac9b1c9c5452,1859,missing_station_name,info,Name remains null; address is the display fallback
4221,r_d31b54e28f9072bb50c9,1860,missing_source_id,info,Stable content-based record/location identifiers generated
4222,r_d31b54e28f9072bb50c9,1860,power_unavailable,warning,Preserved unparseable rating: AC
4223,r_7eb57f92ab6f23667688,1861,operator_normalized,info,Evie Networks -> Evie
4224,r_7eb57f92ab6f23667688,1861,missing_source_id,info,Stable content-based record/location identifiers generated
4225,r_7eb57f92ab6f23667688,1861,missing_station_name,info,Name remains null; address is the display fallback
4226,r_eb658cd8ba040758f792,1862,missing_source_id,info,Stable content-based record/location identifiers generated
4227,r_eb658cd8ba040758f792,1862,power_unavailable,warning,Preserved unparseable rating: AC
4228,r_2490c673b963dd4105b2,1863,missing_source_id,info,Stable content-based record/location identifiers generated
4229,r_2490c673b963dd4105b2,1863,power_unavailable,warning,Preserved unparseable rating: AC
4230,r_87ea6721503938654add,1864,missing_source_id,info,Stable content-based record/location identifiers generated
4231,r_87ea6721503938654add,1864,power_unavailable,warning,Preserved unparseable rating: AC
4232,r_947fb4efe01456c69720,1865,missing_source_id,info,Stable content-based record/location identifiers generated
4233,r_947fb4efe01456c69720,1865,power_unavailable,warning,Preserved unparseable rating: AC
4234,r_aa6419ec3fcb7ce5bc0a,1866,missing_source_id,info,Stable content-based record/location identifiers generated
4235,r_aa6419ec3fcb7ce5bc0a,1866,power_unavailable,warning,Preserved unparseable rating: AC
4236,r_155ad1222e7d82ed71e5,1867,missing_source_id,info,Stable content-based record/location identifiers generated
4237,r_155ad1222e7d82ed71e5,1867,missing_station_name,info,Name remains null; address is the display fallback
4238,r_95b0c7fc1b6f2c85a8ce,1868,missing_source_id,info,Stable content-based record/location identifiers generated
4239,r_95b0c7fc1b6f2c85a8ce,1868,missing_station_name,info,Name remains null; address is the display fallback
4240,r_40a306f555882cfd1e41,1869,missing_source_id,info,Stable content-based record/location identifiers generated
4241,r_40a306f555882cfd1e41,1869,missing_station_name,info,Name remains null; address is the display fallback
4242,r_7cf6e489bc5f42fa3a7e,1870,missing_source_id,info,Stable content-based record/location identifiers generated
4243,r_7cf6e489bc5f42fa3a7e,1870,power_unavailable,warning,Preserved unparseable rating: AC
4244,r_e2bf77fd5d0da8dbc4bb,1871,missing_source_id,info,Stable content-based record/location identifiers generated
4245,r_e2bf77fd5d0da8dbc4bb,1871,power_unavailable,warning,Preserved unparseable rating: AC
4246,r_20a6d89d7da5708e3043,1872,missing_source_id,info,Stable content-based record/location identifiers generated
4247,r_20a6d89d7da5708e3043,1872,power_unavailable,warning,Preserved unparseable rating: AC
4248,r_50c1c50ba2a4f4e82aee,1873,missing_source_id,info,Stable content-based record/location identifiers generated
4249,r_50c1c50ba2a4f4e82aee,1873,power_unavailable,warning,Preserved unparseable rating: AC
4250,r_92eeeffc148d7259704c,1874,missing_source_id,info,Stable content-based record/location identifiers generated
4251,r_92eeeffc148d7259704c,1874,power_unavailable,warning,Preserved unparseable rating: AC
4252,r_b7d2374ba8b4203ed5ab,1875,missing_source_id,info,Stable content-based record/location identifiers generated
4253,r_b7d2374ba8b4203ed5ab,1875,missing_station_name,info,Name remains null; address is the display fallback
4254,r_f39d1e1fe53cb85a0aea,1876,missing_source_id,info,Stable content-based record/location identifiers generated
4255,r_f39d1e1fe53cb85a0aea,1876,missing_station_name,info,Name remains null; address is the display fallback
4256,r_27496ba2ac348ef0e43d,1877,operator_normalized,info,Charge Hub -> ChargeHub
4257,r_27496ba2ac348ef0e43d,1877,missing_source_id,info,Stable content-based record/location identifiers generated
4258,r_27496ba2ac348ef0e43d,1877,power_unavailable,warning,Preserved unparseable rating: AC
4259,r_257db46709bc23bf6f80,1878,missing_source_id,info,Stable content-based record/location identifiers generated
4260,r_257db46709bc23bf6f80,1878,power_unavailable,warning,Preserved unparseable rating: AC
4261,r_e1d73d24fe2b031bb387,1879,missing_source_id,info,Stable content-based record/location identifiers generated
4262,r_e1d73d24fe2b031bb387,1879,missing_station_name,info,Name remains null; address is the display fallback
4263,r_5d3be9b9e88d50f95c3b,1880,missing_source_id,info,Stable content-based record/location identifiers generated
4264,r_5d3be9b9e88d50f95c3b,1880,power_unavailable,warning,Preserved unparseable rating: AC
4265,r_5d2d2a03ae2e90531e2d,1881,missing_source_id,info,Stable content-based record/location identifiers generated
4266,r_5d2d2a03ae2e90531e2d,1881,power_unavailable,warning,Preserved unparseable rating: AC
4267,r_8c65dec95c8cfe722bb7,1882,missing_source_id,info,Stable content-based record/location identifiers generated
4268,r_8c65dec95c8cfe722bb7,1882,power_unavailable,warning,Preserved unparseable rating: AC
4269,r_1e43e4d2f3e09bf363fc,1883,missing_source_id,info,Stable content-based record/location identifiers generated
4270,r_1e43e4d2f3e09bf363fc,1883,power_unavailable,warning,Preserved unparseable rating: AC
4271,r_d035a92c896e385a5312,1884,missing_source_id,info,Stable content-based record/location identifiers generated
4272,r_d035a92c896e385a5312,1884,missing_station_name,info,Name remains null; address is the display fallback
4273,r_3f49210a649fb12dfdbf,1885,missing_source_id,info,Stable content-based record/location identifiers generated
4274,r_3f49210a649fb12dfdbf,1885,power_unavailable,warning,Preserved unparseable rating: AC
4275,r_96639f9171b3f86b5e5e,1886,missing_source_id,info,Stable content-based record/location identifiers generated
4276,r_96639f9171b3f86b5e5e,1886,missing_station_name,info,Name remains null; address is the display fallback
4277,r_44911ee227141c1b8ce2,1887,missing_source_id,info,Stable content-based record/location identifiers generated
4278,r_44911ee227141c1b8ce2,1887,missing_station_name,info,Name remains null; address is the display fallback
4279,r_59b16d408eb1dd493fbe,1888,missing_source_id,info,Stable content-based record/location identifiers generated
4280,r_59b16d408eb1dd493fbe,1888,missing_station_name,info,Name remains null; address is the display fallback
4281,r_049045f3e8b0939aa7d2,1889,missing_source_id,info,Stable content-based record/location identifiers generated
4282,r_049045f3e8b0939aa7d2,1889,power_unavailable,warning,Preserved unparseable rating: AC
4283,r_07150188d1d2eaffbac4,1890,missing_source_id,info,Stable content-based record/location identifiers generated
4284,r_07150188d1d2eaffbac4,1890,power_unavailable,warning,Preserved unparseable rating: AC
4285,r_4f37e69a7d9705085246,1891,missing_source_id,info,Stable content-based record/location identifiers generated
4286,r_4f37e69a7d9705085246,1891,missing_station_name,info,Name remains null; address is the display fallback
4287,r_60c0b4cb2a48468f76c8,1892,missing_source_id,info,Stable content-based record/location identifiers generated
4288,r_60c0b4cb2a48468f76c8,1892,missing_station_name,info,Name remains null; address is the display fallback
4289,r_bd2d90c26e14bdc59946,1893,missing_source_id,info,Stable content-based record/location identifiers generated
4290,r_bd2d90c26e14bdc59946,1893,missing_station_name,info,Name remains null; address is the display fallback
4291,r_6bc954842dd543999611,1894,missing_source_id,info,Stable content-based record/location identifiers generated
4292,r_6bc954842dd543999611,1894,missing_station_name,info,Name remains null; address is the display fallback
4293,r_bb15d3323a72249f33e3,1895,missing_source_id,info,Stable content-based record/location identifiers generated
4294,r_bb15d3323a72249f33e3,1895,power_unavailable,warning,Preserved unparseable rating: AC
4295,r_b643b885d8e18b267975,1896,missing_source_id,info,Stable content-based record/location identifiers generated
4296,r_b643b885d8e18b267975,1896,missing_station_name,info,Name remains null; address is the display fallback
4297,r_96875684b1b455d22570,1897,missing_source_id,info,Stable content-based record/location identifiers generated
4298,r_96875684b1b455d22570,1897,missing_station_name,info,Name remains null; address is the display fallback
4299,r_6d484d99442aab82b823,1898,missing_source_id,info,Stable content-based record/location identifiers generated
4300,r_6d484d99442aab82b823,1898,missing_station_name,info,Name remains null; address is the display fallback
4301,r_8f7f8a07853896b9e82c,1899,missing_source_id,info,Stable content-based record/location identifiers generated
4302,r_8f7f8a07853896b9e82c,1899,missing_station_name,info,Name remains null; address is the display fallback
4303,r_82446259af9cba4ca726,1900,operator_normalized,info,Evie Networks -> Evie
4304,r_82446259af9cba4ca726,1900,missing_source_id,info,Stable content-based record/location identifiers generated
4305,r_82446259af9cba4ca726,1900,missing_station_name,info,Name remains null; address is the display fallback
4306,r_71f6db75f7c5c6dd15a1,1901,missing_source_id,info,Stable content-based record/location identifiers generated
4307,r_71f6db75f7c5c6dd15a1,1901,power_unavailable,warning,Preserved unparseable rating: AC
4308,r_dbbc81418e48eb1063c5,1902,missing_source_id,info,Stable content-based record/location identifiers generated
4309,r_dbbc81418e48eb1063c5,1902,power_unavailable,warning,Preserved unparseable rating: AC
4310,r_02909b49db5b34f9bc13,1903,operator_normalized,info,BP -> BP Pulse (AU)
4311,r_02909b49db5b34f9bc13,1903,missing_source_id,info,Stable content-based record/location identifiers generated
4312,r_02909b49db5b34f9bc13,1903,missing_station_name,info,Name remains null; address is the display fallback
4313,r_791fb7f7d6a1bfd76310,1904,operator_normalized,info,BP -> BP Pulse (AU)
4314,r_791fb7f7d6a1bfd76310,1904,missing_source_id,info,Stable content-based record/location identifiers generated
4315,r_791fb7f7d6a1bfd76310,1904,missing_station_name,info,Name remains null; address is the display fallback
4316,r_e083cab5eeaadd59b2f9,1905,missing_source_id,info,Stable content-based record/location identifiers generated
4317,r_e083cab5eeaadd59b2f9,1905,missing_station_name,info,Name remains null; address is the display fallback
4318,r_5be0c83294457e298c34,1906,missing_source_id,info,Stable content-based record/location identifiers generated
4319,r_5be0c83294457e298c34,1906,power_unavailable,warning,Preserved unparseable rating: AC
4320,r_5af6500c146f2cd255c2,1907,missing_source_id,info,Stable content-based record/location identifiers generated
4321,r_5af6500c146f2cd255c2,1907,missing_station_name,info,Name remains null; address is the display fallback
4322,r_186551a1f28f7f727187,1908,missing_source_id,info,Stable content-based record/location identifiers generated
4323,r_186551a1f28f7f727187,1908,missing_station_name,info,Name remains null; address is the display fallback
4324,r_e391ab99e0126766813f,1909,missing_source_id,info,Stable content-based record/location identifiers generated
4325,r_e391ab99e0126766813f,1909,missing_station_name,info,Name remains null; address is the display fallback
4326,r_0bd80dbc73c5091ba388,1910,missing_source_id,info,Stable content-based record/location identifiers generated
4327,r_0bd80dbc73c5091ba388,1910,missing_station_name,info,Name remains null; address is the display fallback
4328,r_e746216739eefe78e07c,1911,operator_normalized,info,BP -> BP Pulse (AU)
4329,r_e746216739eefe78e07c,1911,missing_source_id,info,Stable content-based record/location identifiers generated
4330,r_e746216739eefe78e07c,1911,missing_station_name,info,Name remains null; address is the display fallback
4331,r_06aaf7f2fc13da24b87a,1912,missing_source_id,info,Stable content-based record/location identifiers generated
4332,r_06aaf7f2fc13da24b87a,1912,missing_station_name,info,Name remains null; address is the display fallback
4333,r_4e4e4e8d23c244a1f71d,1913,missing_source_id,info,Stable content-based record/location identifiers generated
4334,r_4e4e4e8d23c244a1f71d,1913,power_unavailable,warning,Preserved unparseable rating: AC
4335,r_379541d77c689d529e16,1914,missing_source_id,info,Stable content-based record/location identifiers generated
4336,r_379541d77c689d529e16,1914,missing_station_name,info,Name remains null; address is the display fallback
4337,r_d9dbae1483a7373c3567,1915,missing_source_id,info,Stable content-based record/location identifiers generated
4338,r_d9dbae1483a7373c3567,1915,missing_station_name,info,Name remains null; address is the display fallback
4339,r_0de839a3d0c423f57ee8,1916,missing_source_id,info,Stable content-based record/location identifiers generated
4340,r_0de839a3d0c423f57ee8,1916,power_unavailable,warning,Preserved unparseable rating: AC
4341,r_16c3932d9e7f3eda9ee5,1917,missing_source_id,info,Stable content-based record/location identifiers generated
4342,r_16c3932d9e7f3eda9ee5,1917,missing_station_name,info,Name remains null; address is the display fallback
4343,r_16c3932d9e7f3eda9ee5,1917,power_unavailable,warning,Preserved unparseable rating: AC
4344,r_a27cf3df418fa1d2e298,1918,missing_source_id,info,Stable content-based record/location identifiers generated
4345,r_a27cf3df418fa1d2e298,1918,power_unavailable,warning,Preserved unparseable rating: AC
4346,r_4e31c824cfd95f57a7e2,1919,missing_source_id,info,Stable content-based record/location identifiers generated
4347,r_4e31c824cfd95f57a7e2,1919,power_unavailable,warning,Preserved unparseable rating: AC
4348,r_32707c4584ea990abdf2,1920,missing_source_id,info,Stable content-based record/location identifiers generated
4349,r_32707c4584ea990abdf2,1920,missing_station_name,info,Name remains null; address is the display fallback
4350,r_2b0c33924bafeaa2a1e2,1921,missing_source_id,info,Stable content-based record/location identifiers generated
4351,r_2b0c33924bafeaa2a1e2,1921,power_unavailable,warning,Preserved unparseable rating: AC
4352,r_05b129436efe9f56b670,1922,missing_source_id,info,Stable content-based record/location identifiers generated
4353,r_05b129436efe9f56b670,1922,power_unavailable,warning,Preserved unparseable rating: AC
4354,r_039b877298ef49c0cd90,1923,missing_source_id,info,Stable content-based record/location identifiers generated
4355,r_039b877298ef49c0cd90,1923,missing_station_name,info,Name remains null; address is the display fallback
4356,r_6bbbdcbf47f257d73a2e,1924,missing_source_id,info,Stable content-based record/location identifiers generated
4357,r_6bbbdcbf47f257d73a2e,1924,missing_station_name,info,Name remains null; address is the display fallback
4358,r_f58d3b2c2eab041301ca,1925,missing_source_id,info,Stable content-based record/location identifiers generated
4359,r_f58d3b2c2eab041301ca,1925,power_unavailable,warning,Preserved unparseable rating: AC
4360,r_e7d6ee2a55748d86f13a,1926,missing_source_id,info,Stable content-based record/location identifiers generated
4361,r_e7d6ee2a55748d86f13a,1926,missing_station_name,info,Name remains null; address is the display fallback
4362,r_ca91fff0ec3378658017,1927,missing_source_id,info,Stable content-based record/location identifiers generated
4363,r_ca91fff0ec3378658017,1927,missing_station_name,info,Name remains null; address is the display fallback
4364,r_2412b303dc7ef736a480,1928,missing_source_id,info,Stable content-based record/location identifiers generated
4365,r_2412b303dc7ef736a480,1928,missing_station_name,info,Name remains null; address is the display fallback
4366,r_d9dda8736d59713a1b9f,1929,missing_source_id,info,Stable content-based record/location identifiers generated
4367,r_d9dda8736d59713a1b9f,1929,missing_station_name,info,Name remains null; address is the display fallback
4368,r_f51ff165eceab8ae5f16,1930,missing_source_id,info,Stable content-based record/location identifiers generated
4369,r_f51ff165eceab8ae5f16,1930,power_unavailable,warning,Preserved unparseable rating: AC
4370,r_dbc0d02baec909ea0d25,1931,missing_source_id,info,Stable content-based record/location identifiers generated
4371,r_dbc0d02baec909ea0d25,1931,missing_station_name,info,Name remains null; address is the display fallback
4372,r_b696c712a73d20843434,1932,missing_source_id,info,Stable content-based record/location identifiers generated
4373,r_b696c712a73d20843434,1932,missing_station_name,info,Name remains null; address is the display fallback
4374,r_433fb2d5ab40fbf399d8,1933,missing_source_id,info,Stable content-based record/location identifiers generated
4375,r_433fb2d5ab40fbf399d8,1933,power_unavailable,warning,Preserved unparseable rating: AC
4376,r_20988e91b2681dca8108,1934,missing_source_id,info,Stable content-based record/location identifiers generated
4377,r_20988e91b2681dca8108,1934,missing_station_name,info,Name remains null; address is the display fallback
4378,r_dfcc6c22e6b4817f09c2,1935,missing_source_id,info,Stable content-based record/location identifiers generated
4379,r_dfcc6c22e6b4817f09c2,1935,missing_station_name,info,Name remains null; address is the display fallback
4380,r_f46fc541b307bf35e50e,1936,missing_source_id,info,Stable content-based record/location identifiers generated
4381,r_f46fc541b307bf35e50e,1936,missing_station_name,info,Name remains null; address is the display fallback
4382,r_7c0326ac53d827b71280,1937,missing_source_id,info,Stable content-based record/location identifiers generated
4383,r_7c0326ac53d827b71280,1937,missing_station_name,info,Name remains null; address is the display fallback
4384,r_b9bb6f12283141c65561,1938,missing_source_id,info,Stable content-based record/location identifiers generated
4385,r_b9bb6f12283141c65561,1938,missing_station_name,info,Name remains null; address is the display fallback
4386,r_5481d2292fc29579f663,1939,missing_source_id,info,Stable content-based record/location identifiers generated
4387,r_5481d2292fc29579f663,1939,missing_station_name,info,Name remains null; address is the display fallback
4388,r_a6682c331960e8a15704,1940,missing_source_id,info,Stable content-based record/location identifiers generated
4389,r_a6682c331960e8a15704,1940,missing_station_name,info,Name remains null; address is the display fallback
4390,r_3dbf601c56967ae01a2c,1941,missing_source_id,info,Stable content-based record/location identifiers generated
4391,r_3dbf601c56967ae01a2c,1941,missing_station_name,info,Name remains null; address is the display fallback
4392,r_db8c12b20f28c762afff,1942,missing_source_id,info,Stable content-based record/location identifiers generated
4393,r_db8c12b20f28c762afff,1942,power_unavailable,warning,Preserved unparseable rating: AC
4394,r_2123e21f77241dd0ed0f,1943,missing_source_id,info,Stable content-based record/location identifiers generated
4395,r_2123e21f77241dd0ed0f,1943,power_unavailable,warning,Preserved unparseable rating: AC
4396,r_3940cbdcfb0ec00fed70,1944,missing_source_id,info,Stable content-based record/location identifiers generated
4397,r_3940cbdcfb0ec00fed70,1944,missing_station_name,info,Name remains null; address is the display fallback
4398,r_85ce7d2a04939146d90c,1945,missing_source_id,info,Stable content-based record/location identifiers generated
4399,r_85ce7d2a04939146d90c,1945,missing_station_name,info,Name remains null; address is the display fallback
4400,r_87415f56df8ee9df399f,1946,missing_source_id,info,Stable content-based record/location identifiers generated
4401,r_87415f56df8ee9df399f,1946,missing_station_name,info,Name remains null; address is the display fallback
4402,r_7d082c8be8f504160dfe,1947,missing_source_id,info,Stable content-based record/location identifiers generated
4403,r_7d082c8be8f504160dfe,1947,missing_station_name,info,Name remains null; address is the display fallback
4404,r_f5633868bf24474cd58a,1948,missing_source_id,info,Stable content-based record/location identifiers generated
4405,r_f5633868bf24474cd58a,1948,power_unavailable,warning,Preserved unparseable rating: AC
4406,r_87caa2d49072e798955a,1949,missing_source_id,info,Stable content-based record/location identifiers generated
4407,r_87caa2d49072e798955a,1949,power_unavailable,warning,Preserved unparseable rating: AC
4408,r_b6b1a5abbde36540035b,1950,missing_source_id,info,Stable content-based record/location identifiers generated
4409,r_b6b1a5abbde36540035b,1950,missing_station_name,info,Name remains null; address is the display fallback
4410,r_8f855645564afd90d6ed,1951,missing_source_id,info,Stable content-based record/location identifiers generated
4411,r_8f855645564afd90d6ed,1951,power_unavailable,warning,Preserved unparseable rating: AC
4412,r_54f0526d32762a4c1560,1952,missing_source_id,info,Stable content-based record/location identifiers generated
4413,r_54f0526d32762a4c1560,1952,missing_station_name,info,Name remains null; address is the display fallback
4414,r_c559ef94e78022c02e93,1953,missing_source_id,info,Stable content-based record/location identifiers generated
4415,r_c559ef94e78022c02e93,1953,missing_station_name,info,Name remains null; address is the display fallback
4416,r_b8a1a19d41f478061b65,1954,missing_source_id,info,Stable content-based record/location identifiers generated
4417,r_b8a1a19d41f478061b65,1954,missing_station_name,info,Name remains null; address is the display fallback
4418,r_3afa609d7d180fd838fc,1955,missing_source_id,info,Stable content-based record/location identifiers generated
4419,r_3afa609d7d180fd838fc,1955,missing_station_name,info,Name remains null; address is the display fallback
4420,r_7b9044bb4fcfb102a7d5,1956,missing_source_id,info,Stable content-based record/location identifiers generated
4421,r_7b9044bb4fcfb102a7d5,1956,missing_station_name,info,Name remains null; address is the display fallback
4422,r_36bb85cd2dd1b52302d0,1957,missing_source_id,info,Stable content-based record/location identifiers generated
4423,r_36bb85cd2dd1b52302d0,1957,missing_station_name,info,Name remains null; address is the display fallback
4424,r_2b248926dca678060bc4,1958,missing_source_id,info,Stable content-based record/location identifiers generated
4425,r_2b248926dca678060bc4,1958,missing_station_name,info,Name remains null; address is the display fallback
4426,r_fb95067288d45a9a6cc0,1959,missing_source_id,info,Stable content-based record/location identifiers generated
4427,r_fb95067288d45a9a6cc0,1959,power_unavailable,warning,Preserved unparseable rating: AC
4428,r_3a97e82907762706f94f,1000,address_postcode_locality_mismatch,warning,"SQ01: source address postcode=2023; official locality DAPTO has reviewed_postcode=2530. Original address, postcode fields and coordinates retained; this internal address warning is not a coordinate/address_conflict decision. The original point is inside the official locality. Evidence=data/raw/reviewed/quality_dapto_locality_20260909.geojson#OBJECTID=26918; sha256=c991a6aab0122acfc9bb81fea0b7e00a67e6d43df1c8233f58d366230632d374; review_date=2026-09-09"
4429,r_597001bb9ac99959a17a,776,multiple_records_one_location,warning,"2 source records share location l_0f5e70eb56b6faeab877; differences=['power_raw', 'source_category']; do not sum plug counts across these records"
4430,r_587a321c9b68f80526da,1037,multiple_records_one_location,warning,"2 source records share location l_0f5e70eb56b6faeab877; differences=['power_raw', 'source_category']; do not sum plug counts across these records"
4431,r_8cb64bf095db494e50d7,532,multiple_records_one_location,warning,"2 source records share location l_1bb727ebd0d512d34daf; differences=['number_of_plugs', 'power_raw', 'source_category']; do not sum plug counts across these records"
4432,r_d4d0204724e911710f31,1075,multiple_records_one_location,warning,"2 source records share location l_1bb727ebd0d512d34daf; differences=['number_of_plugs', 'power_raw', 'source_category']; do not sum plug counts across these records"
4433,r_f7797ab024a1bc42046d,982,multiple_records_one_location,warning,"2 source records share location l_249f5f8a71ccde8bd47a; differences=['number_of_plugs', 'source_category']; do not sum plug counts across these records"
4434,r_df06ac961f966df2facd,1690,multiple_records_one_location,warning,"2 source records share location l_249f5f8a71ccde8bd47a; differences=['number_of_plugs', 'source_category']; do not sum plug counts across these records"
4435,r_2c87bc341e2b7cad8ab2,817,multiple_records_one_location,warning,"2 source records share location l_35b94af5266b77903bbd; differences=['power_raw', 'source_category']; do not sum plug counts across these records"
4436,r_0496ddcfff0b44cf2383,1012,multiple_records_one_location,warning,"2 source records share location l_35b94af5266b77903bbd; differences=['power_raw', 'source_category']; do not sum plug counts across these records"
4437,r_270cc0a8346de5a71300,1096,multiple_records_one_location,warning,"2 source records share location l_51fea3b417d7bc64b4bb; differences=['power_raw', 'source_category']; do not sum plug counts across these records"
4438,r_3f543181ca9d22f76790,1317,multiple_records_one_location,warning,"2 source records share location l_51fea3b417d7bc64b4bb; differences=['power_raw', 'source_category']; do not sum plug counts across these records"
4439,r_4e27da64dca2e355cfc5,603,multiple_records_one_location,warning,"2 source records share location l_6a677dbac073aaf411a9; differences=['power_raw', 'source_category']; do not sum plug counts across these records"
4440,r_e7d46739f863a9bb7d21,1001,multiple_records_one_location,warning,"2 source records share location l_6a677dbac073aaf411a9; differences=['power_raw', 'source_category']; do not sum plug counts across these records"
4441,r_2b23a5b5533e44cf9abd,657,multiple_records_one_location,warning,"2 source records share location l_7db6e9d4cc1e82ef8b21; differences=['power_raw', 'source_category']; do not sum plug counts across these records"
4442,r_ac60e64d6909cf215b34,1052,multiple_records_one_location,warning,"2 source records share location l_7db6e9d4cc1e82ef8b21; differences=['power_raw', 'source_category']; do not sum plug counts across these records"
4443,r_43deb7e0c223842c0c8a,606,multiple_records_one_location,warning,"2 source records share location l_dc8c8b12743a6196a5ec; differences=['number_of_plugs', 'power_raw', 'source_category']; do not sum plug counts across these records"
4444,r_c7a6da7fe2fbf26df92b,1089,multiple_records_one_location,warning,"2 source records share location l_dc8c8b12743a6196a5ec; differences=['number_of_plugs', 'power_raw', 'source_category']; do not sum plug counts across these records"
4445,r_32d59b740445f8165c15,247,multiple_records_one_location,warning,"2 source records share location l_ef816b6b5395942c25c9; differences=['power_raw', 'source_category']; do not sum plug counts across these records"
4446,r_798e3fc8bcfc8188967e,1090,multiple_records_one_location,warning,"2 source records share location l_ef816b6b5395942c25c9; differences=['power_raw', 'source_category']; do not sum plug counts across these records"
4447,r_ec44ecb370ce1eef32a0,262,multiple_records_one_location,warning,"2 source records share location l_f0b4b2a66dc524d8053a; differences=['power_raw', 'source_category']; do not sum plug counts across these records"
4448,r_55ef670c8ea350fcede3,1057,multiple_records_one_location,warning,"2 source records share location l_f0b4b2a66dc524d8053a; differences=['power_raw', 'source_category']; do not sum plug counts across these records"
4449,r_c956bd4dcbdf28cd85a3,557,multiple_records_one_location,warning,"2 source records share location l_f4a60bb0c0de260159fa; differences=['power_raw', 'source_category']; do not sum plug counts across these records"
4450,r_06080846773d95893141,1101,multiple_records_one_location,warning,"2 source records share location l_f4a60bb0c0de260159fa; differences=['power_raw', 'source_category']; do not sum plug counts across these records"
4451,r_eb2231d890e18eb7d58f,373,multiple_records_one_location,warning,"2 source records share location l_fb9c1fce6161a97f8fb1; differences=['power_raw', 'source_category']; do not sum plug counts across these records"
4452,r_ef2fa4859c7499527ba1,1076,multiple_records_one_location,warning,"2 source records share location l_fb9c1fce6161a97f8fb1; differences=['power_raw', 'source_category']; do not sum plug counts across these records"
4453,r_991e509f6cce0b281e36,575,reviewed_location_identity,info,"RI01: l_04198039f157ec10eea7 -> l_04198039f157ec10eea7; representative=r_991e509f6cce0b281e36; original Source=Existing Fast Chargers; The same Chargefox 47-49A Cleary Street site is recorded under Newcastle and Hamilton. Both observations state DC, 2 plugs and 60 kW; their coordinates differ by 0.0675556 m. Retain the differing source categories."
4454,r_50392b73ec77634aa2ab,1565,reviewed_location_identity,info,"RI01: l_b6393ff13a82414645a8 -> l_04198039f157ec10eea7; representative=r_991e509f6cce0b281e36; original Source=Kerbside Charging R1; The same Chargefox 47-49A Cleary Street site is recorded under Newcastle and Hamilton. Both observations state DC, 2 plugs and 60 kW; their coordinates differ by 0.0675556 m. Retain the differing source categories."
4455,r_48599b2c4a029e5b1fee,223,reviewed_location_identity,info,"RI02: l_f2383f535e01ad560608 -> l_032d7634b49a50c267b7; representative=r_e89046817e62949de6bc; original Source=Existing Destination Chargers; The same Exploren 179 Gillards Road, Pokolbin site has AC and 1 plug in both observations; coordinates differ by 0.0691288 m. The earlier 22 kW rating and later unquantified AC rating remain separate source observations."
4456,r_e89046817e62949de6bc,1308,reviewed_location_identity,info,"RI02: l_032d7634b49a50c267b7 -> l_032d7634b49a50c267b7; representative=r_e89046817e62949de6bc; original Source=Destination Charging R2; The same Exploren 179 Gillards Road, Pokolbin site has AC and 1 plug in both observations; coordinates differ by 0.0691288 m. The earlier 22 kW rating and later unquantified AC rating remain separate source observations."
4457,r_fa0c544eeb7128a29eba,599,reviewed_location_identity,info,"RI03: l_7916790618237eba1e44 -> l_a442eb6c34bcbbf48e94; representative=r_ccc301cc1d615ec5f1b4; original Source=Existing Destination Chargers; The same Exploren 51 Bathurst Street, Condobolin site has AC and 2 plugs in both observations; coordinates differ by 0.1038305 m. The earlier 22 kW rating and later unquantified AC rating remain separate source observations."
4458,r_ccc301cc1d615ec5f1b4,1590,reviewed_location_identity,info,"RI03: l_a442eb6c34bcbbf48e94 -> l_a442eb6c34bcbbf48e94; representative=r_ccc301cc1d615ec5f1b4; original Source=Destination Charging R2; The same Exploren 51 Bathurst Street, Condobolin site has AC and 2 plugs in both observations; coordinates differ by 0.1038305 m. The earlier 22 kW rating and later unquantified AC rating remain separate source observations."
4459,r_a6c100ac154048c3330f,244,reviewed_location_identity,info,"RI04: l_08de42a319a83564e93e -> l_35b94af5266b77903bbd; representative=r_2c87bc341e2b7cad8ab2; original Source=Existing Destination Chargers; Exploren's published location 845 identifies Kempsey Shire Council at 19 Buchanan Drive, South West Rocks; its map point is within 50 m of all three source observations. The older numbered-address observation and the named council observations have the same operator, AC type, two plugs and sub-metre source coordinates. Include the complete pre-existing 817/1012 group. Preserve row 1012's missing source postcode, LGA and category and all original ratings and coordinates."
4460,r_2c87bc341e2b7cad8ab2,817,reviewed_location_identity,info,"RI04: l_35b94af5266b77903bbd -> l_35b94af5266b77903bbd; representative=r_2c87bc341e2b7cad8ab2; original Source=Destination Charging R1; Exploren's published location 845 identifies Kempsey Shire Council at 19 Buchanan Drive, South West Rocks; its map point is within 50 m of all three source observations. The older numbered-address observation and the named council observations have the same operator, AC type, two plugs and sub-metre source coordinates. Include the complete pre-existing 817/1012 group. Preserve row 1012's missing source postcode, LGA and category and all original ratings and coordinates."
4461,r_0496ddcfff0b44cf2383,1012,reviewed_location_identity,info,"RI04: l_35b94af5266b77903bbd -> l_35b94af5266b77903bbd; representative=r_2c87bc341e2b7cad8ab2; original Source=; Exploren's published location 845 identifies Kempsey Shire Council at 19 Buchanan Drive, South West Rocks; its map point is within 50 m of all three source observations. The older numbered-address observation and the named council observations have the same operator, AC type, two plugs and sub-metre source coordinates. Include the complete pre-existing 817/1012 group. Preserve row 1012's missing source postcode, LGA and category and all original ratings and coordinates."
4462,r_ce78d20d79e651152408,906,reviewed_location_identity,info,"RI05: l_6eecc5c70283365d5e70 -> l_948baf6352bf603393f7; representative=r_d4f98efb45d1531cf77c; original Source=Existing Destination Chargers; Exploren's published location 1437 names Ingenia - Merry Beach at 46 Merry Beach Road, Kioloa, with its map point exactly at the named source observation. The earlier unnumbered street observation has the same operator, AC type, four source plugs and sub-metre coordinates. This is a reviewed venue identity, not an equipment correction: retain the older 6 kW rating, later unknown rating and both four-plug observations. The 2026 operator detail describes two chargers at 7 kW; its date and charger/plug units do not establish the 2025 source equipment counts."
4463,r_d4f98efb45d1531cf77c,1562,reviewed_location_identity,info,"RI05: l_948baf6352bf603393f7 -> l_948baf6352bf603393f7; representative=r_d4f98efb45d1531cf77c; original Source=Destination Charging R2; Exploren's published location 1437 names Ingenia - Merry Beach at 46 Merry Beach Road, Kioloa, with its map point exactly at the named source observation. The earlier unnumbered street observation has the same operator, AC type, four source plugs and sub-metre coordinates. This is a reviewed venue identity, not an equipment correction: retain the older 6 kW rating, later unknown rating and both four-plug observations. The 2026 operator detail describes two chargers at 7 kW; its date and charger/plug units do not establish the 2025 source equipment counts."
4464,r_681ef6def250932a2eea,937,reviewed_location_identity,info,"RI06: l_a1cc829f4b8a7e62cd78 -> l_89e7bb12912d228537b2; representative=r_4e03f7a7fd864d0d5658; original Source=Existing Destination Chargers; Exploren's published location 1380 names Milton Ulladulla Exservos Club at 212-222 Princes Highway, containing source number 222, with its map point exactly at the named source observation. The earlier unnumbered street observation has the same operator, AC type, four source plugs and sub-metre coordinates. Retain both source categories and ratings. The current operator detail lists two chargers; it is venue evidence and does not overwrite the historical four-plug observations."
4465,r_4e03f7a7fd864d0d5658,1398,reviewed_location_identity,info,"RI06: l_89e7bb12912d228537b2 -> l_89e7bb12912d228537b2; representative=r_4e03f7a7fd864d0d5658; original Source=Destination Charging R2; Exploren's published location 1380 names Milton Ulladulla Exservos Club at 212-222 Princes Highway, containing source number 222, with its map point exactly at the named source observation. The earlier unnumbered street observation has the same operator, AC type, four source plugs and sub-metre coordinates. Retain both source categories and ratings. The current operator detail lists two chargers; it is venue evidence and does not overwrite the historical four-plug observations."
4466,r_27050b90342f57630636,307,reviewed_location_identity,info,"RI07: l_61f32a319bbc9b809bd6 -> l_61f32a319bbc9b809bd6; representative=r_27050b90342f57630636; original Source=Fast Charging R1; The council visitor site identifies one installation of 12 Tesla Superchargers at Campbelltown Catholic Club; the venue confirms 20-22 Camden Rd. Both complete source observations identify this same address, network, DC class and 12 plugs. Their 107.52 m point difference is an individually reviewed venue-location discrepancy, not a clustering tolerance. Source row 307 remains the whole-row representative; all coordinates, source categories and differing ratings are retained. The later webpages establish identity, not historical rating or simultaneous capacity."
4467,r_f92ce15b72c57a57f94b,1077,reviewed_location_identity,info,"RI07: l_9ca2e479073623c40d0a -> l_61f32a319bbc9b809bd6; representative=r_27050b90342f57630636; original Source=; The council visitor site identifies one installation of 12 Tesla Superchargers at Campbelltown Catholic Club; the venue confirms 20-22 Camden Rd. Both complete source observations identify this same address, network, DC class and 12 plugs. Their 107.52 m point difference is an individually reviewed venue-location discrepancy, not a clustering tolerance. Source row 307 remains the whole-row representative; all coordinates, source categories and differing ratings are retained. The later webpages establish identity, not historical rating or simultaneous capacity."
4468,r_45ecad6be12cb2462b70,361,reviewed_location_identity,info,"RI08: l_64a0cba3a8bda610eeed -> l_64a0cba3a8bda610eeed; representative=r_45ecad6be12cb2462b70; original Source=Fast Charging R2; Shell station 10110865 identifies EV charging at 241 Waterworth Drive, Mount Annan, with a published venue point. The project supplier SwitchDin identifies the Viva Energy Reddy Express Mt Annan ultrafast installation. Both source observations have that same address, canonical operator, DC class and four plugs, and both lie within 25 m of the official venue point. Source row 361 remains the whole-row representative. All original points and differing ratings are retained; the supplier does not independently validate the source plug count and the observations are not summed."
4469,r_ae49145695dbcec7c6e2,1088,reviewed_location_identity,info,"RI08: l_2c35098cede420b5ac92 -> l_64a0cba3a8bda610eeed; representative=r_45ecad6be12cb2462b70; original Source=; Shell station 10110865 identifies EV charging at 241 Waterworth Drive, Mount Annan, with a published venue point. The project supplier SwitchDin identifies the Viva Energy Reddy Express Mt Annan ultrafast installation. Both source observations have that same address, canonical operator, DC class and four plugs, and both lie within 25 m of the official venue point. Source row 361 remains the whole-row representative. All original points and differing ratings are retained; the supplier does not independently validate the source plug count and the observations are not summed."
4470,r_87087bde4ca0ce4d15e0,512,reviewed_location_identity,info,"RI09: l_29f355d832a72df5981b -> l_cf2fd012b6b93bd68f29; representative=r_414226d0528ed81a9d83; original Source=Existing Fast Chargers; Hunters Hill Council's 4 March 2025 proposal update endorses an Evie fast charger with two charging bays at the 3A Cowell St Council carpark, Gladesville, under Kerbside Charging Round 1. Its separately published FAQ confirms an operating Evie charger at that carpark. The two source observations have the same 3A Cowell street address, postcode, operator, two plugs and 75 kW rating, with points 15.380338 m apart. They represent one project location across Existing Fast Chargers and Kerbside Charging R1 sources. Row 1528 is the fixed whole-row representative because its address names Gladesville; its point is not claimed more accurate. All original coordinates, ratings and source categories remain unchanged. The Council texts establish site identity and two bays, not a new verification of 75 kW or physical connector serial numbers."
4471,r_414226d0528ed81a9d83,1528,reviewed_location_identity,info,"RI09: l_cf2fd012b6b93bd68f29 -> l_cf2fd012b6b93bd68f29; representative=r_414226d0528ed81a9d83; original Source=Kerbside Charging R1; Hunters Hill Council's 4 March 2025 proposal update endorses an Evie fast charger with two charging bays at the 3A Cowell St Council carpark, Gladesville, under Kerbside Charging Round 1. Its separately published FAQ confirms an operating Evie charger at that carpark. The two source observations have the same 3A Cowell street address, postcode, operator, two plugs and 75 kW rating, with points 15.380338 m apart. They represent one project location across Existing Fast Chargers and Kerbside Charging R1 sources. Row 1528 is the fixed whole-row representative because its address names Gladesville; its point is not claimed more accurate. All original coordinates, ratings and source categories remain unchanged. The Council texts establish site identity and two bays, not a new verification of 75 kW or physical connector serial numbers."
4472,r_18eff170ad77e27b68fb,69,reviewed_location_identity,info,"RI10: l_f0baf3917a54b5836f6a -> l_6e3d9ca76b87b7e64a7a; representative=r_7eb57f92ab6f23667688; original Source=Existing Fast Chargers; North Sydney Council's 17 June 2025 installation table identifies the Parraween Street, Cremorne Evie site with four charging spaces and 75 kW DC charging. Council's carpark directory independently describes two dual 75 kW DC chargers, four bays, operated by Evie at Parraween Street, Cremorne 2090. Both source records give 106 Parraween St, four plugs and 75 kW, with points 18.004425 m apart, across Existing Fast Chargers and Kerbside Charging R1 sources. The Council directory establishes the carpark identity but does not independently publish the 106 street number. Row 1861 remains the whole-row representative because its address names Cremorne, without asserting greater point accuracy. Every original coordinate, device observation and source category is retained; repeated capacities are not added together."
4473,r_7eb57f92ab6f23667688,1861,reviewed_location_identity,info,"RI10: l_6e3d9ca76b87b7e64a7a -> l_6e3d9ca76b87b7e64a7a; representative=r_7eb57f92ab6f23667688; original Source=Kerbside Charging R1; North Sydney Council's 17 June 2025 installation table identifies the Parraween Street, Cremorne Evie site with four charging spaces and 75 kW DC charging. Council's carpark directory independently describes two dual 75 kW DC chargers, four bays, operated by Evie at Parraween Street, Cremorne 2090. Both source records give 106 Parraween St, four plugs and 75 kW, with points 18.004425 m apart, across Existing Fast Chargers and Kerbside Charging R1 sources. The Council directory establishes the carpark identity but does not independently publish the 106 street number. Row 1861 remains the whole-row representative because its address names Cremorne, without asserting greater point accuracy. Every original coordinate, device observation and source category is retained; repeated capacities are not added together."
4474,r_7d6623093b496c753aff,4,coordinates_verified_ocm_osm,info,"OCM 190678, OSM node/9470340169; address score=1.000, source agreement=12.2m; original fields retained"
4475,r_51d2e19ccbccd5f00a70,29,coordinates_verified_ocm_osm,info,"OCM 260392, OSM node/10011175454; address score=0.941, source agreement=43.9m; original fields retained"
4476,r_3d840b8578a5d3764b15,96,coordinates_verified_ocm_osm,info,"OCM 266500, OSM node/7959130026; address score=1.000, source agreement=6.8m; original fields retained"
4477,r_58119a1bdc3beecd76d7,197,coordinates_verified_ocm_osm,info,"OCM 190681, OSM node/9771012966; address score=0.966, source agreement=28.7m; original fields retained"
4478,r_a9b0f414081b11190ea1,333,postcode_verified_ocm_osm,info,"OCM 272693, OSM node/9712774534; address score=1.000, source agreement=14.4m; original fields retained"
4479,r_f321d7cb9ca9578d1718,417,coordinates_verified_ocm_osm,info,"OCM 190679, OSM node/9712759905; address score=1.000, source agreement=6.4m; original fields retained"
4480,r_d051423772b3098f7752,593,coordinates_verified_ocm_osm,info,"OCM 190682, OSM node/9771012967; address score=1.000, source agreement=50.3m; original fields retained"
4481,r_e09ee18e04d7d81f2aa7,731,coordinates_verified_ocm_osm,info,"OCM 190005, OSM node/7816558586; address score=1.000, source agreement=14.9m; original fields retained"
4482,r_3dee9f9190f28ef956e9,736,coordinates_verified_ocm_osm,info,"OCM 170824, OSM node/8133502030; address score=1.000, source agreement=35.0m; original fields retained"
4483,r_6113be01eb1ae30db904,824,coordinates_verified_ocm_osm,info,"OCM 190668, OSM node/10772401236; address score=1.000, source agreement=31.3m; original fields retained"
4484,r_250187e8f01a85272764,888,coordinates_verified_ocm_osm,info,"OCM 190677, OSM node/9344898113; address score=1.000, source agreement=13.1m; original fields retained"
4485,r_adaa6f8f055ae8bae26b,195,coordinates_reviewed_primary_evidence,info,Reviewed node/8209129030; corroborating_role=same_operator_charger; evidence_distance=31.13 m; address evidence=data/raw/reviewed/tenterfield_council_20200226.pdf; original values retained
4486,r_1e59f65ff126f6e02daf,226,coordinates_reviewed_primary_evidence,info,Reviewed node/10048386532; corroborating_role=same_operator_charger; evidence_distance=5.19 m; address evidence=data/raw/reviewed/nrma_nyngan_road_trip.html; original values retained
4487,r_0983acf0fda42653dc7c,756,coordinates_reviewed_primary_evidence,info,Reviewed node/12583296437; corroborating_role=same_operator_charger; evidence_distance=32.17 m; address evidence=data/raw/reviewed/narrabri_89_barwan_planning.pdf; original values retained
4488,r_4a1ff1bb4413b75bd478,956,coordinates_reviewed_primary_evidence,info,Reviewed node/9278715200; corroborating_role=same_operator_charger; evidence_distance=5.14 m; address evidence=data/raw/reviewed/coonamble_annual_2020_2021.pdf; original values retained
4489,r_873bc05df3ccbde0e683,727,coordinates_reviewed_primary_evidence,info,Reviewed node/7932870081; corroborating_role=same_operator_charger; evidence_distance=10.91 m; address evidence=data/raw/reviewed/wagga_riverside_business_case_2024.pdf; original values retained
4490,r_84de52950c87598dd45f,217,coordinates_reviewed_primary_evidence,info,Reviewed OCM-191177; corroborating_role=same_operator_charger; evidence_distance=8.39 m; address evidence=data/raw/reviewed/spatial_nrma_ev_charging_game_plan_20260909.html; original values retained
4491,r_8c4ebd56a9eefd59533d,78,coordinates_reviewed_primary_evidence,info,Reviewed OCM-480135; corroborating_role=mapped_landmark; evidence_distance=76.76 m; address evidence=data/raw/reviewed/spatial_walcha_town_map_202503.pdf; OCM approximate road-reserve site position supported by official map/address and mapped landmark; not a second charger or surveyed bay; original values retained
4492,r_edb3e5a80156a3131eb8,1835,spatial_coastal_nearest_within_50m,warning,"SA4=122, distance_m=1.3110810417422223; original point retained"
