record_id,location_id,source_row,source_objectid,station_name,address,operator_name,operator_id,latitude,longitude,postcode,address_postcode,address_conflict,lga,charger_type,number_of_plugs,power_min_kw,power_max_kw,power_kind,power_raw,source_category,raw_json,original_latitude,original_longitude,original_postcode,original_address_conflict,resolution_method,sa4_code,sa4_method,sa4_distance_m,regional_sa4_code,regional_assignment_method,regional_review_id,regional_coordinate_status
r_173c6d72b8261a09a720,l_c28088d3de37821b77e6,8,,,"1 Bells Blvd, Kingscliff, 2487",Evie,o_4733c69eed3ea98c9b3b,-28.27690295,153.5770781,2487,2487,False,Tweed Shire Council,DC,4,75.0,75.0,single,75 kW,Existing Fast Chargers,"{""OBJECTID"": """", ""Station_name"": """", ""Station_address"": ""1 Bells Blvd, Kingscliff, 2487"", ""Operator"": ""Evie"", ""Number_of_plugs"": ""4"", ""Charger_Type"": ""DC"", ""Charger_rating"": ""75 kW"", ""Latitude"": ""-28.27690295"", ""Longitude"": ""153.5770781"", ""LGANAME"": ""Tweed Shire Council"", ""PCODE"": ""2487"", ""Source"": ""Existing Fast Chargers""}",-28.27690295,153.5770781,2487,False,unchanged,112,point_in_polygon,0.0,112,point_in_polygon,,analysis_ready
r_31d3db9d705164952c8a,l_da58da3983b51b5b0ac5,18,,,"1 Frederick St, Sydney, 2064",Evie,o_4733c69eed3ea98c9b3b,-33.81707912,151.1889369,2064,2064,False,Willoughby City Council,DC,6,150.0,150.0,single,150 kW,Existing Fast Chargers,"{""OBJECTID"": """", ""Station_name"": """", ""Station_address"": ""1 Frederick St, Sydney, 2064"", ""Operator"": ""Evie"", ""Number_of_plugs"": ""6"", ""Charger_Type"": ""DC"", ""Charger_rating"": ""150 kW"", ""Latitude"": ""-33.81707912"", ""Longitude"": ""151.1889369"", ""LGANAME"": ""Willoughby City Council"", ""PCODE"": ""2064"", ""Source"": ""Existing Fast Chargers""}",-33.81707912,151.1889369,2064,False,unchanged,121,point_in_polygon,0.0,121,point_in_polygon,,analysis_ready
r_51d2e19ccbccd5f00a70,l_28d42bc0dc0cf17b09cd,29,,,"1 Little Walker St, Casino, NSW 2470, Australia",NRMA,o_5b4f3a03bda45dcf8609,-28.865746474795223,153.04878848507587,2470,2470,False,Richmond Valley Council,DC,4,50.0,50.0,single,50 kW,TfNSW Regional,"{""OBJECTID"": """", ""Station_name"": """", ""Station_address"": ""1 Little Walker St, Casino, NSW 2470, Australia"", ""Operator"": ""NRMA"", ""Number_of_plugs"": ""4"", ""Charger_Type"": ""DC"", ""Charger_rating"": ""50 kW"", ""Latitude"": ""-35.442745"", ""Longitude"": ""149.7913305"", ""LGANAME"": ""Richmond Valley Council"", ""PCODE"": ""2622"", ""Source"": ""TfNSW Regional""}",-35.442745,149.7913305,2622,True,coordinates_verified_ocm_osm,112,point_in_polygon,0.0,112,point_in_polygon,,analysis_ready
r_15094b4bf9759913e87e,l_9c55cbf88f358f6734fc,38,,,"1 Perry St, Batemans Bay, 2536",Evie,o_4733c69eed3ea98c9b3b,-35.70737242,150.1761672,2536,2536,False,Eurobodalla Shire Council,DC,4,75.0,75.0,single,75 kW,Existing Fast Chargers,"{""OBJECTID"": """", ""Station_name"": """", ""Station_address"": ""1 Perry St, Batemans Bay, 2536"", ""Operator"": ""Evie"", ""Number_of_plugs"": ""4"", ""Charger_Type"": ""DC"", ""Charger_rating"": ""75 kW"", ""Latitude"": ""-35.70737242"", ""Longitude"": ""150.1761672"", ""LGANAME"": ""Eurobodalla Shire Council"", ""PCODE"": ""2536"", ""Source"": ""Existing Fast Chargers""}",-35.70737242,150.1761672,2536,False,unchanged,101,point_in_polygon,0.0,101,point_in_polygon,,analysis_ready
r_171394507607134c0473,l_142053f2eea015c3fabc,39,,,"1 Plunkett St, Sydney, 2065",Exploren,o_17324b0193cb7a1c3925,-33.8215586,151.1964124,2065,2065,False,Willoughby City Council,DC,2,50.0,50.0,single,50 kW,Existing Fast Chargers,"{""OBJECTID"": """", ""Station_name"": """", ""Station_address"": ""1 Plunkett St, Sydney, 2065"", ""Operator"": ""Exploren"", ""Number_of_plugs"": ""2"", ""Charger_Type"": ""DC"", ""Charger_rating"": ""50 kW"", ""Latitude"": ""-33.8215586"", ""Longitude"": ""151.1964124"", ""LGANAME"": ""Willoughby City Council"", ""PCODE"": ""2065"", ""Source"": ""Existing Fast Chargers""}",-33.8215586,151.1964124,2065,False,unchanged,121,point_in_polygon,0.0,121,point_in_polygon,,analysis_ready
r_8feb578e745b21c620cf,l_2d03494da423b2f48b50,49,,,"1 Wharf St, Tweed Heads, 2485",Tesla,o_022471524c9d92e538b2,-28.17378983,153.5445165,2485,2485,False,Tweed Shire Council,DC,6,250.0,250.0,single,250 kW,Existing Fast Chargers,"{""OBJECTID"": """", ""Station_name"": """", ""Station_address"": ""1 Wharf St, Tweed Heads, 2485"", ""Operator"": ""Tesla"", ""Number_of_plugs"": ""6"", ""Charger_Type"": ""DC"", ""Charger_rating"": ""250 kW"", ""Latitude"": ""-28.17378983"", ""Longitude"": ""153.5445165"", ""LGANAME"": ""Tweed Shire Council"", ""PCODE"": ""2485"", ""Source"": ""Existing Fast Chargers""}",-28.17378983,153.5445165,2485,False,unchanged,112,point_in_polygon,0.0,112,point_in_polygon,,analysis_ready
r_f1d34b890f664d7d4f64,l_a5498827d90b39a68d32,51,,,"1/9 Railway Parade, Kogarah NSW 2217",Evie,o_4733c69eed3ea98c9b3b,-33.9624686,151.1324696,2217,2217,False,Georges River Council,DC,4,150.0,150.0,single,150 kW,ARENA - Driving the Nation,"{""OBJECTID"": """", ""Station_name"": """", ""Station_address"": ""1/9 Railway Parade, Kogarah NSW 2217"", ""Operator"": ""Evie"", ""Number_of_plugs"": ""4"", ""Charger_Type"": ""DC"", ""Charger_rating"": ""150 kW"", ""Latitude"": ""-33.9624686"", ""Longitude"": ""151.1324696"", ""LGANAME"": ""Georges River Council"", ""PCODE"": ""2217"", ""Source"": ""ARENA - Driving the Nation""}",-33.9624686,151.1324696,2217,False,unchanged,119,point_in_polygon,0.0,119,point_in_polygon,,analysis_ready
r_7eb57f92ab6f23667688,l_6e3d9ca76b87b7e64a7a,1861,,,106 Parraween St Cremorne NSW 2090 Australia,Evie,o_4733c69eed3ea98c9b3b,-33.8272794,151.2301624,2090,2090,False,North Sydney Council,DC,4,75.0,75.0,single,75 kW,Kerbside Charging R1,"{""OBJECTID"": """", ""Station_name"": """", ""Station_address"": ""106 Parraween St\nCremorne NSW 2090\nAustralia"", ""Operator"": ""Evie Networks"", ""Number_of_plugs"": ""4"", ""Charger_Type"": ""DC"", ""Charger_rating"": ""75 kW"", ""Latitude"": ""-33.8272794"", ""Longitude"": ""151.2301624"", ""LGANAME"": ""North Sydney Council"", ""PCODE"": ""2090"", ""Source"": ""Kerbside Charging R1""}",-33.8272794,151.2301624,2090,False,unchanged,121,point_in_polygon,0.0,121,point_in_polygon,,analysis_ready
r_151749c35377ca17c6b4,l_75b8ce0254cd2db487a7,70,,,"1067 Oxley Hwy, Thrumster, 2444",Chargefox,o_e43c5e61858e588c2c2f,-31.46394199,152.8219499,2444,2444,False,Port Macquarie-Hastings Council,DC,4,180.0,180.0,single,180 kW,Existing Fast Chargers,"{""OBJECTID"": """", ""Station_name"": """", ""Station_address"": ""1067 Oxley Hwy, Thrumster, 2444"", ""Operator"": ""Chargefox"", ""Number_of_plugs"": ""4"", ""Charger_Type"": ""DC"", ""Charger_rating"": ""180 kW"", ""Latitude"": ""-31.46394199"", ""Longitude"": ""152.8219499"", ""LGANAME"": ""Port Macquarie-Hastings Council"", ""PCODE"": ""2444"", ""Source"": ""Existing Fast Chargers""}",-31.46394199,152.8219499,2444,False,unchanged,108,point_in_polygon,0.0,108,point_in_polygon,,analysis_ready
r_60304bb945af92655b3b,l_c048af57dbf60de22d03,85,,,"11 Scott St, Sydney, 2170",JOLT,o_4e1932045daf2a3e6c57,-33.92522427,150.9265836,2170,2170,False,Liverpool City Council,DC,2,25.0,25.0,single,25 kW,Existing Fast Chargers,"{""OBJECTID"": """", ""Station_name"": """", ""Station_address"": ""11 Scott St, Sydney, 2170"", ""Operator"": ""JOLT"", ""Number_of_plugs"": ""2"", ""Charger_Type"": ""DC"", ""Charger_rating"": ""25 kW"", ""Latitude"": ""-33.92522427"", ""Longitude"": ""150.9265836"", ""LGANAME"": ""Liverpool City Council"", ""PCODE"": ""2170"", ""Source"": ""Existing Fast Chargers""}",-33.92522427,150.9265836,2170,False,unchanged,127,point_in_polygon,0.0,127,point_in_polygon,,analysis_ready
r_9852ce6bb0deae98867c,l_9943cbc02fc7b64e53c8,111,,,"12 Jacksons Rd, Warriewood NSW 2102",Engie,o_ee0834b88e02efe95195,-33.6971741,151.2956935,2102,2102,False,Northern Beaches Council,DC,2,150.0,150.0,single,150 kW,ARENA - Driving the Nation,"{""OBJECTID"": """", ""Station_name"": """", ""Station_address"": ""12 Jacksons Rd, Warriewood NSW 2102"", ""Operator"": ""Engie"", ""Number_of_plugs"": ""2"", ""Charger_Type"": ""DC"", ""Charger_rating"": ""150 kW"", ""Latitude"": ""-33.6971741"", ""Longitude"": ""151.2956935"", ""LGANAME"": ""Northern Beaches Council"", ""PCODE"": ""2102"", ""Source"": ""ARENA - Driving the Nation""}",-33.6971741,151.2956935,2102,False,unchanged,122,point_in_polygon,0.0,122,point_in_polygon,,analysis_ready
r_5541914acd549f005847,l_422404488cd551e725f5,112,,,"12 Lord St, Botany NSW 2019",Evie,o_4733c69eed3ea98c9b3b,-33.939429,151.1970375,2019,2019,False,Bayside Council,DC,4,75.0,75.0,single,75 kW,ARENA - Driving the Nation,"{""OBJECTID"": """", ""Station_name"": """", ""Station_address"": ""12 Lord St, Botany NSW 2019"", ""Operator"": ""Evie"", ""Number_of_plugs"": ""4"", ""Charger_Type"": ""DC"", ""Charger_rating"": ""75 kW"", ""Latitude"": ""-33.939429"", ""Longitude"": ""151.1970375"", ""LGANAME"": ""Bayside Council"", ""PCODE"": ""2019"", ""Source"": ""ARENA - Driving the Nation""}",-33.939429,151.1970375,2019,False,unchanged,117,point_in_polygon,0.0,117,point_in_polygon,,analysis_ready
r_2241fb73ce595cf8dc98,l_a824dbefdb5a072f5da3,119,,,"121 Princes Hwy, Wollongong, 2519",Exploren,o_17324b0193cb7a1c3925,-34.40192697,150.8906517,2519,2519,False,Wollongong City Council,DC,2,60.0,60.0,single,60 kW,Existing Fast Chargers,"{""OBJECTID"": """", ""Station_name"": """", ""Station_address"": ""121 Princes Hwy, Wollongong, 2519"", ""Operator"": ""Exploren"", ""Number_of_plugs"": ""2"", ""Charger_Type"": ""DC"", ""Charger_rating"": ""60 kW"", ""Latitude"": ""-34.40192697"", ""Longitude"": ""150.8906517"", ""LGANAME"": ""Wollongong City Council"", ""PCODE"": ""2519"", ""Source"": ""Existing Fast Chargers""}",-34.40192697,150.8906517,2519,False,unchanged,107,point_in_polygon,0.0,107,point_in_polygon,,analysis_ready
r_0b157811df13adcece39,l_387350027afa4774863d,126,,,"127 Conadilly St, Gunnedah, 2380",Chargefox,o_e43c5e61858e588c2c2f,-30.97681086,150.2501652,2380,2380,False,Gunnedah Shire Council,DC,4,47.0,47.0,single,47 kW,Existing Fast Chargers,"{""OBJECTID"": """", ""Station_name"": """", ""Station_address"": ""127 Conadilly St, Gunnedah, 2380"", ""Operator"": ""Chargefox"", ""Number_of_plugs"": ""4"", ""Charger_Type"": ""DC"", ""Charger_rating"": ""47 kW"", ""Latitude"": ""-30.97681086"", ""Longitude"": ""150.2501652"", ""LGANAME"": ""Gunnedah Shire Council"", ""PCODE"": ""2380"", ""Source"": ""Existing Fast Chargers""}",-30.97681086,150.2501652,2380,False,unchanged,110,point_in_polygon,0.0,110,point_in_polygon,,analysis_ready
r_9ff54b19884efb29c230,l_59c56f94d3ce0078ac2d,129,,,"1-3 Dural St, Hornsby NSW 2077",Evie,o_4733c69eed3ea98c9b3b,-33.70276181,151.0964792,2077,2077,False,"Hornsby, The Council of the Shire of",DC,4,50.0,50.0,single,50 kW,ARENA - Driving the Nation,"{""OBJECTID"": """", ""Station_name"": """", ""Station_address"": ""1-3 Dural St, Hornsby NSW 2077"", ""Operator"": ""Evie"", ""Number_of_plugs"": ""4"", ""Charger_Type"": ""DC"", ""Charger_rating"": ""50 kW"", ""Latitude"": ""-33.70276181"", ""Longitude"": ""151.0964792"", ""LGANAME"": ""Hornsby, The Council of the Shire of"", ""PCODE"": ""2077"", ""Source"": ""ARENA - Driving the Nation""}",-33.70276181,151.0964792,2077,False,unchanged,121,point_in_polygon,0.0,121,point_in_polygon,,analysis_ready
r_95ea7510333afe8584d8,l_26ea833cea6288c1737a,137,,,"13-17 Princes Hwy, Albion Park Rail NSW 2527",Evie,o_4733c69eed3ea98c9b3b,-34.5504346,150.7877814,2527,2527,False,Shellharbour City Council,DC,2,50.0,50.0,single,50 kW,ARENA - Driving the Nation,"{""OBJECTID"": """", ""Station_name"": """", ""Station_address"": ""13-17 Princes Hwy, Albion Park Rail NSW 2527"", ""Operator"": ""Evie"", ""Number_of_plugs"": ""2"", ""Charger_Type"": ""DC"", ""Charger_rating"": ""50 kW"", ""Latitude"": ""-34.5504346"", ""Longitude"": ""150.7877814"", ""LGANAME"": ""Shellharbour City Council"", ""PCODE"": ""2527"", ""Source"": ""ARENA - Driving the Nation""}",-34.5504346,150.7877814,2527,False,unchanged,107,point_in_polygon,0.0,107,point_in_polygon,,analysis_ready
r_defefadfbaf549daf34e,l_97d4a48e0cdd6fe1209f,143,,,"134 Lachlan St, Hay, 2711",NRMA,o_5b4f3a03bda45dcf8609,-34.50908013,144.8410701,2711,2711,False,Hay Shire Council,DC,2,50.0,50.0,single,50 kW,Existing Fast Chargers,"{""OBJECTID"": """", ""Station_name"": """", ""Station_address"": ""134 Lachlan St, Hay, 2711"", ""Operator"": ""NRMA"", ""Number_of_plugs"": ""2"", ""Charger_Type"": ""DC"", ""Charger_rating"": ""50 kW"", ""Latitude"": ""-34.50908013"", ""Longitude"": ""144.8410701"", ""LGANAME"": ""Hay Shire Council"", ""PCODE"": ""2711"", ""Source"": ""Existing Fast Chargers""}",-34.50908013,144.8410701,2711,False,unchanged,109,point_in_polygon,0.0,109,point_in_polygon,,analysis_ready
r_1062809223f4cd84e99c,l_fea0baedd8cd3f5212ff,155,,,"140 Denison St, Sydney, 2036",Exploren,o_17324b0193cb7a1c3925,-33.94916821,151.2247958,2036,2036,False,Bayside Council,DC,2,120.0,120.0,single,120 kW,Existing Fast Chargers,"{""OBJECTID"": """", ""Station_name"": """", ""Station_address"": ""140 Denison St, Sydney, 2036"", ""Operator"": ""Exploren"", ""Number_of_plugs"": ""2"", ""Charger_Type"": ""DC"", ""Charger_rating"": ""120 kW"", ""Latitude"": ""-33.94916821"", ""Longitude"": ""151.2247958"", ""LGANAME"": ""Bayside Council"", ""PCODE"": ""2036"", ""Source"": ""Existing Fast Chargers""}",-33.94916821,151.2247958,2036,False,unchanged,117,point_in_polygon,0.0,117,point_in_polygon,,analysis_ready
r_5d7e24a8779fee8be5ce,l_34d4f73a8f6742baf37b,158,,,"141 Roselands Ave, Roselands NSW 2196",Engie,o_ee0834b88e02efe95195,-33.9354417,151.0685253,2196,2196,False,Georges River Council,DC,2,120.0,120.0,single,120 kW,ARENA - Driving the Nation,"{""OBJECTID"": """", ""Station_name"": """", ""Station_address"": ""141 Roselands Ave, Roselands NSW 2196"", ""Operator"": ""Engie"", ""Number_of_plugs"": ""2"", ""Charger_Type"": ""DC"", ""Charger_rating"": ""120 kW"", ""Latitude"": ""-33.9354417"", ""Longitude"": ""151.0685253"", ""LGANAME"": ""Georges River Council"", ""PCODE"": ""2196"", ""Source"": ""ARENA - Driving the Nation""}",-33.9354417,151.0685253,2196,False,unchanged,119,point_in_polygon,0.0,119,point_in_polygon,,analysis_ready
r_0146123b61c8aefb85d1,l_926d39efdf251af0d11d,176,,,"15 Merriville Rd, Sydney, 2155",JOLT,o_4e1932045daf2a3e6c57,-33.70040345,150.9283123,2155,2155,False,Blacktown City Council,DC,2,25.0,25.0,single,25 kW,Existing Fast Chargers,"{""OBJECTID"": """", ""Station_name"": """", ""Station_address"": ""15 Merriville Rd, Sydney, 2155"", ""Operator"": ""JOLT"", ""Number_of_plugs"": ""2"", ""Charger_Type"": ""DC"", ""Charger_rating"": ""25 kW"", ""Latitude"": ""-33.70040345"", ""Longitude"": ""150.9283123"", ""LGANAME"": ""Blacktown City Council"", ""PCODE"": ""2155"", ""Source"": ""Existing Fast Chargers""}",-33.70040345,150.9283123,2155,False,unchanged,116,point_in_polygon,0.0,116,point_in_polygon,,analysis_ready
r_97ab24c769daee414129,l_b7edf3f5fec503e10642,177,,,"15 Merriville Rd, Sydney, 2155",JOLT,o_4e1932045daf2a3e6c57,-33.70051756,150.9281081,2155,2155,False,Blacktown City Council,DC,2,25.0,25.0,single,25 kW,Existing Fast Chargers,"{""OBJECTID"": """", ""Station_name"": """", ""Station_address"": ""15 Merriville Rd, Sydney, 2155"", ""Operator"": ""JOLT"", ""Number_of_plugs"": ""2"", ""Charger_Type"": ""DC"", ""Charger_rating"": ""25 kW"", ""Latitude"": ""-33.70051756"", ""Longitude"": ""150.9281081"", ""LGANAME"": ""Blacktown City Council"", ""PCODE"": ""2155"", ""Source"": ""Existing Fast Chargers""}",-33.70051756,150.9281081,2155,False,unchanged,116,point_in_polygon,0.0,116,point_in_polygon,,analysis_ready
r_8b9806a6221039d3e316,l_aad008d4027b51391968,179,,,"15 Ridge St, Sydney, 2060",Evie,o_4733c69eed3ea98c9b3b,-33.83274979,151.2064264,2060,2060,False,North Sydney Council,DC,4,75.0,75.0,single,75 kW,Existing Fast Chargers,"{""OBJECTID"": """", ""Station_name"": """", ""Station_address"": ""15 Ridge St, Sydney, 2060"", ""Operator"": ""Evie"", ""Number_of_plugs"": ""4"", ""Charger_Type"": ""DC"", ""Charger_rating"": ""75 kW"", ""Latitude"": ""-33.83274979"", ""Longitude"": ""151.2064264"", ""LGANAME"": ""North Sydney Council"", ""PCODE"": ""2060"", ""Source"": ""Existing Fast Chargers""}",-33.83274979,151.2064264,2060,False,unchanged,121,point_in_polygon,0.0,121,point_in_polygon,,analysis_ready
r_f52c4475d66d2f9baa40,l_a42a882d90dba5b5bab2,181,,,"15 Victory St, Braidwood, NSW 2622, Australia",NRMA,o_5b4f3a03bda45dcf8609,-31.4988197,145.8375768,2835,2622,True,Queanbeyan-Palerang Regional Council,DC,4,50.0,50.0,single,50 kW,TfNSW Regional,"{""OBJECTID"": """", ""Station_name"": """", ""Station_address"": ""15 Victory St, Braidwood, NSW 2622, Australia"", ""Operator"": ""NRMA"", ""Number_of_plugs"": ""4"", ""Charger_Type"": ""DC"", ""Charger_rating"": ""50 kW"", ""Latitude"": ""-31.4988197"", ""Longitude"": ""145.8375768"", ""LGANAME"": ""Queanbeyan-Palerang Regional Council"", ""PCODE"": ""2835"", ""Source"": ""TfNSW Regional""}",-31.4988197,145.8375768,2835,True,unchanged,105,point_in_polygon,0.0,101,official_locality_containment,RR_BRAIDWOOD_20260909,unresolved
r_fc46c68353536712d27b,l_219bd7f340e578206915,187,,,"152 Pacific Hwy, 36 Josephson St, Swansea NSW 2281",Evie,o_4733c69eed3ea98c9b3b,-33.088721,151.637587,2281,2281,False,Lake Macquarie City Council,DC,4,50.0,50.0,single,50 kW,ARENA - Driving the Nation,"{""OBJECTID"": """", ""Station_name"": """", ""Station_address"": ""152 Pacific Hwy, 36 Josephson St, Swansea NSW 2281"", ""Operator"": ""Evie"", ""Number_of_plugs"": ""4"", ""Charger_Type"": ""DC"", ""Charger_rating"": ""50 kW"", ""Latitude"": ""-33.088721"", ""Longitude"": ""151.637587"", ""LGANAME"": ""Lake Macquarie City Council"", ""PCODE"": ""2281"", ""Source"": ""ARENA - Driving the Nation""}",-33.088721,151.637587,2281,False,unchanged,111,point_in_polygon,0.0,111,point_in_polygon,,analysis_ready
r_819a23bc45c3d42e7350,l_0c3f30201da35fb730e7,188,,,"153 Coreen Ave Cnr Castlereagh Rd, Penrith, NSW, 2750",Ampol AmpCharge,o_130042b74e00dd320b50,-33.7428103,150.6929292,2750,2750,False,Penrith City Council,DC,2,125.0,125.0,single,125 kW,ARENA - Driving the Nation,"{""OBJECTID"": """", ""Station_name"": """", ""Station_address"": ""153 Coreen Ave Cnr Castlereagh Rd, Penrith, NSW, 2750"", ""Operator"": ""Ampol"", ""Number_of_plugs"": ""2"", ""Charger_Type"": ""DC"", ""Charger_rating"": ""125 kW"", ""Latitude"": ""-33.7428103"", ""Longitude"": ""150.6929292"", ""LGANAME"": ""Penrith City Council"", ""PCODE"": ""2750"", ""Source"": ""ARENA - Driving the Nation""}",-33.7428103,150.6929292,2750,False,unchanged,124,point_in_polygon,0.0,124,point_in_polygon,,analysis_ready
r_5746564bd518e7a1521d,l_a24a517b2cb379e31da0,192,,,"156 Melbourne St, Mulwala, 2647",Wevolt,o_c1eaa0df16f31232f695,-35.99499104,146.001983,2647,2647,False,Federation Council,DC,4,80.0,80.0,single,80 kW,Existing Fast Chargers,"{""OBJECTID"": """", ""Station_name"": """", ""Station_address"": ""156 Melbourne St, Mulwala, 2647"", ""Operator"": ""Wevolt"", ""Number_of_plugs"": ""4"", ""Charger_Type"": ""DC"", ""Charger_rating"": ""80 kW"", ""Latitude"": ""-35.99499104"", ""Longitude"": ""146.001983"", ""LGANAME"": ""Federation Council"", ""PCODE"": ""2647"", ""Source"": ""Existing Fast Chargers""}",-35.99499104,146.001983,2647,False,unchanged,109,point_in_polygon,0.0,109,point_in_polygon,,analysis_ready
r_adaa6f8f055ae8bae26b,l_64059e6f54d8548ae62e,195,,,"157 Rouse Street, Tenterfield, NSW 2372, Australia",NRMA,o_5b4f3a03bda45dcf8609,-29.0573208,152.0189416,2372,2372,False,Tenterfield Shire Council,DC,2,50.0,50.0,single,50 kW,TfNSW Regional,"{""OBJECTID"": """", ""Station_name"": """", ""Station_address"": ""157 Rouse Street, Tenterfield, NSW 2372, Australia"", ""Operator"": ""NRMA"", ""Number_of_plugs"": ""2"", ""Charger_Type"": ""DC"", ""Charger_rating"": ""50 kW"", ""Latitude"": ""-31.5645996"", ""Longitude"": ""147.1969355"", ""LGANAME"": ""Tenterfield Shire Council"", ""PCODE"": ""2825"", ""Source"": ""TfNSW Regional""}",-31.5645996,147.1969355,2825,True,coordinates_reviewed_primary_evidence,110,point_in_polygon,0.0,110,point_in_polygon,,analysis_ready
r_9ad53a2b811edf0b2a5f,l_dcc0ac7a45b4eab28369,199,,,"16 Berry St, Nowra, 2541",NRMA,o_5b4f3a03bda45dcf8609,-34.87360065,150.6005345,2541,2541,False,Shoalhaven City Council,DC,4,160.0,160.0,single,160 kW,Existing Fast Chargers,"{""OBJECTID"": """", ""Station_name"": """", ""Station_address"": ""16 Berry St, Nowra, 2541"", ""Operator"": ""NRMA"", ""Number_of_plugs"": ""4"", ""Charger_Type"": ""DC"", ""Charger_rating"": ""160 kW"", ""Latitude"": ""-34.87360065"", ""Longitude"": ""150.6005345"", ""LGANAME"": ""Shoalhaven City Council"", ""PCODE"": ""2541"", ""Source"": ""Existing Fast Chargers""}",-34.87360065,150.6005345,2541,False,unchanged,114,point_in_polygon,0.0,114,point_in_polygon,,analysis_ready
r_a4de5bbc963b745ed119,l_db6291953a247edf1e70,206,,,"16-20 Goodhope St, Sydney, 2021",Chargefox,o_e43c5e61858e588c2c2f,-33.88181186,151.2283183,2021,2021,False,Woollahra Municipal Council,DC,2,30.0,30.0,single,30 kW,Existing Fast Chargers,"{""OBJECTID"": """", ""Station_name"": """", ""Station_address"": ""16-20 Goodhope St, Sydney, 2021"", ""Operator"": ""Chargefox"", ""Number_of_plugs"": ""2"", ""Charger_Type"": ""DC"", ""Charger_rating"": ""30 kW"", ""Latitude"": ""-33.88181186"", ""Longitude"": ""151.2283183"", ""LGANAME"": ""Woollahra Municipal Council"", ""PCODE"": ""2021"", ""Source"": ""Existing Fast Chargers""}",-33.88181186,151.2283183,2021,False,unchanged,118,point_in_polygon,0.0,118,point_in_polygon,,analysis_ready
r_fe1d9184313028881bd6,l_49ed954693fc5153e351,212,,,"169 Willoughby Rd, Sydney, 2065",BP Pulse (AU),o_15939ac67df1441fe74a,-33.8201522,151.2011902,2065,2065,False,Willoughby City Council,DC,2,75.0,75.0,single,75 kW,Existing Fast Chargers,"{""OBJECTID"": """", ""Station_name"": """", ""Station_address"": ""169 Willoughby Rd, Sydney, 2065"", ""Operator"": ""BP"", ""Number_of_plugs"": ""2"", ""Charger_Type"": ""DC"", ""Charger_rating"": ""75 kW"", ""Latitude"": ""-33.8201522"", ""Longitude"": ""151.2011902"", ""LGANAME"": ""Willoughby City Council"", ""PCODE"": ""2065"", ""Source"": ""Existing Fast Chargers""}",-33.8201522,151.2011902,2065,False,unchanged,121,point_in_polygon,0.0,121,point_in_polygon,,analysis_ready
r_2eb1088d4d711b489ed7,l_fce3c968260c8627f8b1,215,,,"17 Smith St, Sydney, 2067",Chargefox,o_e43c5e61858e588c2c2f,-33.78601306,151.1980831,2067,2067,False,Willoughby City Council,DC,6,47.0,47.0,single,47 kW,Existing Fast Chargers,"{""OBJECTID"": """", ""Station_name"": """", ""Station_address"": ""17 Smith St, Sydney, 2067"", ""Operator"": ""Chargefox"", ""Number_of_plugs"": ""6"", ""Charger_Type"": ""DC"", ""Charger_rating"": ""47 kW"", ""Latitude"": ""-33.78601306"", ""Longitude"": ""151.1980831"", ""LGANAME"": ""Willoughby City Council"", ""PCODE"": ""2067"", ""Source"": ""Existing Fast Chargers""}",-33.78601306,151.1980831,2067,False,unchanged,121,point_in_polygon,0.0,121,point_in_polygon,,analysis_ready
r_00d0a8b9a1471c4a209e,l_5ffb0694cabe7bd610f6,219,,,"173 The Vineyards Rd, Lake George, 2581",Exploren,o_17324b0193cb7a1c3925,-34.99682987,149.3848398,2581,2581,False,Yass Valley Council,DC,2,60.0,60.0,single,60 kW,Existing Fast Chargers,"{""OBJECTID"": """", ""Station_name"": """", ""Station_address"": ""173 The Vineyards Rd, Lake George, 2581"", ""Operator"": ""Exploren"", ""Number_of_plugs"": ""2"", ""Charger_Type"": ""DC"", ""Charger_rating"": ""60 kW"", ""Latitude"": ""-34.99682987"", ""Longitude"": ""149.3848398"", ""LGANAME"": ""Yass Valley Council"", ""PCODE"": ""2581"", ""Source"": ""Existing Fast Chargers""}",-34.99682987,149.3848398,2581,False,unchanged,101,point_in_polygon,0.0,101,point_in_polygon,,analysis_ready
r_32d59b740445f8165c15,l_ef816b6b5395942c25c9,247,,,"19 Princes Hwy, Figtree NSW 2525, Australia",Tesla,o_022471524c9d92e538b2,-34.4366153,150.8632982,2525,2525,False,Wollongong City Council,DC,6,175.0,175.0,single,175 kW,Fast Charging R1,"{""OBJECTID"": """", ""Station_name"": """", ""Station_address"": ""19 Princes Hwy, Figtree NSW 2525, Australia"", ""Operator"": ""Tesla"", ""Number_of_plugs"": ""6"", ""Charger_Type"": ""DC"", ""Charger_rating"": ""175 kW"", ""Latitude"": ""-34.4366153"", ""Longitude"": ""150.8632982"", ""LGANAME"": ""Wollongong City Council"", ""PCODE"": ""2525"", ""Source"": ""Fast Charging R1""}",-34.4366153,150.8632982,2525,False,unchanged,107,point_in_polygon,0.0,107,point_in_polygon,,analysis_ready
r_10ef7638ff8d7711a0b1,l_aa57b6532f170da081eb,248,,,"1-9 Railway Parade, Kogarah NSW 2217",Evie,o_4733c69eed3ea98c9b3b,-33.96168115,151.1325903,2217,2217,False,Georges River Council,DC,4,150.0,150.0,single,150 kW,ARENA - Driving the Nation,"{""OBJECTID"": """", ""Station_name"": """", ""Station_address"": ""1-9 Railway Parade, Kogarah NSW 2217"", ""Operator"": ""Evie"", ""Number_of_plugs"": ""4"", ""Charger_Type"": ""DC"", ""Charger_rating"": ""150 kW"", ""Latitude"": ""-33.96168115"", ""Longitude"": ""151.1325903"", ""LGANAME"": ""Georges River Council"", ""PCODE"": ""2217"", ""Source"": ""ARENA - Driving the Nation""}",-33.96168115,151.1325903,2217,False,unchanged,119,point_in_polygon,0.0,119,point_in_polygon,,analysis_ready
r_8ddbe6ec060185e53c64,l_0874e282f6c5390a87cc,250,,,"19 Windsor Rd, Sydney, 2155",BP Pulse (AU),o_15939ac67df1441fe74a,-33.71274679,150.9591602,2155,2155,False,The Hills Shire Council,DC,2,75.0,75.0,single,75 kW,Existing Fast Chargers,"{""OBJECTID"": """", ""Station_name"": """", ""Station_address"": ""19 Windsor Rd, Sydney, 2155"", ""Operator"": ""BP"", ""Number_of_plugs"": ""2"", ""Charger_Type"": ""DC"", ""Charger_rating"": ""75 kW"", ""Latitude"": ""-33.71274679"", ""Longitude"": ""150.9591602"", ""LGANAME"": ""The Hills Shire Council"", ""PCODE"": ""2155"", ""Source"": ""Existing Fast Chargers""}",-33.71274679,150.9591602,2155,False,unchanged,115,point_in_polygon,0.0,115,point_in_polygon,,analysis_ready
r_1f71d739635ebd813805,l_16abb5bc4267f02b6bed,255,,,197-215 Condamine St Balgowlah NSW 2093 Australia,Tesla,o_022471524c9d92e538b2,-33.7930342,151.2641426,2093,2093,False,Northern Beaches Council,DC,6,175.0,175.0,single,175 kW,Fast Charging R3,"{""OBJECTID"": """", ""Station_name"": """", ""Station_address"": ""197-215 Condamine St Balgowlah NSW 2093 Australia"", ""Operator"": ""Tesla"", ""Number_of_plugs"": ""6"", ""Charger_Type"": ""DC"", ""Charger_rating"": ""175 kW"", ""Latitude"": ""-33.7930342"", ""Longitude"": ""151.2641426"", ""LGANAME"": ""Northern Beaches Council"", ""PCODE"": ""2093"", ""Source"": ""Fast Charging R3""}",-33.7930342,151.2641426,2093,False,unchanged,122,point_in_polygon,0.0,122,point_in_polygon,,analysis_ready
r_864b6a4f555182ecd455,l_d437650364c39faf1778,258,,,"1985 Camden Valley Way, Prestons NSW 2170",Evie,o_4733c69eed3ea98c9b3b,-33.95224765,150.8557529,2170,2170,False,Liverpool City Council,DC,4,150.0,150.0,single,150 kW,ARENA - Driving the Nation,"{""OBJECTID"": """", ""Station_name"": """", ""Station_address"": ""1985 Camden Valley Way, Prestons NSW 2170"", ""Operator"": ""Evie"", ""Number_of_plugs"": ""4"", ""Charger_Type"": ""DC"", ""Charger_rating"": ""150 kW"", ""Latitude"": ""-33.95224765"", ""Longitude"": ""150.8557529"", ""LGANAME"": ""Liverpool City Council"", ""PCODE"": ""2170"", ""Source"": ""ARENA - Driving the Nation""}",-33.95224765,150.8557529,2170,False,unchanged,127,point_in_polygon,0.0,127,point_in_polygon,,analysis_ready
r_61b3a2cc7ef9d362ed0b,l_bd7da9dd795cddcb183f,265,,,"2 Coast Hospital Rd, Sydney, 2036",Evie,o_4733c69eed3ea98c9b3b,-33.98102507,151.2497087,2036,2036,False,Randwick City Council,DC,2,75.0,75.0,single,75 kW,Existing Fast Chargers,"{""OBJECTID"": """", ""Station_name"": """", ""Station_address"": ""2 Coast Hospital Rd, Sydney, 2036"", ""Operator"": ""Evie"", ""Number_of_plugs"": ""2"", ""Charger_Type"": ""DC"", ""Charger_rating"": ""75 kW"", ""Latitude"": ""-33.98102507"", ""Longitude"": ""151.2497087"", ""LGANAME"": ""Randwick City Council"", ""PCODE"": ""2036"", ""Source"": ""Existing Fast Chargers""}",-33.98102507,151.2497087,2036,False,unchanged,118,point_in_polygon,0.0,118,point_in_polygon,,analysis_ready
r_60b97c4f9fb8a1ee4fa2,l_be37dcfef546a06e4cb3,269,,,"2 Hannabus Pl, Windsor, 2756",Exploren,o_17324b0193cb7a1c3925,-33.62676281,150.8353483,2756,2756,False,Hawkesbury City Council,DC,2,60.0,60.0,single,60 kW,Existing Fast Chargers,"{""OBJECTID"": """", ""Station_name"": """", ""Station_address"": ""2 Hannabus Pl, Windsor, 2756"", ""Operator"": ""Exploren"", ""Number_of_plugs"": ""2"", ""Charger_Type"": ""DC"", ""Charger_rating"": ""60 kW"", ""Latitude"": ""-33.62676281"", ""Longitude"": ""150.8353483"", ""LGANAME"": ""Hawkesbury City Council"", ""PCODE"": ""2756"", ""Source"": ""Existing Fast Chargers""}",-33.62676281,150.8353483,2756,False,unchanged,115,point_in_polygon,0.0,115,point_in_polygon,,analysis_ready
r_e79a523b062e38befdba,l_ca2ddf9e6cb67f6a9dec,282,,,"2 Riddell St, Sydney, 2023",Chargefox,o_e43c5e61858e588c2c2f,-33.88578883,151.2573263,2023,2023,False,Woollahra Municipal Council,DC,2,40.0,40.0,single,40 kW,Existing Fast Chargers,"{""OBJECTID"": """", ""Station_name"": """", ""Station_address"": ""2 Riddell St, Sydney, 2023"", ""Operator"": ""Chargefox"", ""Number_of_plugs"": ""2"", ""Charger_Type"": ""DC"", ""Charger_rating"": ""40 kW"", ""Latitude"": ""-33.88578883"", ""Longitude"": ""151.2573263"", ""LGANAME"": ""Woollahra Municipal Council"", ""PCODE"": ""2023"", ""Source"": ""Existing Fast Chargers""}",-33.88578883,151.2573263,2023,False,unchanged,118,point_in_polygon,0.0,118,point_in_polygon,,analysis_ready
r_54ff2dc1d2c06488f610,l_3d304b9fa667057c6b40,287,,,"2 Sentry Dr, Sydney, 2768",Chargefox,o_e43c5e61858e588c2c2f,-33.71984389,150.918979,2768,2768,False,Blacktown City Council,DC,4,40.0,40.0,single,40 kW,Existing Fast Chargers,"{""OBJECTID"": """", ""Station_name"": """", ""Station_address"": ""2 Sentry Dr, Sydney, 2768"", ""Operator"": ""Chargefox"", ""Number_of_plugs"": ""4"", ""Charger_Type"": ""DC"", ""Charger_rating"": ""40 kW"", ""Latitude"": ""-33.71984389"", ""Longitude"": ""150.918979"", ""LGANAME"": ""Blacktown City Council"", ""PCODE"": ""2768"", ""Source"": ""Existing Fast Chargers""}",-33.71984389,150.918979,2768,False,unchanged,116,point_in_polygon,0.0,116,point_in_polygon,,analysis_ready
r_9df81c993db4d7b46efc,l_c8a2c1a9b2b732880757,296,,,"20 Owen St, Sydney, 2761",Chargefox,o_e43c5e61858e588c2c2f,-33.75074779,150.8580751,2761,2761,False,Blacktown City Council,DC,2,47.0,47.0,single,47 kW,Existing Fast Chargers,"{""OBJECTID"": """", ""Station_name"": """", ""Station_address"": ""20 Owen St, Sydney, 2761"", ""Operator"": ""Chargefox"", ""Number_of_plugs"": ""2"", ""Charger_Type"": ""DC"", ""Charger_rating"": ""47 kW"", ""Latitude"": ""-33.75074779"", ""Longitude"": ""150.8580751"", ""LGANAME"": ""Blacktown City Council"", ""PCODE"": ""2761"", ""Source"": ""Existing Fast Chargers""}",-33.75074779,150.8580751,2761,False,unchanged,116,point_in_polygon,0.0,116,point_in_polygon,,analysis_ready
r_7429d08562545595afb4,l_c8e0fb42c3b7ade7bf26,299,,,"20 Smidmore St, Marrickville NSW 2204",Evie,o_4733c69eed3ea98c9b3b,-33.907982,151.170899,2204,2204,False,Inner West Council,DC,4,50.0,50.0,single,50 kW,ARENA - Driving the Nation,"{""OBJECTID"": """", ""Station_name"": """", ""Station_address"": ""20 Smidmore St, Marrickville NSW 2204"", ""Operator"": ""Evie"", ""Number_of_plugs"": ""4"", ""Charger_Type"": ""DC"", ""Charger_rating"": ""50 kW"", ""Latitude"": ""-33.907982"", ""Longitude"": ""151.170899"", ""LGANAME"": ""Inner West Council"", ""PCODE"": ""2204"", ""Source"": ""ARENA - Driving the Nation""}",-33.907982,151.170899,2204,False,unchanged,117,point_in_polygon,0.0,117,point_in_polygon,,analysis_ready
r_627263be2273344da021,l_828da4a302ef22b4b284,314,,,"2090 Broke Rd, Pokolbin, 2320",NRMA,o_5b4f3a03bda45dcf8609,-32.77342947,151.2982713,2320,2320,False,Cessnock City Council,DC,4,75.0,75.0,single,75 kW,Existing Fast Chargers,"{""OBJECTID"": """", ""Station_name"": """", ""Station_address"": ""2090 Broke Rd, Pokolbin, 2320"", ""Operator"": ""NRMA"", ""Number_of_plugs"": ""4"", ""Charger_Type"": ""DC"", ""Charger_rating"": ""75 kW"", ""Latitude"": ""-32.77342947"", ""Longitude"": ""151.2982713"", ""LGANAME"": ""Cessnock City Council"", ""PCODE"": ""2320"", ""Source"": ""Existing Fast Chargers""}",-32.77342947,151.2982713,2320,False,unchanged,106,point_in_polygon,0.0,106,point_in_polygon,,analysis_ready
r_0aa8a30891c4785ba881,l_247b90ebf643cc7168dc,324,,,"211 Lake Entrance Rd, Shellharbour City Centre, 2529",Ampol AmpCharge,o_130042b74e00dd320b50,-34.56639944,150.8394074,2529,2529,False,Shellharbour City Council,DC,10,150.0,150.0,single,150 kW,Existing Fast Chargers,"{""OBJECTID"": """", ""Station_name"": """", ""Station_address"": ""211 Lake Entrance Rd, Shellharbour City Centre, 2529"", ""Operator"": ""Ampol"", ""Number_of_plugs"": ""10"", ""Charger_Type"": ""DC"", ""Charger_rating"": ""150 kW"", ""Latitude"": ""-34.56639944"", ""Longitude"": ""150.8394074"", ""LGANAME"": ""Shellharbour City Council"", ""PCODE"": ""2529"", ""Source"": ""Existing Fast Chargers""}",-34.56639944,150.8394074,2529,False,unchanged,107,point_in_polygon,0.0,107,point_in_polygon,,analysis_ready
r_85bb46ee0c42409265b7,l_614879eb5abcab6f959a,332,,,"220 Taren Point Rd, Caringbah NSW 2229",Evie,o_4733c69eed3ea98c9b3b,-34.02927306,151.1220736,2229,2229,False,Sutherland Shire Council,DC,4,75.0,75.0,single,75 kW,ARENA - Driving the Nation,"{""OBJECTID"": """", ""Station_name"": """", ""Station_address"": ""220 Taren Point Rd, Caringbah NSW 2229"", ""Operator"": ""Evie"", ""Number_of_plugs"": ""4"", ""Charger_Type"": ""DC"", ""Charger_rating"": ""75 kW"", ""Latitude"": ""-34.02927306"", ""Longitude"": ""151.1220736"", ""LGANAME"": ""Sutherland Shire Council"", ""PCODE"": ""2229"", ""Source"": ""ARENA - Driving the Nation""}",-34.02927306,151.1220736,2229,False,unchanged,128,point_in_polygon,0.0,128,point_in_polygon,,analysis_ready
r_7888bd4e54001b938f43,l_eb0ffbfcd4758036faaa,340,,,"2260 Camden Valley Way, Sydney, 2170",JOLT,o_4e1932045daf2a3e6c57,-33.95800605,150.8864635,2170,2170,False,Liverpool City Council,DC,2,25.0,25.0,single,25 kW,Existing Fast Chargers,"{""OBJECTID"": """", ""Station_name"": """", ""Station_address"": ""2260 Camden Valley Way, Sydney, 2170"", ""Operator"": ""JOLT"", ""Number_of_plugs"": ""2"", ""Charger_Type"": ""DC"", ""Charger_rating"": ""25 kW"", ""Latitude"": ""-33.95800605"", ""Longitude"": ""150.8864635"", ""LGANAME"": ""Liverpool City Council"", ""PCODE"": ""2170"", ""Source"": ""Existing Fast Chargers""}",-33.95800605,150.8864635,2170,False,unchanged,127,point_in_polygon,0.0,127,point_in_polygon,,analysis_ready
r_a6fe3a177488dd30f390,l_5617df25e7fc5dc3ef32,341,,,"2260 Camden Valley Way, Sydney, 2170",JOLT,o_4e1932045daf2a3e6c57,-33.9581552,150.8866296,2170,2170,False,Liverpool City Council,DC,2,25.0,25.0,single,25 kW,Existing Fast Chargers,"{""OBJECTID"": """", ""Station_name"": """", ""Station_address"": ""2260 Camden Valley Way, Sydney, 2170"", ""Operator"": ""JOLT"", ""Number_of_plugs"": ""2"", ""Charger_Type"": ""DC"", ""Charger_rating"": ""25 kW"", ""Latitude"": ""-33.9581552"", ""Longitude"": ""150.8866296"", ""LGANAME"": ""Liverpool City Council"", ""PCODE"": ""2170"", ""Source"": ""Existing Fast Chargers""}",-33.9581552,150.8866296,2170,False,unchanged,127,point_in_polygon,0.0,127,point_in_polygon,,analysis_ready
r_98d234f19aff794ce42b,l_fcdc20146cc4aad3252b,343,,,"228-234 Pacific Hwy, Swansea NSW, 2281",Everty,o_ca990827c48864e843f3,-33.09176581,151.6374214,2281,2281,False,Lake Macquarie City Council,DC,2,25.0,25.0,single,25 kW,Existing Fast Chargers,"{""OBJECTID"": """", ""Station_name"": """", ""Station_address"": ""228-234 Pacific Hwy, Swansea NSW, 2281"", ""Operator"": ""Everty"", ""Number_of_plugs"": ""2"", ""Charger_Type"": ""DC"", ""Charger_rating"": ""25 kW"", ""Latitude"": ""-33.09176581"", ""Longitude"": ""151.6374214"", ""LGANAME"": ""Lake Macquarie City Council"", ""PCODE"": ""2281"", ""Source"": ""Existing Fast Chargers""}",-33.09176581,151.6374214,2281,False,unchanged,111,point_in_polygon,0.0,111,point_in_polygon,,analysis_ready
r_6d1f893c6c45fc248fd1,l_d5aba7151b28444981c7,359,,,"240 Hillsborough Rd, Warners Bay NSW 2282",Evie,o_4733c69eed3ea98c9b3b,-32.96354505,151.6617414,2282,2282,False,Lake Macquarie City Council,DC,4,150.0,150.0,single,150 kW,ARENA - Driving the Nation,"{""OBJECTID"": """", ""Station_name"": """", ""Station_address"": ""240 Hillsborough Rd, Warners Bay NSW 2282"", ""Operator"": ""Evie"", ""Number_of_plugs"": ""4"", ""Charger_Type"": ""DC"", ""Charger_rating"": ""150 kW"", ""Latitude"": ""-32.96354505"", ""Longitude"": ""151.6617414"", ""LGANAME"": ""Lake Macquarie City Council"", ""PCODE"": ""2282"", ""Source"": ""ARENA - Driving the Nation""}",-32.96354505,151.6617414,2282,False,unchanged,111,point_in_polygon,0.0,111,point_in_polygon,,analysis_ready
r_45ecad6be12cb2462b70,l_64a0cba3a8bda610eeed,361,,,"241 Waterworth Dr, Mount Annan NSW 2567, Australia",Viva Energy Australia,o_bcaad2992c1da7826658,-34.049425,150.7603383,2567,2567,False,Camden Council,DC,4,175.0,175.0,single,175 kW,Fast Charging R2,"{""OBJECTID"": """", ""Station_name"": """", ""Station_address"": ""241 Waterworth Dr, Mount Annan NSW 2567, Australia"", ""Operator"": ""Viva Energy Australia"", ""Number_of_plugs"": ""4"", ""Charger_Type"": ""DC"", ""Charger_rating"": ""175 kW"", ""Latitude"": ""-34.049425"", ""Longitude"": ""150.7603383"", ""LGANAME"": ""Camden Council"", ""PCODE"": ""2567"", ""Source"": ""Fast Charging R2""}",-34.049425,150.7603383,2567,False,unchanged,123,point_in_polygon,0.0,123,point_in_polygon,,analysis_ready
r_5b4c520fc7fe46dc51c1,l_a1a130c747718c4382b3,367,,,"247 Belmore Rd, Riverwood NSW 2210",Evie,o_4733c69eed3ea98c9b3b,-33.952562,151.05103,2210,2210,False,Georges River Council,DC,4,75.0,75.0,single,75 kW,ARENA - Driving the Nation,"{""OBJECTID"": """", ""Station_name"": """", ""Station_address"": ""247 Belmore Rd, Riverwood NSW 2210"", ""Operator"": ""Evie"", ""Number_of_plugs"": ""4"", ""Charger_Type"": ""DC"", ""Charger_rating"": ""75 kW"", ""Latitude"": ""-33.952562"", ""Longitude"": ""151.05103"", ""LGANAME"": ""Georges River Council"", ""PCODE"": ""2210"", ""Source"": ""ARENA - Driving the Nation""}",-33.952562,151.05103,2210,False,unchanged,119,point_in_polygon,0.0,119,point_in_polygon,,analysis_ready
r_23ff0217ca5d1a1b6856,l_e07dbfccc7fba71deef0,378,,,"26 Aspect Dr, Coffs Harbour, 2450",Tesla,o_022471524c9d92e538b2,-30.27522227,153.1319389,2450,2450,False,Coffs Harbour City Council,DC,4,60.0,60.0,single,60 kW,Existing Fast Chargers,"{""OBJECTID"": """", ""Station_name"": """", ""Station_address"": ""26 Aspect Dr, Coffs Harbour, 2450"", ""Operator"": ""Tesla"", ""Number_of_plugs"": ""4"", ""Charger_Type"": ""DC"", ""Charger_rating"": ""60 kW"", ""Latitude"": ""-30.27522227"", ""Longitude"": ""153.1319389"", ""LGANAME"": ""Coffs Harbour City Council"", ""PCODE"": ""2450"", ""Source"": ""Existing Fast Chargers""}",-30.27522227,153.1319389,2450,False,unchanged,104,point_in_polygon,0.0,104,point_in_polygon,,analysis_ready
r_1f8b175f54b73f63a5fb,l_b2d2b4a86d06edc75a09,380,,,"26 Neilly St, Walgett, NSW 2832, Australia",NRMA,o_5b4f3a03bda45dcf8609,-28.8659158,153.0485564,2337,2832,True,Walgett Shire Council,DC,2,75.0,75.0,single,75 kW,TfNSW Regional,"{""OBJECTID"": """", ""Station_name"": """", ""Station_address"": ""26 Neilly St, Walgett, NSW 2832, Australia"", ""Operator"": ""NRMA"", ""Number_of_plugs"": ""2"", ""Charger_Type"": ""DC"", ""Charger_rating"": ""75 kW"", ""Latitude"": ""-28.8659158"", ""Longitude"": ""153.0485564"", ""LGANAME"": ""Walgett Shire Council"", ""PCODE"": ""2337"", ""Source"": ""TfNSW Regional""}",-28.8659158,153.0485564,2337,True,unchanged,112,point_in_polygon,0.0,105,official_locality_containment,RR_WALGETT_20260909,unresolved
r_e5a1776d08d102dbf6c0,l_4e28ef0381887ae57678,384,,,"260 Jersey Rd, Plumpton NSW 2761",Evie,o_4733c69eed3ea98c9b3b,-33.7459827,150.8357299,2761,2761,False,Blacktown City Council,DC,4,75.0,75.0,single,75 kW,ARENA - Driving the Nation,"{""OBJECTID"": """", ""Station_name"": """", ""Station_address"": ""260 Jersey Rd, Plumpton NSW 2761"", ""Operator"": ""Evie"", ""Number_of_plugs"": ""4"", ""Charger_Type"": ""DC"", ""Charger_rating"": ""75 kW"", ""Latitude"": ""-33.7459827"", ""Longitude"": ""150.8357299"", ""LGANAME"": ""Blacktown City Council"", ""PCODE"": ""2761"", ""Source"": ""ARENA - Driving the Nation""}",-33.7459827,150.8357299,2761,False,unchanged,116,point_in_polygon,0.0,116,point_in_polygon,,analysis_ready
r_9fcdf480121523fb62c5,l_0edc9c6d28382f4aca94,393,,,"27-33 Oaks Ave, Dee Why NSW 2099",Evie,o_4733c69eed3ea98c9b3b,-33.75442135,151.2873331,2099,2099,False,Northern Beaches Council,DC,4,150.0,150.0,single,150 kW,ARENA - Driving the Nation,"{""OBJECTID"": """", ""Station_name"": """", ""Station_address"": ""27-33 Oaks Ave, Dee Why NSW 2099"", ""Operator"": ""Evie"", ""Number_of_plugs"": ""4"", ""Charger_Type"": ""DC"", ""Charger_rating"": ""150 kW"", ""Latitude"": ""-33.75442135"", ""Longitude"": ""151.2873331"", ""LGANAME"": ""Northern Beaches Council"", ""PCODE"": ""2099"", ""Source"": ""ARENA - Driving the Nation""}",-33.75442135,151.2873331,2099,False,unchanged,122,point_in_polygon,0.0,122,point_in_polygon,,analysis_ready
r_78d9a81044a26cf7b6de,l_b63549221fad87b3262c,395,,,"28 Auburn Street, Moree, NSW 2400, Australia",NRMA,o_5b4f3a03bda45dcf8609,-35.3548636,145.725081,2716,2400,True,Moree Plains Shire Council,DC,2,50.0,50.0,single,50 kW,TfNSW Regional,"{""OBJECTID"": """", ""Station_name"": """", ""Station_address"": ""28 Auburn Street, Moree, NSW 2400, Australia"", ""Operator"": ""NRMA"", ""Number_of_plugs"": ""2"", ""Charger_Type"": ""DC"", ""Charger_rating"": ""50 kW"", ""Latitude"": ""-35.3548636"", ""Longitude"": ""145.725081"", ""LGANAME"": ""Moree Plains Shire Council"", ""PCODE"": ""2716"", ""Source"": ""TfNSW Regional""}",-35.3548636,145.725081,2716,True,unchanged,109,point_in_polygon,0.0,110,official_locality_containment,RR_MOREE_20260909,unresolved
r_b0aa0f70a9f94137ef18,l_e5d7d27c440c822c4ffd,397,,,"28 Lawson St, Byron Bay, 2481",EVUp,o_a44733937534aba247a1,-28.64327432,153.6158749,2481,2481,False,Byron Shire Council,DC,2,100.0,100.0,single,100 kW,Existing Fast Chargers,"{""OBJECTID"": """", ""Station_name"": """", ""Station_address"": ""28 Lawson St, Byron Bay, 2481"", ""Operator"": ""EVUp"", ""Number_of_plugs"": ""2"", ""Charger_Type"": ""DC"", ""Charger_rating"": ""100 kW"", ""Latitude"": ""-28.64327432"", ""Longitude"": ""153.6158749"", ""LGANAME"": ""Byron Shire Council"", ""PCODE"": ""2481"", ""Source"": ""Existing Fast Chargers""}",-28.64327432,153.6158749,2481,False,unchanged,112,point_in_polygon,0.0,112,point_in_polygon,,analysis_ready
r_051951c0d0f21e6a41c5,l_02b3a85fd63b768948f5,399,,,"2-8 Turramurra Ave, Sydney, 2074",Evie,o_4733c69eed3ea98c9b3b,-33.7323514,151.1307097,2074,2074,False,Ku-ring-gai Council,DC,4,75.0,75.0,single,75 kW,Existing Fast Chargers,"{""OBJECTID"": """", ""Station_name"": """", ""Station_address"": ""2-8 Turramurra Ave, Sydney, 2074"", ""Operator"": ""Evie"", ""Number_of_plugs"": ""4"", ""Charger_Type"": ""DC"", ""Charger_rating"": ""75 kW"", ""Latitude"": ""-33.7323514"", ""Longitude"": ""151.1307097"", ""LGANAME"": ""Ku-ring-gai Council"", ""PCODE"": ""2074"", ""Source"": ""Existing Fast Chargers""}",-33.7323514,151.1307097,2074,False,unchanged,121,point_in_polygon,0.0,121,point_in_polygon,,analysis_ready
r_fa1c75feffb22cc5811f,l_658cb39230ade6768e63,410,,,"29-55 Twynam St, Narrandera, 2700",NRMA,o_5b4f3a03bda45dcf8609,-34.74651756,146.548011,2700,2700,False,Narrandera Shire Council,DC,2,50.0,50.0,single,50 kW,Existing Fast Chargers,"{""OBJECTID"": """", ""Station_name"": """", ""Station_address"": ""29-55 Twynam St, Narrandera, 2700"", ""Operator"": ""NRMA"", ""Number_of_plugs"": ""2"", ""Charger_Type"": ""DC"", ""Charger_rating"": ""50 kW"", ""Latitude"": ""-34.74651756"", ""Longitude"": ""146.548011"", ""LGANAME"": ""Narrandera Shire Council"", ""PCODE"": ""2700"", ""Source"": ""Existing Fast Chargers""}",-34.74651756,146.548011,2700,False,unchanged,113,point_in_polygon,0.0,113,point_in_polygon,,analysis_ready
r_7a3363a83e17b691ce90,l_41188646b478932fd615,419,,,"3 Bungendore Rd, Queanbeyan NSW 2620",Evie,o_4733c69eed3ea98c9b3b,-35.34739722,149.2454031,2620,2620,False,Queanbeyan-Palerang Regional Council,DC,4,75.0,75.0,single,75 kW,ARENA - Driving the Nation,"{""OBJECTID"": """", ""Station_name"": """", ""Station_address"": ""3 Bungendore Rd, Queanbeyan NSW 2620"", ""Operator"": ""Evie"", ""Number_of_plugs"": ""4"", ""Charger_Type"": ""DC"", ""Charger_rating"": ""75 kW"", ""Latitude"": ""-35.34739722"", ""Longitude"": ""149.2454031"", ""LGANAME"": ""Queanbeyan-Palerang Regional Council"", ""PCODE"": ""2620"", ""Source"": ""ARENA - Driving the Nation""}",-35.34739722,149.2454031,2620,False,unchanged,101,point_in_polygon,0.0,101,point_in_polygon,,analysis_ready
r_4dd50cbcae0b90b57793,l_ce1d2a7d82972aca01f2,427,,,"3 Leisure Dr, Tweed Heads, 2486",Evie,o_4733c69eed3ea98c9b3b,-28.21510115,153.5404384,2486,2486,False,Tweed Shire Council,DC,4,75.0,75.0,single,75 kW,Existing Fast Chargers,"{""OBJECTID"": """", ""Station_name"": """", ""Station_address"": ""3 Leisure Dr, Tweed Heads, 2486"", ""Operator"": ""Evie"", ""Number_of_plugs"": ""4"", ""Charger_Type"": ""DC"", ""Charger_rating"": ""75 kW"", ""Latitude"": ""-28.21510115"", ""Longitude"": ""153.5404384"", ""LGANAME"": ""Tweed Shire Council"", ""PCODE"": ""2486"", ""Source"": ""Existing Fast Chargers""}",-28.21510115,153.5404384,2486,False,unchanged,112,point_in_polygon,0.0,112,point_in_polygon,,analysis_ready
r_cff68163dd04dda4ac98,l_480ccd145117443d7005,436,,,"303 Henry Parry Dr, Central Coast, 2250",Chargefox,o_e43c5e61858e588c2c2f,-33.40941346,151.3507447,2250,2250,False,Central Coast Council,DC,2,60.0,60.0,single,60 kW,Existing Fast Chargers,"{""OBJECTID"": """", ""Station_name"": """", ""Station_address"": ""303 Henry Parry Dr, Central Coast, 2250"", ""Operator"": ""Chargefox"", ""Number_of_plugs"": ""2"", ""Charger_Type"": ""DC"", ""Charger_rating"": ""60 kW"", ""Latitude"": ""-33.40941346"", ""Longitude"": ""151.3507447"", ""LGANAME"": ""Central Coast Council"", ""PCODE"": ""2250"", ""Source"": ""Existing Fast Chargers""}",-33.40941346,151.3507447,2250,False,unchanged,102,point_in_polygon,0.0,102,point_in_polygon,,analysis_ready
r_2d5d477805a014689030,l_66cbe5067887e42fba46,441,,,"30A Richland St, Sydney, 2208",Exploren,o_17324b0193cb7a1c3925,-33.93524029,151.0986717,2208,2208,False,Canterbury Bankstown Council,DC,2,120.0,120.0,single,120 kW,Existing Fast Chargers,"{""OBJECTID"": """", ""Station_name"": """", ""Station_address"": ""30A Richland St, Sydney, 2208"", ""Operator"": ""Exploren"", ""Number_of_plugs"": ""2"", ""Charger_Type"": ""DC"", ""Charger_rating"": ""120 kW"", ""Latitude"": ""-33.93524029"", ""Longitude"": ""151.0986717"", ""LGANAME"": ""Canterbury Bankstown Council"", ""PCODE"": ""2208"", ""Source"": ""Existing Fast Chargers""}",-33.93524029,151.0986717,2208,False,unchanged,119,point_in_polygon,0.0,119,point_in_polygon,,analysis_ready
r_81f69d1e44574c543b98,l_7961c79944339bbbbff7,457,,,"320 Princes Hwy, Bomaderry, 2541",Chargefox,o_e43c5e61858e588c2c2f,-34.84356861,150.5955365,2541,2541,False,Shoalhaven City Council,DC,4,47.0,47.0,single,47 kW,Existing Fast Chargers,"{""OBJECTID"": """", ""Station_name"": """", ""Station_address"": ""320 Princes Hwy, Bomaderry, 2541"", ""Operator"": ""Chargefox"", ""Number_of_plugs"": ""4"", ""Charger_Type"": ""DC"", ""Charger_rating"": ""47 kW"", ""Latitude"": ""-34.84356861"", ""Longitude"": ""150.5955365"", ""LGANAME"": ""Shoalhaven City Council"", ""PCODE"": ""2541"", ""Source"": ""Existing Fast Chargers""}",-34.84356861,150.5955365,2541,False,unchanged,114,point_in_polygon,0.0,114,point_in_polygon,,analysis_ready
r_151f7eb7f8e2f1f39e64,l_2764795b8170945afb4b,460,,,"328 Main Rd, Newcastle, 2285",BP Pulse (AU),o_15939ac67df1441fe74a,-32.93782987,151.6567367,2285,2285,False,Lake Macquarie City Council,DC,4,150.0,150.0,single,150 kW,Existing Fast Chargers,"{""OBJECTID"": """", ""Station_name"": """", ""Station_address"": ""328 Main Rd, Newcastle, 2285"", ""Operator"": ""BP"", ""Number_of_plugs"": ""4"", ""Charger_Type"": ""DC"", ""Charger_rating"": ""150 kW"", ""Latitude"": ""-32.93782987"", ""Longitude"": ""151.6567367"", ""LGANAME"": ""Lake Macquarie City Council"", ""PCODE"": ""2285"", ""Source"": ""Existing Fast Chargers""}",-32.93782987,151.6567367,2285,False,unchanged,111,point_in_polygon,0.0,111,point_in_polygon,,analysis_ready
r_f52bf19b2e6044a941f0,l_1626804acbefbef76625,464,,,"33 Moate St, Newcastle, 2298",Chargefox,o_e43c5e61858e588c2c2f,-32.90870375,151.7304655,2298,2298,False,Newcastle City Council,DC,2,60.0,60.0,single,60 kW,Existing Fast Chargers,"{""OBJECTID"": """", ""Station_name"": """", ""Station_address"": ""33 Moate St, Newcastle, 2298"", ""Operator"": ""Chargefox"", ""Number_of_plugs"": ""2"", ""Charger_Type"": ""DC"", ""Charger_rating"": ""60 kW"", ""Latitude"": ""-32.90870375"", ""Longitude"": ""151.7304655"", ""LGANAME"": ""Newcastle City Council"", ""PCODE"": ""2298"", ""Source"": ""Existing Fast Chargers""}",-32.90870375,151.7304655,2298,False,unchanged,111,point_in_polygon,0.0,111,point_in_polygon,,analysis_ready
r_c89a32ad66091ff03f62,l_557d9a33a7ab574a4943,467,,,"330 Pennant Hills Rd, Pennant Hills NSW 2120",Evie,o_4733c69eed3ea98c9b3b,-33.7366211,151.0743388,2120,2120,False,"Hornsby, The Council of the Shire of",DC,2,50.0,50.0,single,50 kW,ARENA - Driving the Nation,"{""OBJECTID"": """", ""Station_name"": """", ""Station_address"": ""330 Pennant Hills Rd, Pennant Hills NSW 2120"", ""Operator"": ""Evie"", ""Number_of_plugs"": ""2"", ""Charger_Type"": ""DC"", ""Charger_rating"": ""50 kW"", ""Latitude"": ""-33.7366211"", ""Longitude"": ""151.0743388"", ""LGANAME"": ""Hornsby, The Council of the Shire of"", ""PCODE"": ""2120"", ""Source"": ""ARENA - Driving the Nation""}",-33.7366211,151.0743388,2120,False,unchanged,126,point_in_polygon,0.0,126,point_in_polygon,,analysis_ready
r_ab5925f1e1bcdceb5922,l_6f087bf50b55abafc36a,480,,,"345 Victoria Ave, Chatswood NSW 2067",Engie,o_ee0834b88e02efe95195,-33.7945647,151.18613,2067,2067,False,Willoughby City Council,DC,2,150.0,150.0,single,150 kW,ARENA - Driving the Nation,"{""OBJECTID"": """", ""Station_name"": """", ""Station_address"": ""345 Victoria Ave, Chatswood NSW 2067"", ""Operator"": ""Engie"", ""Number_of_plugs"": ""2"", ""Charger_Type"": ""DC"", ""Charger_rating"": ""150 kW"", ""Latitude"": ""-33.7945647"", ""Longitude"": ""151.18613"", ""LGANAME"": ""Willoughby City Council"", ""PCODE"": ""2067"", ""Source"": ""ARENA - Driving the Nation""}",-33.7945647,151.18613,2067,False,unchanged,121,point_in_polygon,0.0,121,point_in_polygon,,analysis_ready
r_b4f54654c36cc46d0fdc,l_8105e23dfb8bf6df2909,485,,,"3-5 Underwood Rd, Homebush NSW 2140",Engie,o_ee0834b88e02efe95195,-33.8556219,151.0767955,2140,2140,False,Strathfield Municipal Council,DC,2,150.0,150.0,single,150 kW,ARENA - Driving the Nation,"{""OBJECTID"": """", ""Station_name"": """", ""Station_address"": ""3-5 Underwood Rd, Homebush NSW 2140"", ""Operator"": ""Engie"", ""Number_of_plugs"": ""2"", ""Charger_Type"": ""DC"", ""Charger_rating"": ""150 kW"", ""Latitude"": ""-33.8556219"", ""Longitude"": ""151.0767955"", ""LGANAME"": ""Strathfield Municipal Council"", ""PCODE"": ""2140"", ""Source"": ""ARENA - Driving the Nation""}",-33.8556219,151.0767955,2140,False,unchanged,120,point_in_polygon,0.0,120,point_in_polygon,,analysis_ready
r_413c943714e71321adf4,l_5e6eeda5a88a0b7c5b3c,502,,,"38 Abbott Rd, Seven Hills NSW 2147",Ampol AmpCharge,o_130042b74e00dd320b50,-33.7668115,150.9549656,2147,2147,False,Blacktown City Council,DC,2,125.0,125.0,single,125 kW,ARENA - Driving the Nation,"{""OBJECTID"": """", ""Station_name"": """", ""Station_address"": ""38 Abbott Rd, Seven Hills NSW 2147"", ""Operator"": ""Ampol"", ""Number_of_plugs"": ""2"", ""Charger_Type"": ""DC"", ""Charger_rating"": ""125 kW"", ""Latitude"": ""-33.7668115"", ""Longitude"": ""150.9549656"", ""LGANAME"": ""Blacktown City Council"", ""PCODE"": ""2147"", ""Source"": ""ARENA - Driving the Nation""}",-33.7668115,150.9549656,2147,False,unchanged,116,point_in_polygon,0.0,116,point_in_polygon,,analysis_ready
r_f6d6140aabbeaf24640c,l_913c9fe6ba3fdbd68b18,503,,,"38 Flora St, Sydney, 2232",Chargefox,o_e43c5e61858e588c2c2f,-34.03434039,151.0726517,2232,2232,False,Sutherland Shire Council,DC,4,47.0,47.0,single,47 kW,Existing Fast Chargers,"{""OBJECTID"": """", ""Station_name"": """", ""Station_address"": ""38 Flora St, Sydney, 2232"", ""Operator"": ""Chargefox"", ""Number_of_plugs"": ""4"", ""Charger_Type"": ""DC"", ""Charger_rating"": ""47 kW"", ""Latitude"": ""-34.03434039"", ""Longitude"": ""151.0726517"", ""LGANAME"": ""Sutherland Shire Council"", ""PCODE"": ""2232"", ""Source"": ""Existing Fast Chargers""}",-34.03434039,151.0726517,2232,False,unchanged,128,point_in_polygon,0.0,128,point_in_polygon,,analysis_ready
r_0164f9fd6f62fbd049c7,l_9393d85c59c3118a58b0,514,,,"4 Defries Ave, Sydney, 2017",Ampol AmpCharge,o_130042b74e00dd320b50,-33.90556061,151.2126807,2017,2017,False,"Sydney, Council of the City of",DC,6,150.0,150.0,single,150 kW,Existing Fast Chargers,"{""OBJECTID"": """", ""Station_name"": """", ""Station_address"": ""4 Defries Ave, Sydney, 2017"", ""Operator"": ""Ampol"", ""Number_of_plugs"": ""6"", ""Charger_Type"": ""DC"", ""Charger_rating"": ""150 kW"", ""Latitude"": ""-33.90556061"", ""Longitude"": ""151.2126807"", ""LGANAME"": ""Sydney, Council of the City of"", ""PCODE"": ""2017"", ""Source"": ""Existing Fast Chargers""}",-33.90556061,151.2126807,2017,False,unchanged,117,point_in_polygon,0.0,117,point_in_polygon,,analysis_ready
r_33399dfcec7eefea32cf,l_db19b61b3a478a7e1f42,520,,,"40 Gouldsbury St, Sydney, 2088",Evie,o_4733c69eed3ea98c9b3b,-33.82807512,151.2434454,2088,2088,False,Mosman Municipal Council,DC,2,75.0,75.0,single,75 kW,Existing Fast Chargers,"{""OBJECTID"": """", ""Station_name"": """", ""Station_address"": ""40 Gouldsbury St, Sydney, 2088"", ""Operator"": ""Evie"", ""Number_of_plugs"": ""2"", ""Charger_Type"": ""DC"", ""Charger_rating"": ""75 kW"", ""Latitude"": ""-33.82807512"", ""Longitude"": ""151.2434454"", ""LGANAME"": ""Mosman Municipal Council"", ""PCODE"": ""2088"", ""Source"": ""Existing Fast Chargers""}",-33.82807512,151.2434454,2088,False,unchanged,121,point_in_polygon,0.0,121,point_in_polygon,,analysis_ready
r_08e389ed4f874e018b43,l_484d4c91a418d3df4cbc,521,,,"40 Jersey Rd, Sydney, 2770",Chargefox,o_e43c5e61858e588c2c2f,-33.74376581,150.809028,2770,2770,False,Blacktown City Council,DC,2,160.0,160.0,single,160 kW,Existing Fast Chargers,"{""OBJECTID"": """", ""Station_name"": """", ""Station_address"": ""40 Jersey Rd, Sydney, 2770"", ""Operator"": ""Chargefox"", ""Number_of_plugs"": ""2"", ""Charger_Type"": ""DC"", ""Charger_rating"": ""160 kW"", ""Latitude"": ""-33.74376581"", ""Longitude"": ""150.809028"", ""LGANAME"": ""Blacktown City Council"", ""PCODE"": ""2770"", ""Source"": ""Existing Fast Chargers""}",-33.74376581,150.809028,2770,False,unchanged,116,point_in_polygon,0.0,116,point_in_polygon,,analysis_ready
r_3410d1660ca4b133289a,l_0963d804cfc58e967b4c,531,,,"405 Pacific Hwy, Sydney, 2064",Chargefox,o_e43c5e61858e588c2c2f,-33.81391396,151.1777027,2064,2064,False,Willoughby City Council,DC,2,50.0,50.0,single,50 kW,Existing Fast Chargers,"{""OBJECTID"": """", ""Station_name"": """", ""Station_address"": ""405 Pacific Hwy, Sydney, 2064"", ""Operator"": ""Chargefox"", ""Number_of_plugs"": ""2"", ""Charger_Type"": ""DC"", ""Charger_rating"": ""50 kW"", ""Latitude"": ""-33.81391396"", ""Longitude"": ""151.1777027"", ""LGANAME"": ""Willoughby City Council"", ""PCODE"": ""2064"", ""Source"": ""Existing Fast Chargers""}",-33.81391396,151.1777027,2064,False,unchanged,121,point_in_polygon,0.0,121,point_in_polygon,,analysis_ready
r_04918a56c7dd44875702,l_5347c3803a68ae6f73d0,537,,,"41 Yobarnie Ave, Richmond, 2754",Exploren,o_17324b0193cb7a1c3925,-33.58328633,150.7009239,2754,2754,False,Hawkesbury City Council,DC,2,180.0,180.0,single,180 kW,Existing Fast Chargers,"{""OBJECTID"": """", ""Station_name"": """", ""Station_address"": ""41 Yobarnie Ave, Richmond, 2754"", ""Operator"": ""Exploren"", ""Number_of_plugs"": ""2"", ""Charger_Type"": ""DC"", ""Charger_rating"": ""180 kW"", ""Latitude"": ""-33.58328633"", ""Longitude"": ""150.7009239"", ""LGANAME"": ""Hawkesbury City Council"", ""PCODE"": ""2754"", ""Source"": ""Existing Fast Chargers""}",-33.58328633,150.7009239,2754,False,unchanged,124,point_in_polygon,0.0,124,point_in_polygon,,analysis_ready
r_e26cffca8d7a1cdbb7aa,l_705d2275b7b8d66bcc0e,541,,,"417-439 Bunnerong Rd, Sydney, 2035",Chargefox,o_e43c5e61858e588c2c2f,-33.95139644,151.232049,2035,2035,False,Randwick City Council,DC,8,25.0,25.0,single,25 kW,Existing Fast Chargers,"{""OBJECTID"": """", ""Station_name"": """", ""Station_address"": ""417-439 Bunnerong Rd, Sydney, 2035"", ""Operator"": ""Chargefox"", ""Number_of_plugs"": ""8"", ""Charger_Type"": ""DC"", ""Charger_rating"": ""25 kW"", ""Latitude"": ""-33.95139644"", ""Longitude"": ""151.232049"", ""LGANAME"": ""Randwick City Council"", ""PCODE"": ""2035"", ""Source"": ""Existing Fast Chargers""}",-33.95139644,151.232049,2035,False,unchanged,118,point_in_polygon,0.0,118,point_in_polygon,,analysis_ready
r_4a2db0bcee6e252cdc5b,l_88484db7728f6ea4dd26,563,,,"455 George St, Sydney, 2000",Exploren,o_17324b0193cb7a1c3925,-33.87152357,151.2067017,2000,2000,False,"Sydney, Council of the City of",DC,2,60.0,60.0,single,60 kW,Existing Fast Chargers,"{""OBJECTID"": """", ""Station_name"": """", ""Station_address"": ""455 George St, Sydney, 2000"", ""Operator"": ""Exploren"", ""Number_of_plugs"": ""2"", ""Charger_Type"": ""DC"", ""Charger_rating"": ""60 kW"", ""Latitude"": ""-33.87152357"", ""Longitude"": ""151.2067017"", ""LGANAME"": ""Sydney, Council of the City of"", ""PCODE"": ""2000"", ""Source"": ""Existing Fast Chargers""}",-33.87152357,151.2067017,2000,False,unchanged,117,point_in_polygon,0.0,117,point_in_polygon,,analysis_ready
r_8a40856c0bcc219812ea,l_93492e0b4693072c4129,574,,,"472 Pacific Hwy, Sydney, 2066",JOLT,o_4e1932045daf2a3e6c57,-33.80837842,151.1785636,2066,2066,False,Lane Cove Municipal Council,DC,2,25.0,25.0,single,25 kW,Existing Fast Chargers,"{""OBJECTID"": """", ""Station_name"": """", ""Station_address"": ""472 Pacific Hwy, Sydney, 2066"", ""Operator"": ""JOLT"", ""Number_of_plugs"": ""2"", ""Charger_Type"": ""DC"", ""Charger_rating"": ""25 kW"", ""Latitude"": ""-33.80837842"", ""Longitude"": ""151.1785636"", ""LGANAME"": ""Lane Cove Municipal Council"", ""PCODE"": ""2066"", ""Source"": ""Existing Fast Chargers""}",-33.80837842,151.1785636,2066,False,unchanged,121,point_in_polygon,0.0,121,point_in_polygon,,analysis_ready
r_991e509f6cce0b281e36,l_04198039f157ec10eea7,575,,,"47-49A Cleary St, Newcastle, 2303",Chargefox,o_e43c5e61858e588c2c2f,-32.92120425,151.747975,2303,2303,False,Newcastle City Council,DC,2,60.0,60.0,single,60 kW,Existing Fast Chargers,"{""OBJECTID"": """", ""Station_name"": """", ""Station_address"": ""47-49A Cleary St, Newcastle, 2303"", ""Operator"": ""Chargefox"", ""Number_of_plugs"": ""2"", ""Charger_Type"": ""DC"", ""Charger_rating"": ""60 kW"", ""Latitude"": ""-32.92120425"", ""Longitude"": ""151.747975"", ""LGANAME"": ""Newcastle City Council"", ""PCODE"": ""2303"", ""Source"": ""Existing Fast Chargers""}",-32.92120425,151.747975,2303,False,unchanged,111,point_in_polygon,0.0,111,point_in_polygon,,analysis_ready
r_1305286492054f1d6a97,l_8b9d14da53d4632082cb,576,,,"481 Princes Hwy, Sydney, 2232",Ampol AmpCharge,o_130042b74e00dd320b50,-34.02936741,151.0807237,2232,2232,False,Sutherland Shire Council,DC,2,150.0,150.0,single,150 kW,Existing Fast Chargers,"{""OBJECTID"": """", ""Station_name"": """", ""Station_address"": ""481 Princes Hwy, Sydney, 2232"", ""Operator"": ""Ampol"", ""Number_of_plugs"": ""2"", ""Charger_Type"": ""DC"", ""Charger_rating"": ""150 kW"", ""Latitude"": ""-34.02936741"", ""Longitude"": ""151.0807237"", ""LGANAME"": ""Sutherland Shire Council"", ""PCODE"": ""2232"", ""Source"": ""Existing Fast Chargers""}",-34.02936741,151.0807237,2232,False,unchanged,128,point_in_polygon,0.0,128,point_in_polygon,,analysis_ready
r_f9642fbe78980a4f3a9d,l_0b56722b7d2911229b6b,577,,,"487 Sydney Rd, Sydney, 2093",BP Pulse (AU),o_15939ac67df1441fe74a,-33.7953594,151.255969,2093,2093,False,Northern Beaches Council,DC,2,75.0,75.0,single,75 kW,Existing Fast Chargers,"{""OBJECTID"": """", ""Station_name"": """", ""Station_address"": ""487 Sydney Rd, Sydney, 2093"", ""Operator"": ""BP"", ""Number_of_plugs"": ""2"", ""Charger_Type"": ""DC"", ""Charger_rating"": ""75 kW"", ""Latitude"": ""-33.7953594"", ""Longitude"": ""151.255969"", ""LGANAME"": ""Northern Beaches Council"", ""PCODE"": ""2093"", ""Source"": ""Existing Fast Chargers""}",-33.7953594,151.255969,2093,False,unchanged,122,point_in_polygon,0.0,122,point_in_polygon,,analysis_ready
r_2e099de5b341f01a77b4,l_6c6131f547b8e5362203,589,,,"5 Ray St, Sydney, 2074",Exploren,o_17324b0193cb7a1c3925,-33.73201706,151.1273493,2074,2074,False,Ku-ring-gai Council,DC,2,40.0,40.0,single,40 kW,Existing Fast Chargers,"{""OBJECTID"": """", ""Station_name"": """", ""Station_address"": ""5 Ray St, Sydney, 2074"", ""Operator"": ""Exploren"", ""Number_of_plugs"": ""2"", ""Charger_Type"": ""DC"", ""Charger_rating"": ""40 kW"", ""Latitude"": ""-33.73201706"", ""Longitude"": ""151.1273493"", ""LGANAME"": ""Ku-ring-gai Council"", ""PCODE"": ""2074"", ""Source"": ""Existing Fast Chargers""}",-33.73201706,151.1273493,2074,False,unchanged,121,point_in_polygon,0.0,121,point_in_polygon,,analysis_ready
r_813726e37e28fdb415c5,l_f596f806e9bb6dd7e860,595,,,"50 O'Sullivan Rd, Sydney, 2029",Chargefox,o_e43c5e61858e588c2c2f,-33.87899704,151.2623363,2029,2029,False,Woollahra Municipal Council,DC,2,40.0,40.0,single,40 kW,Existing Fast Chargers,"{""OBJECTID"": """", ""Station_name"": """", ""Station_address"": ""50 O'Sullivan Rd, Sydney, 2029"", ""Operator"": ""Chargefox"", ""Number_of_plugs"": ""2"", ""Charger_Type"": ""DC"", ""Charger_rating"": ""40 kW"", ""Latitude"": ""-33.87899704"", ""Longitude"": ""151.2623363"", ""LGANAME"": ""Woollahra Municipal Council"", ""PCODE"": ""2029"", ""Source"": ""Existing Fast Chargers""}",-33.87899704,151.2623363,2029,False,unchanged,118,point_in_polygon,0.0,118,point_in_polygon,,analysis_ready
r_b6b3084fb3259ddd695a,l_d465760304eed49e1820,614,,,"54 Brighton St, Sydney, 2132",JOLT,o_4e1932045daf2a3e6c57,-33.89474579,151.1096857,2132,2132,False,Burwood Council,DC,2,25.0,25.0,single,25 kW,Existing Fast Chargers,"{""OBJECTID"": """", ""Station_name"": """", ""Station_address"": ""54 Brighton St, Sydney, 2132"", ""Operator"": ""JOLT"", ""Number_of_plugs"": ""2"", ""Charger_Type"": ""DC"", ""Charger_rating"": ""25 kW"", ""Latitude"": ""-33.89474579"", ""Longitude"": ""151.1096857"", ""LGANAME"": ""Burwood Council"", ""PCODE"": ""2132"", ""Source"": ""Existing Fast Chargers""}",-33.89474579,151.1096857,2132,False,unchanged,120,point_in_polygon,0.0,120,point_in_polygon,,analysis_ready
r_a41a83f8ebf2405e47a9,l_fbf90ba4934aba9bc8c1,643,,,"594 Anzac Pde, Sydney, 2032",Evie,o_4733c69eed3ea98c9b3b,-33.92659564,151.2313293,2032,2032,False,Randwick City Council,DC,4,75.0,75.0,single,75 kW,Existing Fast Chargers,"{""OBJECTID"": """", ""Station_name"": """", ""Station_address"": ""594 Anzac Pde, Sydney, 2032"", ""Operator"": ""Evie"", ""Number_of_plugs"": ""4"", ""Charger_Type"": ""DC"", ""Charger_rating"": ""75 kW"", ""Latitude"": ""-33.92659564"", ""Longitude"": ""151.2313293"", ""LGANAME"": ""Randwick City Council"", ""PCODE"": ""2032"", ""Source"": ""Existing Fast Chargers""}",-33.92659564,151.2313293,2032,False,unchanged,118,point_in_polygon,0.0,118,point_in_polygon,,analysis_ready
r_060007bd0d9465e46dde,l_029e2e4689ea8dba33e5,650,,,"6 Castlereagh St Gilgandra, NSW 2827, Australia",NRMA,o_5b4f3a03bda45dcf8609,-30.0205758,148.1181013,2832,2827,True,Gilgandra Shire Council,DC,4,75.0,75.0,single,75 kW,TfNSW Regional,"{""OBJECTID"": """", ""Station_name"": """", ""Station_address"": ""6 Castlereagh St Gilgandra, NSW 2827, Australia"", ""Operator"": ""NRMA"", ""Number_of_plugs"": ""4"", ""Charger_Type"": ""DC"", ""Charger_rating"": ""75 kW"", ""Latitude"": ""-30.0205758"", ""Longitude"": ""148.1181013"", ""LGANAME"": ""Gilgandra Shire Council"", ""PCODE"": ""2832"", ""Source"": ""TfNSW Regional""}",-30.0205758,148.1181013,2832,True,unchanged,105,point_in_polygon,0.0,105,official_locality_containment,RR_GILGANDRA_20260909,unresolved
r_d2fd79245901f9e0a6fe,l_437fdac76ffdac31f9c6,658,,,"60 Glenwood Park Dr, Glenwood NSW 2768",Evie,o_4733c69eed3ea98c9b3b,-33.73460909,150.928265,2768,2768,False,Blacktown City Council,DC,4,75.0,75.0,single,75 kW,ARENA - Driving the Nation,"{""OBJECTID"": """", ""Station_name"": """", ""Station_address"": ""60 Glenwood Park Dr, Glenwood NSW 2768"", ""Operator"": ""Evie"", ""Number_of_plugs"": ""4"", ""Charger_Type"": ""DC"", ""Charger_rating"": ""75 kW"", ""Latitude"": ""-33.73460909"", ""Longitude"": ""150.928265"", ""LGANAME"": ""Blacktown City Council"", ""PCODE"": ""2768"", ""Source"": ""ARENA - Driving the Nation""}",-33.73460909,150.928265,2768,False,unchanged,116,point_in_polygon,0.0,116,point_in_polygon,,analysis_ready
r_72b2d23cee41ca3142df,l_481266885e20cadf58ae,663,,,"60-62 Amherst St, Sydney, 2062",Evie,o_4733c69eed3ea98c9b3b,-33.82299004,151.2108829,2062,2062,False,North Sydney Council,DC,4,50.0,50.0,single,50 kW,Existing Fast Chargers,"{""OBJECTID"": """", ""Station_name"": """", ""Station_address"": ""60-62 Amherst St, Sydney, 2062"", ""Operator"": ""Evie"", ""Number_of_plugs"": ""4"", ""Charger_Type"": ""DC"", ""Charger_rating"": ""50 kW"", ""Latitude"": ""-33.82299004"", ""Longitude"": ""151.2108829"", ""LGANAME"": ""North Sydney Council"", ""PCODE"": ""2062"", ""Source"": ""Existing Fast Chargers""}",-33.82299004,151.2108829,2062,False,unchanged,121,point_in_polygon,0.0,121,point_in_polygon,,analysis_ready
r_d53b9c1821c74d30ff6d,l_425743a016507be71891,666,,,"620-658 Terrigal Dr, Central Coast, 2250",Evie,o_4733c69eed3ea98c9b3b,-33.43668073,151.3943884,2250,2250,False,Central Coast Council,DC,4,75.0,75.0,single,75 kW,Existing Fast Chargers,"{""OBJECTID"": """", ""Station_name"": """", ""Station_address"": ""620-658 Terrigal Dr, Central Coast, 2250"", ""Operator"": ""Evie"", ""Number_of_plugs"": ""4"", ""Charger_Type"": ""DC"", ""Charger_rating"": ""75 kW"", ""Latitude"": ""-33.43668073"", ""Longitude"": ""151.3943884"", ""LGANAME"": ""Central Coast Council"", ""PCODE"": ""2250"", ""Source"": ""Existing Fast Chargers""}",-33.43668073,151.3943884,2250,False,unchanged,102,point_in_polygon,0.0,102,point_in_polygon,,analysis_ready
r_53ffa81972160cf5c8b5,l_637a6e9574499fd01c3e,673,,,"66 Princes Hwy, Wollongong, 2519",Chargefox,o_e43c5e61858e588c2c2f,-34.39180785,150.8945806,2519,2519,False,Wollongong City Council,DC,4,47.0,47.0,single,47 kW,Existing Fast Chargers,"{""OBJECTID"": """", ""Station_name"": """", ""Station_address"": ""66 Princes Hwy, Wollongong, 2519"", ""Operator"": ""Chargefox"", ""Number_of_plugs"": ""4"", ""Charger_Type"": ""DC"", ""Charger_rating"": ""47 kW"", ""Latitude"": ""-34.39180785"", ""Longitude"": ""150.8945806"", ""LGANAME"": ""Wollongong City Council"", ""PCODE"": ""2519"", ""Source"": ""Existing Fast Chargers""}",-34.39180785,150.8945806,2519,False,unchanged,107,point_in_polygon,0.0,107,point_in_polygon,,analysis_ready
r_80311663288e4bedacbe,l_807a4e4c8efff92c93a6,675,,,"67 Roberts Rd, Sydney, 2190",Exploren,o_17324b0193cb7a1c3925,-33.90204809,151.0655796,2190,2190,False,Strathfield,DC,2,120.0,120.0,single,120 kW,Existing Fast Chargers,"{""OBJECTID"": """", ""Station_name"": """", ""Station_address"": ""67 Roberts Rd, Sydney, 2190"", ""Operator"": ""Exploren"", ""Number_of_plugs"": ""2"", ""Charger_Type"": ""DC"", ""Charger_rating"": ""120 kW"", ""Latitude"": ""-33.90204809"", ""Longitude"": ""151.0655796"", ""LGANAME"": ""Strathfield"", ""PCODE"": ""2190"", ""Source"": ""Existing Fast Chargers""}",-33.90204809,151.0655796,2190,False,unchanged,119,point_in_polygon,0.0,119,point_in_polygon,,analysis_ready
r_e236e257501e03c24747,l_63d806aa24fd4f9214d5,678,,,"670 Richmond Rd, Sydney, 2761",JOLT,o_4e1932045daf2a3e6c57,-33.73553158,150.8513123,2761,2761,False,Blacktown City Council,DC,4,25.0,25.0,single,25 kW,Existing Fast Chargers,"{""OBJECTID"": """", ""Station_name"": """", ""Station_address"": ""670 Richmond Rd, Sydney, 2761"", ""Operator"": ""JOLT"", ""Number_of_plugs"": ""4"", ""Charger_Type"": ""DC"", ""Charger_rating"": ""25 kW"", ""Latitude"": ""-33.73553158"", ""Longitude"": ""150.8513123"", ""LGANAME"": ""Blacktown City Council"", ""PCODE"": ""2761"", ""Source"": ""Existing Fast Chargers""}",-33.73553158,150.8513123,2761,False,unchanged,116,point_in_polygon,0.0,116,point_in_polygon,,analysis_ready
r_974beebfc2ad8e5d1693,l_21e4d53078e1b59f1cef,686,,,"7 Pemell Street, Toronto, 2283",Exploren,o_17324b0193cb7a1c3925,-33.01454359,151.5961952,2283,2283,False,Lake Macquarie City Council,DC,2,40.0,40.0,single,40 kW,Existing Fast Chargers,"{""OBJECTID"": """", ""Station_name"": """", ""Station_address"": ""7 Pemell Street, Toronto, 2283"", ""Operator"": ""Exploren"", ""Number_of_plugs"": ""2"", ""Charger_Type"": ""DC"", ""Charger_rating"": ""40 kW"", ""Latitude"": ""-33.01454359"", ""Longitude"": ""151.5961952"", ""LGANAME"": ""Lake Macquarie City Council"", ""PCODE"": ""2283"", ""Source"": ""Existing Fast Chargers""}",-33.01454359,151.5961952,2283,False,unchanged,111,point_in_polygon,0.0,111,point_in_polygon,,analysis_ready
r_49c3bf856b76ecb9cf34,l_e14a88d67bd087d0a879,700,,,"731-741 Military Rd, Sydney, 2088",Chargefox,o_e43c5e61858e588c2c2f,-33.82852457,151.2439029,2088,2088,False,Mosman Municipal Council,DC,2,47.0,47.0,single,47 kW,Existing Fast Chargers,"{""OBJECTID"": """", ""Station_name"": """", ""Station_address"": ""731-741 Military Rd, Sydney, 2088"", ""Operator"": ""Chargefox"", ""Number_of_plugs"": ""2"", ""Charger_Type"": ""DC"", ""Charger_rating"": ""47 kW"", ""Latitude"": ""-33.82852457"", ""Longitude"": ""151.2439029"", ""LGANAME"": ""Mosman Municipal Council"", ""PCODE"": ""2088"", ""Source"": ""Existing Fast Chargers""}",-33.82852457,151.2439029,2088,False,unchanged,121,point_in_polygon,0.0,121,point_in_polygon,,analysis_ready
r_8ba885f5989822aa5920,l_04cad16c99c710dc9976,712,,,"773 Old South Head Rd, Sydney, 2030",Chargefox,o_e43c5e61858e588c2c2f,-33.85700205,151.2828038,2030,2030,False,Woollahra Municipal Council,DC,2,40.0,40.0,single,40 kW,Existing Fast Chargers,"{""OBJECTID"": """", ""Station_name"": """", ""Station_address"": ""773 Old South Head Rd, Sydney, 2030"", ""Operator"": ""Chargefox"", ""Number_of_plugs"": ""2"", ""Charger_Type"": ""DC"", ""Charger_rating"": ""40 kW"", ""Latitude"": ""-33.85700205"", ""Longitude"": ""151.2828038"", ""LGANAME"": ""Woollahra Municipal Council"", ""PCODE"": ""2030"", ""Source"": ""Existing Fast Chargers""}",-33.85700205,151.2828038,2030,False,unchanged,118,point_in_polygon,0.0,118,point_in_polygon,,analysis_ready
r_397a7f50a6c8d0643c8c,l_2c72548aaa5fa5518f05,715,,,"7-9 Irvine Pl, Sydney, 2153",Chargefox,o_e43c5e61858e588c2c2f,-33.73886191,150.9475235,2153,2153,False,The Hills Shire Council,DC,4,125.0,125.0,single,125 kW,Existing Fast Chargers,"{""OBJECTID"": """", ""Station_name"": """", ""Station_address"": ""7-9 Irvine Pl, Sydney, 2153"", ""Operator"": ""Chargefox"", ""Number_of_plugs"": ""4"", ""Charger_Type"": ""DC"", ""Charger_rating"": ""125 kW"", ""Latitude"": ""-33.73886191"", ""Longitude"": ""150.9475235"", ""LGANAME"": ""The Hills Shire Council"", ""PCODE"": ""2153"", ""Source"": ""Existing Fast Chargers""}",-33.73886191,150.9475235,2153,False,unchanged,115,point_in_polygon,0.0,115,point_in_polygon,,analysis_ready
r_408ad7b4734aec788b5c,l_2ad1b0b4902ce0cfbc14,719,,,"8 Federation Rd, Sydney, 2050",Exploren,o_17324b0193cb7a1c3925,-33.89360765,151.1783463,2050,2050,False,Inner West Council,DC,2,50.0,50.0,single,50 kW,Existing Fast Chargers,"{""OBJECTID"": """", ""Station_name"": """", ""Station_address"": ""8 Federation Rd, Sydney, 2050"", ""Operator"": ""Exploren"", ""Number_of_plugs"": ""2"", ""Charger_Type"": ""DC"", ""Charger_rating"": ""50 kW"", ""Latitude"": ""-33.89360765"", ""Longitude"": ""151.1783463"", ""LGANAME"": ""Inner West Council"", ""PCODE"": ""2050"", ""Source"": ""Existing Fast Chargers""}",-33.89360765,151.1783463,2050,False,unchanged,117,point_in_polygon,0.0,117,point_in_polygon,,analysis_ready
r_6a53a623c3c0cfe38b96,l_133d5a5a9acb5e739b2c,722,,,"8 Kosciuszko Rd, Jindabyne, 2627",BP Pulse (AU),o_15939ac67df1441fe74a,-36.4147548,148.6177838,2627,2627,False,Snowy Monaro Regional Council,DC,4,75.0,75.0,single,75 kW,Existing Fast Chargers,"{""OBJECTID"": """", ""Station_name"": """", ""Station_address"": ""8 Kosciuszko Rd, Jindabyne, 2627"", ""Operator"": ""BP"", ""Number_of_plugs"": ""4"", ""Charger_Type"": ""DC"", ""Charger_rating"": ""75 kW"", ""Latitude"": ""-36.4147548"", ""Longitude"": ""148.6177838"", ""LGANAME"": ""Snowy Monaro Regional Council"", ""PCODE"": ""2627"", ""Source"": ""Existing Fast Chargers""}",-36.4147548,148.6177838,2627,False,unchanged,101,point_in_polygon,0.0,101,point_in_polygon,,analysis_ready
r_28592daaa2c9e106d99a,l_e63dfce043b2cbe50f73,728,,,"80 Little Barber St, Gunnedah, 2380",NRMA,o_5b4f3a03bda45dcf8609,-30.97803908,150.2508509,2380,2380,False,Gunnedah Shire Council,DC,2,50.0,50.0,single,50 kW,Existing Fast Chargers,"{""OBJECTID"": """", ""Station_name"": """", ""Station_address"": ""80 Little Barber St, Gunnedah, 2380"", ""Operator"": ""NRMA"", ""Number_of_plugs"": ""2"", ""Charger_Type"": ""DC"", ""Charger_rating"": ""50 kW"", ""Latitude"": ""-30.97803908"", ""Longitude"": ""150.2508509"", ""LGANAME"": ""Gunnedah Shire Council"", ""PCODE"": ""2380"", ""Source"": ""Existing Fast Chargers""}",-30.97803908,150.2508509,2380,False,unchanged,110,point_in_polygon,0.0,110,point_in_polygon,,analysis_ready
r_ec4d5b86478c54a3f5d0,l_c81d973a2a4846de0390,730,,,"81 Hickory St, Dorrigo, NSW 2453, Australia",NRMA,o_5b4f3a03bda45dcf8609,-30.9529988,148.3875852,2829,2453,True,Bellingen Shire Council,DC,4,75.0,75.0,single,75 kW,TfNSW Regional,"{""OBJECTID"": """", ""Station_name"": """", ""Station_address"": ""81 Hickory St, Dorrigo, NSW 2453, Australia"", ""Operator"": ""NRMA"", ""Number_of_plugs"": ""4"", ""Charger_Type"": ""DC"", ""Charger_rating"": ""75 kW"", ""Latitude"": ""-30.9529988"", ""Longitude"": ""148.3875852"", ""LGANAME"": ""Bellingen Shire Council"", ""PCODE"": ""2829"", ""Source"": ""TfNSW Regional""}",-30.9529988,148.3875852,2829,True,unchanged,105,point_in_polygon,0.0,104,official_locality_containment,RR_DORRIGO_20260909,unresolved
r_e5151781f24a99f698bf,l_3dac50db68c7b9c1c02a,747,,,"872 Anzac Pde, Sydney, 2035",Evie,o_4733c69eed3ea98c9b3b,-33.94314819,151.2396466,2035,2035,False,Randwick City Council,DC,2,75.0,75.0,single,75 kW,Existing Fast Chargers,"{""OBJECTID"": """", ""Station_name"": """", ""Station_address"": ""872 Anzac Pde, Sydney, 2035"", ""Operator"": ""Evie"", ""Number_of_plugs"": ""2"", ""Charger_Type"": ""DC"", ""Charger_rating"": ""75 kW"", ""Latitude"": ""-33.94314819"", ""Longitude"": ""151.2396466"", ""LGANAME"": ""Randwick City Council"", ""PCODE"": ""2035"", ""Source"": ""Existing Fast Chargers""}",-33.94314819,151.2396466,2035,False,unchanged,118,point_in_polygon,0.0,118,point_in_polygon,,analysis_ready
r_af117c1cd7118dfbc81e,l_e1f047d32a0c03490cfc,755,,,"88-90 Houston Rd, Sydney, 2032",Evie,o_4733c69eed3ea98c9b3b,-33.92407212,151.2266947,2032,2032,False,Randwick City Council,DC,2,50.0,50.0,single,50 kW,Existing Fast Chargers,"{""OBJECTID"": """", ""Station_name"": """", ""Station_address"": ""88-90 Houston Rd, Sydney, 2032"", ""Operator"": ""Evie"", ""Number_of_plugs"": ""2"", ""Charger_Type"": ""DC"", ""Charger_rating"": ""50 kW"", ""Latitude"": ""-33.92407212"", ""Longitude"": ""151.2266947"", ""LGANAME"": ""Randwick City Council"", ""PCODE"": ""2032"", ""Source"": ""Existing Fast Chargers""}",-33.92407212,151.2266947,2032,False,unchanged,118,point_in_polygon,0.0,118,point_in_polygon,,analysis_ready
r_17ff312a7e9775e27191,l_cc4040349db1402e91cd,758,,,"89 Williamson Rd, Sydney, 2565",BP Pulse (AU),o_15939ac67df1441fe74a,-33.98851456,150.8593694,2565,2565,False,Campbelltown City Council,DC,4,150.0,150.0,single,150 kW,Existing Fast Chargers,"{""OBJECTID"": """", ""Station_name"": """", ""Station_address"": ""89 Williamson Rd, Sydney, 2565"", ""Operator"": ""BP"", ""Number_of_plugs"": ""4"", ""Charger_Type"": ""DC"", ""Charger_rating"": ""150 kW"", ""Latitude"": ""-33.98851456"", ""Longitude"": ""150.8593694"", ""LGANAME"": ""Campbelltown City Council"", ""PCODE"": ""2565"", ""Source"": ""Existing Fast Chargers""}",-33.98851456,150.8593694,2565,False,unchanged,123,point_in_polygon,0.0,123,point_in_polygon,,analysis_ready
r_6bea099decb5159232b4,l_3ff38e76eeb417368b37,770,,,"9 Vickery Ave, Sydney, 2029",Evie,o_4733c69eed3ea98c9b3b,-33.87136141,151.2644124,2029,2029,False,Woollahra Municipal Council,DC,4,75.0,75.0,single,75 kW,Existing Fast Chargers,"{""OBJECTID"": """", ""Station_name"": """", ""Station_address"": ""9 Vickery Ave, Sydney, 2029"", ""Operator"": ""Evie"", ""Number_of_plugs"": ""4"", ""Charger_Type"": ""DC"", ""Charger_rating"": ""75 kW"", ""Latitude"": ""-33.87136141"", ""Longitude"": ""151.2644124"", ""LGANAME"": ""Woollahra Municipal Council"", ""PCODE"": ""2029"", ""Source"": ""Existing Fast Chargers""}",-33.87136141,151.2644124,2029,False,unchanged,118,point_in_polygon,0.0,118,point_in_polygon,,analysis_ready
r_597001bb9ac99959a17a,l_0f5e70eb56b6faeab877,776,,,92 Houston Rd Kingsford NSW 2032 Australia,Evie,o_4733c69eed3ea98c9b3b,-33.9242319,151.2266791,2032,2032,False,Randwick City Council,DC,2,50.0,50.0,single,50 kW,Kerbside Charging R1,"{""OBJECTID"": """", ""Station_name"": """", ""Station_address"": ""92 Houston Rd\nKingsford NSW 2032\nAustralia"", ""Operator"": ""Evie Networks"", ""Number_of_plugs"": ""2"", ""Charger_Type"": ""DC"", ""Charger_rating"": ""50 kW"", ""Latitude"": ""-33.9242319"", ""Longitude"": ""151.2266791"", ""LGANAME"": ""Randwick City Council"", ""PCODE"": ""2032"", ""Source"": ""Kerbside Charging R1""}",-33.9242319,151.2266791,2032,False,unchanged,118,point_in_polygon,0.0,118,point_in_polygon,,analysis_ready
r_0ef0c92b71e43563b949,l_c8fbc277bca6a916a484,779,,,"93 Princes Hwy, Ulladulla, 2539",ChargeHub,o_aed59b2b089d156de8d7,-35.3576507,150.4733804,2539,2539,False,Shoalhaven City Council,DC,2,25.0,25.0,single,25 kW,Existing Fast Chargers,"{""OBJECTID"": """", ""Station_name"": """", ""Station_address"": ""93 Princes Hwy, Ulladulla, 2539"", ""Operator"": ""ChargeHub"", ""Number_of_plugs"": ""2"", ""Charger_Type"": ""DC"", ""Charger_rating"": ""25 kW"", ""Latitude"": ""-35.3576507"", ""Longitude"": ""150.4733804"", ""LGANAME"": ""Shoalhaven City Council"", ""PCODE"": ""2539"", ""Source"": ""Existing Fast Chargers""}",-35.3576507,150.4733804,2539,False,unchanged,114,point_in_polygon,0.0,114,point_in_polygon,,analysis_ready
r_15c8bd2efcc7d8334076,l_92994ee190adf43d20bf,780,,,"930 Old Northern Rd, Glenorie NSW 2157",Evie,o_4733c69eed3ea98c9b3b,-33.60191393,151.0082442,2157,2157,False,The Hills Shire Council,DC,4,75.0,75.0,single,75 kW,ARENA - Driving the Nation,"{""OBJECTID"": """", ""Station_name"": """", ""Station_address"": ""930 Old Northern Rd, Glenorie NSW 2157"", ""Operator"": ""Evie"", ""Number_of_plugs"": ""4"", ""Charger_Type"": ""DC"", ""Charger_rating"": ""75 kW"", ""Latitude"": ""-33.60191393"", ""Longitude"": ""151.0082442"", ""LGANAME"": ""The Hills Shire Council"", ""PCODE"": ""2157"", ""Source"": ""ARENA - Driving the Nation""}",-33.60191393,151.0082442,2157,False,unchanged,115,point_in_polygon,0.0,115,point_in_polygon,,analysis_ready
r_2c3cd6518526a9e37905,l_7db12512f4bd4baba525,788,,,"96-100 Centennial Cct, Byron Bay, 2481",Chargefox,o_e43c5e61858e588c2c2f,-28.6372513,153.5806587,2481,2481,False,Byron Shire Council,DC,1,80.0,80.0,single,80 kW,Existing Fast Chargers,"{""OBJECTID"": """", ""Station_name"": """", ""Station_address"": ""96-100 Centennial Cct, Byron Bay, 2481"", ""Operator"": ""Chargefox"", ""Number_of_plugs"": ""1"", ""Charger_Type"": ""DC"", ""Charger_rating"": ""80 kW"", ""Latitude"": ""-28.6372513"", ""Longitude"": ""153.5806587"", ""LGANAME"": ""Byron Shire Council"", ""PCODE"": ""2481"", ""Source"": ""Existing Fast Chargers""}",-28.6372513,153.5806587,2481,False,unchanged,112,point_in_polygon,0.0,112,point_in_polygon,,analysis_ready
r_f4fae9fae8f0302e002d,l_8a7a327b085d26ad1726,792,,,"97R Brook St, Sydney, 2034",Chargefox,o_e43c5e61858e588c2c2f,-33.91910615,151.2547838,2034,2034,False,Randwick City Council,DC,2,42.0,42.0,single,42 kW,Existing Fast Chargers,"{""OBJECTID"": """", ""Station_name"": """", ""Station_address"": ""97R Brook St, Sydney, 2034"", ""Operator"": ""Chargefox"", ""Number_of_plugs"": ""2"", ""Charger_Type"": ""DC"", ""Charger_rating"": ""42 kW"", ""Latitude"": ""-33.91910615"", ""Longitude"": ""151.2547838"", ""LGANAME"": ""Randwick City Council"", ""PCODE"": ""2034"", ""Source"": ""Existing Fast Chargers""}",-33.91910615,151.2547838,2034,False,unchanged,118,point_in_polygon,0.0,118,point_in_polygon,,analysis_ready
r_7cf1e4f88084d5ee8d9e,l_0ebd164a90a35c16e4a4,802,,,"Anderson St, Sydney, 2067",Exploren,o_17324b0193cb7a1c3925,-33.79641046,151.1836096,2067,2067,False,Willoughby City Council,DC,2,50.0,50.0,single,50 kW,Existing Fast Chargers,"{""OBJECTID"": """", ""Station_name"": """", ""Station_address"": ""Anderson St, Sydney, 2067"", ""Operator"": ""Exploren"", ""Number_of_plugs"": ""2"", ""Charger_Type"": ""DC"", ""Charger_rating"": ""50 kW"", ""Latitude"": ""-33.79641046"", ""Longitude"": ""151.1836096"", ""LGANAME"": ""Willoughby City Council"", ""PCODE"": ""2067"", ""Source"": ""Existing Fast Chargers""}",-33.79641046,151.1836096,2067,False,unchanged,121,point_in_polygon,0.0,121,point_in_polygon,,analysis_ready
r_12efc83e07d5f2d88ecb,l_c054e90134acb0ef6265,805,,,"Avenue Rd, Sydney, 2088",BP Pulse (AU),o_15939ac67df1441fe74a,-33.83197602,151.2373874,2088,2088,False,Mosman Municipal Council,DC,2,75.0,75.0,single,75 kW,Existing Fast Chargers,"{""OBJECTID"": """", ""Station_name"": """", ""Station_address"": ""Avenue Rd, Sydney, 2088"", ""Operator"": ""BP"", ""Number_of_plugs"": ""2"", ""Charger_Type"": ""DC"", ""Charger_rating"": ""75 kW"", ""Latitude"": ""-33.83197602"", ""Longitude"": ""151.2373874"", ""LGANAME"": ""Mosman Municipal Council"", ""PCODE"": ""2088"", ""Source"": ""Existing Fast Chargers""}",-33.83197602,151.2373874,2088,False,unchanged,121,point_in_polygon,0.0,121,point_in_polygon,,analysis_ready
r_53e0905e7dbfe679298a,l_b59ceb8e30b97b643258,811,,,"Bellambi Ln, Wollongong, 2518",Exploren,o_17324b0193cb7a1c3925,-34.36218023,150.907982,2518,2518,False,Wollongong City Council,DC,2,120.0,120.0,single,120 kW,Existing Fast Chargers,"{""OBJECTID"": """", ""Station_name"": """", ""Station_address"": ""Bellambi Ln, Wollongong, 2518"", ""Operator"": ""Exploren"", ""Number_of_plugs"": ""2"", ""Charger_Type"": ""DC"", ""Charger_rating"": ""120 kW"", ""Latitude"": ""-34.36218023"", ""Longitude"": ""150.907982"", ""LGANAME"": ""Wollongong City Council"", ""PCODE"": ""2518"", ""Source"": ""Existing Fast Chargers""}",-34.36218023,150.907982,2518,False,unchanged,107,point_in_polygon,0.0,107,point_in_polygon,,analysis_ready
r_84b606d329163a77e96c,l_e813dc4295e8d0dcb035,820,,,"Camden Valley Way &, Somerset Ave, Narellan NSW 2567",Evie,o_4733c69eed3ea98c9b3b,-34.0397301,150.7385139,2022,2567,True,Camden Council,DC,4,150.0,150.0,single,150 kW,ARENA - Driving the Nation,"{""OBJECTID"": """", ""Station_name"": """", ""Station_address"": ""Camden Valley Way &, Somerset Ave, Narellan NSW 2567"", ""Operator"": ""Evie"", ""Number_of_plugs"": ""4"", ""Charger_Type"": ""DC"", ""Charger_rating"": ""150 kW"", ""Latitude"": ""-34.0397301"", ""Longitude"": ""150.7385139"", ""LGANAME"": ""Camden Council"", ""PCODE"": ""2022"", ""Source"": ""ARENA - Driving the Nation""}",-34.0397301,150.7385139,2022,True,unchanged,123,point_in_polygon,0.0,123,official_locality_containment,RR_NARELLAN_20260909,unresolved
r_24333f7d2b86c04fbe70,l_dd70f0561f79ee1095d1,823,,,"Car park, 51 Evans St (Victoria Park), Inverell, NSW 2360, Australia",NRMA,o_5b4f3a03bda45dcf8609,-35.1086448,147.3732036,2650,2360,True,Inverell Shire Council,DC,2,75.0,75.0,single,75 kW,TfNSW Regional,"{""OBJECTID"": """", ""Station_name"": """", ""Station_address"": ""Car park, 51 Evans St (Victoria Park), Inverell, NSW 2360, Australia"", ""Operator"": ""NRMA"", ""Number_of_plugs"": ""2"", ""Charger_Type"": ""DC"", ""Charger_rating"": ""75 kW"", ""Latitude"": ""-35.1086448"", ""Longitude"": ""147.3732036"", ""LGANAME"": ""Inverell Shire Council"", ""PCODE"": ""2650"", ""Source"": ""TfNSW Regional""}",-35.1086448,147.3732036,2650,True,unchanged,113,point_in_polygon,0.0,110,official_locality_containment,RR_INVERELL_20260909,unresolved
r_91eb8f1e1e113f6abf8b,l_508197a6e65801e5a667,826,,,"Castlereagh Rd, Sydney, 2750",Ampol AmpCharge,o_130042b74e00dd320b50,-33.74298103,150.69296,2750,2750,False,Penrith City Council,DC,2,150.0,150.0,single,150 kW,Existing Fast Chargers,"{""OBJECTID"": """", ""Station_name"": """", ""Station_address"": ""Castlereagh Rd, Sydney, 2750"", ""Operator"": ""Ampol"", ""Number_of_plugs"": ""2"", ""Charger_Type"": ""DC"", ""Charger_rating"": ""150 kW"", ""Latitude"": ""-33.74298103"", ""Longitude"": ""150.69296"", ""LGANAME"": ""Penrith City Council"", ""PCODE"": ""2750"", ""Source"": ""Existing Fast Chargers""}",-33.74298103,150.69296,2750,False,unchanged,124,point_in_polygon,0.0,124,point_in_polygon,,analysis_ready
r_370277eb8ca7ce4bdaeb,l_8422a9ee7cb0f27a4eb0,827,,,"Central Ave 2, Sydney, 2015",Ampol AmpCharge,o_130042b74e00dd320b50,-33.89561066,151.1961411,2015,2015,False,"Sydney, Council of the City of",DC,6,150.0,150.0,single,150 kW,Existing Fast Chargers,"{""OBJECTID"": """", ""Station_name"": """", ""Station_address"": ""Central Ave 2, Sydney, 2015"", ""Operator"": ""Ampol"", ""Number_of_plugs"": ""6"", ""Charger_Type"": ""DC"", ""Charger_rating"": ""150 kW"", ""Latitude"": ""-33.89561066"", ""Longitude"": ""151.1961411"", ""LGANAME"": ""Sydney, Council of the City of"", ""PCODE"": ""2015"", ""Source"": ""Existing Fast Chargers""}",-33.89561066,151.1961411,2015,False,unchanged,117,point_in_polygon,0.0,117,point_in_polygon,,analysis_ready
r_1187b4ba271be2c19557,l_adb7b60f8ecb77fd5d63,834,,,"Cnr Elara Bvd &, Northbourne Dr, Sydney, 2765",Evie,o_4733c69eed3ea98c9b3b,-33.69514919,150.8213664,2765,2765,False,Blacktown City Council,DC,4,150.0,150.0,single,150 kW,Existing Fast Chargers,"{""OBJECTID"": """", ""Station_name"": """", ""Station_address"": ""Cnr Elara Bvd &, Northbourne Dr, Sydney, 2765"", ""Operator"": ""Evie"", ""Number_of_plugs"": ""4"", ""Charger_Type"": ""DC"", ""Charger_rating"": ""150 kW"", ""Latitude"": ""-33.69514919"", ""Longitude"": ""150.8213664"", ""LGANAME"": ""Blacktown City Council"", ""PCODE"": ""2765"", ""Source"": ""Existing Fast Chargers""}",-33.69514919,150.8213664,2765,False,unchanged,116,point_in_polygon,0.0,116,point_in_polygon,,analysis_ready
r_8ba87e93c308cee53f00,l_d04d0a16f8a413c35ef0,836,,,"Cnr Herring Rd & Waterloo Rd, Sydney, 2113",Tesla,o_022471524c9d92e538b2,-33.77721726,151.1208809,2113,2113,False,"Ryde, Council of the City of",DC,20,130.0,130.0,single,130 kW,Existing Fast Chargers,"{""OBJECTID"": """", ""Station_name"": """", ""Station_address"": ""Cnr Herring Rd & Waterloo Rd, Sydney, 2113"", ""Operator"": ""Tesla"", ""Number_of_plugs"": ""20"", ""Charger_Type"": ""DC"", ""Charger_rating"": ""130 kW"", ""Latitude"": ""-33.77721726"", ""Longitude"": ""151.1208809"", ""LGANAME"": ""Ryde, Council of the City of"", ""PCODE"": ""2113"", ""Source"": ""Existing Fast Chargers""}",-33.77721726,151.1208809,2113,False,unchanged,126,point_in_polygon,0.0,126,point_in_polygon,,analysis_ready
r_c735e108e92b47b4ad5b,l_095db3692993e39a2baf,837,,,"Cnr Miller & Amherst St, Cammeray NSW 2062",Evie,o_4733c69eed3ea98c9b3b,-33.82301829,151.2093468,2062,2062,False,North Sydney Council,DC,4,75.0,75.0,single,75 kW,ARENA - Driving the Nation,"{""OBJECTID"": """", ""Station_name"": """", ""Station_address"": ""Cnr Miller & Amherst St, Cammeray NSW 2062"", ""Operator"": ""Evie"", ""Number_of_plugs"": ""4"", ""Charger_Type"": ""DC"", ""Charger_rating"": ""75 kW"", ""Latitude"": ""-33.82301829"", ""Longitude"": ""151.2093468"", ""LGANAME"": ""North Sydney Council"", ""PCODE"": ""2062"", ""Source"": ""ARENA - Driving the Nation""}",-33.82301829,151.2093468,2062,False,unchanged,121,point_in_polygon,0.0,121,point_in_polygon,,analysis_ready
r_1b23d35b328c9347bfac,l_2499e0171bc15dfd2719,838,,,"Cnr Trafalgar St & Pembroke St, Sydney, 2024",Chargefox,o_e43c5e61858e588c2c2f,-33.90722527,151.2647708,2024,2024,False,Waverley Council,DC,2,50.0,50.0,single,50 kW,Existing Fast Chargers,"{""OBJECTID"": """", ""Station_name"": """", ""Station_address"": ""Cnr Trafalgar St & Pembroke St, Sydney, 2024"", ""Operator"": ""Chargefox"", ""Number_of_plugs"": ""2"", ""Charger_Type"": ""DC"", ""Charger_rating"": ""50 kW"", ""Latitude"": ""-33.90722527"", ""Longitude"": ""151.2647708"", ""LGANAME"": ""Waverley Council"", ""PCODE"": ""2024"", ""Source"": ""Existing Fast Chargers""}",-33.90722527,151.2647708,2024,False,unchanged,118,point_in_polygon,0.0,118,point_in_polygon,,analysis_ready
r_5625beb2cdaf06ea409a,l_306723767e6819217140,857,,,"Franklin St, Sydney, 2036",Evie,o_4733c69eed3ea98c9b3b,-33.96116721,151.2488509,2036,2036,False,Randwick City Council,DC,2,75.0,75.0,single,75 kW,Existing Fast Chargers,"{""OBJECTID"": """", ""Station_name"": """", ""Station_address"": ""Franklin St, Sydney, 2036"", ""Operator"": ""Evie"", ""Number_of_plugs"": ""2"", ""Charger_Type"": ""DC"", ""Charger_rating"": ""75 kW"", ""Latitude"": ""-33.96116721"", ""Longitude"": ""151.2488509"", ""LGANAME"": ""Randwick City Council"", ""PCODE"": ""2036"", ""Source"": ""Existing Fast Chargers""}",-33.96116721,151.2488509,2036,False,unchanged,118,point_in_polygon,0.0,118,point_in_polygon,,analysis_ready
r_eb08472bf2198b3918b4,l_1cc092cb94d3d011a9d3,869,,,"Hassall St, Sydney, 2142",BP Pulse (AU),o_15939ac67df1441fe74a,-33.81961366,151.0213463,2142,2142,False,"Parramatta, Council of the City of",DC,4,150.0,150.0,single,150 kW,Existing Fast Chargers,"{""OBJECTID"": """", ""Station_name"": """", ""Station_address"": ""Hassall St, Sydney, 2142"", ""Operator"": ""BP"", ""Number_of_plugs"": ""4"", ""Charger_Type"": ""DC"", ""Charger_rating"": ""150 kW"", ""Latitude"": ""-33.81961366"", ""Longitude"": ""151.0213463"", ""LGANAME"": ""Parramatta, Council of the City of"", ""PCODE"": ""2142"", ""Source"": ""Existing Fast Chargers""}",-33.81961366,151.0213463,2142,False,unchanged,125,point_in_polygon,0.0,125,point_in_polygon,,analysis_ready
r_1b7c5aacdc7592750477,l_21b540521adb40fdbe53,870,,,"Hassall Street & James Rouse Drive, Sydney, 2142",BP Pulse (AU),o_15939ac67df1441fe74a,-33.81968873,151.0213023,2142,2142,False,"Parramatta, Council of the City of",DC,4,150.0,150.0,single,150 kW,Existing Fast Chargers,"{""OBJECTID"": """", ""Station_name"": """", ""Station_address"": ""Hassall Street & James Rouse Drive, Sydney, 2142"", ""Operator"": ""BP"", ""Number_of_plugs"": ""4"", ""Charger_Type"": ""DC"", ""Charger_rating"": ""150 kW"", ""Latitude"": ""-33.81968873"", ""Longitude"": ""151.0213023"", ""LGANAME"": ""Parramatta, Council of the City of"", ""PCODE"": ""2142"", ""Source"": ""Existing Fast Chargers""}",-33.81968873,151.0213023,2142,False,unchanged,125,point_in_polygon,0.0,125,point_in_polygon,,analysis_ready
r_b24e61ff82896c8f98c1,l_1148a02a4d19f0e6f78e,871,,,"Hastings St, Wauchope, 2446",NRMA,o_5b4f3a03bda45dcf8609,-31.4561542,152.7327227,2446,2446,False,Port Macquarie-Hastings Council,DC,4,60.0,60.0,single,60 kW,Existing Fast Chargers,"{""OBJECTID"": """", ""Station_name"": """", ""Station_address"": ""Hastings St, Wauchope, 2446"", ""Operator"": ""NRMA"", ""Number_of_plugs"": ""4"", ""Charger_Type"": ""DC"", ""Charger_rating"": ""60 kW"", ""Latitude"": ""-31.4561542"", ""Longitude"": ""152.7327227"", ""LGANAME"": ""Port Macquarie-Hastings Council"", ""PCODE"": ""2446"", ""Source"": ""Existing Fast Chargers""}",-31.4561542,152.7327227,2446,False,unchanged,108,point_in_polygon,0.0,108,point_in_polygon,,analysis_ready
r_53880f4ad079ad208a03,l_d4078fc4eb2f6a6b0d67,878,,,"Holborn Ct, Sydney, 2557",Exploren,o_17324b0193cb7a1c3925,-34.02030235,150.7634565,2557,2557,False,Camden Council,DC,4,150.0,150.0,single,150 kW,Existing Fast Chargers,"{""OBJECTID"": """", ""Station_name"": """", ""Station_address"": ""Holborn Ct, Sydney, 2557"", ""Operator"": ""Exploren"", ""Number_of_plugs"": ""4"", ""Charger_Type"": ""DC"", ""Charger_rating"": ""150 kW"", ""Latitude"": ""-34.02030235"", ""Longitude"": ""150.7634565"", ""LGANAME"": ""Camden Council"", ""PCODE"": ""2557"", ""Source"": ""Existing Fast Chargers""}",-34.02030235,150.7634565,2557,False,unchanged,127,point_in_polygon,0.0,127,point_in_polygon,,analysis_ready
r_9e1ba191c2f0ec5be722,l_e16fb42c5bf2ad04a583,884,,,"John Renshaw Dr, Beresfield, 2322",BP Pulse (AU),o_15939ac67df1441fe74a,-32.81193998,151.6394685,2322,2322,False,Newcastle City Council,DC,2,75.0,75.0,single,75 kW,Existing Fast Chargers,"{""OBJECTID"": """", ""Station_name"": """", ""Station_address"": ""John Renshaw Dr, Beresfield, 2322"", ""Operator"": ""BP"", ""Number_of_plugs"": ""2"", ""Charger_Type"": ""DC"", ""Charger_rating"": ""75 kW"", ""Latitude"": ""-32.81193998"", ""Longitude"": ""151.6394685"", ""LGANAME"": ""Newcastle City Council"", ""PCODE"": ""2322"", ""Source"": ""Existing Fast Chargers""}",-32.81193998,151.6394685,2322,False,unchanged,111,point_in_polygon,0.0,111,point_in_polygon,,analysis_ready
r_41edbbdb7287340f8cd8,l_bc7c5d331c7f6c793775,885,,,"Kable Ave, Tamworth, 2340",NRMA,o_5b4f3a03bda45dcf8609,-31.0903554,150.9274134,2340,2340,False,Tamworth Regional Council,DC,2,50.0,50.0,single,50 kW,Existing Fast Chargers,"{""OBJECTID"": """", ""Station_name"": """", ""Station_address"": ""Kable Ave, Tamworth, 2340"", ""Operator"": ""NRMA"", ""Number_of_plugs"": ""2"", ""Charger_Type"": ""DC"", ""Charger_rating"": ""50 kW"", ""Latitude"": ""-31.0903554"", ""Longitude"": ""150.9274134"", ""LGANAME"": ""Tamworth Regional Council"", ""PCODE"": ""2340"", ""Source"": ""Existing Fast Chargers""}",-31.0903554,150.9274134,2340,False,unchanged,110,point_in_polygon,0.0,110,point_in_polygon,,analysis_ready
r_3ac59c5fdde875e1c288,l_cda6c22e460b1a5b98f3,890,,,"Koonya Cct, Sydney, 2229",Exploren,o_17324b0193cb7a1c3925,-34.0278569,151.1217848,2229,2229,False,Sutherland Shire Council,DC,2,50.0,50.0,single,50 kW,Existing Fast Chargers,"{""OBJECTID"": """", ""Station_name"": """", ""Station_address"": ""Koonya Cct, Sydney, 2229"", ""Operator"": ""Exploren"", ""Number_of_plugs"": ""2"", ""Charger_Type"": ""DC"", ""Charger_rating"": ""50 kW"", ""Latitude"": ""-34.0278569"", ""Longitude"": ""151.1217848"", ""LGANAME"": ""Sutherland Shire Council"", ""PCODE"": ""2229"", ""Source"": ""Existing Fast Chargers""}",-34.0278569,151.1217848,2229,False,unchanged,128,point_in_polygon,0.0,128,point_in_polygon,,analysis_ready
r_2c24f95a05c73f505cfc,l_694e3515e424ae8585b1,892,,,"Lake Haven Dr, Lake Haven NSW 2263",Engie,o_ee0834b88e02efe95195,-33.2445959,151.498974,2263,2263,False,Camden Council,DC,2,150.0,150.0,single,150 kW,ARENA - Driving the Nation,"{""OBJECTID"": """", ""Station_name"": """", ""Station_address"": ""Lake Haven Dr, Lake Haven NSW 2263"", ""Operator"": ""Engie"", ""Number_of_plugs"": ""2"", ""Charger_Type"": ""DC"", ""Charger_rating"": ""150 kW"", ""Latitude"": ""-33.2445959"", ""Longitude"": ""151.498974"", ""LGANAME"": ""Camden Council"", ""PCODE"": ""2263"", ""Source"": ""ARENA - Driving the Nation""}",-33.2445959,151.498974,2263,False,unchanged,102,point_in_polygon,0.0,102,point_in_polygon,,analysis_ready
r_bf812a7868e2f3469eed,l_c86eee654e576c9d2c72,920,,,"North Ter, Sydney, 2200",Chargefox,o_e43c5e61858e588c2c2f,-33.91649454,151.0402563,2200,2200,False,Canterbury Bankstown Council,DC,4,200.0,200.0,single,200 kW,Existing Fast Chargers,"{""OBJECTID"": """", ""Station_name"": """", ""Station_address"": ""North Ter, Sydney, 2200"", ""Operator"": ""Chargefox"", ""Number_of_plugs"": ""4"", ""Charger_Type"": ""DC"", ""Charger_rating"": ""200 kW"", ""Latitude"": ""-33.91649454"", ""Longitude"": ""151.0402563"", ""LGANAME"": ""Canterbury Bankstown Council"", ""PCODE"": ""2200"", ""Source"": ""Existing Fast Chargers""}",-33.91649454,151.0402563,2200,False,unchanged,119,point_in_polygon,0.0,119,point_in_polygon,,analysis_ready
r_260e3d7ae94ca11f6d9b,l_0381f7fb2767fcd561f6,925,,,"Orchard Ct, Bathurst, 2795",Exploren,o_17324b0193cb7a1c3925,-33.42979584,149.560006,2795,2795,False,Bathurst Regional Council,DC,2,120.0,120.0,single,120 kW,Existing Fast Chargers,"{""OBJECTID"": """", ""Station_name"": """", ""Station_address"": ""Orchard Ct, Bathurst, 2795"", ""Operator"": ""Exploren"", ""Number_of_plugs"": ""2"", ""Charger_Type"": ""DC"", ""Charger_rating"": ""120 kW"", ""Latitude"": ""-33.42979584"", ""Longitude"": ""149.560006"", ""LGANAME"": ""Bathurst Regional Council"", ""PCODE"": ""2795"", ""Source"": ""Existing Fast Chargers""}",-33.42979584,149.560006,2795,False,unchanged,103,point_in_polygon,0.0,103,point_in_polygon,,analysis_ready
r_66796337993cb60e254f,l_a7d11396ec58cb710c38,929,,,"Parramatta Rd 214, Sydney, 2134",Everty,o_ca990827c48864e843f3,-33.86979084,151.1106677,2134,2134,False,Burwood Council,DC,2,60.0,60.0,single,60 kW,Existing Fast Chargers,"{""OBJECTID"": """", ""Station_name"": """", ""Station_address"": ""Parramatta Rd 214, Sydney, 2134"", ""Operator"": ""Everty"", ""Number_of_plugs"": ""2"", ""Charger_Type"": ""DC"", ""Charger_rating"": ""60 kW"", ""Latitude"": ""-33.86979084"", ""Longitude"": ""151.1106677"", ""LGANAME"": ""Burwood Council"", ""PCODE"": ""2134"", ""Source"": ""Existing Fast Chargers""}",-33.86979084,151.1106677,2134,False,unchanged,120,point_in_polygon,0.0,120,point_in_polygon,,analysis_ready
r_962034ea270d96ca45e8,l_52980b7c8f66f02c17dc,933,,,"Pole Ln, Sydney, 2065",Evie,o_4733c69eed3ea98c9b3b,-33.82462167,151.1997668,2065,2065,False,North Sydney Council,DC,4,75.0,75.0,single,75 kW,Existing Fast Chargers,"{""OBJECTID"": """", ""Station_name"": """", ""Station_address"": ""Pole Ln, Sydney, 2065"", ""Operator"": ""Evie"", ""Number_of_plugs"": ""4"", ""Charger_Type"": ""DC"", ""Charger_rating"": ""75 kW"", ""Latitude"": ""-33.82462167"", ""Longitude"": ""151.1997668"", ""LGANAME"": ""North Sydney Council"", ""PCODE"": ""2065"", ""Source"": ""Existing Fast Chargers""}",-33.82462167,151.1997668,2065,False,unchanged,121,point_in_polygon,0.0,121,point_in_polygon,,analysis_ready
r_dcfe308e6da5fdf0ddcc,l_8b8fc53043f30288e8e5,935,,,"Prince of Wales Dr, Sydney, 2073",Exploren,o_17324b0193cb7a1c3925,-33.76357562,151.1336246,2073,2073,False,Ku-ring-gai Council,DC,2,60.0,60.0,single,60 kW,Existing Fast Chargers,"{""OBJECTID"": """", ""Station_name"": """", ""Station_address"": ""Prince of Wales Dr, Sydney, 2073"", ""Operator"": ""Exploren"", ""Number_of_plugs"": ""2"", ""Charger_Type"": ""DC"", ""Charger_rating"": ""60 kW"", ""Latitude"": ""-33.76357562"", ""Longitude"": ""151.1336246"", ""LGANAME"": ""Ku-ring-gai Council"", ""PCODE"": ""2073"", ""Source"": ""Existing Fast Chargers""}",-33.76357562,151.1336246,2073,False,unchanged,121,point_in_polygon,0.0,121,point_in_polygon,,analysis_ready
r_c649c160eb1424735e3a,l_2b7abbfc1277536bcba1,939,,,"Prospect St, Holbrook, 2644",NRMA,o_5b4f3a03bda45dcf8609,-35.7181522,147.316019,2644,2644,False,Greater Hume Shire Council,DC,2,50.0,50.0,single,50 kW,Existing Fast Chargers,"{""OBJECTID"": """", ""Station_name"": """", ""Station_address"": ""Prospect St, Holbrook, 2644"", ""Operator"": ""NRMA"", ""Number_of_plugs"": ""2"", ""Charger_Type"": ""DC"", ""Charger_rating"": ""50 kW"", ""Latitude"": ""-35.7181522"", ""Longitude"": ""147.316019"", ""LGANAME"": ""Greater Hume Shire Council"", ""PCODE"": ""2644"", ""Source"": ""Existing Fast Chargers""}",-35.7181522,147.316019,2644,False,unchanged,109,point_in_polygon,0.0,109,point_in_polygon,,analysis_ready
r_6417db785dd42aacd35d,l_a20bc0147ac67ab3461b,954,,,"Shop 2140, Newcastle, 2289",Exploren,o_17324b0193cb7a1c3925,-32.94079384,151.7105495,2289,2289,False,Newcastle City Council,DC,4,60.0,60.0,single,60 kW,Existing Fast Chargers,"{""OBJECTID"": """", ""Station_name"": """", ""Station_address"": ""Shop 2140, Newcastle, 2289"", ""Operator"": ""Exploren"", ""Number_of_plugs"": ""4"", ""Charger_Type"": ""DC"", ""Charger_rating"": ""60 kW"", ""Latitude"": ""-32.94079384"", ""Longitude"": ""151.7105495"", ""LGANAME"": ""Newcastle City Council"", ""PCODE"": ""2289"", ""Source"": ""Existing Fast Chargers""}",-32.94079384,151.7105495,2289,False,unchanged,111,point_in_polygon,0.0,111,point_in_polygon,,analysis_ready
r_4a1ff1bb4413b75bd478,l_a3d8a2a0aa5efec25839,956,,,"Skillman's Lane, Coonamble, NSW 2829, Australia",NRMA,o_5b4f3a03bda45dcf8609,-30.9527945,148.3878551,2829,2829,False,Coonamble Shire Council,DC,4,50.0,50.0,single,50 kW,TfNSW Regional,"{""OBJECTID"": """", ""Station_name"": """", ""Station_address"": ""Skillman's Lane, Coonamble, NSW 2829, Australia"", ""Operator"": ""NRMA"", ""Number_of_plugs"": ""4"", ""Charger_Type"": ""DC"", ""Charger_rating"": ""50 kW"", ""Latitude"": ""-34.8411047"", ""Longitude"": ""148.912197"", ""LGANAME"": ""Coonamble Shire Council"", ""PCODE"": ""2582"", ""Source"": ""TfNSW Regional""}",-34.8411047,148.912197,2582,True,coordinates_reviewed_primary_evidence,105,point_in_polygon,0.0,105,point_in_polygon,,analysis_ready
r_0655be1dc5cbdad09582,l_735a16aa26926d7826fa,961,,,"Stuart St, Wagga Wagga, 2650",Everty,o_ca990827c48864e843f3,-35.12347852,147.3992282,2650,2650,False,Wagga Wagga City Council,DC,2,25.0,25.0,single,25 kW,Existing Fast Chargers,"{""OBJECTID"": """", ""Station_name"": """", ""Station_address"": ""Stuart St, Wagga Wagga, 2650"", ""Operator"": ""Everty"", ""Number_of_plugs"": ""2"", ""Charger_Type"": ""DC"", ""Charger_rating"": ""25 kW"", ""Latitude"": ""-35.12347852"", ""Longitude"": ""147.3992282"", ""LGANAME"": ""Wagga Wagga City Council"", ""PCODE"": ""2650"", ""Source"": ""Existing Fast Chargers""}",-35.12347852,147.3992282,2650,False,unchanged,113,point_in_polygon,0.0,113,point_in_polygon,,analysis_ready
r_855b91b43f1581f6991d,l_5fd65ab2685cf3a0f3a9,969,,,"University of Wollongong, Northfields Avenue, Wollongong NSW 2522, Australia",Chargefox,o_e43c5e61858e588c2c2f,-34.4079569,150.877135,2522,2522,False,Wollongong City Council,DC,6,175.0,175.0,single,175 kW,Fast Charging R2,"{""OBJECTID"": """", ""Station_name"": """", ""Station_address"": ""University of Wollongong, Northfields Avenue, Wollongong NSW 2522, Australia"", ""Operator"": ""Chargefox"", ""Number_of_plugs"": ""6"", ""Charger_Type"": ""DC"", ""Charger_rating"": ""175 kW"", ""Latitude"": ""-34.4079569"", ""Longitude"": ""150.877135"", ""LGANAME"": ""Wollongong City Council"", ""PCODE"": ""2522"", ""Source"": ""Fast Charging R2""}",-34.4079569,150.877135,2522,False,unchanged,107,point_in_polygon,0.0,107,point_in_polygon,,analysis_ready
r_e21599589a776d6078a6,l_07daca70382507ea7502,970,,,"Valder Way, Charles Sturt University, 2678",Exploren,o_17324b0193cb7a1c3925,-35.05693398,147.3512593,2678,2678,False,Wagga Wagga City Council,DC,2,120.0,120.0,single,120 kW,Existing Fast Chargers,"{""OBJECTID"": """", ""Station_name"": """", ""Station_address"": ""Valder Way, Charles Sturt University, 2678"", ""Operator"": ""Exploren"", ""Number_of_plugs"": ""2"", ""Charger_Type"": ""DC"", ""Charger_rating"": ""120 kW"", ""Latitude"": ""-35.05693398"", ""Longitude"": ""147.3512593"", ""LGANAME"": ""Wagga Wagga City Council"", ""PCODE"": ""2678"", ""Source"": ""Existing Fast Chargers""}",-35.05693398,147.3512593,2678,False,unchanged,113,point_in_polygon,0.0,113,point_in_polygon,,analysis_ready
r_e8a1c9e0912b288c126a,l_1bb0e6da9a5f954b43b0,973,,,"Waddells Ave, Singleton, 2330",Everty,o_ca990827c48864e843f3,-32.57698603,151.1842142,2330,2330,False,Singleton Council,DC,2,50.0,50.0,single,50 kW,Existing Fast Chargers,"{""OBJECTID"": """", ""Station_name"": """", ""Station_address"": ""Waddells Ave, Singleton, 2330"", ""Operator"": ""Everty"", ""Number_of_plugs"": ""2"", ""Charger_Type"": ""DC"", ""Charger_rating"": ""50 kW"", ""Latitude"": ""-32.57698603"", ""Longitude"": ""151.1842142"", ""LGANAME"": ""Singleton Council"", ""PCODE"": ""2330"", ""Source"": ""Existing Fast Chargers""}",-32.57698603,151.1842142,2330,False,unchanged,106,point_in_polygon,0.0,106,point_in_polygon,,analysis_ready
r_52ea3fb6a2eadf29e023,l_94c213ba9128e4d38d37,1051,488,,197-215 Condamine St Balgowlah NSW 2093 Australia,Tesla,o_022471524c9d92e538b2,-33.7929122,151.2645298,,2093,False,,DC,6,175.0,350.0,multiple,2x350kW & 2x175kW,,"{""OBJECTID"": ""488"", ""Station_name"": """", ""Station_address"": ""197-215 Condamine St Balgowlah NSW 2093 Australia"", ""Operator"": ""Tesla Motors "", ""Number_of_plugs"": ""6"", ""Charger_Type"": ""DC"", ""Charger_rating"": ""2x350kW & 2x175kW"", ""Latitude"": ""-33.7929122"", ""Longitude"": ""151.2645298"", ""LGANAME"": """", ""PCODE"": """", ""Source"": """"}",-33.7929122,151.2645298,,False,unchanged,122,point_in_polygon,0.0,122,point_in_polygon,,analysis_ready
r_266b98b985adbb7038c0,l_0cafeeeeb1469022c784,1063,552,,"University of Wollongong, Northfields Avenue, Wollongong NSW 2522, Australia",University of,o_83ff182c27d147ed7e9d,-34.4079569,150.877135,,2522,False,,DC,6,175.0,350.0,multiple,2x350kW & 2x175kW,,"{""OBJECTID"": ""552"", ""Station_name"": """", ""Station_address"": ""University of Wollongong, Northfields Avenue, Wollongong NSW 2522, Australia"", ""Operator"": ""University of"", ""Number_of_plugs"": ""6"", ""Charger_Type"": ""DC"", ""Charger_rating"": ""2x350kW & 2x175kW"", ""Latitude"": ""-34.4079569"", ""Longitude"": ""150.877135"", ""LGANAME"": """", ""PCODE"": """", ""Source"": """"}",-34.4079569,150.877135,,False,unchanged,107,point_in_polygon,0.0,107,point_in_polygon,,analysis_ready
r_b47aa5c451d9d053f2cf,l_0e54f68c8cebc26be2a4,1300,,,"173 Canterbury Road, Bankstown NSW 2200",Tesla,o_022471524c9d92e538b2,-33.9336017,151.0299345,2200,2200,False,Canterbury Bankstown Council,DC,6,175.0,175.0,single,175 kW,Fast Charging R1,"{""OBJECTID"": """", ""Station_name"": """", ""Station_address"": ""173 Canterbury Road, Bankstown NSW 2200"", ""Operator"": ""Tesla"", ""Number_of_plugs"": ""6"", ""Charger_Type"": ""DC"", ""Charger_rating"": ""175 kW"", ""Latitude"": ""-33.9336017"", ""Longitude"": ""151.0299345"", ""LGANAME"": ""Canterbury Bankstown Council"", ""PCODE"": ""2200"", ""Source"": ""Fast Charging R1""}",-33.9336017,151.0299345,2200,False,unchanged,119,point_in_polygon,0.0,119,point_in_polygon,,analysis_ready
r_5a5b5553cf688385df93,l_ff52127e9ef9c31fc670,1348,,,2 Coast Hospital Rd Little Bay NSW 2036 Australia,Evie,o_4733c69eed3ea98c9b3b,-33.9808158,151.2498636,2036,2036,False,Randwick City Council,DC,2,75.0,75.0,single,75 kW,Kerbside Charging R1,"{""OBJECTID"": """", ""Station_name"": """", ""Station_address"": ""2 Coast Hospital Rd\nLittle Bay NSW 2036\nAustralia"", ""Operator"": ""Evie Networks"", ""Number_of_plugs"": ""2"", ""Charger_Type"": ""DC"", ""Charger_rating"": ""75 kW"", ""Latitude"": ""-33.9808158"", ""Longitude"": ""151.2498636"", ""LGANAME"": ""Randwick City Council"", ""PCODE"": ""2036"", ""Source"": ""Kerbside Charging R1""}",-33.9808158,151.2498636,2036,False,unchanged,118,point_in_polygon,0.0,118,point_in_polygon,,analysis_ready
r_6d5d21e6f0f826963e77,l_2f750c1aa432379d558f,1390,,,"218 Katoomba St, Katoomba NSW 2780, Australia",Zeus Renewables,o_49d759659e56bd31cc22,-33.7177016,150.3112897,2780,2780,False,Blue Mountains City Council,DC,4,175.0,175.0,single,175 kW,Fast Charging R1,"{""OBJECTID"": """", ""Station_name"": """", ""Station_address"": ""218 Katoomba St, Katoomba NSW 2780, Australia"", ""Operator"": ""Zeus Renewables"", ""Number_of_plugs"": ""4"", ""Charger_Type"": ""DC"", ""Charger_rating"": ""175 kW"", ""Latitude"": ""-33.7177016"", ""Longitude"": ""150.3112897"", ""LGANAME"": ""Blue Mountains City Council"", ""PCODE"": ""2780"", ""Source"": ""Fast Charging R1""}",-33.7177016,150.3112897,2780,False,unchanged,124,point_in_polygon,0.0,124,point_in_polygon,,analysis_ready
r_a74b7315f9048b8265bb,l_7a89b905b9aa4b521e64,1406,,,234 Miller St North Sydney NSW 2060 Australia,Evie,o_4733c69eed3ea98c9b3b,-33.833276,151.2071934,2060,2060,False,North Sydney Council,DC,4,75.0,75.0,single,75 kW,Kerbside Charging R1,"{""OBJECTID"": """", ""Station_name"": """", ""Station_address"": ""234 Miller St\nNorth Sydney NSW 2060\nAustralia"", ""Operator"": ""Evie Networks"", ""Number_of_plugs"": ""4"", ""Charger_Type"": ""DC"", ""Charger_rating"": ""75 kW"", ""Latitude"": ""-33.833276"", ""Longitude"": ""151.2071934"", ""LGANAME"": ""North Sydney Council"", ""PCODE"": ""2060"", ""Source"": ""Kerbside Charging R1""}",-33.833276,151.2071934,2060,False,unchanged,121,point_in_polygon,0.0,121,point_in_polygon,,analysis_ready
r_32d48dfe961635e98826,l_219b3680b6bd70df878d,1419,,,25 Danks St Waterloo NSW 2017,Tesla,o_022471524c9d92e538b2,-33.898174,151.2117721,2017,2017,False,"Sydney, Council of the City of",DC,8,175.0,175.0,single,175 kW,Fast Charging R1,"{""OBJECTID"": """", ""Station_name"": """", ""Station_address"": ""25 Danks St Waterloo NSW 2017"", ""Operator"": ""Tesla"", ""Number_of_plugs"": ""8"", ""Charger_Type"": ""DC"", ""Charger_rating"": ""175 kW"", ""Latitude"": ""-33.898174"", ""Longitude"": ""151.2117721"", ""LGANAME"": ""Sydney, Council of the City of"", ""PCODE"": ""2017"", ""Source"": ""Fast Charging R1""}",-33.898174,151.2117721,2017,False,unchanged,117,point_in_polygon,0.0,117,point_in_polygon,,analysis_ready
r_a99b24ffbeeea0f468ee,l_af458e97293e54bdebb1,1433,,,"260 Victoria Avenue, Chatswood, NSW 2067",Tesla,o_022471524c9d92e538b2,-33.7949453,151.188291,2067,2067,False,Willoughby City Council,DC,8,175.0,175.0,single,175 kW,Fast Charging R1,"{""OBJECTID"": """", ""Station_name"": """", ""Station_address"": ""260 Victoria Avenue, Chatswood, NSW 2067"", ""Operator"": ""Tesla"", ""Number_of_plugs"": ""8"", ""Charger_Type"": ""DC"", ""Charger_rating"": ""175 kW"", ""Latitude"": ""-33.7949453"", ""Longitude"": ""151.188291"", ""LGANAME"": ""Willoughby City Council"", ""PCODE"": ""2067"", ""Source"": ""Fast Charging R1""}",-33.7949453,151.188291,2067,False,unchanged,121,point_in_polygon,0.0,121,point_in_polygon,,analysis_ready
r_8ddbb48265a4aef95a08,l_ead54cb37dc2a4e842b4,1447,,,2-8 Turramurra Ave Turramurra NSW 2074 Australia,Evie,o_4733c69eed3ea98c9b3b,-33.732342,151.1304142,2074,2074,False,Ku-ring-gai Council,DC,4,75.0,75.0,single,75 kW,Kerbside Charging R1,"{""OBJECTID"": """", ""Station_name"": """", ""Station_address"": ""2-8 Turramurra Ave\nTurramurra NSW 2074\nAustralia"", ""Operator"": ""Evie Networks"", ""Number_of_plugs"": ""4"", ""Charger_Type"": ""DC"", ""Charger_rating"": ""75 kW"", ""Latitude"": ""-33.732342"", ""Longitude"": ""151.1304142"", ""LGANAME"": ""Ku-ring-gai Council"", ""PCODE"": ""2074"", ""Source"": ""Kerbside Charging R1""}",-33.732342,151.1304142,2074,False,unchanged,121,point_in_polygon,0.0,121,point_in_polygon,,analysis_ready
r_61f0e282bca1a4ef7dac,l_94251512d4270c77f4a3,1454,,,"29 Perry St, Euston NSW 2737, Australia",NRMA,o_5b4f3a03bda45dcf8609,-34.5765963,142.7428195,2737,2737,False,Balranald Shire Council,DC,4,175.0,175.0,single,175 kW,Fast Charging R1,"{""OBJECTID"": """", ""Station_name"": """", ""Station_address"": ""29 Perry St, Euston NSW 2737, Australia"", ""Operator"": ""NRMA"", ""Number_of_plugs"": ""4"", ""Charger_Type"": ""DC"", ""Charger_rating"": ""175 kW"", ""Latitude"": ""-34.5765963"", ""Longitude"": ""142.7428195"", ""LGANAME"": ""Balranald Shire Council"", ""PCODE"": ""2737"", ""Source"": ""Fast Charging R1""}",-34.5765963,142.7428195,2737,False,unchanged,109,point_in_polygon,0.0,109,point_in_polygon,,analysis_ready
r_957c2e9784c4cdfaaae6,l_d2164e9017d058e1ff22,1487,,,31 Moate St Georgetown NSW 2298 Australia,Chargefox,o_e43c5e61858e588c2c2f,-32.90876,151.7296847,2298,2298,False,Newcastle City Council,DC,2,60.0,60.0,single,60 kW,Kerbside Charging R1,"{""OBJECTID"": """", ""Station_name"": """", ""Station_address"": ""31 Moate St\nGeorgetown NSW 2298\nAustralia"", ""Operator"": ""Chargefox"", ""Number_of_plugs"": ""2"", ""Charger_Type"": ""DC"", ""Charger_rating"": ""60 kW"", ""Latitude"": ""-32.90876"", ""Longitude"": ""151.7296847"", ""LGANAME"": ""Newcastle City Council"", ""PCODE"": ""2298"", ""Source"": ""Kerbside Charging R1""}",-32.90876,151.7296847,2298,False,unchanged,111,point_in_polygon,0.0,111,point_in_polygon,,analysis_ready
r_5d9b4e722beda60a3846,l_4397075d670cc490811e,1525,,,"392 Manns Road, West Gosford NSW 2250 Australia",Tesla,o_022471524c9d92e538b2,-33.4258966,151.3205356,2250,2250,False,Central Coast Council,DC,12,175.0,175.0,single,175 kW,Fast Charging R1,"{""OBJECTID"": """", ""Station_name"": """", ""Station_address"": ""392 Manns Road, West Gosford NSW 2250 Australia"", ""Operator"": ""Tesla"", ""Number_of_plugs"": ""12"", ""Charger_Type"": ""DC"", ""Charger_rating"": ""175 kW"", ""Latitude"": ""-33.4258966"", ""Longitude"": ""151.3205356"", ""LGANAME"": ""Central Coast Council"", ""PCODE"": ""2250"", ""Source"": ""Fast Charging R1""}",-33.4258966,151.3205356,2250,False,unchanged,102,point_in_polygon,0.0,102,point_in_polygon,,analysis_ready
r_aa9630ad67d2a4e01de1,l_9bb5760457091e7e8d71,1549,,,"424 Hoxton Park Rd, Prestons, NSW, 2170",NRMA,o_5b4f3a03bda45dcf8609,-33.9304674,150.8750193,2170,2170,False,Liverpool City Council,DC,4,175.0,175.0,single,175 kW,Fast Charging R1,"{""OBJECTID"": """", ""Station_name"": """", ""Station_address"": ""424 Hoxton Park Rd, Prestons, NSW, 2170"", ""Operator"": ""NRMA"", ""Number_of_plugs"": ""4"", ""Charger_Type"": ""DC"", ""Charger_rating"": ""175 kW"", ""Latitude"": ""-33.9304674"", ""Longitude"": ""150.8750193"", ""LGANAME"": ""Liverpool City Council"", ""PCODE"": ""2170"", ""Source"": ""Fast Charging R1""}",-33.9304674,150.8750193,2170,False,unchanged,127,point_in_polygon,0.0,127,point_in_polygon,,analysis_ready
r_4be59958d3b0794536b1,l_5fc20065eb2541c94590,1563,,,"46 Wynter St, Taree NSW 2430, Australia",Tesla,o_022471524c9d92e538b2,-31.9091185,152.4602815,2430,2430,False,Mid-Coast Council,DC,12,175.0,175.0,single,175 kW,Fast Charging R1,"{""OBJECTID"": """", ""Station_name"": """", ""Station_address"": ""46 Wynter St, Taree NSW 2430, Australia"", ""Operator"": ""Tesla"", ""Number_of_plugs"": ""12"", ""Charger_Type"": ""DC"", ""Charger_rating"": ""175 kW"", ""Latitude"": ""-31.9091185"", ""Longitude"": ""152.4602815"", ""LGANAME"": ""Mid-Coast Council"", ""PCODE"": ""2430"", ""Source"": ""Fast Charging R1""}",-31.9091185,152.4602815,2430,False,unchanged,108,point_in_polygon,0.0,108,point_in_polygon,,analysis_ready
r_e6f246bc673a5b728c23,l_19e1ee1978bd9cc6be12,1569,,,"481 Pacific Hwy, Wyoming NSW 2250, Australia",BP Pulse (AU),o_15939ac67df1441fe74a,-33.4082245,151.3511059,2250,2250,False,Central Coast Council,DC,6,175.0,175.0,single,175 kW,Fast Charging R1,"{""OBJECTID"": """", ""Station_name"": """", ""Station_address"": ""481 Pacific Hwy, Wyoming NSW 2250, Australia"", ""Operator"": ""BP"", ""Number_of_plugs"": ""6"", ""Charger_Type"": ""DC"", ""Charger_rating"": ""175 kW"", ""Latitude"": ""-33.4082245"", ""Longitude"": ""151.3511059"", ""LGANAME"": ""Central Coast Council"", ""PCODE"": ""2250"", ""Source"": ""Fast Charging R1""}",-33.4082245,151.3511059,2250,False,unchanged,102,point_in_polygon,0.0,102,point_in_polygon,,analysis_ready
r_02aa688be8e2aaa6fb22,l_1995e1a6c4976cfbee6d,1623,,,592 Anzac Pde Kingsford NSW 2032 Australia,Evie,o_4733c69eed3ea98c9b3b,-33.9260318,151.2312658,2032,2032,False,Randwick City Council,DC,4,75.0,75.0,single,75 kW,Kerbside Charging R1,"{""OBJECTID"": """", ""Station_name"": """", ""Station_address"": ""592 Anzac Pde\nKingsford NSW 2032\nAustralia"", ""Operator"": ""Evie Networks"", ""Number_of_plugs"": ""4"", ""Charger_Type"": ""DC"", ""Charger_rating"": ""75 kW"", ""Latitude"": ""-33.9260318"", ""Longitude"": ""151.2312658"", ""LGANAME"": ""Randwick City Council"", ""PCODE"": ""2032"", ""Source"": ""Kerbside Charging R1""}",-33.9260318,151.2312658,2032,False,unchanged,118,point_in_polygon,0.0,118,point_in_polygon,,analysis_ready
r_ac3748873cb7a8baa2c5,l_673089b8205c8ce1b46d,1629,,,60-62 Amherst St Cammeray NSW 2062 Australia,Evie,o_4733c69eed3ea98c9b3b,-33.8227718,151.2109254,2062,2062,False,North Sydney Council,DC,4,50.0,50.0,single,50 kW,Kerbside Charging R1,"{""OBJECTID"": """", ""Station_name"": """", ""Station_address"": ""60-62 Amherst St\nCammeray NSW 2062\nAustralia"", ""Operator"": ""Evie Networks"", ""Number_of_plugs"": ""4"", ""Charger_Type"": ""DC"", ""Charger_rating"": ""50 kW"", ""Latitude"": ""-33.8227718"", ""Longitude"": ""151.2109254"", ""LGANAME"": ""North Sydney Council"", ""PCODE"": ""2062"", ""Source"": ""Kerbside Charging R1""}",-33.8227718,151.2109254,2062,False,unchanged,121,point_in_polygon,0.0,121,point_in_polygon,,analysis_ready
r_64634beccda9e767eb6c,l_fd1c645a4c6adad04f5b,1648,,,65 Hume St Crows Nest NSW 2065 Australia,Evie,o_4733c69eed3ea98c9b3b,-33.8243185,151.2002301,2065,2065,False,North Sydney Council,DC,4,75.0,75.0,single,75 kW,Kerbside Charging R1,"{""OBJECTID"": """", ""Station_name"": """", ""Station_address"": ""65 Hume St\nCrows Nest NSW 2065\nAustralia"", ""Operator"": ""Evie Networks"", ""Number_of_plugs"": ""4"", ""Charger_Type"": ""DC"", ""Charger_rating"": ""75 kW"", ""Latitude"": ""-33.8243185"", ""Longitude"": ""151.2002301"", ""LGANAME"": ""North Sydney Council"", ""PCODE"": ""2065"", ""Source"": ""Kerbside Charging R1""}",-33.8243185,151.2002301,2065,False,unchanged,121,point_in_polygon,0.0,121,point_in_polygon,,analysis_ready
r_44192793681992026f34,l_545ce1fb21a9cf76bfd1,1689,,,"76 Glossop St, North St Marys NSW 2760, Australia",BP Pulse (AU),o_15939ac67df1441fe74a,-33.7601979,150.7816339,2760,2760,False,Penrith City Council,DC,4,175.0,175.0,single,175 kW,Fast Charging R1,"{""OBJECTID"": """", ""Station_name"": """", ""Station_address"": ""76 Glossop St, North St Marys NSW 2760, Australia"", ""Operator"": ""BP"", ""Number_of_plugs"": ""4"", ""Charger_Type"": ""DC"", ""Charger_rating"": ""175 kW"", ""Latitude"": ""-33.7601979"", ""Longitude"": ""150.7816339"", ""LGANAME"": ""Penrith City Council"", ""PCODE"": ""2760"", ""Source"": ""Fast Charging R1""}",-33.7601979,150.7816339,2760,False,unchanged,124,point_in_polygon,0.0,124,point_in_polygon,,analysis_ready
r_d2860a906c37ec92a27f,l_f5f3139072cce175987c,1696,,,8 Federation Rd Camperdown NSW 2050 Australia,EVE Australia,o_e18b3618c9ce844d240b,-33.8934749,151.178294,2050,2050,False,Inner West Council,DC,2,60.0,60.0,single,60 kW,Kerbside Charging R1,"{""OBJECTID"": """", ""Station_name"": """", ""Station_address"": ""8 Federation Rd\nCamperdown NSW 2050\nAustralia"", ""Operator"": ""EVE Australia"", ""Number_of_plugs"": ""2"", ""Charger_Type"": ""DC"", ""Charger_rating"": ""60 kW"", ""Latitude"": ""-33.8934749"", ""Longitude"": ""151.178294"", ""LGANAME"": ""Inner West Council"", ""PCODE"": ""2050"", ""Source"": ""Kerbside Charging R1""}",-33.8934749,151.178294,2050,False,unchanged,117,point_in_polygon,0.0,117,point_in_polygon,,analysis_ready
r_71a9cc79014436edaeda,l_2fff288d38e3cd398366,1703,,,801-899R Bunnerong Rd Chifley NSW 2036 Australia,Chargefox,o_e43c5e61858e588c2c2f,-33.9729613,151.2365649,2036,2036,False,Waverley Council,DC,2,50.0,50.0,single,50 kW,Kerbside Charging R1,"{""OBJECTID"": """", ""Station_name"": """", ""Station_address"": ""801-899R Bunnerong Rd\nChifley NSW 2036\nAustralia"", ""Operator"": ""Chargefox"", ""Number_of_plugs"": ""2"", ""Charger_Type"": ""DC"", ""Charger_rating"": ""50 kW"", ""Latitude"": ""-33.9729613"", ""Longitude"": ""151.2365649"", ""LGANAME"": ""Waverley Council"", ""PCODE"": ""2036"", ""Source"": ""Kerbside Charging R1""}",-33.9729613,151.2365649,2036,False,unchanged,118,point_in_polygon,0.0,118,point_in_polygon,,analysis_ready
r_c91de78924ffe2db9391,l_62d5f34984c841c2f5b3,1709,,,82 Summer St Orange NSW 2800 Australia,Tesla,o_022471524c9d92e538b2,-33.2833264,149.0944601,2800,2800,False,Orange City Council,DC,6,175.0,175.0,single,175 kW,Fast Charging R1,"{""OBJECTID"": """", ""Station_name"": """", ""Station_address"": ""82 Summer St Orange NSW 2800 Australia"", ""Operator"": ""Tesla"", ""Number_of_plugs"": ""6"", ""Charger_Type"": ""DC"", ""Charger_rating"": ""175 kW"", ""Latitude"": ""-33.2833264"", ""Longitude"": ""149.0944601"", ""LGANAME"": ""Orange City Council"", ""PCODE"": ""2800"", ""Source"": ""Fast Charging R1""}",-33.2833264,149.0944601,2800,False,unchanged,103,point_in_polygon,0.0,103,point_in_polygon,,analysis_ready
r_b8849ef769b7c91abce5,l_2a84bd360ea3fa78f784,1711,,,"8275 Pacific Hwy, New Italy NSW 2472",Tesla,o_022471524c9d92e538b2,-30.8015492,152.8689544,2472,2472,False,Richmond Valley Council,DC,12,175.0,175.0,single,175 kW,Fast Charging R1,"{""OBJECTID"": """", ""Station_name"": """", ""Station_address"": ""8275 Pacific Hwy, New Italy NSW 2472"", ""Operator"": ""Tesla"", ""Number_of_plugs"": ""12"", ""Charger_Type"": ""DC"", ""Charger_rating"": ""175 kW"", ""Latitude"": ""-30.8015492"", ""Longitude"": ""152.8689544"", ""LGANAME"": ""Richmond Valley Council"", ""PCODE"": ""2472"", ""Source"": ""Fast Charging R1""}",-30.8015492,152.8689544,2472,False,unchanged,108,point_in_polygon,0.0,108,point_in_polygon,,analysis_ready
r_111e709f84ddf96d0ec3,l_1c7fcbf725de8ea9ae41,1719,,,"85 South St, Ulladulla NSW 2539, Australia",Evie,o_4733c69eed3ea98c9b3b,-35.3595567,150.4754013,2539,2539,False,Shoalhaven City Council,DC,4,175.0,175.0,single,175 kW,Fast Charging R1,"{""OBJECTID"": """", ""Station_name"": """", ""Station_address"": ""85 South St, Ulladulla NSW 2539, Australia"", ""Operator"": ""Evie Networks"", ""Number_of_plugs"": ""4"", ""Charger_Type"": ""DC"", ""Charger_rating"": ""175 kW"", ""Latitude"": ""-35.3595567"", ""Longitude"": ""150.4754013"", ""LGANAME"": ""Shoalhaven City Council"", ""PCODE"": ""2539"", ""Source"": ""Fast Charging R1""}",-35.3595567,150.4754013,2539,False,unchanged,114,point_in_polygon,0.0,114,point_in_polygon,,analysis_ready
r_774baec299bcc17cfe80,l_676e925031a605f309a5,1724,,,"872 Anzac Pde, Maroubra, NSW, 2035",Evie,o_4733c69eed3ea98c9b3b,-33.9406054,151.2395169,2035,2035,False,Randwick City Council,DC,4,75.0,75.0,single,75 kW,Kerbside Charging R1,"{""OBJECTID"": """", ""Station_name"": """", ""Station_address"": ""872 Anzac Pde, Maroubra, NSW, 2035"", ""Operator"": ""Evie Networks"", ""Number_of_plugs"": ""4"", ""Charger_Type"": ""DC"", ""Charger_rating"": ""75 kW"", ""Latitude"": ""-33.9406054"", ""Longitude"": ""151.2395169"", ""LGANAME"": ""Randwick City Council"", ""PCODE"": ""2035"", ""Source"": ""Kerbside Charging R1""}",-33.9406054,151.2395169,2035,False,unchanged,118,point_in_polygon,0.0,118,point_in_polygon,,analysis_ready
r_8574ab101369b04e3e52,l_79d7b42ffa3ce65c6c83,1735,,,9 Vickery Ave Rose Bay NSW 2029 Australia,Evie,o_4733c69eed3ea98c9b3b,-33.8703543,151.2642569,2029,2029,False,Woollahra Municipal Council,DC,4,75.0,75.0,single,75 kW,Kerbside Charging R1,"{""OBJECTID"": """", ""Station_name"": """", ""Station_address"": ""9 Vickery Ave\nRose Bay NSW 2029\nAustralia"", ""Operator"": ""Evie Networks"", ""Number_of_plugs"": ""4"", ""Charger_Type"": ""DC"", ""Charger_rating"": ""75 kW"", ""Latitude"": ""-33.8703543"", ""Longitude"": ""151.2642569"", ""LGANAME"": ""Woollahra Municipal Council"", ""PCODE"": ""2029"", ""Source"": ""Kerbside Charging R1""}",-33.8703543,151.2642569,2029,False,unchanged,118,point_in_polygon,0.0,118,point_in_polygon,,analysis_ready
r_04732a2a3345e80fabce,l_b4a12ab004b6d7395619,1743,,,924 Anzac Pde Maroubra NSW 2035 Australia,Evie,o_4733c69eed3ea98c9b3b,-33.9427694,151.2401202,2035,2035,False,Randwick City Council,DC,2,75.0,75.0,single,75 kW,Kerbside Charging R1,"{""OBJECTID"": """", ""Station_name"": """", ""Station_address"": ""924 Anzac Pde\nMaroubra NSW 2035\nAustralia"", ""Operator"": ""Evie Networks"", ""Number_of_plugs"": ""2"", ""Charger_Type"": ""DC"", ""Charger_rating"": ""75 kW"", ""Latitude"": ""-33.9427694"", ""Longitude"": ""151.2401202"", ""LGANAME"": ""Randwick City Council"", ""PCODE"": ""2035"", ""Source"": ""Kerbside Charging R1""}",-33.9427694,151.2401202,2035,False,unchanged,118,point_in_polygon,0.0,118,point_in_polygon,,analysis_ready
r_58a4ed0a25fb1e20d522,l_fe6316ce802f85a7e9dd,1760,,,Brewer St Concord NSW 2137 Australia,Evie,o_4733c69eed3ea98c9b3b,-33.8538342,151.1054057,2137,2137,False,City Of Canada Bay Council,DC,4,75.0,75.0,single,75 kW,Kerbside Charging R1,"{""OBJECTID"": """", ""Station_name"": """", ""Station_address"": ""Brewer St\nConcord NSW 2137\nAustralia"", ""Operator"": ""Evie Networks"", ""Number_of_plugs"": ""4"", ""Charger_Type"": ""DC"", ""Charger_rating"": ""75 kW"", ""Latitude"": ""-33.8538342"", ""Longitude"": ""151.1054057"", ""LGANAME"": ""City Of Canada Bay Council"", ""PCODE"": ""2137"", ""Source"": ""Kerbside Charging R1""}",-33.8538342,151.1054057,2137,False,unchanged,120,point_in_polygon,0.0,120,point_in_polygon,,analysis_ready
r_4cda405fff10c7bdfe0c,l_5fa6bda966daf369546e,1768,,,"Cnr Cumberland Hwy & Cabramatta Rd W, Cabramatta NSW 2166, Australia",BP Pulse (AU),o_15939ac67df1441fe74a,-33.8993725,150.9191077,2166,2166,False,Fairfield City Council,DC,4,175.0,175.0,single,175 kW,Fast Charging R1,"{""OBJECTID"": """", ""Station_name"": """", ""Station_address"": ""Cnr Cumberland Hwy & Cabramatta Rd W, Cabramatta NSW 2166, Australia"", ""Operator"": ""BP"", ""Number_of_plugs"": ""4"", ""Charger_Type"": ""DC"", ""Charger_rating"": ""175 kW"", ""Latitude"": ""-33.8993725"", ""Longitude"": ""150.9191077"", ""LGANAME"": ""Fairfield City Council"", ""PCODE"": ""2166"", ""Source"": ""Fast Charging R1""}",-33.8993725,150.9191077,2166,False,unchanged,127,point_in_polygon,0.0,127,point_in_polygon,,analysis_ready
r_de5b562bef0e34753ea7,l_d48dde625a6bc9bea8cd,1772,,,Council Car Park Lot 4 / DP251076 between 46 Lowe Street Queanbeyan NSW 2620,NRMA,o_5b4f3a03bda45dcf8609,-35.3549827,149.2329145,2620,2620,False,Queanbeyan-Palerang Regional Council,DC,4,175.0,175.0,single,175 kW,Fast Charging R1,"{""OBJECTID"": """", ""Station_name"": """", ""Station_address"": ""Council Car Park Lot 4 / DP251076 between 46 Lowe Street Queanbeyan NSW 2620"", ""Operator"": ""NRMA"", ""Number_of_plugs"": ""4"", ""Charger_Type"": ""DC"", ""Charger_rating"": ""175 kW"", ""Latitude"": ""-35.3549827"", ""Longitude"": ""149.2329145"", ""LGANAME"": ""Queanbeyan-Palerang Regional Council"", ""PCODE"": ""2620"", ""Source"": ""Fast Charging R1""}",-35.3549827,149.2329145,2620,False,unchanged,101,point_in_polygon,0.0,101,point_in_polygon,,analysis_ready
r_480237e9d8bc2f931377,l_611ca40500e33ca885b8,1784,,,Gouldsbury St Mosman NSW 2088 Australia,Evie,o_4733c69eed3ea98c9b3b,-33.8276585,151.2423815,2088,2088,False,Mosman Municipal Council,DC,2,75.0,75.0,single,75 kW,Kerbside Charging R1,"{""OBJECTID"": """", ""Station_name"": """", ""Station_address"": ""Gouldsbury St\nMosman NSW 2088\nAustralia"", ""Operator"": ""Evie Networks"", ""Number_of_plugs"": ""2"", ""Charger_Type"": ""DC"", ""Charger_rating"": ""75 kW"", ""Latitude"": ""-33.8276585"", ""Longitude"": ""151.2423815"", ""LGANAME"": ""Mosman Municipal Council"", ""PCODE"": ""2088"", ""Source"": ""Kerbside Charging R1""}",-33.8276585,151.2423815,2088,False,unchanged,121,point_in_polygon,0.0,121,point_in_polygon,,analysis_ready
r_2faea5a1ea6af143187b,l_83d24a577943ce09a811,1797,,,Queens Rd Five Dock NSW 2046 Australia,Evie,o_4733c69eed3ea98c9b3b,-33.8696308,151.1223747,2046,2046,False,City Of Canada Bay Council,DC,4,75.0,75.0,single,75 kW,Kerbside Charging R1,"{""OBJECTID"": """", ""Station_name"": """", ""Station_address"": ""Queens Rd\nFive Dock NSW 2046\nAustralia"", ""Operator"": ""Evie Networks"", ""Number_of_plugs"": ""4"", ""Charger_Type"": ""DC"", ""Charger_rating"": ""75 kW"", ""Latitude"": ""-33.8696308"", ""Longitude"": ""151.1223747"", ""LGANAME"": ""City Of Canada Bay Council"", ""PCODE"": ""2046"", ""Source"": ""Kerbside Charging R1""}",-33.8696308,151.1223747,2046,False,unchanged,120,point_in_polygon,0.0,120,point_in_polygon,,analysis_ready
r_6982883cac9b1c9c5452,l_0c3816b48ac55c57196a,1859,,,105-107 Alt St Ashfield NSW 2131 Australia,EVE Australia,o_e18b3618c9ce844d240b,-33.8803158,151.1299199,2131,2131,False,Inner West Council,DC,2,25.0,25.0,single,25 kW,Kerbside Charging R1,"{""OBJECTID"": """", ""Station_name"": """", ""Station_address"": ""105-107 Alt St\nAshfield NSW 2131\nAustralia"", ""Operator"": ""EVE Australia"", ""Number_of_plugs"": ""2"", ""Charger_Type"": ""DC"", ""Charger_rating"": ""25 kW"", ""Latitude"": ""-33.8803158"", ""Longitude"": ""151.1299199"", ""LGANAME"": ""Inner West Council"", ""PCODE"": ""2131"", ""Source"": ""Kerbside Charging R1""}",-33.8803158,151.1299199,2131,False,unchanged,120,point_in_polygon,0.0,120,point_in_polygon,,analysis_ready
r_96639f9171b3f86b5e5e,l_f6918e39dd984b94f460,1886,,,117 Tibbereena St Narrabri NSW 2390 Australia,Tesla,o_022471524c9d92e538b2,-30.3226373,149.7801888,2390,2390,False,Narrabri Shire Council,DC,4,175.0,175.0,single,175 kW,Fast Charging R1,"{""OBJECTID"": """", ""Station_name"": """", ""Station_address"": ""117 Tibbereena St Narrabri NSW 2390 Australia"", ""Operator"": ""Tesla"", ""Number_of_plugs"": ""4"", ""Charger_Type"": ""DC"", ""Charger_rating"": ""175 kW"", ""Latitude"": ""-30.3226373"", ""Longitude"": ""149.7801888"", ""LGANAME"": ""Narrabri Shire Council"", ""PCODE"": ""2390"", ""Source"": ""Fast Charging R1""}",-30.3226373,149.7801888,2390,False,unchanged,110,point_in_polygon,0.0,110,point_in_polygon,,analysis_ready
r_82446259af9cba4ca726,l_384a8450b3a68de73286,1900,,,"1215 Anzac Pde, Matraville, NSW, 2036",Evie,o_4733c69eed3ea98c9b3b,-33.9626402,151.245869,2036,2036,False,Randwick City Council,DC,4,75.0,75.0,single,75 kW,Kerbside Charging R1,"{""OBJECTID"": """", ""Station_name"": """", ""Station_address"": ""1215 Anzac Pde, Matraville, NSW, 2036"", ""Operator"": ""Evie Networks"", ""Number_of_plugs"": ""4"", ""Charger_Type"": ""DC"", ""Charger_rating"": ""75 kW"", ""Latitude"": ""-33.9626402"", ""Longitude"": ""151.245869"", ""LGANAME"": ""Randwick City Council"", ""PCODE"": ""2036"", ""Source"": ""Kerbside Charging R1""}",-33.9626402,151.245869,2036,False,unchanged,118,point_in_polygon,0.0,118,point_in_polygon,,analysis_ready
r_02909b49db5b34f9bc13,l_b66e84f0e63044df33b3,1903,,,"1233 Victoria Rd, West Ryde NSW 2114, Australia",BP Pulse (AU),o_15939ac67df1441fe74a,-33.8067305,151.0708812,2114,2114,False,"Ryde, Council of the City of",DC,4,175.0,175.0,single,175 kW,Fast Charging R1,"{""OBJECTID"": """", ""Station_name"": """", ""Station_address"": ""1233 Victoria Rd, West Ryde NSW 2114, Australia"", ""Operator"": ""BP"", ""Number_of_plugs"": ""4"", ""Charger_Type"": ""DC"", ""Charger_rating"": ""175 kW"", ""Latitude"": ""-33.8067305"", ""Longitude"": ""151.0708812"", ""LGANAME"": ""Ryde, Council of the City of"", ""PCODE"": ""2114"", ""Source"": ""Fast Charging R1""}",-33.8067305,151.0708812,2114,False,unchanged,126,point_in_polygon,0.0,126,point_in_polygon,,analysis_ready
r_32707c4584ea990abdf2,l_aee0f527479d90645b3c,1920,,,"144 Bayshore Dr, Byron Bay, 2481",Chargefox,o_e43c5e61858e588c2c2f,-28.62590795,153.586978,2481,2481,False,Byron Shire Council,DC,2,50.0,50.0,single,50 kW,Existing Fast Chargers,"{""OBJECTID"": """", ""Station_name"": """", ""Station_address"": ""144 Bayshore Dr, Byron Bay, 2481"", ""Operator"": ""Chargefox"", ""Number_of_plugs"": ""2"", ""Charger_Type"": ""DC"", ""Charger_rating"": ""50 kW"", ""Latitude"": ""-28.62590795"", ""Longitude"": ""153.586978"", ""LGANAME"": ""Byron Shire Council"", ""PCODE"": ""2481"", ""Source"": ""Existing Fast Chargers""}",-28.62590795,153.586978,2481,False,unchanged,112,point_in_polygon,0.0,112,point_in_polygon,,analysis_ready
r_b696c712a73d20843434,l_763ff75aac5153ec953c,1932,,,"154 Beach Rd, Batemans Bay NSW 2536",Tesla,o_022471524c9d92e538b2,-35.7196933,150.1897432,2536,2536,False,Eurobodalla Shire Council,DC,6,175.0,175.0,single,175 kW,Fast Charging R1,"{""OBJECTID"": """", ""Station_name"": """", ""Station_address"": ""154 Beach Rd, Batemans Bay NSW 2536"", ""Operator"": ""Tesla"", ""Number_of_plugs"": ""6"", ""Charger_Type"": ""DC"", ""Charger_rating"": ""175 kW"", ""Latitude"": ""-35.7196933"", ""Longitude"": ""150.1897432"", ""LGANAME"": ""Eurobodalla Shire Council"", ""PCODE"": ""2536"", ""Source"": ""Fast Charging R1""}",-35.7196933,150.1897432,2536,False,unchanged,101,point_in_polygon,0.0,101,point_in_polygon,,analysis_ready
